3.80E-05,-78.62997024,3.80E-05,-7.86E+01,3.80E-05,-78.59817312,3.80E-05,-78.66520032,3.80E-05,-78.9465097
0.000138,-70.85486902,0.000138,-70.4398519,0.000138,-69.77727919,0.000138,-70.01640593,0.000138,-69.28992707
0.000238,-57.93426448,0.000238,-56.47299325,0.000238,-54.93654742,0.000238,-54.39516093,0.000238,-53.76228311
0.000338,-48.20684389,0.000338,-47.05320099,0.000338,-46.13975993,0.000338,-45.48302589,0.000338,-44.87871713
0.000438,-42.12661965,0.000438,-40.84449753,0.000438,-39.50972726,0.000438,-38.33386331,0.000438,-37.30287507
0.000538,-35.26540926,0.000538,-32.92209583,0.000538,-31.24249114,0.000538,-29.87648787,0.000538,-28.61083048
0.000638,-29.16567137,0.000638,-27.04103528,0.000638,-25.36124645,0.000638,-23.66868681,0.000638,-22.56914241
0.000738,-24.48633826,0.000738,-22.61794862,0.000738,-21.35872926,0.000738,-20.16211312,0.000738,-18.98493768
0.000838,-21.33801292,0.000838,-19.72337391,0.000838,-18.56298317,0.000838,-17.32379022,0.000838,-16.21370739
0.000938,-18.88618845,0.000938,-17.2694784,0.000938,-16.16477859,0.000938,-14.75214913,0.000938,-13.73964007
0.001038,-16.69611259,0.001038,-15.12458262,0.001038,-13.98813716,0.001038,-12.4665027,0.001038,-11.68693343
0.001138,-14.77854848,0.001138,-13.20780536,0.001138,-11.85236048,0.001138,-10.46319234,0.001138,-9.858997071
0.001238,-12.98508694,0.001238,-11.32745719,0.001238,-9.943203097,0.001238,-8.779567028,0.001238,-8.133782566
0.001338,-11.32914532,0.001338,-9.574397207,0.001338,-8.326077541,0.001338,-7.338815931,0.001338,-6.683008137
0.001438,-9.76357433,0.001438,-8.103574155,0.001438,-6.870042287,0.001438,-6.090711632,0.001438,-5.610238461
0.001538,-8.365371752,0.001538,-6.853175146,0.001538,-5.619695697,0.001538,-5.077376565,0.001538,-4.657152644
0.001638,-7.055262265,0.001638,-5.646306232,0.001638,-4.671686035,0.001638,-4.163848832,0.001638,-3.895594483
0.001738,-5.999567887,0.001738,-4.679680728,0.001738,-3.830354821,0.001738,-3.393092426,0.001738,-3.050989301
0.001838,-5.074377319,0.001838,-3.936843169,0.001838,-2.996228996,0.001838,-2.672452471,0.001838,-2.347297792
0.001938,-4.218767272,0.001938,-3.123807485,0.001938,-2.260741122,0.001938,-1.983796961,0.001938,-1.682037114
0.002038,-3.440685697,0.002038,-2.484105977,0.002038,-1.765566379,0.002038,-1.372619212,0.002038,-1.138183009
0.002138,-2.697415742,0.002138,-1.868756755,0.002138,-1.211832846,0.002138,-0.962667108,0.002138,-0.722765074
0.002238,-2.193237782,0.002238,-1.285315766,0.002238,-0.826706002,0.002238,-0.598160761,0.002238,-0.399494531
0.002338,-1.666218309,0.002338,-0.853161095,0.002338,-0.453397211,0.002338,-0.302049852,0.002338,-0.044927171
0.002438,-1.244671033,0.002438,-0.472356717,0.002438,-0.175597798,0.002438,0.002276388,0.002438,0.188591037
0.002538,-0.892142973,0.002538,-0.143193487,0.002538,0.103540169,0.002538,0.098527303,0.002538,0.374648651
0.002638,-0.553779944,0.002638,0.035783327,0.002638,0.247086973,0.002638,0.381787487,0.002638,0.499127623
0.002738,-0.236641557,0.002738,0.263228277,0.002738,0.376523875,0.002738,0.510570387,0.002738,0.544565219
0.002838,0.041991192,0.002838,0.411971317,0.002838,0.543825313,0.002838,0.543163666,0.002838,0.593312508
0.002938,0.241363038,0.002938,0.56261506,0.002938,0.633359754,0.002938,0.647296149,0.002938,0.567762924
0.003038,0.377447574,0.003038,0.601546137,0.003038,0.655469948,0.003038,0.63983496,0.003038,0.474185369
0.003138,0.56762786,0.003138,0.68436011,0.003138,0.652374909,0.003138,0.57717671,0.003138,0.480484438
0.003238,0.738105835,0.003238,0.674963314,0.003238,0.57906216,0.003238,0.508221428,0.003238,0.494825741
0.003338,0.70949091,0.003338,0.754410863,0.003338,0.615151707,0.003338,0.484292894,0.003338,0.39814868
0.003438,0.791674378,0.003438,0.706499918,0.003438,0.631606136,0.003438,0.436330445,0.003438,0.366986824
0.003538,0.842681051,0.003538,0.602571288,0.003538,0.563242532,0.003538,0.399233309,0.003538,0.352407065
0.003638,0.871408203,0.003638,0.632396349,0.003638,0.481900033,0.003638,0.334845234,0.003638,0.309404463
0.003738,0.882380476,0.003738,0.489264124,0.003738,0.435832765,0.003738,0.248952284,0.003738,0.357064487
0.003838,0.906373113,0.003838,0.479176231,0.003838,0.443377617,0.003838,0.279324906,0.003838,0.338416847
0.003938,0.856461489,0.003938,0.434451707,0.003938,0.363664573,0.003938,0.251653889,0.003938,0.325684813
0.004038,0.876169196,0.004038,0.44158105,0.004038,0.355480811,0.004038,0.201428293,0.004038,0.349569663
0.004138,0.794205927,0.004138,0.38956154,0.004138,0.319106779,0.004138,0.19303344,0.004138,0.214570996
0.004238,0.844165347,0.004238,0.441571271,0.004238,0.286145067,0.004238,0.205107132,0.004238,0.23519628
0.004338,0.844131283,0.004338,0.374588484,0.004338,0.233841643,0.004338,0.194970604,0.004338,0.162413637
0.004438,0.77807271,0.004438,0.347663737,0.004438,0.218964256,0.004438,0.218862134,0.004438,0.104333436
0.004538,0.676756447,0.004538,0.378469553,0.004538,0.22588575,0.004538,0.233805024,0.004538,0.049251155
0.004638,0.605006654,0.004638,0.429576813,0.004638,0.222297389,0.004638,0.323667998,0.004638,0.064306314
0.004738,0.608485468,0.004738,0.444196899,0.004738,0.253978711,0.004738,0.238312199,0.004738,0.082490213
0.004838,0.628780461,0.004838,0.386153368,0.004838,0.231001204,0.004838,0.227707218,0.004838,0.019753237
0.004938,0.548276254,0.004938,0.406299178,0.004938,0.141944688,0.004938,0.183306843,0.004938,-0.028390225
0.005038,0.627461796,0.005038,0.368064819,0.005038,0.214505673,0.005038,0.151099714,0.005038,0.192419516
0.005138,0.597282276,0.005138,0.336808123,0.005138,0.172928405,0.005138,0.144530824,0.005138,0.103458536
0.005238,0.546577462,0.005238,0.266084082,0.005238,0.080221778,0.005238,0.149578721,0.005238,0.060385825
0.005338,0.510473101,0.005338,0.268256695,0.005338,0.184759043,0.005338,0.103455958,0.005338,0.132175814
0.005438,0.520964902,0.005438,0.251917425,0.005438,0.124541326,0.005438,0.070814189,0.005438,0.103016593
0.005538,0.515496794,0.005538,0.232658032,0.005538,0.190658174,0.005538,0.173728845,0.005538,0.166805445
0.005638,0.522991756,0.005638,0.160996192,0.005638,0.26291248,0.005638,0.18298298,0.005638,0.127100778
0.005738,0.461143679,0.005738,0.131995218,0.005738,0.22358125,0.005738,0.108326769,0.005738,0.136277321
0.005838,0.403601227,0.005838,0.1099438,0.005838,0.190767336,0.005838,0.145623457,0.005838,0.210132014
0.005938,0.51496319,0.005938,0.229826783,0.005938,0.16902844,0.005938,0.166608334,0.005938,0.107974274
0.006038,0.421185748,0.006038,0.230404405,0.006038,0.194527491,0.006038,0.144034515,0.006038,0.133835721
0.006138,0.411134947,0.006138,0.243098598,0.006138,0.101660003,0.006138,0.100283837,0.006138,0.056728577
0.006238,0.412662764,0.006238,0.23942308,0.006238,0.14043723,0.006238,0.109012689,0.006238,0.041108264
0.006338,0.463512568,0.006338,0.275390371,0.006338,0.146462022,0.006338,0.140024961,0.006338,0.045398051
0.006438,0.345681241,0.006438,0.18539468,0.006438,0.087699105,0.006438,0.175527988,0.006438,0.024425692
0.006538,0.393261169,0.006538,0.30588201,0.006538,0.114743206,0.006538,0.061655064,0.006538,0.015287396
0.006638,0.312061112,0.006638,0.27682318,0.006638,0.092087715,0.006638,0.060562645,0.006638,0.012027547
0.006738,0.429111707,0.006738,0.11756608,0.006738,0.099104505,0.006738,0.083972222,0.006738,0.101871417
0.006838,0.265014203,0.006838,0.101821688,0.006838,0.059405915,0.006838,0.02810427,0.006838,0.07771074
0.006938,0.352523472,0.006938,0.148889266,0.006938,0.098439157,0.006938,-0.001513287,0.006938,0.140505083
0.007038,0.321957316,0.007038,0.161034008,0.007038,0.072556099,0.007038,0.034383018,0.007038,0.078974072
0.007138,0.291037088,0.007138,0.117837193,0.007138,0.117991584,0.007138,0.115234482,0.007138,0.035835042
0.007238,0.291683788,0.007238,0.026144216,0.007238,0.186565853,0.007238,0.10013375,0.007238,0.186167899
0.007338,0.346372638,0.007338,0.141537323,0.007338,0.109156803,0.007338,0.074939984,0.007338,0.178009781
0.007438,0.256267129,0.007438,0.164213899,0.007438,0.111767711,0.007438,0.065807129,0.007438,0.082385574
0.007538,0.304816125,0.007538,0.15754475,0.007538,0.085205315,0.007538,0.185080205,0.007538,0.103189085
0.007638,0.288152897,0.007638,0.151403449,0.007638,0.11546397,0.007638,0.156531458,0.007638,0.123854344
0.007738,0.235941251,0.007738,0.202715588,0.007738,0.050169626,0.007738,0.113883464,0.007738,0.221477584
0.007838,0.255491393,0.007838,0.173572106,0.007838,0.099814809,0.007838,0.100290225,0.007838,0.337257037
0.007938,0.284802596,0.007938,0.236543248,0.007938,0.104572911,0.007938,0.128675447,0.007938,0.141777858
0.008038,0.312011317,0.008038,0.161329133,0.008038,0.161036874,0.008038,0.10591225,0.008038,0.240219475
0.008138,0.245922641,0.008138,0.175135088,0.008138,0.080454163,0.008138,0.196755497,0.008138,0.211715744
0.008238,0.258883085,0.008238,0.204347698,0.008238,0.084617075,0.008238,0.237679748,0.008238,0.279529835
0.008338,0.236162896,0.008338,0.091850983,0.008338,0.069756193,0.008338,0.220885565,0.008338,0.34437276
0.008438,0.252828695,0.008438,0.180855395,0.008438,0.124798801,0.008438,0.255863595,0.008438,0.240521385
0.008538,0.264460582,0.008538,0.082198639,0.008538,0.197480797,0.008538,0.185681155,0.008538,0.242663403
0.008638,0.241653209,0.008638,0.147683089,0.008638,0.114502748,0.008638,0.218486287,0.008638,0.179687149
0.008738,0.15533861,0.008738,0.112344732,0.008738,0.14745706,0.008738,0.280031692,0.008738,0.265959471
0.008838,0.179676251,0.008838,0.079405186,0.008838,0.139494638,0.008838,0.340063478,0.008838,0.209552893
0.008938,0.16179541,0.008938,0.10060752,0.008938,0.185731093,0.008938,0.213207024,0.008938,0.178544037
0.009038,0.121871006,0.009038,0.079490472,0.009038,0.094595454,0.009038,0.258901492,0.009038,0.165928033
0.009138,0.073600234,0.009138,0.134738206,0.009138,0.179646778,0.009138,0.274260647,0.009138,0.231525704
0.009238,0.149374319,0.009238,0.121480825,0.009238,0.245893577,0.009238,0.312280097,0.009238,0.218221842
0.009338,0.221378585,0.009338,0.110578428,0.009338,0.190630066,0.009338,0.364573303,0.009338,0.226476506
0.009438,0.220624536,0.009438,0.090399588,0.009438,0.269908422,0.009438,0.269128151,0.009438,0.351949002
0.009538,0.249408573,0.009538,0.123187784,0.009538,0.263346841,0.009538,0.214436372,0.009538,0.244558007
0.009638,0.193570626,0.009638,0.118858715,0.009638,0.220724796,0.009638,0.15500471,0.009638,0.248798745
0.009738,0.223096815,0.009738,0.122969248,0.009738,0.244708189,0.009738,0.246713509,0.009738,0.084019381
0.009838,0.252376102,0.009838,0.178221382,0.009838,0.267436204,0.009838,0.038114505,0.009838,0.171793894
0.009938,0.3124668,0.009938,0.225661444,0.009938,0.250151424,0.009938,-0.030323919,0.009938,0.184477017
0.010038,0.128380622,0.010038,0.204042628,0.010038,0.355540672,0.010038,-0.007711876,0.010038,0.114886508
0.010138,0.194863995,0.010138,0.126251431,0.010138,0.329251956,0.010138,-0.046413191,0.010138,0.185126776
0.010238,0.076671833,0.010238,0.17414164,0.010238,0.347814394,0.010238,0.02122977,0.010238,0.065585198
0.010338,0.081466137,0.010338,0.122521599,0.010338,0.285819397,0.010338,0.004694341,0.010338,0.109528548
0.010438,0.084330015,0.010438,0.140607194,0.010438,0.286851953,0.010438,-0.073644749,0.010438,0.095227489
0.010538,0.16819452,0.010538,0.081311558,0.010538,0.325263058,0.010538,0.059493157,0.010538,0.224463449
0.010638,0.217420335,0.010638,0.112077028,0.010638,0.333976003,0.010638,0.00740669,0.010638,0.273798066
0.010738,0.210562436,0.010738,0.111913996,0.010738,0.388575598,0.010738,0.035222298,0.010738,0.340592911
0.010838,0.214248308,0.010838,0.082680228,0.010838,0.369010821,0.010838,0.076727254,0.010838,0.278075059
0.010938,0.255864281,0.010938,0.055758855,0.010938,0.381078428,0.010938,0.191073998,0.010938,0.219371801
0.011038,0.196903737,0.011038,0.168291606,0.011038,0.387845732,0.011038,0.178617438,0.011038,0.182634472
0.011138,0.217954555,0.011138,0.239430564,0.011138,0.324524866,0.011138,0.135071039,0.011138,0.235066238
0.011238,0.118447372,0.011238,0.195873433,0.011238,0.333073881,0.011238,0.207238111,0.011238,0.175800968
0.011338,0.125969262,0.011338,0.167041635,0.011338,0.313170859,0.011338,0.218901126,0.011338,0.160021143
0.011438,0.181522149,0.011438,0.224454491,0.011438,0.242787879,0.011438,0.152728184,0.011438,0.17410602
0.011538,0.100412487,0.011538,0.269008342,0.011538,0.212167517,0.011538,0.108607033,0.011538,0.06081688
0.011638,0.092039921,0.011638,0.200789094,0.011638,0.166232213,0.011638,0.14198841,0.011638,0.049314302
0.011738,0.073481365,0.011738,0.336601069,0.011738,0.194231235,0.011738,0.007066327,0.011738,-0.082335726
0.011838,0.196029239,0.011838,0.150404288,0.011838,0.16427001,0.011838,0.054013375,0.011838,-0.122966575
0.011938,0.164984485,0.011938,0.287468571,0.011938,0.061878255,0.011938,-0.050105974,0.011938,-0.032109535
0.012038,0.153705942,0.012038,0.286930819,0.012038,0.174936041,0.012038,0.10385469,0.012038,0.009696326
0.012138,0.159797539,0.012138,0.333987422,0.012138,0.282835215,0.012138,0.15125941,0.012138,-0.041699111
0.012238,0.112704103,0.012238,0.287449184,0.012238,0.338292659,0.012238,0.045625491,0.012238,0.093358717
0.012338,0.16045914,0.012338,0.270553619,0.012338,0.341469697,0.012338,0.070189511,0.012338,0.032549143
0.012438,0.162708081,0.012438,0.231782143,0.012438,0.458758339,0.012438,0.044603357,0.012438,0.07213032
0.012538,0.157890773,0.012538,0.277889125,0.012538,0.355069659,0.012538,0.079651606,0.012538,0.077030363
0.012638,0.167004756,0.012638,0.252803589,0.012638,0.371442848,0.012638,0.16546726,0.012638,0.259747609
0.012738,0.224500128,0.012738,0.327864896,0.012738,0.322769809,0.012738,0.115282297,0.012738,0.179793054
0.012838,0.110977516,0.012838,0.364562828,0.012838,0.290474921,0.012838,0.139351238,0.012838,0.20271809
0.012938,0.123695318,0.012938,0.464107455,0.012938,0.193478289,0.012938,0.155253972,0.012938,0.036308901
0.013038,0.056696159,0.013038,0.419788753,0.013038,0.122164398,0.013038,0.21543389,0.013038,0.065151923
0.013138,0.07062458,0.013138,0.472115437,0.013138,-0.010086064,0.013138,0.235274928,0.013138,0.11886313
0.013238,0.117202669,0.013238,0.400794998,0.013238,0.004608212,0.013238,0.279892145,0.013238,0.050611778
0.013338,0.079212963,0.013338,0.374291594,0.013338,-0.017459953,0.013338,0.342522766,0.013338,0.014123265
0.013438,0.090798151,0.013438,0.453730858,0.013438,5.41E-02,0.013438,0.367106706,0.013438,-0.063371664
0.013538,0.054136239,0.013538,0.420112247,0.013538,-0.023410362,0.013538,0.372268504,0.013538,-0.123963489
0.013638,0.085169599,0.013638,0.498197324,0.013638,0.165602647,0.013638,0.294957453,0.013638,-0.199258862
0.013738,0.141896208,0.013738,0.429965201,0.013738,0.102263022,0.013738,0.190955656,0.013738,-0.194294147
0.013838,0.216957268,0.013838,0.48411723,0.013838,0.295638695,0.013838,0.070031458,0.013838,-0.134355356
0.013938,0.216665884,0.013938,0.317025964,0.013938,0.304416662,0.013938,0.009811924,0.013938,-0.074541446
0.014038,0.209092998,0.014038,0.411950326,0.014038,0.20834929,0.014038,0.033861301,0.014038,-0.078784628
0.014138,0.183160348,0.014138,0.416991243,0.014138,0.312368985,0.014138,-0.041138986,0.014138,0.015191464
0.014238,0.218932956,0.014238,0.345537586,0.014238,0.277244063,0.014238,-0.030168353,0.014238,0.115043524
0.014338,0.218901468,0.014338,0.335100998,0.014338,0.342464781,0.014338,-0.038472021,0.014338,0.047124986
0.014438,0.102817333,0.014438,0.332790998,0.014438,0.260006242,0.014438,0.002201203,0.014438,0.018718107
0.014538,0.155893532,0.014538,0.437149364,0.014538,0.222361717,0.014538,-0.009573766,0.014538,0.083021746
0.014638,0.124390369,0.014638,0.350360082,0.014638,0.20324493,0.014638,-0.062291631,0.014638,0.060586561
0.014738,0.039433245,0.014738,0.282685504,0.014738,0.130102732,0.014738,0.084174441,0.014738,0.183997694
0.014838,0.147690104,0.014838,0.25361895,0.014838,0.06190162,0.014838,0.132692694,0.014838,0.036241385
0.014938,0.156913493,0.014938,0.321576482,0.014938,-0.047353192,0.014938,0.193549811,0.014938,0.049842222
0.015038,0.075871441,0.015038,0.187855865,0.015038,-0.055055388,0.015038,0.104165967,0.015038,0.054742401
0.015138,0.162587435,0.015138,0.185772027,0.015138,-0.128925001,0.015138,0.21026784,0.015138,-0.046277932
0.015238,0.148367233,0.015238,0.100460357,0.015238,-0.121291905,0.015238,0.09666911,0.015238,-0.066261864
0.015338,0.110502755,0.015338,0.25460497,0.015338,-0.127898637,0.015338,0.089364657,0.015338,-0.01711365
0.015438,0.156594501,0.015438,0.263485474,0.015438,-0.130564311,0.015438,0.086295801,0.015438,0.063438542
0.015538,0.145014569,0.015538,0.300061961,0.015538,0.004013339,0.015538,0.034889545,0.015538,-0.073415583
0.015638,0.149876637,0.015638,0.37500717,0.015638,0.04122869,0.015638,-0.102885356,0.015638,-0.17914478
0.015738,0.205294357,0.015738,0.376773398,0.015738,-0.034585532,0.015738,0.035297178,0.015738,-0.056801439
0.015838,0.164376824,0.015838,0.301986416,0.015838,0.056329848,0.015838,-0.129391175,0.015838,-0.130609168
0.015938,0.174244727,0.015938,0.331625637,0.015938,-0.066718294,0.015938,-0.09616956,0.015938,0.108332072
0.016038,0.245150615,0.016038,0.239324798,0.016038,0.016872332,0.016038,-0.050752817,0.016038,-0.061706525
0.016138,0.279761619,0.016138,0.220161695,0.016138,-0.076294706,0.016138,-0.17879116,0.016138,-0.041140416
0.016238,0.190982509,0.016238,0.242218114,0.016238,-0.040992094,0.016238,-0.127748791,0.016238,0.030052266
0.016338,0.241657867,0.016338,0.208603331,0.016338,-0.015037105,0.016338,-0.142231735,0.016338,0.035134023
0.016438,0.215204793,0.016438,0.147981505,0.016438,0.066685878,0.016438,-0.024013909,0.016438,0.010318425
0.016538,0.240379691,0.016538,-0.043763016,0.016538,0.184480539,0.016538,0.122225435,0.016538,0.040618968
0.016638,0.289986792,0.016638,0.022370495,0.016638,0.162140352,0.016638,0.030724786,0.016638,0.093213864
0.016738,0.263711907,0.016738,-0.045931786,0.016738,0.049291003,0.016738,0.014435353,0.016738,0.106082951
0.016838,0.361996939,0.016838,-0.017882949,0.016838,0.043571127,0.016838,0.049480766,0.016838,0.026521893
0.016938,0.209150751,0.016938,-0.100103457,0.016938,0.038802509,0.016938,0.088118693,0.016938,0.053134526
0.017038,0.302708848,0.017038,-0.054876231,0.017038,0.068282163,0.017038,-0.000552516,0.017038,0.119185247
0.017138,0.210593652,0.017138,0.006889612,0.017138,-0.012647228,0.017138,-0.013118348,0.017138,0.083483337
0.017238,0.259774802,0.017238,-0.049046486,0.017238,-0.03507098,0.017238,0.040210583,0.017238,-0.025548003
0.017338,0.28104426,0.017338,0.095708098,0.017338,0.073962092,0.017338,0.133799926,0.017338,0.033670576
0.017438,0.218711631,0.017438,0.078260112,0.017438,0.011980332,0.017438,0.067513965,0.017438,-0.105220605
0.017538,0.17797175,0.017538,0.228713417,0.017538,-0.006155971,0.017538,0.106550072,0.017538,-0.032832105
0.017638,0.371022901,0.017638,0.099320102,0.017638,-0.024257305,0.017638,-0.012080007,0.017638,-0.10958239
0.017738,0.402958519,0.017738,0.153374088,0.017738,0.010298666,0.017738,-0.068833023,0.017738,-0.120905932
0.017838,0.302388068,0.017838,0.264508015,0.017838,-0.014728714,0.017838,0.067552411,0.017838,-0.003693839
0.017938,0.312533172,0.017938,0.09668353,0.017938,0.014449808,0.017938,0.004147065,0.017938,0.116123205
0.018038,0.370989056,0.018038,0.095211297,0.018038,0.153550052,0.018038,-0.052403226,0.018038,-0.046670448
0.018138,0.34820244,0.018138,0.042249976,0.018138,0.025418796,0.018138,-0.084248195,0.018138,0.037228275
0.018238,0.311698124,0.018238,-0.088688,0.018238,0.060964357,0.018238,0.002605894,0.018238,0.013597085
0.018338,0.330594851,0.018338,-0.083622975,0.018338,-0.044618176,0.018338,-0.050541626,0.018338,0.027208807
0.018438,0.345122822,0.018438,-0.006830928,0.018438,0.012614121,0.018438,-0.101156878,0.018438,-0.016278786
0.018538,0.292825575,0.018538,0.009772715,0.018538,0.093522256,0.018538,-0.041328159,0.018538,-0.068427976
0.018638,0.294208777,0.018638,0.007568051,0.018638,0.083129675,0.018638,-0.049826496,0.018638,0.075840925
0.018738,0.162654693,0.018738,0.045009238,0.018738,0.001805091,0.018738,0.014225566,0.018738,0.040186211
0.018838,0.218249157,0.018838,0.029663827,0.018838,-0.011575983,0.018838,0.053821627,0.018838,-0.007291521
0.018938,0.244912261,0.018938,0.077426829,0.018938,-0.079614074,0.018938,0.019315757,0.018938,0.023244819
0.019038,0.220830383,0.019038,0.118883059,0.019038,0.080371011,0.019038,0.032054335,0.019038,-0.006594371
0.019138,0.185908961,0.019138,0.117663168,0.019138,0.124648541,0.019138,-0.030411431,0.019138,0.099986493
0.019238,0.238808328,0.019238,0.05377975,0.019238,0.011141329,0.019238,0.192513531,0.019238,-0.034655777
0.019338,0.170313468,0.019338,0.024166646,0.019338,0.109644002,0.019338,0.088668542,0.019338,0.054436219
0.019438,0.190086863,0.019438,0.069745519,0.019438,-0.089004706,0.019438,0.054627608,0.019438,0.00876665
0.019538,0.262806526,0.019538,0.009093459,0.019538,-0.055374803,0.019538,0.165593552,0.019538,0.031869763
0.019638,0.240430548,0.019638,0.086873327,0.019638,0.00226639,0.019638,0.013155833,0.019638,0.028179712
0.019738,0.268577168,0.019738,0.074784295,0.019738,-0.053611437,0.019738,0.068446041,0.019738,0.132236556
0.019838,0.334460205,0.019838,0.008922611,0.019838,0.073534192,0.019838,0.089625776,0.019838,0.029115622
0.019938,0.263790925,0.019938,0.004694845,0.019938,0.085923083,1.99E-02,0.02319676,0.019938,0.04040986
0.020038,0.279548717,0.020038,0.078836595,0.020038,-0.01339336,0.020038,0.009549222,0.020038,0.003583846
0.020138,0.196123636,0.020138,0.078043752,0.020138,0.011080899,0.020138,0.012956416,0.020138,-0.056557703
0.020238,0.174887168,0.020238,0.079704752,0.020238,-0.016108144,0.020238,-0.024888198,0.020238,-0.061570522
0.020338,0.150470698,0.020338,0.035281714,0.020338,0.043338825,0.020338,0.004270643,0.020338,-0.097808773
0.020438,0.084145935,0.020438,0.033378682,0.020438,0.033285936,0.020438,0.03872607,0.020438,-0.155091595
0.020538,0.078741454,0.020538,0.092483243,0.020538,0.015380004,0.020538,-0.044935989,0.020538,-0.057956793
0.020638,0.148338933,0.020638,-0.008488252,0.020638,0.015087274,0.020638,0.004994445,0.020638,-0.001448057
0.020738,0.081230946,0.020738,-0.035502212,0.020738,0.012838547,0.020738,0.00056311,0.020738,-0.001157107
0.020838,0.070917293,0.020838,0.047961212,0.020838,0.145729199,0.020838,-0.022958399,0.020838,0.016865294
0.020938,0.125309755,0.020938,0.019039145,0.020938,0.164985496,0.020938,-0.072283183,0.020938,-0.097571472
0.021038,0.099904764,0.021038,-0.005184773,0.021038,0.027307001,0.021038,0.060105869,0.021038,-0.007357522
0.021138,0.071858966,0.021138,0.119213192,0.021138,0.023581579,0.021138,0.022436859,0.021138,0.025430794
0.021238,0.099850852,0.021238,0.029068915,0.021238,0.059609693,0.021238,-0.097576089,0.021238,-0.040553987
0.021338,0.060111366,0.021338,0.072924814,0.021338,-0.003642018,0.021338,-0.014122686,0.021338,-0.075058356
0.021438,0.05448651,0.021438,0.05274744,0.021438,0.069381897,0.021438,0.097590309,0.021438,-0.02316586
0.021538,0.058886213,0.021538,0.043451306,0.021538,0.067349982,0.021538,0.06907269,0.021538,0.009847968
0.021638,0.10320484,0.021638,0.081088483,0.021638,-0.007323054,0.021638,0.022547839,0.021638,0.041125208
0.021738,0.102501234,0.021738,-0.007306206,0.021738,0.018187593,0.021738,0.062790817,0.021738,-0.020443471
0.021838,0.053243341,0.021838,0.058330791,0.021838,0.131549478,0.021838,0.127436017,0.021838,0.036585281
0.021938,0.040164444,0.021938,0.012593795,0.021938,-0.008752665,0.021938,0.018585481,0.021938,0.009605576
0.022038,0.06447612,0.022038,-0.037687909,0.022038,-0.025197503,0.022038,0.04741138,0.022038,-0.018487235
0.022138,0.145710021,0.022138,-0.018084247,0.022138,-0.086559469,0.022138,0.035208004,0.022138,0.009866453
0.022238,0.136147871,0.022238,-0.037154451,0.022238,0.026114889,0.022238,0.037016071,0.022238,0.123414459
0.022338,0.036334977,0.022338,-0.09095789,0.022338,-0.137444307,0.022338,-0.020131254,0.022338,-0.010421436
0.022438,0.051031602,0.022438,0.100248099,0.022438,-0.031774483,0.022438,0.058586724,0.022438,-0.020890216
0.022538,0.10465198,0.022538,0.11971385,0.022538,0.009261522,0.022538,0.041480878,0.022538,-0.042901078
0.022638,0.070272409,0.022638,0.03159133,0.022638,-0.086487969,0.022638,-0.129074289,0.022638,-0.043914396
0.022738,0.054013746,0.022738,0.132137903,0.022738,0.070466294,0.022738,0.014001338,0.022738,0.113823953
0.022838,0.03368386,0.022838,0.025525659,0.022838,-0.066731291,0.022838,0.016021633,0.022838,0.251301499
0.022938,0.029692583,0.022938,0.133869556,0.022938,0.004424706,0.022938,0.030540168,0.022938,0.057057908
0.023038,0.119417651,0.023038,0.056791636,0.023038,-0.005868143,0.023038,0.076647638,0.023038,0.00244737
0.023138,0.215427671,0.023138,0.077598358,0.023138,0.117512996,0.023138,-0.002636175,0.023138,-0.03284569
0.023238,0.101563609,0.023238,0.042306566,0.023238,0.022278906,0.023238,-0.09786243,0.023238,0.033688764
0.023338,0.075046884,0.023338,-0.005098492,0.023338,0.105804347,0.023338,-0.007625878,0.023338,0.057068402
0.023438,0.021739044,0.023438,0.012227559,0.023438,0.127410981,0.023438,-0.035718928,0.023438,0.004068455
0.023538,0.069260659,0.023538,0.014942723,0.023538,0.116305257,0.023538,0.084562361,0.023538,0.034816329
0.023638,0.01625697,0.023638,-0.025290167,0.023638,0.007014726,0.023638,-0.092658218,0.023638,-0.006428559
0.023738,0.154564553,0.023738,-0.010861865,0.023738,0.033494434,0.023738,-0.06772263,0.023738,0.108174383
0.023838,0.091883283,0.023838,-0.071768236,0.023838,-0.024157885,0.023838,0.017548057,0.023838,0.070266552
0.023938,0.175728991,0.023938,0.0442147,0.023938,-0.037871704,0.023938,0.010975948,0.023938,-0.122304577
0.024038,0.025291579,0.024038,0.06522452,0.024038,-0.02460585,0.024038,0.090881868,0.024038,-0.149925312
0.024138,0.06934912,0.024138,0.089089939,0.024138,-0.1148691,0.024138,0.002060134,0.024138,-0.048447478
0.024238,0.101660005,0.024238,0.043322019,0.024238,0.008389361,0.024238,0.01820412,0.024238,0.094870062
0.024338,0.125350104,0.024338,0.132672356,0.024338,-0.202940905,0.024338,-0.057425185,0.024338,0.071595523
0.024438,0.103786627,0.024438,0.063966289,0.024438,-0.021012462,0.024438,0.041209876,0.024438,-0.085292437
0.024538,0.043947056,0.024538,0.107004412,0.024538,-0.028403301,0.024538,0.060853188,0.024538,-0.173451194
0.024638,0.092743519,0.024638,0.007989217,0.024638,0.061595056,0.024638,0.035827348,0.024638,-0.054171105
0.024738,0.148730323,0.024738,0.015025374,0.024738,0.088285384,0.024738,0.013339805,0.024738,0.013557383
0.024838,0.042332422,0.024838,0.092180872,0.024838,0.088269895,0.024838,0.041674327,0.024838,0.195654585
0.024938,-0.008407862,0.024938,0.068208332,0.024938,-0.039414076,0.024938,-0.012195865,0.024938,0.008694517
0.025038,0.066996751,0.025038,0.031688153,0.025038,-0.077593907,0.025038,-0.043376699,0.025038,0.02275794
0.025138,0.121337123,0.025138,0.043067175,0.025138,-0.03825397,0.025138,-0.023467266,0.025138,-0.076279104
0.025238,0.129127919,0.025238,0.132661819,0.025238,0.072850721,0.025238,-0.082247455,0.025238,0.036266053
0.025338,0.122021112,0.025338,0.018141592,0.025338,0.060503105,0.025338,-0.079113178,0.025338,0.035786904
0.025438,0.104641741,0.025438,0.029847299,0.025438,0.069678322,0.025438,-0.025872483,0.025438,0.092322765
0.025538,0.228692155,0.025538,0.102458333,0.025538,0.125849862,0.025538,-0.010651828,0.025538,0.090188454
0.025638,0.287244023,0.025638,0.002775209,0.025638,-0.046868416,0.025638,0.029209029,0.025638,0.133083851
0.025738,0.239692194,0.025738,0.047540196,0.025738,0.09570318,0.025738,0.001013586,0.025738,0.050659946
0.025838,0.251390463,0.025838,-0.021064032,0.025838,0.052208841,0.025838,0.029157616,0.025838,0.069747519
0.025938,0.303049816,0.025938,0.02996639,0.025938,0.070483937,0.025938,-0.019852821,0.025938,0.039981046
0.026038,0.228363755,0.026038,-0.06893841,0.026038,-0.022927295,0.026038,0.078202677,0.026038,-0.012361222
0.026138,0.32496835,0.026138,-0.048413718,0.026138,0.035176872,0.026138,0.022262283,0.026138,-0.052646418
0.026238,0.258988636,0.026238,-0.079311831,0.026238,0.052375942,0.026238,-0.025243208,0.026238,0.009222648
0.026338,0.259399571,0.026338,0.000782554,0.026338,0.019645593,0.026338,-0.009519026,0.026338,-0.106422931
0.026438,0.192448676,0.026438,-0.007487223,0.026438,-0.003753116,0.026438,0.043811957,0.026438,0.046778536
0.026538,0.225777481,0.026538,0.048835124,0.026538,0.040588872,0.026538,0.032561715,0.026538,-0.013607322
0.026638,0.353050673,0.026638,0.049640663,0.026638,-0.053253919,0.026638,0.042701659,0.026638,-0.082703684
0.026738,0.335111807,0.026738,0.114816531,0.026738,-0.006236026,0.026738,0.071362968,0.026738,-0.013802052
0.026838,0.436716945,0.026838,0.126221344,0.026838,0.130591138,0.026838,0.018932452,0.026838,-0.092508762
0.026938,0.362039733,0.026938,0.096618545,0.026938,-0.037903875,0.026938,0.026558231,0.026938,-0.007065828
0.027038,0.432398604,0.027038,0.024210582,0.027038,-0.011240973,0.027038,0.087163864,0.027038,0.009680231
0.027138,0.409022713,0.027138,0.093429548,0.027138,-0.067032488,0.027138,0.041328338,0.027138,0.006526417
0.027238,0.432558162,0.027238,0.102425213,0.027238,0.005992765,0.027238,0.029089191,0.027238,-0.026962727
0.027338,0.208445235,0.027338,-0.017684404,0.027338,0.055264786,0.027338,0.000608959,0.027338,-0.037382533
0.027438,0.260968695,0.027438,0.091287031,0.027438,0.141232783,0.027438,-0.049118153,0.027438,-0.076435463
0.027538,0.254265337,0.027538,0.057941816,0.027538,0.070578561,0.027538,-0.014980532,0.027538,0.063044349
0.027638,0.188601909,0.027638,0.018556157,0.027638,0.107872081,0.027638,-0.067644428,0.027638,0.044990003
0.027738,0.105937315,0.027738,-0.047228702,0.027738,-0.163648568,0.027738,0.065639035,0.027738,0.029266349
0.027838,0.096528685,0.027838,-0.106037043,0.027838,0.000673792,0.027838,0.058589569,0.027838,0.047328041
0.027938,-0.031543866,0.027938,-0.002010718,0.027938,0.064320053,0.027938,0.000968789,0.027938,-0.064993337
0.028038,0.014227944,0.028038,-0.004721259,0.028038,0.055442171,0.028038,-0.023629866,0.028038,-0.14768479
0.028138,0.080583595,0.028138,0.02257583,0.028138,0.056201421,0.028138,-0.081758965,0.028138,0.029848277
0.028238,0.108844753,0.028238,0.020472307,0.028238,0.037838918,0.028238,0.004495704,0.028238,0.041454624
0.028338,0.121861167,0.028338,0.060932295,0.028338,-0.033472932,0.028338,-0.105213863,0.028338,0.003989132
0.028438,0.102581028,0.028438,0.023458818,0.028438,0.065555033,0.028438,0.039956376,0.028438,0.11186971
0.028538,0.132577389,0.028538,0.1335432,0.028538,0.079852878,0.028538,0.009418657,0.028538,0.086561909
0.028638,0.265017576,0.028638,0.019270611,0.028638,0.02965378,0.028638,0.014312576,0.028638,-0.030568905
0.028738,0.237862805,0.028738,0.057912671,0.028738,-0.058733591,0.028738,-0.094423355,0.028738,0.043460014
0.028838,0.192237032,0.028838,-0.037835632,0.028838,-0.046299157,0.028838,-0.050203606,0.028838,-0.008505877
0.028938,0.169579733,0.028938,-0.014831046,0.028938,0.034480978,0.028938,-0.000933294,0.028938,0.098495532
0.029038,0.211184413,0.029038,0.083389213,0.029038,-0.092027635,0.029038,0.05887541,0.029038,0.088554466
0.029138,0.121131668,0.029138,-0.080638892,0.029138,-0.027142661,0.029138,-0.070190088,0.029138,0.036898884
0.029238,0.118166698,0.029238,-0.038369583,0.029238,-0.010048692,0.029238,0.130936687,0.029238,-0.014755549
0.029338,0.019988,0.029338,0.068084706,0.029338,0.032529845,0.029338,0.116714721,0.029338,0.165073936
0.029438,0.084261477,0.029438,0.021486492,0.029438,0.041634636,0.029438,0.074695977,0.029438,-0.084265672
0.029538,0.13275394,0.029538,0.041422064,0.029538,0.035592838,0.029538,0.137658745,0.029538,0.018166569
0.029638,0.084134724,0.029638,0.061146247,0.029638,-0.001848325,0.029638,0.042319927,0.029638,-0.061500456
0.029738,0.030286813,0.029738,0.050269256,0.029738,0.068492392,0.029738,-0.040745705,0.029738,-0.078573528
0.029838,0.077510054,0.029838,0.023397368,0.029838,0.005687491,0.029838,-0.045815287,0.029838,-0.084711184
0.029938,0.047708556,0.029938,0.061498263,0.029938,0.089148739,0.029938,0.069363591,0.029938,-0.072480559
0.030038,0.063820542,0.030038,0.100511233,0.030038,0.057559321,0.030038,0.005427905,0.030038,-0.067063638
0.030138,0.104301726,0.030138,0.023677822,0.030138,-0.053005075,0.030138,-0.076965239,0.030138,-0.023333819
0.030238,0.040682221,0.030238,-0.034735968,0.030238,0.059548427,0.030238,0.039799357,0.030238,0.003489499
0.030338,-0.021658696,0.030338,0.003133801,0.030338,0.00547958,0.030338,0.007348721,0.030338,-0.020624611
0.030438,0.026398526,0.030438,0.038870516,0.030438,0.002295111,0.030438,0.03882987,0.030438,-0.02990777
0.030538,0.076369004,0.030538,-0.039448584,0.030538,-0.034333312,0.030538,-0.106481137,0.030538,-0.044991462
0.030638,0.157292332,0.030638,-0.057008385,0.030638,-0.040447334,0.030638,-0.038368022,0.030638,0.07784905
0.030738,0.089671179,0.030738,-0.022343274,0.030738,0.013456132,0.030738,0.040526315,0.030738,-0.061709699
0.030838,0.025523857,0.030838,0.010709862,0.030838,-0.014976832,0.030838,-0.075101142,0.030838,0.170054485
0.030938,0.080691414,0.030938,0.058801477,0.030938,0.035463871,0.030938,0.031016459,0.030938,0.158812532
0.031038,0.052397471,0.031038,-0.021531383,0.031038,0.032164478,0.031038,-0.031621878,0.031038,0.224345789
0.031138,0.103177995,0.031138,-0.041109267,0.031138,0.051420492,0.031138,0.004528778,0.031138,0.059440284
0.031238,0.044176355,0.031238,0.008692692,0.031238,0.072981225,0.031238,0.026019272,0.031238,0.038725596
0.031338,0.004659473,0.031338,0.079672216,0.031338,-0.054886701,0.031338,0.048187628,0.031338,0.070890507
0.031438,-0.055179555,0.031438,0.112871908,0.031438,0.032821902,0.031438,-0.00559722,0.031438,-0.030219744
0.031538,0.016151314,0.031538,0.153610934,0.031538,0.020744851,0.031538,-0.09169351,0.031538,-0.004145622
0.031638,-0.022478111,0.031638,-0.018935262,0.031638,0.048027654,0.031638,0.033109559,0.031638,0.050785853
0.031738,-0.031289369,0.031738,0.071423811,0.031738,0.071712812,0.031738,-0.011299465,0.031738,0.065294374
0.031838,0.03533481,0.031838,0.050012958,0.031838,0.03409317,0.031838,0.09315019,0.031838,0.042994737
0.031938,0.014824629,0.031938,0.122367476,0.031938,0.064168731,0.031938,0.033163364,0.031938,-0.127548342
0.032038,0.018204317,0.032038,-0.007988473,0.032038,0.076519433,0.032038,0.010576445,0.032038,0.054407048
0.032138,0.060124734,0.032138,-0.001873132,0.032138,-0.008440872,0.032138,0.098223633,0.032138,-0.080890581
0.032238,0.141736614,0.032238,0.051415165,0.032238,0.020786522,0.032238,-0.048424755,0.032238,0.041929241
0.032338,0.072872889,0.032338,-0.012196658,0.032338,0.083395216,0.032338,-0.043480981,0.032338,-0.044277837
0.032438,0.122277433,0.032438,-0.037097957,0.032438,0.173699053,0.032438,-0.062804145,0.032438,-0.036821975
0.032538,0.099549709,0.032538,0.027891791,0.032538,-0.070266015,0.032538,0.07740393,0.032538,-0.085064899
0.032638,0.106964455,0.032638,-0.127021299,0.032638,0.058399095,0.032638,0.023216681,0.032638,-0.102477011
0.032738,0.108166773,0.032738,-0.00498755,0.032738,0.06015982,0.032738,-0.055119126,0.032738,-0.024251529
0.032838,0.166655947,0.032838,0.049891475,0.032838,0.063340494,0.032838,-0.070534839,0.032838,0.019726298
0.032938,0.098257922,0.032938,-0.018332313,0.032938,0.023779772,0.032938,0.041720967,0.032938,0.003184156
0.033038,-0.033367532,0.033038,-0.052385008,0.033038,0.042951481,0.033038,-0.116439301,0.033038,-0.020188387
0.033138,-0.022528519,0.033138,0.111792689,0.033138,0.062412362,0.033138,-0.09298594,0.033138,0.122100407
0.033238,-0.036502705,0.033238,0.022899539,0.033238,0.085407618,0.033238,-0.134316137,0.033238,-0.00330961
0.033338,0.005784586,0.033338,-0.004895051,0.033338,0.023022499,0.033338,-0.13196182,0.033338,-0.005727557
0.033438,0.026867056,0.033438,0.048724675,0.033438,-0.107836923,0.033438,-0.110475908,0.033438,0.107552289
0.033538,-0.001680409,0.033538,0.053541601,0.033538,-0.098780705,0.033538,-0.086973812,0.033538,0.039539851
0.033638,-0.030074615,0.033638,0.147695044,0.033638,0.056467427,0.033638,-0.04422996,0.033638,0.075051181
0.033738,0.03587504,0.033738,0.073910503,0.033738,0.068255019,0.033738,-0.113441209,0.033738,0.075027125
0.033838,0.076061959,0.033838,-0.000725674,0.033838,0.006853105,0.033838,0.001345483,0.033838,0.072652244
0.033938,0.061706595,0.033938,-0.016815682,0.033938,-0.036841171,0.033938,0.102993992,0.033938,0.103322003
0.034038,0.0538798,0.034038,0.043987426,0.034038,-0.153757144,0.034038,0.185228899,0.034038,0.085029994
0.034138,0.023697313,0.034138,0.034936934,0.034138,0.019333146,0.034138,0.203810436,0.034138,-0.029708301
0.034238,0.141292835,0.034238,0.000706179,0.034238,-0.037089589,0.034238,0.034452083,0.034238,-0.029563042
0.034338,0.157823248,0.034338,0.068427455,0.034338,0.03980905,0.034338,0.010838792,0.034338,0.056404138
0.034438,0.060745451,0.034438,-0.048057792,0.034438,0.069548336,0.034438,0.068250524,0.034438,0.0356862
0.034538,0.032453911,0.034538,-0.015549169,0.034538,0.008802467,0.034538,-0.048982965,0.034538,-0.024904496
0.034638,0.074339012,0.034638,0.121826628,0.034638,-0.001861844,0.034638,0.064131312,0.034638,-0.100898853
0.034738,0.036988362,0.034738,0.046615566,0.034738,-0.005669773,0.034738,0.101416941,0.034738,-0.047924045
0.034838,0.048593333,0.034838,-0.010145642,0.034838,0.027056491,0.034838,-0.024196092,0.034838,-0.170158679
0.034938,0.031505326,0.034938,0.016799917,0.034938,0.143693268,0.034938,0.063294663,0.034938,-0.157144103
0.035038,0.013736948,0.035038,-0.074021439,0.035038,0.031392939,0.035038,-0.023453806,0.035038,-0.106068726
0.035138,0.033230309,0.035138,0.012947863,0.035138,-0.046954369,0.035138,0.005680448,0.035138,-0.086790374
0.035238,0.057841976,0.035238,-0.072525285,0.035238,0.003971285,0.035238,-0.027261598,0.035238,-0.098311666
0.035338,0.11568535,0.035338,0.018896992,0.035338,-0.0836362,0.035338,-0.013698471,0.035338,-0.035537802
0.035438,0.035801081,0.035438,-0.046977281,0.035438,-0.060409407,0.035438,-0.076659484,0.035438,0.186786738
0.035538,0.066078963,0.035538,0.120429619,0.035538,0.02598228,0.035538,-0.051527652,0.035538,0.17924207
0.035638,-0.00313666,0.035638,0.035889642,0.035638,-0.034605269,0.035638,-0.168193201,0.035638,0.118267217
0.035738,-0.012215271,0.035738,0.003210887,0.035738,-0.060889734,0.035738,-0.058429756,0.035738,0.033025848
0.035838,0.087535971,0.035838,-0.001300674,0.035838,-0.015768411,0.035838,-0.010380177,0.035838,0.01528145
0.035938,-0.05332496,0.035938,-0.064869277,0.035938,-0.119268578,0.035938,-0.112235523,0.035938,-0.033322481
0.036038,0.01227118,0.036038,0.04714344,0.036038,0.018335726,0.036038,-0.064132989,0.036038,0.089713683
0.036138,0.0355604,0.036138,-0.081053774,0.036138,-0.082841044,0.036138,-0.039277609,0.036138,0.199512698
0.036238,0.098318626,0.036238,-0.021851948,0.036238,0.055645699,0.036238,-0.064121496,0.036238,0.167502794
0.036338,0.001639714,0.036338,-0.026043834,0.036338,0.056148866,0.036338,-0.082554116,0.036338,0.054604395
0.036438,0.059696839,0.036438,0.046974662,0.036438,0.017778558,0.036438,0.041943995,0.036438,0.010632461
0.036538,0.101554285,0.036538,0.12222787,0.036538,0.019699275,0.036538,-0.054456634,0.036538,0.097503981
0.036638,0.031566748,0.036638,-0.036665499,0.036638,0.014120897,0.036638,0.000154829,0.036638,-0.096555866
0.036738,0.04861662,0.036738,-0.011375082,0.036738,0.057286793,0.036738,0.130601937,0.036738,-0.083790146
0.036838,0.1050873,0.036838,0.034316848,0.036838,0.026643477,0.036838,0.152282771,0.036838,-0.143244717
0.036938,0.122794497,0.036938,0.014079454,0.036938,0.077235141,0.036938,0.100710713,0.036938,-0.054910091
0.037038,0.099868841,0.037038,0.109916976,0.037038,0.081895491,0.037038,0.099193349,0.037038,0.02525467
0.037138,0.00445674,0.037138,0.07660273,0.037138,0.110061345,0.037138,0.173160827,0.037138,0.024185356
0.037238,0.12428767,0.037238,0.049254066,0.037238,0.07092472,0.037238,0.004862535,0.037238,0.009420622
0.037338,0.024243197,0.037338,0.112980563,0.037338,-0.12646436,0.037338,0.066313609,0.037338,0.004937082
0.037438,0.063891929,0.037438,0.076884977,0.037438,0.082382188,0.037438,0.016834617,0.037438,0.080634858
0.037538,0.052176266,0.037538,0.062461436,0.037538,0.072186605,0.037538,0.075655333,0.037538,-0.074710601
0.037638,-0.019019965,0.037638,0.044358438,0.037638,-0.016910442,0.037638,-0.012917859,0.037638,-0.132586849
0.037738,0.03212191,0.037738,0.034052484,0.037738,-0.024534762,0.037738,-0.060059299,0.037738,0.006103184
0.037838,0.008084504,0.037838,0.001775235,0.037838,-0.123407707,0.037838,-0.079416948,0.037838,-0.089523989
0.037938,0.058295914,0.037938,0.001725915,0.037938,-0.046940121,0.037938,-0.122110442,0.037938,0.084137465
0.038038,-0.028933327,0.038038,0.047961483,0.038038,0.012373148,0.038038,0.015241155,0.038038,0.035262206
0.038138,0.023053926,0.038138,0.023962069,0.038138,0.167773734,0.038138,0.001282749,0.038138,0.026896085
0.038238,0.104867938,0.038238,0.03741051,0.038238,0.025335368,0.038238,-0.157429596,0.038238,-0.070832798
0.038338,0.045729415,0.038338,-0.075865373,0.038338,0.098647585,0.038338,-0.134288931,0.038338,-0.102738981
0.038438,0.097392147,0.038438,0.041941324,0.038438,-0.017401444,0.038438,-0.057264276,0.038438,-0.08289101
0.038538,0.052388935,0.038538,0.02811062,0.038538,0.059098652,0.038538,-0.085597344,0.038538,-0.131080019
0.038638,0.030472007,0.038638,-0.029387503,0.038638,0.051218053,0.038638,-0.048995398,0.038638,0.121317166
0.038738,0.054203623,0.038738,0.034865506,0.038738,-0.032251583,0.038738,-0.047366121,0.038738,0.082747309
0.038838,0.047143244,0.038838,-0.086221955,0.038838,-0.127896383,0.038838,0.044048433,0.038838,0.088857581
0.038938,0.081827964,0.038938,0.050082752,0.038938,-0.019252784,0.038938,0.097341575,0.038938,0.017287494
0.039038,-0.002066912,0.039038,0.012417617,0.039038,0.103560391,0.039038,0.034528644,0.039038,0.082025828
0.039138,-0.012672408,0.039138,0.013940534,0.039138,0.013910843,0.039138,0.112662009,0.039138,0.007518188
0.039238,-0.012356442,0.039238,-0.031177913,0.039238,0.160535287,0.039238,0.133198033,0.039238,-0.040089795
0.039338,-0.026269874,0.039338,0.015598905,0.039338,-0.032631194,0.039338,0.044844147,0.039338,-0.04381756
0.039438,-0.038064885,0.039438,-0.011330741,0.039438,-0.079388943,0.039438,0.022673641,0.039438,0.061531212
0.039538,0.058914135,0.039538,-0.021178834,0.039538,-0.003744436,0.039538,-0.019782514,0.039538,0.180680121
0.039638,-0.039006345,0.039638,-0.000157854,0.039638,-0.012493014,0.039638,-0.019489532,0.039638,0.108988384
0.039738,-0.049951964,0.039738,-0.026632656,0.039738,-0.020681124,0.039738,0.051586583,0.039738,-0.056411268
0.039838,-0.011238429,0.039838,-0.0314161,0.039838,0.052845003,0.039838,0.081570246,0.039838,0.082934497
0.039938,0.043128387,0.039938,0.038791721,0.039938,0.040038118,0.039938,-0.017250881,0.039938,-0.037401183
0.040038,0.037594459,0.040038,0.132265461,0.040038,0.003035723,0.040038,-0.098850632,0.040038,-0.087907235
0.040138,0.010518721,0.040138,0.105848621,0.040138,0.089766383,0.040138,-0.099630882,0.040138,-0.15431196
0.040238,0.04275213,0.040238,0.011418089,0.040238,0.029765874,0.040238,-0.044782424,0.040238,-0.149230551
0.040338,0.155030075,0.040338,-0.053864327,0.040338,-0.067144586,0.040338,-0.028694848,0.040338,0.042284814
0.040438,0.032308643,0.040438,-0.005512296,0.040438,-0.095754754,0.040438,0.025571657,0.040438,0.022823908
0.040538,0.071586425,0.040538,0.038810544,0.040538,0.118907349,0.040538,0.13099073,0.040538,-0.000673632
0.040638,0.081343698,0.040638,-0.054649318,0.040638,-0.020926239,0.040638,0.167076306,0.040638,-0.027026212
0.040738,0.072877676,0.040738,0.059720754,0.040738,0.121468799,0.040738,-0.026827948,0.040738,0.139044363
0.040838,0.094053898,0.040838,-0.021577414,0.040838,0.057702701,0.040838,-0.040148352,0.040838,-0.040268514
0.040938,0.079624624,0.040938,-0.032510676,0.040938,0.026847196,0.040938,-0.05982652,0.040938,-0.098707872
0.041038,0.100495972,0.041038,0.031483494,0.041038,-0.06248779,0.041038,-0.118110079,0.041038,0.053518883
0.041138,-0.007460043,0.041138,-0.033676424,0.041138,-0.036351421,0.041138,-0.075612218,0.041138,-0.012664993
0.041238,-0.004409687,0.041238,0.037203117,0.041238,-0.020137099,0.041238,-0.058389346,0.041238,-0.004932886
0.041338,0.104843379,0.041338,-0.025863611,0.041338,0.063815232,0.041338,-0.038327103,0.041338,0.167028883
0.041438,0.101416798,0.041438,0.018326093,0.041438,-0.000924765,0.041438,0.012230157,0.041438,-0.060451032
0.041538,0.054778629,0.041538,-0.029672834,0.041538,0.006517258,0.041538,0.058312185,0.041538,0.047200521
0.041638,-0.009409031,0.041638,-0.056111154,0.041638,0.001300103,0.041638,-0.047911551,0.041638,-0.068240639
0.041738,-0.048890796,0.041738,0.020064233,0.041738,-0.012675543,0.041738,-0.02309759,0.041738,-0.008503449
0.041838,0.1037001,0.041838,0.078534946,0.041838,-0.011256719,0.041838,-0.041210999,0.041838,0.024589196
0.041938,0.06443099,0.041938,0.0459783,0.041938,-0.093655629,0.041938,0.104678842,0.041938,0.043826733
0.042038,0.020559045,0.042038,0.086839074,0.042038,-0.012020935,0.042038,0.02105764,0.042038,0.043902804
0.042138,0.057567396,0.042138,0.137314314,0.042138,-0.073941977,0.042138,0.04932007,0.042138,0.180384798
0.042238,0.0559376,0.042238,0.046893947,0.042238,0.019686517,0.042238,0.082959109,0.042238,0.074919944
0.042338,0.044744138,0.042338,-0.027712127,0.042338,0.070215453,0.042338,0.095889635,0.042338,-0.070869603
0.042438,0.000302244,0.042438,0.07746076,0.042438,0.063333605,0.042438,0.159174501,0.042438,0.116922545
0.042538,0.067129889,0.042538,0.040633476,0.042538,0.131916045,0.042538,0.029000798,0.042538,-0.026661386
0.042638,0.150099896,0.042638,0.082441066,0.042638,0.06380186,0.042638,-0.013467094,0.042638,-0.048541756
0.042738,0.067713737,0.042738,0.026718704,0.042738,0.057621234,0.042738,-0.113694119,0.042738,-0.034687133
0.042838,-0.053721796,0.042838,-0.049761967,0.042838,0.079149251,0.042838,-0.067531168,0.042838,-0.01022164
0.042938,0.00143718,0.042938,-0.032386133,0.042938,0.141666103,0.042938,0.016270496,0.042938,-0.101839888
0.043038,0.034639569,0.043038,-0.048492974,0.043038,0.088775099,0.043038,0.102384123,0.043038,-0.104635606
0.043138,0.080327602,0.043138,0.003688095,0.043138,0.038626896,0.043138,0.038165287,0.043138,-0.208932738
0.043238,-0.069114917,0.043238,0.050922741,0.043238,0.010210211,0.043238,0.000490091,0.043238,-0.028738656
0.043338,0.013918193,0.043338,0.001520732,0.043338,-0.053381807,0.043338,0.025878293,0.043338,-0.024820731
0.043438,0.003442648,0.043438,-0.081849736,0.043438,-0.047687447,0.043438,-0.050325676,0.043438,-0.021871475
0.043538,0.024756457,0.043538,-0.057529941,0.043538,0.167028911,0.043538,-0.048843755,0.043538,0.05907418
0.043638,0.02627248,0.043638,-0.071090142,0.043638,-0.008106908,0.043638,0.053737819,0.043638,-0.056559044
0.043738,-0.000361089,0.043738,-0.01973983,0.043738,-0.056702332,0.043738,-0.136746305,0.043738,0.093317669
0.043838,0.045454254,0.043838,0.138845695,0.043838,-0.117205035,0.043838,0.018425682,0.043838,0.061921827
0.043938,-0.034450903,0.043938,0.024774602,0.043938,-0.027495608,0.043938,-0.026274459,0.043938,0.099549071
0.044038,0.055177368,0.044038,0.035728373,0.044038,-0.064456481,0.044038,0.11791437,0.044038,0.028564863
0.044138,0.127079545,0.044138,0.061976804,0.044138,0.011700127,0.044138,0.178728846,0.044138,0.08377045
0.044238,0.139639352,0.044238,0.101169048,0.044238,0.082604475,0.044238,0.070086127,0.044238,-0.005688655
0.044338,-0.064337325,0.044338,0.000693128,0.044338,0.065923925,0.044338,0.002747351,0.044338,0.11232424
0.044438,-0.002136381,0.044438,-0.13080682,0.044438,-0.105896788,0.044438,-0.005233325,0.044438,0.077487616
0.044538,0.122316155,0.044538,0.089632196,0.044538,0.013485283,0.044538,-0.024911711,0.044538,0.074095084
0.044638,0.003608782,0.044638,0.003521555,0.044638,0.082408133,0.044638,0.035921319,0.044638,-0.020179258
0.044738,-0.04862882,0.044738,0.052977595,0.044738,0.061026645,0.044738,0.169471221,0.044738,0.069838829
0.044838,0.018503908,0.044838,0.023026014,0.044838,0.051513226,0.044838,0.099420095,0.044838,-0.042369008
0.044938,0.003633128,0.044938,0.046789339,0.044938,0.112190647,0.044938,-0.000527718,0.044938,0.112879029
0.045038,-0.048529256,0.045038,-0.004446115,0.045038,0.185170664,0.045038,-0.069715144,0.045038,-0.030214041
0.045138,-0.021543556,0.045138,0.05041736,0.045138,-0.084804362,0.045138,-0.07076414,0.045138,-0.189126697
0.045238,-0.013152403,0.045238,0.063670046,0.045238,-0.119947698,0.045238,0.020545933,0.045238,-0.11045691
0.045338,-0.005770181,0.045338,0.021657842,0.045338,-0.075232708,0.045338,-0.032144235,0.045338,-0.240745221
0.045438,-0.006196353,0.045438,-0.093533611,0.045438,0.021745059,0.045438,-0.19784824,0.045438,-0.105059283
0.045538,-0.014975681,0.045538,0.020362934,0.045538,-0.025423588,0.045538,-0.059620046,0.045538,-0.075404428
0.045638,0.020739252,0.045638,0.041956158,0.045638,-0.07094371,0.045638,0.006327119,0.045638,-0.093988186
0.045738,0.110190922,0.045738,-0.043893824,0.045738,0.016410003,0.045738,-0.033978719,0.045738,0.073685298
0.045838,0.032405344,0.045838,-0.097318496,0.045838,0.036547556,0.045838,0.052099797,0.045838,0.045595611
0.045938,0.059983755,0.045938,0.037803241,0.045938,-0.034514211,0.045938,0.000936138,0.045938,-0.009657261
0.046038,0.088348592,0.046038,0.141482879,0.046038,-0.083221427,0.046038,0.083021959,0.046038,0.004766681
0.046138,0.044304534,0.046138,0.148542802,0.046138,-0.055291767,0.046138,0.007615748,0.046138,0.041453927
0.046238,0.129110424,0.046238,0.03038257,0.046238,0.033509291,0.046238,-0.032352005,0.046238,0.030728686
0.046338,0.0020712,0.046338,-0.082191464,0.046338,-0.004424687,0.046338,0.020747988,0.046338,0.077273204
0.046438,0.00303642,0.046438,0.029978964,0.046438,0.062583585,0.046438,-0.097677614,0.046438,0.032837009
0.046538,0.149750859,0.046538,-0.068434237,0.046538,-0.029384018,0.046538,-0.038963957,0.046538,0.171300515
0.046638,0.054988997,0.046638,0.046126498,0.046638,-0.073492423,0.046638,0.094940318,0.046638,0.003096624
0.046738,0.00021207,0.046738,-0.042162742,0.046738,0.044735219,0.046738,0.186277379,0.046738,0.091318464
0.046838,-0.01222711,0.046838,0.043916531,0.046838,0.147853132,0.046838,0.055892931,0.046838,-0.031149817
0.046938,0.00126732,0.046938,0.045870551,0.046938,0.051851268,0.046938,0.010388112,0.046938,-0.058298697
0.047038,0.007630158,0.047038,0.09870258,0.047038,0.097901708,0.047038,-0.090144417,0.047038,0.099700181
0.047138,-0.020474204,0.047138,0.059398441,0.047138,-0.028765701,0.047138,0.028511991,0.047138,-0.015634629
0.047238,-0.001622561,0.047238,0.06852747,0.047238,0.01953071,0.047238,0.127968378,0.047238,-0.144264756
0.047338,0.078653221,0.047338,0.121804303,0.047338,-0.032261839,0.047338,0.017643247,0.047338,0.05732551
0.047438,0.143987755,0.047438,0.038595924,0.047438,-0.012268245,0.047438,-0.025819866,0.047438,-0.126937966
0.047538,0.134766622,0.047538,-0.0877676,0.047538,-0.021731335,0.047538,-0.045372372,0.047538,-0.122843685
0.047638,-0.01728892,0.047638,0.035841953,0.047638,0.056443033,0.047638,-0.126114361,0.047638,-0.008233008
0.047738,0.011897492,0.047738,0.073199396,0.047738,0.037083161,0.047738,-0.048093639,0.047738,-0.085796356
0.047838,0.046066916,0.047838,0.025132141,0.047838,-0.016790898,0.047838,0.00454325,0.047838,-0.165772113
0.047938,0.021970842,0.047938,-0.007767038,0.047938,0.077970226,0.047938,-0.05536251,0.047938,-0.08896515
0.048038,0.041786752,0.048038,-0.034476476,0.048038,-0.114280637,0.048038,-0.0390347,0.048038,0.004475309
0.048138,-0.031848824,0.048138,-0.0213884,0.048138,-0.069994165,0.048138,0.003405586,0.048138,0.040875112
0.048238,0.046632288,0.048238,-0.022230557,0.048238,-0.133294482,0.048238,-0.070087855,0.048238,0.025522283
0.048338,-0.022793517,0.048338,0.014977558,0.048338,-0.034625376,0.048338,-0.051034835,0.048338,0.064398936
0.048438,0.042369268,0.048438,0.041658648,0.048438,0.043334152,0.048438,-0.097201335,0.048438,-0.008669163
0.048538,-0.000324476,0.048538,0.047432491,0.048538,0.026065681,0.048538,-0.124175139,0.048538,0.119329574
0.048638,-0.005498701,0.048638,0.077986862,0.048638,0.006309886,0.048638,0.046195197,0.048638,0.089857292
0.048738,0.022894382,0.048738,0.026882406,0.048738,-0.054612454,0.048738,0.073911784,0.048738,0.144608701
0.048838,0.03331252,0.048838,-0.124520669,0.048838,0.013764569,0.048838,0.158814369,0.048838,0.099617115
0.048938,-0.01938417,0.048938,-0.054608698,0.048938,0.073461604,0.048938,0.025979775,0.048938,-0.105462116
0.049038,0.015879419,0.049038,0.061906715,0.049038,0.078697952,0.049038,0.102758759,0.049038,-0.045996026
0.049138,0.055070488,0.049138,0.042858168,0.049138,-0.016590839,0.049138,-0.034994306,0.049138,-0.027629101
0.049238,0.093937422,0.049238,0.019522968,0.049238,0.10926296,0.049238,-0.120007951,0.049238,-0.004576661
0.049338,0.001863046,0.049338,-0.018984767,0.049338,-0.053261976,0.049338,0.02977731,0.049338,-0.038926963
0.049438,-0.01310817,0.049438,0.060890794,0.049438,-0.015622807,0.049438,0.198892542,0.049438,0.179993765
0.049538,0.010221315,0.049538,-0.049620305,0.049538,0.093187406,0.049538,0.139927007,0.049538,0.036221635
0.049638,0.02949144,0.049638,0.089795345,0.049638,-0.013856867,0.049638,-0.003799981,0.049638,0.054269727
0.049738,-0.073804882,0.049738,-0.056295217,0.049738,0.076998627,0.049738,-0.069585581,0.049738,0.003201784
0.049838,-0.012248845,0.049838,0.046184639,0.049838,-0.018403827,0.049838,-0.140980871,0.049838,0.046034244
0.049938,0.027551921,0.049938,0.091329636,0.049938,-0.013486861,0.049938,-0.003796099,0.049938,-0.094822802
0.050038,0.037417392,0.050038,0.048198404,0.050038,-0.060188005,0.050038,-0.090721803,0.050038,-0.004562981
0.050138,0.141815864,0.050138,-0.005362646,0.050138,-0.110269199,0.050138,0.059568946,0.050138,-0.126656984
0.050238,-0.030849741,0.050238,-0.052854797,0.050238,0.103509653,0.050238,-0.026564694,0.050238,-0.035579031
0.050338,0.065798746,0.050338,-0.055944338,0.050338,0.094661114,0.050338,0.007895756,0.050338,-0.057937148
0.050438,0.101848058,0.050438,-0.039780287,0.050438,-0.153653422,0.050438,0.037629224,0.050438,-0.030223271
0.050538,0.062209182,0.050538,0.072403753,0.050538,-0.051602135,0.050538,0.045182968,0.050538,-0.060160262
0.050638,-0.017424217,0.050638,-0.060855378,0.050638,-0.033321072,0.050638,0.010211933,0.050638,0.051931464
0.050738,0.034694792,0.050738,-0.002296799,0.050738,0.011549168,0.050738,-0.094886397,0.050738,0.152451736
0.050838,0.046943621,0.050838,-0.077181381,0.050838,0.091600517,0.050838,-0.063641518,0.050838,0.109229435
0.050938,-0.069941798,0.050938,-0.14349048,0.050938,-0.086647704,0.050938,-0.082165389,0.050938,0.046319764
0.051038,-0.017125561,0.051038,-0.08898039,0.051038,0.007125777,0.051038,-0.036627383,0.051038,-0.027821824
0.051138,-0.008639719,0.051138,-0.025487818,0.051138,-0.093703429,0.051138,0.028175694,0.051138,-0.096886466
0.051238,0.033767878,0.051238,0.045433292,0.051238,0.075713386,0.051238,-0.071936872,0.051238,0.003249354
0.051338,0.095409038,0.051338,0.033608396,0.051338,-0.024239468,0.051338,-0.082891183,0.051338,-0.097392898
0.051438,0.054970055,0.051438,0.019816605,0.051438,-0.024508523,0.051438,-0.063976226,0.051438,0.009393102
0.051538,0.101389491,0.051538,0.095935216,0.051538,0.011677696,0.051538,0.020522653,0.051538,0.019019349
0.051638,-0.002168419,0.051638,0.028110756,0.051638,-0.034804833,0.051638,0.034565181,0.051638,-0.084109911
0.051738,-0.004520221,0.051738,0.035763351,0.051738,-0.083074583,0.051738,-0.008306729,0.051738,0.118237953
0.051838,0.053098783,0.051838,-0.034315898,0.051838,-0.078380297,0.051838,0.026295225,0.051838,0.150987854
0.051938,0.050877755,0.051938,-0.027173351,0.051938,0.117480126,0.051938,0.052492288,0.051938,0.125554518
0.052038,-0.05404979,0.052038,-0.042355794,0.052038,0.017404199,0.052038,-0.053415037,0.052038,0.025652217
0.052138,-0.058363188,0.052138,0.075025123,0.052138,-0.00520721,0.052138,-0.027808431,0.052138,0.116019916
0.052238,0.086853126,0.052238,0.054205425,0.052238,-0.049592541,0.052238,0.117517148,0.052238,0.028318024
0.052338,0.031730534,0.052338,-0.012889778,0.052338,0.10106786,0.052338,0.011095025,0.052338,0.024656551
0.052438,0.02517462,0.052438,0.041271847,0.052438,-0.055561683,0.052438,0.136262471,0.052438,0.121077292
0.052538,-0.082720235,0.052538,-0.04981225,0.052538,-0.026934306,0.052538,0.106874404,0.052538,0.013946853
0.052638,0.075808902,0.052638,-0.115116301,0.052638,0.083335603,0.052638,0.02979803,0.052638,0.022326292
0.052738,0.05523931,0.052738,-0.019874914,0.052738,0.079137119,0.052738,0.01754755,0.052738,0.077737498
0.052838,0.075444537,0.052838,-0.027419169,0.052838,0.036755371,0.052838,0.013658071,0.052838,-0.01224099
0.052938,0.125805321,0.052938,0.024243489,0.052938,0.08218957,0.052938,0.008776763,0.052938,-0.012279666
0.053038,0.061461169,0.053038,-0.005689466,0.053038,-0.002340555,0.053038,0.050551385,0.053038,-0.001893251
0.053138,0.115008414,0.053138,0.086390944,0.053138,0.04110796,0.053138,0.026445174,0.053138,0.006547922
0.053238,0.080122933,0.053238,-0.031362169,0.053238,-0.090071207,0.053238,0.17204644,0.053238,-0.012965322
0.053338,0.006952349,0.053338,0.076420263,0.053338,0.032100409,0.053338,0.049988182,0.053338,0.079470399
0.053438,0.001244387,0.053438,0.061924766,0.053438,0.189707584,0.053438,0.070639533,0.053438,0.024139836
0.053538,0.010388658,0.053538,-0.042326418,0.053538,0.030761186,0.053538,-0.083076444,0.053538,0.045145237
0.053638,0.050441114,0.053638,0.043959966,0.053638,0.085008317,0.053638,-0.15237386,0.053638,-0.125166645
0.053738,0.02769241,0.053738,0.095023109,0.053738,-0.163609308,0.053738,-0.082040919,0.053738,0.079029562
0.053838,0.053260583,0.053838,0.011050964,0.053838,-0.024602304,0.053838,0.016801061,0.053838,0.063810443
0.053938,-0.100103285,0.053938,0.038854703,0.053938,0.035443616,0.053938,-0.017962778,0.053938,-0.021996748
0.054038,-0.051748853,0.054038,-0.00181646,0.054038,0.022720401,0.054038,-0.163081598,0.054038,-0.006454873
0.054138,0.086024453,0.054138,-0.007553504,0.054138,-0.102334647,0.054138,0.022873879,0.054138,-0.102935554
0.054238,0.033950999,0.054238,-0.037498635,0.054238,-0.073229207,0.054238,0.052127735,0.054238,-0.110404783
0.054338,-0.018659704,0.054338,-0.025979732,0.054338,-0.021328843,0.054338,-0.024725976,0.054338,-0.073812209
0.054438,0.075971737,0.054438,-0.022242603,0.054438,0.082867844,0.054438,-0.002699717,0.054438,0.095814887
0.054538,0.08206557,0.054538,0.013523791,0.054538,-0.092573974,0.054538,-0.115004808,0.054538,-0.018298567
0.054638,0.147835605,0.054638,-0.03530474,0.054638,-0.004418789,0.054638,0.017340488,0.054638,-0.072525526
0.054738,0.070304428,0.054738,-0.074133813,0.054738,0.072644682,0.054738,-0.183502102,0.054738,-0.155384436
0.054838,0.162569754,0.054838,-0.12068439,0.054838,0.005445325,0.054838,0.041346876,0.054838,-0.153516278
0.054938,0.037381768,0.054938,-0.102401268,0.054938,-0.053937274,0.054938,0.145885462,0.054938,-0.050722735
0.055038,0.096222116,0.055038,-0.010645162,0.055038,0.035936727,0.055038,0.033655332,0.055038,0.08987614
0.055138,0.11614115,0.055138,0.037713152,0.055138,-0.117317707,0.055138,0.037372185,0.055138,-0.10466432
0.055238,-0.069486491,0.055238,0.053665803,0.055238,-0.106933741,0.055238,0.046753503,0.055238,-0.043190073
0.055338,-0.00486337,0.055338,0.092694134,0.055338,-0.118047457,0.055338,0.024154232,0.055338,-0.010063742
0.055438,0.042504989,0.055438,-0.044310229,0.055438,-0.077123429,0.055438,0.074488414,0.055438,0.075628543
0.055538,-0.01652752,0.055538,-0.063886086,0.055538,-0.052008499,0.055538,0.097710067,0.055538,-0.006306611
0.055638,-0.018403717,0.055638,0.071634312,0.055638,-0.038645176,0.055638,-0.0139354,0.055638,0.084707474
0.055738,0.004919731,0.055738,0.100410747,0.055738,0.054370141,0.055738,0.127684149,0.055738,-0.033918969
0.055838,-0.036768289,0.055838,0.050774299,0.055838,0.089823881,0.055838,0.102320604,0.055838,0.00157787
0.055938,-0.091415945,0.055938,0.080771927,0.055938,-0.026886246,0.055938,-0.097570254,0.055938,0.194447704
0.056038,-0.143050983,0.056038,-0.091150061,0.056038,0.136029003,0.056038,-0.002291242,0.056038,0.05835162
0.056138,-0.052985165,0.056138,-0.093398069,0.056138,0.064240816,0.056138,0.094161415,0.056138,0.10025752
0.056238,-0.058759197,0.056238,-0.112248457,0.056238,0.182042314,0.056238,0.014191417,0.056238,-0.097902839
0.056338,0.005120394,0.056338,0.009423113,0.056338,0.079624201,0.056338,-0.071839414,0.056338,-0.006047429
0.056438,-0.00832368,0.056438,0.023793027,0.056438,0.130753527,0.056438,0.003066491,0.056438,-0.080682504
0.056538,0.08701781,0.056538,0.075186939,0.056538,-0.016578308,0.056538,-0.088716158,0.056538,-0.005689101
0.056638,-0.020097057,0.056638,0.027116098,0.056638,-0.04779975,0.056638,0.070193576,0.056638,0.015571165
0.056738,0.072932873,0.056738,-0.031313867,0.056738,-0.134773349,0.056738,-0.098909001,0.056738,-0.2142759
0.056838,-0.039856042,0.056838,-0.079153933,0.056838,0.037385196,0.056838,0.005277504,0.056838,-0.09069759
0.056938,0.137312672,0.056938,-0.009073435,0.056938,-0.032102928,0.056938,-0.045062867,0.056938,0.056818359
0.057038,0.119223619,0.057038,-0.048331656,0.057038,-0.141202805,0.057038,-0.0229369,0.057038,0.01004295
0.057138,0.042645971,0.057138,-0.034754521,0.057138,-0.166548995,0.057138,0.089213683,0.057138,-0.032336517
0.057238,0.037999312,0.057238,-0.063002592,0.057238,-0.091206325,0.057238,-0.031372891,0.057238,-0.010293168
0.057338,0.029944101,0.057338,0.049238677,0.057338,-0.035571285,0.057338,-0.05677957,0.057338,0.040347694
0.057438,-0.089122785,0.057438,0.059301009,0.057438,-0.055418894,0.057438,0.057751473,0.057438,0.088634893
0.057538,0.06077294,0.057538,-0.005228175,0.057538,-0.041348539,0.057538,-0.019061126,0.057538,0.091689066
0.057638,0.013104867,0.057638,0.02603617,0.057638,-0.022076766,0.057638,0.012148692,0.057638,0.032287223
0.057738,0.024640326,0.057738,0.002213466,0.057738,0.048241601,0.057738,0.01423613,0.057738,0.077899894
0.057838,-0.073640951,0.057838,-0.025384557,0.057838,0.085724198,0.057838,0.161334786,0.057838,0.065677728
0.057938,0.012258727,0.057938,0.085703478,0.057938,0.068530594,0.057938,0.123540012,0.057938,-0.006961224
0.058038,0.081114145,0.058038,0.087278108,0.058038,0.13458684,0.058038,0.139018623,0.058038,0.042473199
0.058138,0.198490232,0.058138,0.031875658,0.058138,0.237469092,0.058138,-0.013832572,0.058138,-0.159207337
0.058238,0.13268169,0.058238,0.079127688,0.058238,0.101795164,0.058238,0.012072319,0.058238,0.011265479
0.058338,0.041914749,0.058338,-0.114037316,0.058338,0.153721834,0.058338,-0.05573371,0.058338,-0.068301021
0.058438,0.095690286,0.058438,-0.048826348,0.058438,0.08377711,0.058438,0.110151744,0.058438,-0.013724972
0.058538,0.186587914,0.058538,-0.048112788,0.058538,0.134289281,0.058538,-0.127369098,0.058538,-0.002026616
0.058638,0.097136118,0.058638,0.040360831,0.058638,0.141199084,0.058638,0.077639627,0.058638,-0.116823065
0.058738,0.100024978,0.058738,0.040388735,0.058738,0.119700294,0.058738,0.016724226,0.058738,0.032910647
0.058838,0.061726234,0.058838,0.034721397,0.058838,-0.012748679,0.058838,0.092766032,0.058838,-0.046646778
0.058938,0.117495958,0.058938,0.002873318,0.058938,-0.091349812,0.058938,0.066932222,0.058938,0.020497639
0.059038,0.019483874,0.059038,0.104215978,0.059038,-0.029892423,0.059038,0.050002226,0.059038,-0.045859403
0.059138,0.024223524,0.059138,0.111467941,0.059138,-0.138086161,0.059138,-0.050024445,0.059138,0.085789839
0.059238,0.024458134,0.059238,0.082622653,0.059238,-0.031958854,0.059238,0.069838806,0.059238,0.141997415
0.059338,-0.005851085,0.059338,0.009226648,0.059338,-0.136060548,0.059338,0.155827339,0.059338,0.090916912
0.059438,-0.018499206,0.059438,0.038906156,0.059438,-0.063975788,0.059438,-0.051735897,0.059438,0.120120595
0.059538,0.060639548,0.059538,-0.007675886,0.059538,-0.024577816,0.059538,-0.021808615,0.059538,0.056513333
0.059638,-0.003108896,0.059638,-0.024766827,0.059638,0.044117257,0.059638,-0.034259905,0.059638,-0.048436752
0.059738,-0.008790212,0.059738,0.005381646,0.059738,0.090749966,0.059738,0.032716763,0.059738,0.000283203
0.059838,0.20760438,0.059838,0.036117639,0.059838,0.093452268,0.059838,0.016254877,0.059838,0.209575275
0.059938,0.194916293,0.059938,0.079784862,0.059938,0.10323882,0.059938,0.04466857,0.059938,0.060190947
0.060038,0.159181857,0.060038,0.006759811,0.060038,0.15625307,0.060038,0.044681798,0.060038,0.010592466
0.060138,0.057368339,0.060138,0.123397813,0.060138,0.09058764,0.060138,0.036274815,0.060138,-0.09585337
0.060238,0.109815432,0.060238,0.089341175,0.060238,0.105160945,0.060238,0.026660632,0.060238,-0.003099732
0.060338,0.163558215,0.060338,0.054286125,0.060338,0.085588889,0.060338,0.04920651,0.060338,0.028521721
0.060438,0.242785721,0.060438,0.112429263,0.060438,0.177492085,0.060438,0.146190466,0.060438,0.022563019
0.060538,0.174068257,0.060538,0.016696423,0.060538,0.11346299,0.060538,0.118955058,0.060538,-0.027395373
0.060638,0.090406018,0.060638,0.064434924,0.060638,0.191668875,0.060638,0.188443598,0.060638,-0.022716541
0.060738,0.228125592,0.060738,0.010894674,0.060738,0.034180778,0.060738,0.324541677,0.060738,-0.168224805
0.060838,0.07982166,0.060838,0.158146024,0.060838,0.055284472,0.060838,0.239318265,0.060838,0.037664343
0.060938,0.099713653,0.060938,0.170762266,0.060938,0.142793948,0.060938,0.032802833,0.060938,-0.102542766
0.061038,0.10782121,0.061038,0.119981996,0.061038,0.273221492,0.061038,0.180481059,0.061038,-0.03014818
0.061138,0.153187787,0.061138,0.059774495,0.061138,0.111919449,0.061138,0.15897144,0.061138,0.098635862
0.061238,-0.079793212,0.061238,0.221545966,0.061238,0.023544415,0.061238,0.13015665,0.061238,0.156147896
0.061338,0.069686212,0.061338,0.118966747,0.061338,-0.065664173,0.061338,0.130260806,0.061338,0.186773781
0.061438,0.192506877,0.061438,0.21190173,0.061438,-0.029024286,0.061438,0.170579086,0.061438,0.186681338
0.061538,0.11417041,0.061538,0.013163942,0.061538,0.114394534,0.061538,0.201837532,0.061538,0.109784635
0.061638,0.045680421,0.061638,0.121489435,0.061638,0.029702182,0.061638,0.081096378,0.061638,0.176779278
0.061738,0.141875253,0.061738,0.141985686,0.061738,0.173549126,0.061738,-0.05979542,0.061738,0.145853482
0.061838,0.103160402,0.061838,0.008861354,0.061838,-0.107503393,0.061838,-0.106742425,0.061838,0.151389538
0.061938,0.049840738,0.061938,0.114169517,0.061938,-0.141495498,0.061938,0.075304618,0.061938,0.035215563
0.062038,0.129320705,0.062038,0.181835023,0.062038,0.027265549,0.062038,-0.114214576,0.062038,-0.092176763
0.062138,0.109314514,0.062138,0.11822639,0.062138,-0.046920075,0.062138,0.045372969,0.062138,0.065766301
0.062238,0.123436087,0.062238,0.087750247,0.062238,0.127186735,0.062238,0.038335774,0.062238,0.038876232
0.062338,0.22022944,0.062338,0.104254566,0.062338,0.136047956,0.062338,-0.046939741,0.062338,0.111199191
0.062438,0.149350955,0.062438,-0.00148906,0.062438,0.120429499,0.062438,0.116846345,0.062438,0.04918779
0.062538,0.186456471,0.062538,0.051488055,0.062538,-0.057533067,0.062538,0.050853831,0.062538,0.14646172
0.062638,0.062684647,0.062638,0.248398912,0.062638,0.116833123,0.062638,-0.044031173,0.062638,0.135920987
0.062738,0.155344925,0.062738,0.10885072,0.062738,0.092722593,0.062738,0.227752636,0.062738,0.283235088
0.062838,0.223944676,0.062838,0.198476033,0.062838,0.073129573,0.062838,0.145213759,0.062838,0.082147398
0.062938,0.182003368,0.062938,0.045400312,0.062938,0.08339688,0.062938,0.241721925,0.062938,0.033220454
0.063038,0.162476897,0.063038,0.025549459,0.063038,0.123503747,0.063038,0.293898702,0.063038,0.122101164
0.063138,0.062758394,0.063138,0.057418502,0.063138,0.091123219,0.063138,-2.15E-05,0.063138,0.067638945
0.063238,0.01099205,0.063238,0.087424945,0.063238,0.071412465,0.063238,0.051794434,0.063238,0.074520306
0.063338,0.188585521,0.063338,0.12113229,0.063338,-0.049547384,0.063338,0.052671553,0.063338,0.247440689
0.063438,-0.05135176,0.063438,0.063165267,0.063438,0.120394649,0.063438,0.205038213,0.063438,0.154208022
0.063538,-0.01301309,0.063538,0.113506457,0.063538,0.111302501,0.063538,0.095451715,0.063538,0.207348135
0.063638,0.073416126,0.063638,0.031614084,0.063638,0.027114334,0.063638,0.178592118,0.063638,0.164520386
0.063738,0.146001545,0.063738,0.135058285,0.063738,0.05086959,0.063738,0.031925267,0.063738,0.208437254
0.063838,0.075095491,0.063838,0.096678308,0.063838,0.117560471,0.063838,0.209590209,0.063838,0.235142029
0.063938,0.12199111,0.063938,0.146691096,0.063938,0.087191454,0.063938,0.006811187,0.063938,0.212704883
0.064038,0.096264649,0.064038,0.219933342,0.064038,0.003709321,0.064038,0.084747039,0.064038,0.391849871
0.064138,0.127318879,0.064138,0.070593957,0.064138,0.069962711,0.064138,-0.107467419,0.064138,0.137624178
0.064238,0.101118324,0.064238,0.042839043,0.064238,0.01492617,0.064238,-0.090167994,0.064238,0.174559983
0.064338,0.202929931,0.064338,0.179388266,0.064338,-0.072208885,0.064338,-0.093242711,0.064338,0.207123472
0.064438,0.131448799,0.064438,0.108192383,0.064438,0.04244937,0.064438,-0.082471875,0.064438,0.133748809
0.064538,0.139293126,0.064538,0.073904974,0.064538,0.169223315,0.064538,-0.079182652,0.064538,0.033413176
0.064638,0.181785863,0.064638,-0.029715793,0.064638,0.063135351,0.064638,-0.124637414,0.064638,0.000870699
0.064738,0.172140034,0.064738,0.068995105,0.064738,0.178222703,0.064738,-0.098217312,0.064738,0.041106572
0.064838,0.176552866,0.064838,0.042667304,0.064838,0.131060825,0.064838,0.022137946,0.064838,0.234385494
0.064938,0.128846064,0.064938,-0.041995227,0.064938,0.134598849,0.064938,-0.004630854,0.064938,-0.049503544
0.065038,0.120548443,0.065038,0.110148091,0.065038,-0.129436907,0.065038,0.013375822,0.065038,0.122224589
0.065138,0.191593588,0.065138,0.006667026,0.065138,-0.044767552,0.065138,-0.168376602,0.065138,0.011012811
0.065238,0.195448457,0.065238,0.135032801,0.065238,0.026618236,0.065238,0.029699268,0.065238,-0.080889093
0.065338,0.076966951,0.065338,0.139290987,0.065338,0.081876844,0.065338,-0.001224004,0.065338,-0.059942138
0.065438,0.154452715,0.065438,0.241214841,0.065438,0.035848187,0.065438,0.047033957,0.065438,-0.028246025
0.065538,0.081073823,0.065538,0.0214673,0.065538,0.008129551,0.065538,0.11237676,0.065538,-0.025299514
0.065638,0.130345646,0.065638,0.12061472,0.065638,0.080755806,0.065638,0.007771707,0.065638,0.046059655
0.065738,0.085802751,0.065738,0.114832379,0.065738,-0.047867816,0.065738,-0.037117244,0.065738,0.024474375
0.065838,0.162230606,0.065838,0.099594022,0.065838,-0.0188955,0.065838,0.029923579,0.065838,0.039950928
0.065938,0.247764532,0.065938,0.10399335,0.065938,-0.002192346,0.065938,-0.021527736,0.065938,-0.001721129
0.066038,0.166189642,0.066038,-0.030930198,0.066038,-0.144967346,0.066038,0.037862991,0.066038,-0.104735664
0.066138,0.206284034,0.066138,0.070311436,0.066138,-0.080385308,0.066138,-0.04678547,0.066138,-0.164947458
0.066238,0.098768854,0.066238,-0.016623165,0.066238,-0.116910297,0.066238,-0.019812376,0.066238,0.033736825
0.066338,0.11890864,0.066338,-0.014769175,0.066338,-0.063423978,0.066338,-0.09438506,0.066338,-0.040390746
0.066438,0.020398521,0.066438,-0.071012633,0.066438,-0.095736117,0.066438,-0.003819309,0.066438,-0.069661068
0.066538,0.086871856,0.066538,-0.104153296,0.066538,-0.130028931,0.066538,-0.106147838,0.066538,0.051792906
0.066638,0.06276129,0.066638,-0.314861251,0.066638,-0.020776477,0.066638,-0.081416297,0.066638,-0.160024425
0.066738,-0.056087429,0.066738,-0.235909494,0.066738,-0.134535242,0.066738,-0.153011838,0.066738,0.013839868
0.066838,0.050686776,0.066838,-0.329475252,0.066838,-0.058014932,0.066838,-0.188550135,0.066838,-0.126063311
0.066938,-0.040343686,0.066938,-0.259115575,0.066938,-0.225740173,0.066938,-0.212392787,0.066938,-0.224238112
0.067038,-0.021080891,0.067038,-0.277828056,0.067038,-0.122524958,0.067038,-0.000101168,0.067038,-0.021608996
0.067138,0.069955031,0.067138,-0.136291007,0.067138,-0.123091421,0.067138,-0.22380103,0.067138,-0.273371411
0.067238,-0.065579338,0.067238,-0.151547847,0.067238,-0.07164654,0.067238,-0.425252577,0.067238,-0.16411205
0.067338,-0.052870953,0.067338,-0.136465186,0.067338,-0.077464199,0.067338,-0.376901294,0.067338,-0.148214849
0.067438,-0.100951699,0.067438,-0.202261125,0.067438,0.03250341,0.067438,-0.275636446,0.067438,-0.403380992
0.067538,0.04581263,0.067538,-0.111882636,0.067538,-0.024763827,0.067538,-0.168616484,0.067538,-0.144638182
0.067638,0.016915292,0.067638,-0.107245032,0.067638,-0.05904536,0.067638,-0.3537518,0.067638,-0.271471703
0.067738,-0.031554684,0.067738,-0.070347533,0.067738,-0.076951805,0.067738,-0.18716527,0.067738,-0.306736636
0.067838,-0.166888864,0.067838,-0.109931086,0.067838,-0.147645052,0.067838,-0.174035759,0.067838,-0.302114095
0.067938,-0.060320826,0.067938,-0.01999136,0.067938,-0.078229004,0.067938,-0.163633466,0.067938,-0.153200361
0.068038,-0.048000432,0.068038,-0.048367252,0.068038,-0.130928319,0.068038,-0.118703616,0.068038,-0.27106586
0.068138,-0.065855802,0.068138,-0.066129782,0.068138,-0.094965238,0.068138,-0.194515194,0.068138,-0.286006354
0.068238,-0.12729376,0.068238,-0.19030884,0.068238,-0.091755709,0.068238,-0.251915029,0.068238,-0.310290591
0.068338,-0.140808756,0.068338,-0.029822211,0.068338,-0.260122552,0.068338,-0.304813202,0.068338,-0.280351761
0.068438,-0.179254105,0.068438,-0.089682293,0.068438,-0.242780776,0.068438,-0.215285081,0.068438,-0.143347556
0.068538,-0.118315403,0.068538,-0.154269101,0.068538,-0.191349732,0.068538,-0.294962747,0.068538,-0.317714739
0.068638,-0.207423817,0.068638,-0.057461109,0.068638,-0.102089863,0.068638,-0.055986716,0.068638,-0.220603075
0.068738,-0.202556977,0.068738,-0.132673377,0.068738,0.034002798,0.068738,-0.020196829,0.068738,-0.13894673
0.068838,-0.065513339,0.068838,-0.213991177,0.068838,-0.05678057,0.068838,-0.173967089,0.068838,-0.12621881
0.068938,-0.075751585,0.068938,-0.137092292,0.068938,-0.180955487,0.068938,-0.215448721,0.068938,-0.284557629
0.069038,-0.177528742,0.069038,-0.188894292,0.069038,-0.265145866,0.069038,-0.182409206,0.069038,-0.038608189
0.069138,-0.03753252,0.069138,-0.024352892,0.069138,-0.223316104,0.069138,0.051202557,0.069138,-0.316814702
0.069238,-0.167208834,0.069238,-0.18682656,0.069238,-0.274766539,0.069238,0.034400681,0.069238,-0.154033719
0.069338,-0.106713784,0.069338,-0.20311827,0.069338,-0.169561694,0.069338,0.007064321,0.069338,-0.125380737
0.069438,-0.127571685,0.069438,-0.107100571,0.069438,-0.183446426,0.069438,-0.114122945,0.069438,-0.104313902
0.069538,-0.124331995,0.069538,0.000716747,0.069538,-0.252673214,0.069538,-0.083607727,0.069538,-0.115789007
0.069638,-0.094437177,0.069638,-0.036382529,0.069638,-0.123796493,0.069638,-0.201468214,0.069638,-0.139865176
0.069738,-0.081975023,0.069738,0.095597565,0.069738,-0.132090272,0.069738,-0.098312571,0.069738,-0.229060873
0.069838,0.008367609,0.069838,0.008105287,0.069838,-0.196786668,0.069838,-0.047716924,0.069838,-0.204881747
0.069938,-0.032403589,0.069938,0.081167885,0.069938,-0.077425318,0.069938,0.033667249,0.069938,0.031911527
0.070038,0.082224709,0.070038,0.003630497,0.070038,-0.082118692,0.070038,-0.164614542,0.070038,-0.125102164
0.070138,-0.091642684,0.070138,0.045150551,0.070138,-0.035052952,0.070138,0.035192439,0.070138,-0.115695127
0.070238,0.022385,0.070238,0.063600132,0.070238,0.11559649,0.070238,-0.174789508,0.070238,-0.092097333
0.070338,-0.082142904,0.070338,0.078067663,0.070338,0.118785266,0.070338,-0.177927334,0.070338,-0.083431579
0.070438,0.068075947,0.070438,0.082186266,0.070438,0.07668884,0.070438,-0.223324325,0.070438,-0.012731957
0.070538,0.102446539,0.070538,0.056008804,0.070538,-0.111929638,0.070538,-0.172324688,0.070538,-0.055832996
0.070638,-0.0394001,0.070638,0.00519099,0.070638,0.002176169,0.070638,-0.021798462,0.070638,0.175186117
0.070738,0.041089718,0.070738,0.026313102,0.070738,-0.09015452,0.070738,-0.131011641,0.070738,0.123163747
0.070838,-0.023199407,0.070838,0.11781243,0.070838,-0.053882241,0.070838,-0.006869444,0.070838,0.123002876
0.070938,0.066883713,0.070938,0.13471118,0.070938,-0.094574966,0.070938,0.004600768,0.070938,0.126006951
0.071038,0.12053744,0.071038,0.063613145,0.071038,-0.083320927,0.071038,-0.06563937,0.071038,-0.069141575
0.071138,0.153935053,0.071138,0.206089177,0.071138,-0.005304288,0.071138,-0.106130703,0.071138,0.022464216
0.071238,0.084892149,0.071238,0.08167204,0.071238,-0.034280846,0.071238,0.048933066,0.071238,-0.06619382
0.071338,0.031947266,0.071338,0.118181914,0.071338,-0.251657658,0.071338,0.104656343,0.071338,0.130668994
0.071438,0.096092672,0.071438,0.065064562,0.071438,-0.059193508,0.071438,0.138015736,0.071438,-0.018991139
0.071538,0.179889244,0.071538,-0.028070379,0.071538,-0.185224698,0.071538,0.213492692,0.071538,0.076724666
0.071638,0.219781976,0.071638,0.047197755,0.071638,-0.226803592,0.071638,0.046725863,0.071638,0.21249258
0.071738,0.160244435,0.071738,0.086580979,0.071738,-0.113208674,0.071738,0.26918607,0.071738,0.163753141
0.071838,0.135327879,0.071838,0.230720927,0.071838,0.20583563,0.071838,0.214504891,0.071838,0.179624698
0.071938,0.117943647,0.071938,0.189072859,0.071938,0.099089284,0.071938,0.024131095,0.071938,0.288313112
0.072038,0.210298836,0.072038,0.110470246,0.072038,-0.049501312,0.072038,0.140103899,0.072038,-0.053430987
0.072138,0.174884006,0.072138,0.11414761,0.072138,-0.018986044,0.072138,0.13879662,0.072138,0.121482289
0.072238,0.149341882,0.072238,0.118804796,0.072238,0.05170422,0.072238,0.125152194,0.072238,0.142772009
0.072338,0.266597645,0.072338,0.157506559,0.072338,0.278168698,0.072338,0.324503706,0.072338,0.095120386
0.072438,0.201723524,0.072438,0.131695262,0.072438,0.094413268,0.072438,0.244038026,0.072438,0.221663507
0.072538,0.233197373,0.072538,0.314367416,0.072538,0.210151494,0.072538,0.140502764,0.072538,0.168424644
0.072638,0.199049053,0.072638,0.301766017,0.072638,0.126227543,0.072638,0.073957137,0.072638,0.401617474
0.072738,0.299003596,0.072738,0.366566493,0.072738,0.286153662,0.072738,0.025334841,0.072738,0.324589586
0.072838,0.21735581,0.072838,0.321758015,0.072838,0.258090964,0.072838,0.139017689,0.072838,0.224058543
0.072938,0.289915916,0.072938,0.287875279,0.072938,0.259807304,0.072938,0.117301889,0.072938,0.219245445
0.073038,0.343997904,0.073038,0.418178887,0.073038,0.106262815,0.073038,0.197762007,0.073038,0.41512009
0.073138,0.205022023,0.073138,0.206005912,0.073138,0.22586389,0.073138,0.176719006,0.073138,0.427544207
0.073238,0.331302541,0.073238,0.31380168,0.073238,0.24433586,0.073238,0.152841661,0.073238,0.419779888
0.073338,0.335439406,0.073338,0.298075281,0.073338,0.25266987,0.073338,0.152927105,0.073338,0.395375843
0.073438,0.316583601,0.073438,0.173860308,0.073438,0.173718825,0.073438,0.350006994,0.073438,0.506905514
0.073538,0.296829581,0.073538,0.20701899,0.073538,0.134740233,0.073538,0.249902324,0.073538,0.523897651
0.073638,0.412632041,0.073638,0.243949078,0.073638,0.169929232,0.073638,0.444014998,0.073638,0.452968234
0.073738,0.358470234,0.073738,0.276117784,0.073738,0.355577572,0.073738,0.377775674,0.073738,0.382893554
0.073838,0.458860886,0.073838,0.288669252,0.073838,0.210670334,0.073838,0.330378053,0.073838,0.369456414
0.073938,0.494993106,0.073938,0.410123688,0.073938,0.114360623,0.073938,0.466400249,0.073938,0.261167119
0.074038,0.479572419,0.074038,0.323716139,0.074038,0.198877535,0.074038,0.45160276,0.074038,0.493855215
0.074138,0.524037458,0.074138,0.255637885,0.074138,0.33301248,0.074138,0.472564311,0.074138,0.411582657
0.074238,0.632562608,0.074238,0.319006954,0.074238,0.377661911,0.074238,0.458578728,0.074238,0.512383583
0.074338,0.62837729,0.074338,0.486687757,0.074338,0.34809813,0.074338,0.391440316,0.074338,0.234779438
0.074438,0.616959562,0.074438,0.459836439,0.074438,0.37211993,0.074438,0.457249099,0.074438,0.472381252
0.074538,0.662717964,0.074538,0.447162315,0.074538,0.343508824,0.074538,0.565269042,0.074538,0.386072387
0.074638,0.678100883,0.074638,0.429468521,0.074638,0.52290687,0.074638,0.626335361,0.074638,0.372230376
0.074738,0.617409064,0.074738,0.581543737,0.074738,0.527592314,0.074738,0.516603944,0.074738,0.464202959
0.074838,0.596639028,0.074838,0.510002727,0.074838,0.615612147,0.074838,0.485548277,0.074838,0.511177411
0.074938,0.619457241,0.074938,0.399897024,0.074938,0.568916718,0.074938,0.441090485,0.074938,0.468402621
0.075038,0.609324092,0.075038,0.467123738,0.075038,0.672732786,0.075038,0.545420492,0.075038,0.555134976
0.075138,0.68704627,0.075138,0.460644004,0.075138,0.54989211,0.075138,0.432546575,0.075138,0.632326359
0.075238,0.538472341,0.075238,0.502531503,0.075238,0.726884022,0.075238,0.488148194,0.075238,0.490318482
0.075338,0.656472219,0.075338,0.624426499,0.075338,0.721327314,0.075338,0.423892661,0.075338,0.524433368
0.075438,0.602569155,0.075438,0.678183079,0.075438,0.733534656,0.075438,0.452867705,0.075438,0.628883222
0.075538,0.658519967,0.075538,0.558348012,0.075538,0.750532314,0.075538,0.65157439,0.075538,0.608034687
0.075638,0.755421627,0.075638,0.674868073,0.075638,0.738366644,0.075638,0.606903497,0.075638,0.819571276
0.075738,0.691085961,0.075738,0.76670334,0.075738,0.820146765,0.075738,0.552664072,0.075738,0.952307953
0.075838,0.719377302,0.075838,0.73096096,0.075838,0.801401273,0.075838,0.646900101,0.075838,0.780499568
0.075938,0.798039907,0.075938,0.692299187,0.075938,0.811789399,0.075938,0.572675137,0.075938,0.792147969
0.076038,0.808971783,0.076038,0.744847343,0.076038,0.710869708,0.076038,0.570289107,0.076038,0.780433408
0.076138,0.701781011,0.076138,0.725985352,0.076138,0.565602867,0.076138,0.541730441,0.076138,0.865468051
0.076238,0.838729584,0.076238,0.690969843,0.076238,0.639473876,0.076238,0.642558375,0.076238,0.801307702
0.076338,0.828798731,0.076338,0.544043949,0.076338,0.554653242,0.076338,0.899071463,0.076338,0.755030733
0.076438,0.881845611,0.076438,0.473892407,0.076438,0.616093645,0.076438,0.755437527,0.076438,0.893299934
0.076538,0.743661967,0.076538,0.575984204,0.076538,0.415913942,0.076538,0.663202567,0.076538,0.884755685
0.076638,0.696740923,0.076638,0.590603308,0.076638,0.521898774,0.076638,0.645177992,0.076638,0.807723853
0.076738,0.576909107,0.076738,0.483014092,0.076738,0.45593862,0.076738,0.746895271,0.076738,0.759140229
0.076838,0.797949026,0.076838,0.596113396,0.076838,0.446072622,0.076838,0.667376271,0.076838,0.750413427
0.076938,0.702674052,0.076938,0.618157019,0.076938,0.43620609,0.076938,0.731917884,0.076938,0.770125314
0.077038,0.7504988,0.077038,0.591489905,0.077038,0.354324777,0.077038,0.668983624,0.077038,0.494376401
0.077138,0.697868517,0.077138,0.515617576,0.077138,0.377643983,0.077138,0.630310202,0.077138,0.526790312
0.077238,0.710801811,0.077238,0.60983066,0.077238,0.532657289,0.077238,0.622478828,0.077238,0.602129917
0.077338,0.652684582,0.077338,0.649582653,0.077338,0.511017418,0.077338,0.716748265,0.077338,0.669528496
0.077438,0.742542916,0.077438,0.799421746,0.077438,0.50915128,0.077438,0.9273102,0.077438,0.558078922
0.077538,0.723844732,0.077538,0.679493131,0.077538,0.690487847,0.077538,0.859969634,0.077538,0.518401725
0.077638,0.720880014,0.077638,0.842620269,0.077638,0.500594759,0.077638,0.925378123,0.077638,0.655243907
0.077738,0.77956302,0.077738,0.633479975,0.077738,0.679629894,0.077738,0.752998379,0.077738,0.783050075
0.077838,0.765304214,0.077838,0.748527146,0.077838,0.525957243,0.077838,0.675377135,0.077838,0.612071864
0.077938,0.885816304,0.077938,0.703887338,0.077938,0.600183303,0.077938,0.778099134,0.077938,0.73099007
0.078038,0.7795615,0.078038,0.750628879,0.078038,0.712044507,0.078038,0.816529496,0.078038,0.78214847
0.078138,0.669616862,0.078138,0.751109791,0.078138,0.644014946,0.078138,0.809935023,0.078138,0.658228912
0.078238,0.637813336,0.078238,0.555196658,0.078238,0.677365328,0.078238,0.693001634,0.078238,0.595653281
0.078338,0.826431691,0.078338,0.719693718,0.078338,0.704002333,0.078338,0.562785884,0.078338,0.731041162
0.078438,0.770278056,0.078438,0.670475381,0.078438,0.570610493,0.078438,0.728574217,0.078438,0.540534786
0.078538,0.816376498,0.078538,0.763659319,0.078538,0.428412246,0.078538,0.669988866,0.078538,0.665886032
0.078638,0.782528598,0.078638,0.587954187,0.078638,0.412704453,0.078638,0.720974344,0.078638,0.773207528
0.078738,0.802444198,0.078738,0.592361681,0.078738,0.524051821,0.078738,0.725000622,0.078738,0.818475539
0.078838,0.791050555,0.078838,0.576700835,0.078838,0.550646351,0.078838,0.644473596,0.078838,0.560917489
0.078938,0.798778092,0.078938,0.490602544,0.078938,0.589791745,0.078938,0.459298945,0.078938,0.679335041
0.079038,0.811065796,0.079038,0.690477015,0.079038,0.560882999,0.079038,0.475728276,0.079038,0.730681092
0.079138,0.864434153,0.079138,0.617249087,0.079138,0.541494065,0.079138,0.622455053,0.079138,0.505264466
0.079238,0.873382274,0.079238,0.5950894,0.079238,0.586559545,0.079238,0.688902599,0.079238,0.597643213
0.079338,0.767782276,0.079338,0.549873762,0.079338,0.5260439,0.079338,0.609671592,0.079338,0.784185004
0.079438,0.813375921,0.079438,0.59508498,0.079438,0.476228308,0.079438,0.717134143,0.079438,0.621848213
0.079538,0.826567075,0.079538,0.670341158,0.079538,0.459233259,0.079538,0.611868911,0.079538,0.461965338
0.079638,0.88873813,0.079638,0.665375828,0.079638,0.528732364,0.079638,0.653936585,0.079638,0.605509308
0.079738,0.878890407,0.079738,0.630571756,0.079738,0.566780925,0.079738,0.687688525,0.079738,0.399480837
0.079838,0.961878764,0.079838,0.44395287,0.079838,0.407690805,0.079838,0.530154272,0.079838,0.437456231
0.079938,0.935347439,0.079938,0.59428656,0.079938,0.57277254,0.079938,0.60022152,0.079938,0.398441585
0.080038,0.86671411,0.080038,0.562335174,0.080038,0.500792069,0.080038,0.653222941,0.080038,0.559004586
0.080138,0.929289133,0.080138,0.704976578,0.080138,0.443188742,0.080138,0.652585229,0.080138,0.565333337
0.080238,1.049177527,0.080238,0.630770337,0.080238,0.394499867,0.080238,0.669058784,0.080238,0.511502812
0.080338,0.986114178,0.080338,0.638803034,0.080338,0.423306302,0.080338,0.617643832,0.080338,0.432340095
0.080438,1.02008012,0.080438,0.564377141,0.080438,0.319692965,0.080438,0.522856096,0.080438,0.340948542
0.080538,0.973974214,0.080538,0.48920505,0.080538,0.551803862,0.080538,0.539897184,0.080538,0.213598165
0.080638,1.049049455,0.080638,0.610092132,0.080638,0.445019333,0.080638,0.440347838,0.080638,0.351302293
0.080738,1.054871679,0.080738,0.427138591,0.080738,0.309463687,0.080738,0.464425226,0.080738,0.265717831
0.080838,1.052391057,0.080838,0.586018797,0.080838,0.301157803,0.080838,0.207437983,0.080838,0.174451539
0.080938,1.094798665,0.080938,0.533429053,0.080938,0.297496265,0.080938,0.365959696,0.080938,-0.015422843
0.081038,1.040753756,0.081038,0.531261505,0.081038,0.205775067,0.081038,0.22087611,0.081038,-0.066680594
0.081138,1.027462081,0.081138,0.506728877,0.081138,0.422772818,0.081138,0.320198434,0.081138,-0.003513227
0.081238,1.168554164,0.081238,0.428425028,0.081238,0.261914458,0.081238,0.220679666,0.081238,-0.067414428
0.081338,0.96464221,0.081338,0.442914856,0.081338,0.323905403,0.081338,0.158673202,0.081338,-0.117853758
0.081438,1.012289741,0.081438,0.617058632,0.081438,0.230667543,0.081438,0.013034532,0.081438,-0.196087805
0.081538,0.977630313,0.081538,0.392829295,0.081538,0.311802297,0.081538,0.144137246,0.081538,-0.070060436
0.081638,0.994478325,0.081638,0.393277965,0.081638,0.232895311,0.081638,0.059194101,0.081638,-0.268183205
0.081738,0.8965544,0.081738,0.309742741,0.081738,0.189540513,0.081738,0.081996975,0.081738,-0.262671344
0.081838,0.918161996,0.081838,0.288251999,0.081838,0.171941797,0.081838,0.070183954,0.081838,-0.324708948
0.081938,0.906392114,0.081938,0.339560368,0.081938,0.117795916,0.081938,0.003049935,0.081938,-0.161916206
0.082038,0.847577956,0.082038,0.258150851,0.082038,-0.007554789,0.082038,-0.119049028,0.082038,-0.287626247
0.082138,0.731910315,0.082138,0.148974883,0.082138,0.238522124,0.082138,-0.071659963,0.082138,-0.171808338
0.082238,0.594455143,0.082238,0.140481539,0.082238,0.203594427,0.082238,-0.135834208,0.082238,-0.229925946
0.082338,0.70101999,0.082338,-0.023952814,0.082338,0.106486385,0.082338,-0.186442415,0.082338,-0.141307987
0.082438,0.555810014,0.082438,-0.040659536,0.082438,0.138391115,0.082438,-0.187386982,0.082438,-0.259476639
0.082538,0.547767412,0.082538,0.001976252,0.082538,0.021237381,0.082538,-0.286017067,0.082538,-0.329711659
0.082638,0.507000449,0.082638,-0.038344015,0.082638,0.066130169,0.082638,-0.130180111,0.082638,-0.370280223
0.082738,0.461218033,0.082738,0.102245279,0.082738,0.120155797,0.082738,-0.326289428,0.082738,-0.378821736
0.082838,0.441303969,0.082838,-0.052026575,0.082838,0.045286059,0.082838,-0.21377639,0.082838,-0.256526939
0.082938,0.415477557,0.082938,-0.092904158,0.082938,-0.047056647,0.082938,-0.260687888,0.082938,-0.351987714
0.083038,0.47753211,0.083038,-0.31208698,0.083038,-0.000875719,0.083038,-0.284318831,0.083038,-0.277830198
0.083138,0.243957667,0.083138,-0.277791096,0.083138,-0.166321378,0.083138,-0.263059713,0.083138,-0.371455787
0.083238,0.304592027,0.083238,-0.314103622,0.083238,-0.12876511,0.083238,-0.414325396,0.083238,-0.334255365
0.083338,0.245303766,0.083338,-0.342694015,0.083338,-0.137236851,0.083338,-0.251399023,0.083338,-0.290192972
0.083438,0.195274082,0.083438,-0.251039309,0.083438,-0.218641526,0.083438,-0.458362667,0.083438,-0.248365463
0.083538,0.166772885,0.083538,-0.38082232,0.083538,-0.324484755,0.083538,-0.500386767,0.083538,-0.435503797
0.083638,0.121227381,0.083638,-0.396801874,0.083638,-0.224833135,0.083638,-0.22555739,0.083638,-0.198522039
0.083738,0.020264822,0.083738,-0.519523656,0.083738,-0.44557817,0.083738,-0.479077152,0.083738,-0.325463572
0.083838,-0.153752309,0.083838,-0.531803277,0.083838,-0.523535476,0.083838,-0.206078412,0.083838,-0.154036454
0.083938,-0.281200077,0.083938,-0.496822808,0.083938,-0.568478594,0.083938,-0.348206453,0.083938,-0.123758201
0.084038,-0.177284461,0.084038,-0.383860515,0.084038,-0.589376008,0.084038,-0.58625406,0.084038,-0.320791613
0.084138,-0.281768117,0.084138,-0.472634516,0.084138,-0.45353283,0.084138,-0.583526517,0.084138,-0.372725089
0.084238,-0.248678525,0.084238,-0.613080026,0.084238,-0.449711914,0.084238,-0.352718907,0.084238,-0.144514433
0.084338,-0.357779867,0.084338,-0.607082918,0.084338,-0.526789855,0.084338,-0.37268029,0.084338,-0.155465942
0.084438,-0.446470221,0.084438,-0.722721211,0.084438,-0.261933963,0.084438,-0.429436154,0.084438,-0.202861032
0.084538,-0.470087318,0.084538,-0.609496868,0.084538,-0.544399719,0.084538,-0.46276786,0.084538,-0.216057729
0.084638,-0.430005541,0.084638,-0.787355099,0.084638,-0.415660558,0.084638,-0.43234962,0.084638,-0.384201348
0.084738,-0.494689387,0.084738,-0.805029353,0.084738,-0.487156986,0.084738,-0.196730726,0.084738,-0.125264656
0.084838,-0.48487334,0.084838,-0.785199004,0.084838,-0.366344936,0.084838,-0.239042124,0.084838,-0.182988416
0.084938,-0.509520574,0.084938,-0.789478444,0.084938,-0.362778955,0.084938,-0.130193433,0.084938,0.075236881
0.085038,-0.51151665,0.085038,-0.801182878,0.085038,-0.350455628,0.085038,-0.263498594,0.085038,0.081741321
0.085138,-0.50773624,0.085138,-0.726476204,0.085138,-0.410276208,0.085138,-0.161716762,0.085138,0.006285712
0.085238,-0.528816273,0.085238,-0.704163239,0.085238,-0.394498418,0.085238,-0.251519163,0.085238,0.282367971
0.085338,-0.44634075,0.085338,-0.627546203,0.085338,-0.582432246,0.085338,-0.1848423,0.085338,0.096501234
0.085438,-0.54797631,0.085438,-0.627792382,0.085438,-0.369035493,0.085438,-0.04046793,0.085438,0.299199387
0.085538,-0.394079387,0.085538,-0.677508055,0.085538,-0.371288463,0.085538,-0.103644587,0.085538,0.125805568
0.085638,-0.447939862,0.085638,-0.569186534,0.085638,-0.33418323,0.085638,-0.163454568,0.085638,0.088560525
0.085738,-0.531966132,0.085738,-0.613363803,0.085738,-0.345092808,0.085738,-0.20146479,0.085738,0.527898035
0.085838,-0.485628433,0.085838,-0.610289753,0.085838,-0.195964204,0.085838,-0.169944284,0.085838,0.386668903
0.085938,-0.579467132,0.085938,-0.554755618,0.085938,-0.27356024,0.085938,-0.160579096,0.085938,0.294472855
0.086038,-0.475793466,0.086038,-0.407865601,0.086038,-0.106521677,0.086038,-0.032377825,0.086038,0.240903645
0.086138,-0.365604859,0.086138,-0.432185977,0.086138,-0.287918204,0.086138,-0.127213153,0.086138,0.182767942
0.086238,-0.54001968,0.086238,-0.482779033,0.086238,-0.100818145,0.086238,-0.182223358,0.086238,0.421545945
0.086338,-0.417873893,0.086338,-0.454069804,0.086338,-0.033453125,0.086338,-0.046971909,0.086338,0.418511849
0.086438,-0.505392999,0.086438,-0.37238706,0.086438,0.053590636,0.086438,-0.055167772,0.086438,0.464491373
0.086538,-0.576865445,0.086538,-0.322371154,0.086538,0.152296257,0.086538,-0.020245259,0.086538,0.423489897
0.086638,-0.621398443,0.086638,-0.401166729,0.086638,0.125940602,0.086638,0.078548479,0.086638,0.507286837
0.086738,-0.543596869,0.086738,-0.392899173,0.086738,0.06536453,0.086738,0.21257085,0.086738,0.575072891
0.086838,-0.377857793,0.086838,-0.362304712,0.086838,0.137810835,0.086838,0.131491683,0.086838,0.343585627
0.086938,-0.347320314,0.086938,-0.470853131,0.086938,0.08867575,0.086938,0.122526819,0.086938,0.541256454
0.087038,-0.25187963,0.087038,-0.374422446,0.087038,0.080571451,0.087038,0.2645299,0.087038,0.599363617
0.087138,-0.376719582,0.087138,-0.271565294,0.087138,0.104214871,0.087138,0.152622936,0.087138,0.732873346
0.087238,-0.202529926,0.087238,-0.207086896,0.087238,0.207319519,0.087238,0.251462275,0.087238,0.787166277
0.087338,-0.233305418,0.087338,-0.156286125,0.087338,0.258368949,0.087338,0.240953395,0.087338,0.633909293
0.087438,-0.219486464,0.087438,-0.175194437,0.087438,0.328431417,0.087438,0.457140152,0.087438,0.561067018
0.087538,-0.211759085,0.087538,-0.172592406,0.087538,0.264051942,0.087538,0.417465371,0.087538,0.845484189
0.087638,-0.167745731,0.087638,-0.056760552,0.087638,0.292195472,0.087638,0.363410016,0.087638,0.889434236
0.087738,0.029532705,0.087738,0.070673144,0.087738,0.278059436,0.087738,0.555990201,0.087738,0.836425578
0.087838,0.091713114,0.087838,0.124459847,0.087838,0.419107375,0.087838,0.684184939,0.087838,0.909229443
0.087938,0.050704977,0.087938,0.164299005,0.087938,0.358361471,0.087938,0.51215341,0.087938,0.956586451
0.088038,0.165961622,0.088038,0.482686157,0.088038,0.412011894,0.088038,0.519278056,0.088038,0.656445128
0.088138,0.275417082,0.088138,0.480214387,0.088138,0.422693105,0.088138,0.792367842,0.088138,0.928051081
0.088238,0.335114691,0.088238,0.3811436,0.088238,0.487322268,0.088238,0.60402853,0.088238,0.920682258
0.088338,0.311940966,0.088338,0.52271017,0.088338,0.432006971,0.088338,0.759919363,0.088338,1.001979137
0.088438,0.460752021,0.088438,0.499534542,0.088438,0.497218015,0.088438,0.736685698,0.088438,0.948443673
0.088538,0.435365307,0.088538,0.696384689,0.088538,0.696530071,0.088538,0.853841943,0.088538,1.002946213
0.088638,0.453687368,0.088638,0.639430441,0.088638,0.677259743,0.088638,0.968120339,0.088638,0.934289812
0.088738,0.463466203,0.088738,0.664284216,0.088738,0.70215711,0.088738,0.781795309,0.088738,1.063837377
0.088838,0.438375142,0.088838,0.627316457,0.088838,0.742594645,0.088838,0.870836627,0.088838,1.104689096
0.088938,0.558929818,0.088938,0.700894612,0.088938,0.79038968,0.088938,0.865014396,0.088938,1.036466453
0.089038,0.653411239,0.089038,0.630168351,0.089038,0.640210212,0.089038,0.959778134,0.089038,0.989905032
0.089138,0.614890861,0.089138,0.740673876,0.089138,0.722086221,0.089138,0.823632667,0.089138,1.025348966
0.089238,0.600504219,0.089238,0.924370335,0.089238,0.921661029,0.089238,1.1069626,0.089238,1.163268356
0.089338,0.652806064,0.089338,0.932401255,0.089338,0.92672563,0.089338,0.974270102,0.089338,1.208584372
0.089438,0.8607759,0.089438,1.034696224,0.089438,1.039568629,0.089438,1.037523552,0.089438,0.941199502
0.089538,0.819592958,0.089538,0.907166262,0.089538,1.035109476,0.089538,1.22328498,0.089538,1.177102023
0.089638,0.96003291,0.089638,0.977680796,0.089638,0.946546441,0.089638,1.291940184,0.089638,1.234249687
0.089738,0.92045133,0.089738,1.188811376,0.089738,0.991731209,0.089738,1.169793621,0.089738,1.192917427
0.089838,1.110375534,0.089838,1.210602978,0.089838,1.053072695,0.089838,1.134460601,0.089838,1.095496235
0.089938,1.050429964,0.089938,1.133643383,0.089938,1.12044807,0.089938,1.06166203,0.089938,1.18818102
0.090038,1.150492307,0.090038,1.441721247,0.090038,1.238092645,0.090038,1.187938447,0.090038,1.303984084
0.090138,1.203869606,0.090138,1.421443009,0.090138,1.29992288,0.090138,1.308808377,0.090138,1.491130258
0.090238,1.288613005,0.090238,1.421232341,0.090238,1.070358088,0.090238,1.354539727,0.090238,1.420315239
0.090338,1.282792841,0.090338,1.450507984,0.090338,1.34375017,0.090338,1.397674034,0.090338,1.598459082
0.090438,1.540060569,0.090438,1.392771918,0.090438,1.372226414,0.090438,1.41246699,0.090438,1.446306222
0.090538,1.477246586,0.090538,1.444058063,0.090538,1.48200379,0.090538,1.386239729,0.090538,1.494312105
0.090638,1.459319821,0.090638,1.469790451,0.090638,1.495779351,0.090638,1.406612453,0.090638,1.64831894
0.090738,1.52884656,0.090738,1.433347626,0.090738,1.537244271,0.090738,1.481861866,0.090738,1.622542304
0.090838,1.642605395,0.090838,1.644292694,0.090838,1.568709122,0.090838,1.465968612,0.090838,1.47236043
0.090938,1.733032902,0.090938,1.507898982,0.090938,1.566013473,0.090938,1.615530319,0.090938,1.532096722
0.091038,1.680116235,0.091038,1.791636629,0.091038,1.590446952,0.091038,1.716114368,0.091038,1.527633514
0.091138,1.770372669,0.091138,1.723343653,0.091138,1.625108375,0.091138,1.805579501,0.091138,1.630999231
0.091238,1.726842398,0.091238,1.76417808,0.091238,1.796927971,0.091238,1.667732412,0.091238,1.763452817
0.091338,1.845120981,0.091338,1.685467046,0.091338,1.806105779,0.091338,1.709089065,0.091338,1.625914487
0.091438,1.908833729,0.091438,1.766572905,0.091438,1.893775809,0.091438,1.616329271,0.091438,1.728711433
0.091538,1.915958563,0.091538,1.7275392,0.091538,1.880241511,0.091538,1.698693667,0.091538,1.534186142
0.091638,2.049195327,0.091638,1.784593271,0.091638,1.919706932,0.091638,1.682260763,0.091638,1.794473036
0.091738,2.009359007,0.091738,2.049159461,0.091738,1.977461037,0.091738,1.894091053,0.091738,1.879620573
0.091838,2.076977974,0.091838,1.882666558,0.091838,2.074126075,0.091838,1.839379374,0.091838,1.685826659
0.091938,2.130581979,0.091938,1.967429137,0.091938,1.92070099,0.091938,1.914057052,0.091938,1.770340028
0.092038,2.094679023,0.092038,2.099193615,0.092038,1.924894609,0.092038,1.840393396,0.092038,1.816275933
0.092138,2.165763377,0.092138,2.127621712,0.092138,2.089666616,0.092138,1.956243649,0.092138,1.962873002
0.092238,2.31571248,0.092238,2.080746274,0.092238,2.006251973,0.092238,1.78628995,0.092238,1.784073484
0.092338,2.393982397,0.092338,2.295822565,0.092338,2.208429119,0.092338,1.88044964,0.092338,1.8511202
0.092438,2.445154394,0.092438,2.323454211,0.092438,2.107503286,0.092438,1.898283475,0.092438,1.734196059
0.092538,2.403117191,0.092538,2.328535996,0.092538,1.985007526,0.092538,1.747892675,0.092538,1.739744468
0.092638,2.468933059,0.092638,2.253363811,0.092638,2.161936368,0.092638,1.893507889,0.092638,1.865474793
0.092738,2.584870571,0.092738,2.349010255,0.092738,2.151325448,0.092738,1.968021109,0.092738,2.078743906
0.092838,2.528847658,0.092838,2.433596231,0.092838,2.314455002,0.092838,1.885538411,0.092838,1.969523145
0.092938,2.601966721,0.092938,2.654757038,0.092938,2.241256553,0.092938,1.876162347,0.092938,2.036522883
0.093038,2.717804871,0.093038,2.428332062,0.093038,2.264535364,0.093038,1.940552191,0.093038,2.025497328
0.093138,2.682100417,0.093138,2.455448996,0.093138,2.305875444,0.093138,1.864674799,0.093138,2.216590291
0.093238,2.785467252,0.093238,2.783850477,0.093238,2.390210914,0.093238,1.953999499,0.093238,2.102447689
0.093338,2.712661403,0.093338,2.644583653,0.093338,2.286808245,0.093338,1.910141059,0.093338,2.380033695
0.093438,2.887994931,0.093438,2.774718943,0.093438,2.439999446,0.093438,1.803224121,0.093438,2.171530286
0.093538,2.89541946,0.093538,2.760621976,0.093538,2.356871659,0.093538,2.04971723,0.093538,2.16021656
0.093638,3.021345275,0.093638,2.661667834,0.093638,2.530308042,0.093638,1.909741311,0.093638,2.149159856
0.093738,2.973576055,0.093738,2.636231845,0.093738,2.573729362,0.093738,1.919972091,0.093738,2.112353583
0.093838,2.975638914,0.093838,2.647810039,0.093838,2.57952826,0.093838,2.038933428,0.093838,2.296873772
0.093938,3.042592033,0.093938,2.875176578,0.093938,2.376867015,0.093938,2.04362691,0.093938,2.171274525
0.094038,2.987460222,0.094038,2.852297681,0.094038,2.364008063,0.094038,2.025678685,0.094038,2.125004616
0.094138,3.051357324,0.094138,2.852124705,0.094138,2.466200126,0.094138,2.211893224,0.094138,2.099481901
0.094238,3.054917358,0.094238,2.913904399,0.094238,2.651060805,0.094238,1.91133816,0.094238,2.076353979
0.094338,2.971708666,0.094338,2.858396439,0.094338,2.355459467,0.094338,2.083806313,0.094338,2.186003467
0.094438,2.981537172,0.094438,2.981156227,0.094438,2.511286148,0.094438,1.902715472,0.094438,2.158832741
0.094538,3.133598245,0.094538,2.960895762,0.094538,2.497265198,0.094538,2.036378382,0.094538,1.894291324
0.094638,3.166489646,0.094638,2.914027418,0.094638,2.404399586,0.094638,2.083148299,0.094638,2.0170069
0.094738,3.020294771,0.094738,2.850782832,0.094738,2.437807939,0.094738,1.943191368,0.094738,2.10413179
0.094838,3.057445095,0.094838,2.962134691,0.094838,2.239654653,0.094838,1.969017508,0.094838,2.197581634
0.094938,3.030894978,0.094938,2.921874189,0.094938,2.267762983,0.094938,2.012078272,0.094938,2.059820985
0.095038,2.925141906,0.095038,2.842651901,0.095038,2.094708198,0.095038,1.977747736,0.095038,2.055100964
0.095138,2.875119499,0.095138,2.919918782,0.095138,2.195107191,0.095138,2.150454118,0.095138,2.000143725
0.095238,2.900831001,0.095238,2.82920271,0.095238,2.009674462,0.095238,1.877215982,0.095238,2.014245471
0.095338,3.048123402,0.095338,2.931584473,0.095338,2.076159092,0.095338,2.099821725,0.095338,2.217189782
0.095438,3.128481218,0.095438,2.854587893,0.095438,1.992936144,0.095438,1.984057957,0.095438,2.167152799
0.095538,3.001279909,0.095538,2.929046313,0.095538,2.042161776,0.095538,1.880444065,0.095538,2.119763523
0.095638,3.004676529,0.095638,2.84560672,0.095638,1.984852575,0.095638,1.894876035,0.095638,2.105268231
0.095738,2.88316607,0.095738,2.731058967,0.095738,1.968106152,0.095738,1.992571091,0.095738,2.075600466
0.095838,2.91769957,0.095838,2.727477874,0.095838,1.922124322,0.095838,1.979809443,0.095838,2.040194537
0.095938,2.842558841,0.095938,2.691721713,0.095938,1.972879792,0.095938,1.774410122,0.095938,2.099877328
0.096038,2.979867213,0.096038,2.756380411,0.096038,1.894746647,0.096038,1.803029429,0.096038,2.071230233
0.096138,2.915281702,0.096138,2.809147568,0.096138,1.937128415,0.096138,1.845317659,0.096138,2.082371485
0.096238,2.953409583,0.096238,2.680609852,0.096238,1.817310051,0.096238,1.820764932,0.096238,2.228025894
0.096338,2.891814399,0.096338,2.411442153,0.096338,1.774804888,0.096338,1.732921999,0.096338,2.015732613
0.096438,2.897849687,0.096438,2.415519391,0.096438,1.710611169,0.096438,1.653616278,0.096438,2.127240528
0.096538,2.932427165,0.096538,2.375491382,0.096538,1.982227231,0.096538,1.66826469,0.096538,2.054238658
0.096638,2.884227502,0.096638,2.398352828,0.096638,1.818180062,0.096638,1.597712068,0.096638,2.134576943
0.096738,2.916217727,0.096738,2.547731373,0.096738,1.709786278,0.096738,1.557862724,0.096738,2.076562862
0.096838,2.825181639,0.096838,2.388978437,0.096838,1.701028107,0.096838,1.490295138,0.096838,2.022566558
0.096938,2.619269192,0.096938,2.241856819,0.096938,1.849739214,0.096938,1.411060522,0.096938,1.925525701
0.097038,2.730886045,0.097038,2.326417784,0.097038,1.646888153,0.097038,1.646147454,0.097038,2.010909536
0.097138,2.59684748,0.097138,1.980050308,0.097138,1.597502569,0.097138,1.418968645,0.097138,1.828393022
0.097238,2.574810148,0.097238,2.065068256,0.097238,1.666799969,0.097238,1.379114999,0.097238,1.98190213
0.097338,2.615201611,0.097338,1.922838284,0.097338,1.543861398,0.097338,1.462874626,0.097338,1.879704228
0.097438,2.390259382,0.097438,1.970609108,0.097438,1.39419987,0.097438,1.382602594,0.097438,1.795081961
0.097538,2.479983201,0.097538,1.856519552,0.097538,1.402322332,0.097538,1.393708813,0.097538,1.856209193
0.097638,2.348837631,0.097638,1.670775841,0.097638,1.327844979,0.097638,1.462628205,0.097638,1.970827063
0.097738,2.434130549,0.097738,1.667134927,0.097738,1.084986267,0.097738,1.396308202,0.097738,1.84729409
0.097838,2.248201565,0.097838,1.556593563,0.097838,1.1470234,0.097838,1.448614086,0.097838,1.666647197
0.097938,2.080838248,0.097938,1.509051671,0.097938,1.039716696,0.097938,1.483693984,0.097938,1.692501577
0.098038,2.088707457,0.098038,1.345918213,0.098038,1.063922236,0.098038,1.342781456,0.098038,1.731462842
0.098138,2.11687345,0.098138,1.436930679,0.098138,1.029933701,0.098138,1.449643481,0.098138,1.827437374
0.098238,1.927411297,0.098238,1.281287488,0.098238,0.975359585,0.098238,1.332254963,0.098238,1.851226304
0.098338,1.912762818,0.098338,1.188193039,0.098338,0.846608432,0.098338,1.347800758,0.098338,1.695552473
0.098438,1.916411621,0.098438,1.024851775,0.098438,0.818342988,0.098438,1.316067375,0.098438,1.813967383
0.098538,1.869585637,0.098538,1.008548113,0.098538,0.810507533,0.098538,1.362932528,0.098538,1.580228764
0.098638,1.798214394,0.098638,0.792862396,0.098638,0.670545717,0.098638,1.380908791,0.098638,1.623072577
0.098738,1.696374379,0.098738,0.654270704,0.098738,0.559710622,0.098738,1.290488103,0.098738,1.561246078
0.098838,1.510891212,0.098838,0.641388237,0.098838,0.59954812,0.098838,1.188923311,0.098838,1.591179677
0.098938,1.348752204,0.098938,0.466314313,0.098938,0.461185182,0.098938,1.302497614,0.098938,1.549686006
0.099038,1.392451562,0.099038,0.436296295,0.099038,0.543777208,0.099038,1.310058366,0.099038,1.67007797
0.099138,1.179798203,0.099138,0.071983742,0.099138,0.48566769,0.099138,1.281523691,0.099138,1.74145772
0.099238,1.1002458,0.099238,0.148654493,0.099238,0.504180579,0.099238,1.2566275,0.099238,1.420238502
0.099338,1.120046469,0.099338,0.028411679,0.099338,0.496825861,0.099338,1.101786184,0.099338,1.477345799
0.099438,1.008895866,0.099438,0.212763317,0.099438,0.373135565,0.099438,1.069877141,0.099438,1.473825885
0.099538,1.022606514,0.099538,0.143020232,0.099538,0.514969345,0.099538,1.017392845,0.099538,1.44391704
0.099638,0.907612555,0.099638,0.048916507,0.099638,0.397399968,0.099638,1.11050042,0.099638,1.422544796
0.099738,0.829362617,0.099738,-0.207212089,0.099738,0.254602906,0.099738,1.264002151,0.099738,1.443927777
0.099838,0.772235151,0.099838,-0.24892715,0.099838,0.317220729,0.099838,1.242994143,0.099838,1.293415206
0.099938,0.869273193,0.099938,-0.251425774,0.099938,0.245990369,0.099938,1.144367961,0.099938,1.363754441
0.100038,0.687167613,0.100038,-0.08011908,0.100038,0.232620895,0.100038,1.296912032,0.100038,1.421801097
0.100138,0.686621841,0.100138,0.039635774,0.100138,0.157773448,0.100138,1.34146982,0.100138,1.397561896
0.100238,0.580989382,0.100238,0.050434665,0.100238,0.278964537,0.100238,1.144505189,0.100238,1.620755171
0.100338,0.592768342,0.100338,0.123980011,0.100338,0.453686941,0.100338,1.272777752,0.100338,1.629402708
0.100438,0.539225767,0.100438,0.039234968,0.100438,0.283226035,0.100438,1.081808575,0.100438,1.766216282
0.100538,0.50658948,0.100538,0.089330907,0.100538,0.490287837,0.100538,1.077583832,0.100538,1.57101246
0.100638,0.507765236,0.100638,0.129579959,0.100638,0.394616742,0.100638,1.268626254,0.100638,1.714965254
0.100738,0.543720915,0.100738,0.151054885,0.100738,0.483625022,0.100738,1.295683794,0.100738,1.560635352
0.100838,0.519532369,0.100838,0.327816276,0.100838,0.494064702,0.100838,1.123423684,0.100838,1.777440579
0.100938,0.639435804,0.100938,0.374506069,0.100938,0.45836318,0.100938,1.077088805,0.100938,1.738537806
0.101038,0.613258482,0.101038,0.412045844,0.101038,0.559559037,0.101038,1.061970705,0.101038,1.718153541
0.101138,0.765301448,0.101138,0.437351001,0.101138,0.746507306,0.101138,1.172629394,0.101138,1.692188384
0.101238,0.619164808,0.101238,0.638483626,0.101238,0.733254932,0.101238,1.130325863,0.101238,1.705483403
0.101338,0.812220019,0.101338,0.645348279,0.101338,0.781681813,0.101338,1.150966585,0.101338,1.789465835
0.101438,0.815867897,0.101438,0.633576498,0.101438,0.699111213,0.101438,1.109263675,0.101438,1.79058641
0.101538,0.864558714,0.101538,0.794159997,0.101538,0.814381559,0.101538,1.13423596,0.101538,1.684467458
0.101638,0.92786729,0.101638,0.812311766,0.101638,0.784932208,0.101638,1.184305003,0.101638,1.786656079
0.101738,0.862865053,0.101738,0.911603236,0.101738,0.926551977,0.101738,1.082779903,0.101738,1.705641338
0.101838,0.946705473,0.101838,0.887901506,0.101838,1.007995128,0.101838,1.247958575,0.101838,1.859221121
0.101938,0.948959269,0.101938,0.935832775,0.101938,1.145347549,0.101938,1.273092974,0.101938,1.894014699
0.102038,1.127740229,0.102038,0.876639365,0.102038,1.355979432,0.102038,1.279777501,0.102038,1.887277752
0.102138,1.111116721,0.102138,0.969107808,0.102138,1.12149481,0.102138,1.471242734,0.102138,1.957175558
0.102238,1.176912983,0.102238,1.226621435,0.102238,1.235828691,0.102238,1.262432545,0.102238,1.918707805
0.102338,1.161358551,0.102338,1.126786179,0.102338,1.458610764,0.102338,1.46979068,0.102338,1.927765987
0.102438,1.233771012,0.102438,1.136141915,0.102438,1.401667258,0.102438,1.359712608,0.102438,1.941272178
0.102538,1.31223784,0.102538,1.214154264,0.102538,1.433823436,0.102538,1.325255353,0.102538,2.102072117
0.102638,1.496279052,0.102638,1.328758098,0.102638,1.643838447,0.102638,1.431547531,0.102638,2.061453498
0.102738,1.30357696,0.102738,1.432501919,0.102738,1.592280822,0.102738,1.410866976,0.102738,1.918268139
0.102838,1.634363501,0.102838,1.469060323,0.102838,1.700460622,0.102838,1.650356485,0.102838,2.103609637
0.102938,1.481027255,0.102938,1.564822062,0.102938,1.976611248,0.102938,1.425954427,0.102938,2.099139375
0.103038,1.564366425,0.103038,1.537902864,0.103038,1.832274659,0.103038,1.588668619,0.103038,2.233740341
0.103138,1.728095993,0.103138,1.66012492,0.103138,1.784513193,0.103138,1.565986413,0.103138,2.155721149
0.103238,1.774215086,0.103238,1.678788564,0.103238,1.788727443,0.103238,1.81260487,0.103238,2.228016933
0.103338,1.835754066,0.103338,1.681827103,0.103338,1.810264948,0.103338,1.581074069,0.103338,2.341840589
0.103438,1.805587437,0.103438,1.760440366,0.103438,1.961158514,0.103438,1.840254453,0.103438,2.222907336
0.103538,1.919168892,0.103538,1.896959669,0.103538,2.005921956,0.103538,1.554629239,0.103538,2.0960784
0.103638,1.883097358,0.103638,2.037587394,0.103638,2.14927114,0.103638,1.701257521,0.103638,2.470838082
0.103738,2.047967131,0.103738,2.008390877,0.103738,2.165775963,0.103738,1.874304524,0.103738,2.438707965
0.103838,2.062964094,0.103838,1.963868098,0.103838,2.124311938,0.103838,1.68645792,0.103838,2.700531352
0.103938,2.249335262,0.103938,2.120092511,0.103938,2.065681879,0.103938,1.836986416,0.103938,2.581189396
0.104038,2.240331278,0.104038,2.146857527,0.104038,2.259103701,0.104038,1.808045415,0.104038,2.518905484
0.104138,2.308676854,0.104138,2.272269564,0.104138,2.067509887,0.104138,1.862213037,0.104138,2.372782368
0.104238,2.24096097,0.104238,2.376455472,0.104238,2.262814441,0.104238,1.93794701,0.104238,2.588138497
0.104338,2.393464171,0.104338,2.25770915,0.104338,2.374489298,0.104338,1.999702822,0.104338,2.719367441
0.104438,2.382922798,0.104438,2.280574762,0.104438,2.560540719,0.104438,1.918232877,0.104438,2.579495348
0.104538,2.537669572,0.104538,2.35721821,0.104538,2.351599675,0.104538,1.949264455,0.104538,2.871752068
0.104638,2.559971049,0.104638,2.350490993,0.104638,2.496250955,0.104638,1.987456413,0.104638,2.788377978
0.104738,2.779120314,0.104738,2.40120814,0.104738,2.60871428,0.104738,1.912438236,0.104738,2.752810596
0.104838,2.566819866,0.104838,2.63602079,0.104838,2.680102423,0.104838,1.931889907,0.104838,2.843143268
0.104938,2.762869194,0.104938,2.463356933,0.104938,2.742959011,0.104938,2.095184743,0.104938,2.842147728
0.105038,2.839039774,0.105038,2.711528395,0.105038,2.671537176,0.105038,2.21923058,0.105038,2.83850069
0.105138,2.862040067,0.105138,2.635379152,0.105138,2.768955079,0.105138,2.270935496,0.105138,2.689455001
0.105238,3.029909358,0.105238,2.645063925,0.105238,2.918945215,0.105238,2.283020729,0.105238,2.855371041
0.105338,3.107305716,0.105338,2.824054932,0.105338,2.877872128,0.105338,2.344407243,0.105338,2.92286264
0.105438,3.14341298,0.105438,2.874067788,0.105438,3.091191901,0.105438,2.33686566,0.105438,2.927757504
0.105538,3.178362717,0.105538,2.816511538,0.105538,2.973807871,0.105538,2.420264149,0.105538,3.075340516
0.105638,3.144188282,0.105638,2.948752614,0.105638,3.080264575,0.105638,2.367486387,0.105638,3.138300475
0.105738,3.435531209,0.105738,2.971003444,0.105738,3.037824661,0.105738,2.483525283,0.105738,3.329105257
0.105838,3.454818606,0.105838,3.064924409,0.105838,3.139493334,0.105838,2.441287739,0.105838,3.080638404
0.105938,3.447720255,0.105938,3.063288755,0.105938,3.257680167,0.105938,2.444798556,0.105938,3.376871837
0.106038,3.514269079,0.106038,3.169500393,0.106038,3.046623512,0.106038,2.573142366,0.106038,3.327006598
0.106138,3.495217571,0.106138,3.21579801,0.106138,3.098801094,0.106138,2.673865021,0.106138,3.486201456
0.106238,3.55786003,0.106238,3.194662877,0.106238,3.276065486,0.106238,2.589660052,0.106238,3.666070145
0.106338,3.720415804,0.106338,3.334084946,0.106338,3.356554541,0.106338,2.638109607,0.106338,3.465232904
0.106438,3.533870094,0.106438,3.258806177,0.106438,3.254236125,0.106438,2.587290717,0.106438,3.532972064
0.106538,3.58971737,0.106538,3.371275755,0.106538,3.379381111,0.106538,2.57993304,0.106538,3.720329458
0.106638,3.618342619,0.106638,3.441489814,0.106638,3.332496066,0.106638,2.800755916,0.106638,3.559652757
0.106738,3.763999367,0.106738,3.43653845,0.106738,3.386094426,0.106738,2.643151055,0.106738,3.66445373
0.106838,3.749072999,0.106838,3.429878489,0.106838,3.229720302,0.106838,2.719055103,0.106838,3.615381862
0.106938,3.818264821,0.106938,3.362880961,0.106938,3.291254197,0.106938,2.667577732,0.106938,3.941914816
0.107038,3.820631539,0.107038,3.39021339,0.107038,3.240169779,0.107038,2.618894856,0.107038,3.731442602
0.107138,3.785462908,0.107138,3.589523448,0.107138,3.35895877,0.107138,2.710414749,0.107138,3.800899454
0.107238,3.881541379,0.107238,3.557699585,0.107238,3.543632144,0.107238,2.697549747,0.107238,3.612656622
0.107338,3.987656434,0.107338,3.589843309,0.107338,3.533980737,0.107338,2.86621607,0.107338,3.80210557
0.107438,4.056992592,0.107438,3.658248894,0.107438,3.662449555,0.107438,2.813208114,0.107438,3.797384774
0.107538,4.161035634,0.107538,3.623415073,0.107538,3.650390287,0.107538,2.803112034,0.107538,3.944444956
0.107638,4.085756875,0.107638,3.682869459,0.107638,3.627597797,0.107638,2.882365448,0.107638,3.945851194
0.107738,4.155353278,0.107738,3.713400645,0.107738,3.602524513,0.107738,2.840968799,0.107738,3.926787982
0.107838,4.261891504,0.107838,3.774471996,0.107838,3.690274626,0.107838,2.964730755,0.107838,3.903920945
0.107938,4.20566322,0.107938,3.950331052,0.107938,3.781652788,0.107938,3.250087707,0.107938,3.68016324
0.108038,4.363962901,0.108038,3.923291088,0.108038,3.788025198,0.108038,3.159889941,0.108038,3.617771421
0.108138,4.391424222,0.108138,4.032936418,0.108138,3.817245044,0.108138,3.186031708,0.108138,3.774410394
0.108238,4.416809752,0.108238,4.09631022,0.108238,3.761727107,0.108238,3.378166921,0.108238,3.663468533
0.108338,4.379667839,0.108338,4.080030164,0.108338,3.881399006,0.108338,3.350616679,0.108338,3.869906411
0.108438,4.572810368,0.108438,4.204598708,0.108438,3.757455701,0.108438,3.320578968,0.108438,3.84830414
0.108538,4.613646439,0.108538,4.202963629,0.108538,3.801215245,0.108538,3.341658862,0.108538,3.827661495
0.108638,4.65695178,0.108638,4.242007433,0.108638,3.908922317,0.108638,3.398949459,0.108638,3.81808919
0.108738,4.640522148,0.108738,4.434324873,0.108738,3.970922907,0.108738,3.570129518,0.108738,3.954045084
0.108838,4.610509288,0.108838,4.370830731,0.108838,3.91312857,0.108838,3.50877178,0.108838,4.199008091
0.108938,4.661002627,0.108938,4.389561147,0.108938,4.013564148,0.108938,3.580347259,0.108938,3.938495906
0.109038,4.826557282,0.109038,4.343351729,0.109038,4.03465541,0.109038,3.575870918,0.109038,4.162679014
0.109138,4.932580444,0.109138,4.412717374,0.109138,3.986033376,0.109138,3.678977651,0.109138,4.091158372
0.109238,4.867163517,0.109238,4.39818986,0.109238,4.081866649,0.109238,3.822377564,0.109238,4.230647602
0.109338,4.985120101,0.109338,4.456937256,0.109338,4.104804479,0.109338,3.585414355,0.109338,4.279864692
0.109438,4.955277461,0.109438,4.388444567,0.109438,4.091470223,0.109438,3.75510419,0.109438,4.223937584
0.109538,5.027722982,0.109538,4.545689697,0.109538,4.149506888,0.109538,3.821590067,0.109538,4.138028399
0.109638,5.039156263,0.109638,4.46151045,0.109638,4.153213145,0.109638,3.637974835,0.109638,4.444219401
0.109738,5.212519037,0.109738,4.46839283,0.109738,4.05150933,0.109738,3.7302467,0.109738,4.258901904
0.109838,5.070996962,0.109838,4.532173369,0.109838,4.017586542,0.109838,3.587678121,0.109838,4.346935623
0.109938,5.2278162,0.109938,4.481930795,0.109938,3.91805425,0.109938,3.634939288,0.109938,4.427803992
0.110038,5.233815196,0.110038,4.565134126,0.110038,3.961947353,0.110038,3.784071607,0.110038,4.286777511
0.110138,5.337247869,0.110138,4.493605462,0.110138,4.179847091,0.110138,3.675509549,0.110138,4.422157727
0.110238,5.272383744,0.110238,4.521497996,0.110238,4.274089673,0.110238,3.808282983,0.110238,4.33069939
0.110338,5.318860889,0.110338,4.702937253,0.110338,4.456749138,0.110338,3.886943334,0.110338,4.401714672
0.110438,5.541872004,0.110438,4.721561344,0.110438,4.183450601,0.110438,4.094166676,0.110438,4.52898834
0.110538,5.378166441,0.110538,4.572572959,0.110538,4.109075082,0.110538,3.899803732,0.110538,4.439608246
0.110638,5.342871203,0.110638,4.691101502,0.110638,4.34219659,0.110638,4.030884351,0.110638,4.232413663
0.110738,5.479091737,0.110738,4.692938199,0.110738,4.118115946,0.110738,4.097837413,0.110738,4.436808276
0.110838,5.546047994,0.110838,4.536898893,0.110838,4.028801138,0.110838,4.042563141,0.110838,4.59872279
0.110938,5.581890941,0.110938,4.663428487,0.110938,4.037690847,0.110938,4.203345744,0.110938,4.511586721
0.111038,5.552277623,0.111038,4.774050152,0.111038,3.965181429,0.111038,4.301207818,0.111038,4.458502455
0.111138,5.513945236,0.111138,4.763681094,0.111138,4.129134551,0.111138,4.249458638,0.111138,4.585402987
0.111238,5.50525039,0.111238,4.916611653,0.111238,4.016296369,0.111238,4.359836017,0.111238,4.50521199
0.111338,5.465242699,0.111338,4.938945806,0.111338,4.33811489,0.111338,4.385985607,0.111338,4.551698343
0.111438,5.615690195,0.111438,4.86261729,0.111438,4.236964578,0.111438,4.544437881,0.111438,4.634255209
0.111538,5.542085809,0.111538,4.893313455,0.111538,4.119642967,0.111538,4.353924006,0.111538,4.634601351
0.111638,5.620232656,0.111638,4.821431998,0.111638,4.104162171,0.111638,4.580903032,0.111638,4.649277088
0.111738,5.536944786,0.111738,4.828496424,0.111738,4.239304478,0.111738,4.53419331,0.111738,4.531235002
0.111838,5.528087498,0.111838,4.861277057,0.111838,4.219707261,0.111838,4.587199712,0.111838,4.361152892
0.111938,5.434883986,0.111938,4.813520361,0.111938,4.180965297,0.111938,4.640003549,0.111938,4.736031828
0.112038,5.47322171,0.112038,4.762288295,0.112038,4.271219527,0.112038,4.684143298,0.112038,4.584850605
0.112138,5.495443286,0.112138,4.757559981,0.112138,4.241827076,0.112138,4.615999427,0.112138,4.601970808
0.112238,5.568542436,0.112238,4.854719221,0.112238,4.004572078,0.112238,4.609373733,0.112238,4.734697001
0.112338,5.65323904,0.112338,4.754654142,0.112338,4.200290407,0.112338,4.697347927,0.112338,4.662407651
0.112438,5.576360747,0.112438,4.765454195,0.112438,4.197578938,0.112438,4.55498057,0.112438,4.576326319
0.112538,5.375786395,0.112538,4.745636378,0.112538,4.327263419,0.112538,4.454987657,0.112538,4.643608655
0.112638,5.487797605,0.112638,4.719811022,0.112638,4.16389366,0.112638,4.702277411,0.112638,4.685227623
0.112738,5.428966814,0.112738,4.595093828,0.112738,4.079844024,0.112738,4.624309845,0.112738,4.759586082
0.112838,5.235039849,0.112838,4.739967079,0.112838,4.057969436,0.112838,4.584438587,0.112838,4.828736612
0.112938,5.427869009,0.112938,4.64222973,0.112938,4.119392729,0.112938,4.915946602,0.112938,4.949931459
0.113038,5.357226875,0.113038,4.65247618,0.113038,4.021250411,0.113038,4.639034875,0.113038,4.704934709
0.113138,5.341933955,0.113138,4.550258219,0.113138,4.230734404,0.113138,4.75886976,0.113138,4.628817496
0.113238,5.187465905,0.113238,4.609888904,0.113238,3.990311314,0.113238,4.864874633,0.113238,4.795380607
0.113338,5.078433197,0.113338,4.545178908,0.113338,3.978550956,0.113338,4.873285733,0.113338,4.748730713
0.113438,5.133038555,0.113438,4.495488783,0.113438,3.987842684,0.113438,4.867470263,0.113438,4.619441796
0.113538,5.041411003,0.113538,4.472385922,0.113538,3.782530779,0.113538,4.98851578,0.113538,4.560000011
0.113638,5.058922274,0.113638,4.475432879,0.113638,3.811072059,0.113638,5.208836441,0.113638,4.725372748
0.113738,4.890473775,0.113738,4.286456456,0.113738,3.705059421,0.113738,4.999301582,0.113738,4.571373484
0.113838,4.812149909,0.113838,4.342431948,0.113838,3.708889025,0.113838,5.11820576,0.113838,4.389169347
0.113938,4.742624371,0.113938,4.188245618,0.113938,3.786255532,0.113938,5.300452249,0.113938,4.519866983
0.114038,4.534898138,0.114038,3.927624442,0.114038,3.856304062,0.114038,5.280098467,0.114038,4.693443226
0.114138,4.571686795,0.114138,3.743101385,0.114138,3.796434761,0.114138,4.952942264,0.114138,4.486482008
0.114238,4.386813578,0.114238,3.774344169,0.114238,3.599457642,0.114238,5.164576105,0.114238,4.629206501
0.114338,4.154571693,0.114338,3.688160241,0.114338,3.672622962,0.114338,5.121086739,0.114338,4.648691554
0.114438,4.024786788,0.114438,3.531157516,0.114438,3.510868658,0.114438,5.298135163,0.114438,4.367232747
0.114538,3.916217713,0.114538,3.403465602,0.114538,3.537157962,0.114538,5.32720447,0.114538,4.594940638
0.114638,3.705142801,0.114638,3.285964213,0.114638,3.50488158,0.114638,5.360108739,0.114638,4.327277566
0.114738,3.556430155,0.114738,3.1812782,0.114738,3.461303854,0.114738,5.22779717,0.114738,4.354437663
0.114838,3.360871167,0.114838,3.230092991,0.114838,3.474944858,0.114838,5.219722332,0.114838,4.416438356
0.114938,3.279017038,0.114938,3.311250951,0.114938,3.286831807,0.114938,5.483323487,0.114938,4.309710678
0.115038,3.002912985,0.115038,2.970772867,0.115038,3.228881286,0.115038,5.08535358,0.115038,4.416191385
0.115138,2.871131738,0.115138,2.909621279,0.115138,3.317760386,0.115138,5.126120072,0.115138,4.172655735
0.115238,2.773622818,0.115238,2.902736198,0.115238,3.420609057,0.115238,5.375861632,0.115238,4.229801987
0.115338,2.61709696,0.115338,2.819238081,0.115338,3.208757604,0.115338,5.296603881,0.115338,4.484613703
0.115438,2.440545598,0.115438,2.666680981,0.115438,3.301824917,0.115438,5.36726968,0.115438,4.367896071
0.115538,2.473090847,0.115538,2.835058521,0.115538,3.228399042,0.115538,4.97391065,0.115538,4.36355445
0.115638,2.402944522,0.115638,2.577804673,0.115638,3.289091633,0.115638,5.187346662,0.115638,4.250219861
0.115738,2.234752186,0.115738,2.570798434,0.115738,3.31014378,0.115738,5.270265956,0.115738,4.31010679
0.115838,2.095197835,0.115838,2.508311805,0.115838,3.258995512,0.115838,5.191273923,0.115838,4.209444979
0.115938,1.995678706,0.115938,2.30596323,0.115938,3.270855263,0.115938,5.157758145,0.115938,4.228187559
0.116038,2.131252739,0.116038,2.43676088,0.116038,3.195646599,0.116038,5.108446186,0.116038,4.069098581
0.116138,1.90334201,0.116138,2.314671825,0.116138,3.050113011,0.116138,5.067561615,0.116138,4.112425072
0.116238,1.882970681,0.116238,2.2035838,0.116238,3.214513466,0.116238,5.070024674,0.116238,4.012041392
0.116338,1.765324869,0.116338,2.291803039,0.116338,3.12552481,0.116338,5.195633267,0.116338,4.085393108
0.116438,1.757883405,0.116438,2.336521843,0.116438,3.027017119,0.116438,5.10396862,0.116438,3.841248515
0.116538,1.814440077,0.116538,2.103402576,0.116538,3.126850863,0.116538,5.114427389,0.116538,3.836885948
0.116638,1.799655593,0.116638,2.19112484,0.116638,3.200236819,0.116638,5.16798304,0.116638,3.926254421
0.116738,1.826583047,0.116738,2.139360497,0.116738,3.112425572,0.116738,5.104011158,0.116738,3.853045972
0.116838,1.878187165,0.116838,2.130846139,0.116838,3.270229943,0.116838,4.990398198,0.116838,4.064261596
0.116938,1.881491588,0.116938,2.157901974,0.116938,3.165566527,0.116938,5.033602961,0.116938,4.015168519
0.117038,1.924363141,0.117038,2.101373312,0.117038,3.217879369,0.117038,4.729410328,0.117038,4.021443824
0.117138,2.029160062,0.117138,2.25520145,0.117138,3.118280469,0.117138,5.096011133,0.117138,4.0971894
0.117238,2.186183004,0.117238,2.238166287,0.117238,3.189459123,0.117238,4.901457145,0.117238,4.127698694
0.117338,2.282105886,0.117338,2.344747042,0.117338,3.247700741,0.117338,5.006113761,0.117338,4.164298142
0.117438,2.499459465,0.117438,2.224062932,0.117438,3.253707483,0.117438,4.832033416,0.117438,4.199193403
0.117538,2.596001313,0.117538,2.443144311,0.117538,3.155122446,0.117538,4.701661281,0.117538,4.243012656
0.117638,2.719781161,0.117638,2.523459029,0.117638,3.275068108,0.117638,4.837808885,0.117638,4.192753361
0.117738,2.631128396,0.117738,2.326686002,0.117738,3.108269859,0.117738,4.792518655,0.117738,4.2520533
0.117838,2.782830029,0.117838,2.648662082,0.117838,3.116199434,0.117838,4.734898666,0.117838,4.447937376
0.117938,2.744209354,0.117938,2.720797434,0.117938,3.170118153,0.117938,4.623025217,0.117938,4.363806528
0.118038,3.053951415,0.118038,2.677643349,0.118038,3.257841956,0.118038,4.531882605,0.118038,4.522119939
0.118138,3.183694217,0.118138,2.490987624,0.118138,3.330795566,0.118138,4.628190717,0.118138,4.337738483
0.118238,3.176296052,0.118238,2.649365002,0.118238,3.202131995,0.118238,4.366740451,0.118238,4.32234799
0.118338,3.111895557,0.118338,2.700531968,0.118338,3.232296702,0.118338,4.418846178,0.118338,4.37669031
0.118438,3.323165547,0.118438,2.782613735,0.118438,3.241669565,0.118438,4.68465031,0.118438,4.405340243
0.118538,3.406890251,0.118538,2.940605982,0.118538,3.236792066,0.118538,4.503693644,0.118538,4.549635367
0.118638,3.524445212,0.118638,2.862440355,0.118638,3.48718355,0.118638,4.514210059,0.118638,4.329832951
0.118738,3.669559229,0.118738,2.904681758,0.118738,3.377472992,0.118738,4.584151636,0.118738,4.430329613
0.118838,3.67059646,0.118838,3.063262384,0.118838,3.30021045,0.118838,4.4134197,0.118838,4.515401467
0.118938,3.604468593,0.118938,2.826527624,0.118938,3.438976551,0.118938,4.437475567,0.118938,4.585134967
0.119038,3.719257128,0.119038,2.98655469,0.119038,3.524585937,0.119038,4.477628561,0.119038,4.629708744
0.119138,3.926948433,0.119138,3.216938567,0.119138,3.475650178,0.119138,4.349914463,0.119138,4.668352395
0.119238,4.028517338,0.119238,3.300713831,0.119238,3.276115776,0.119238,4.22609252,0.119238,4.786464865
0.119338,4.02137715,0.119338,3.325183496,0.119338,3.559342316,0.119338,4.317903274,0.119338,4.702075099
0.119438,4.159512976,0.119438,3.346006822,0.119438,3.564574423,0.119438,4.392638982,0.119438,4.641943615
0.119538,4.215128375,0.119538,3.416435743,0.119538,3.601912725,0.119538,4.357931261,0.119538,4.842235389
0.119638,4.381040419,0.119638,3.357981067,0.119638,3.374194747,0.119638,4.479386994,0.119638,4.992697282
0.119738,4.297373014,0.119738,3.619250848,0.119738,3.449891212,0.119738,4.630950435,0.119738,4.779556095
0.119838,4.422315389,0.119838,3.606626039,0.119838,3.672957609,0.119838,4.434234446,0.119838,4.994340895
0.119938,4.544419068,0.119938,3.548446586,0.119938,3.471663018,0.119938,4.614394515,0.119938,5.104461591
0.120038,4.590989836,0.120038,3.776715692,0.120038,3.702988907,0.120038,4.472115989,0.120038,5.137161199
0.120138,4.703223056,0.120138,3.822311897,0.120138,3.695602306,0.120138,4.57098292,0.120138,5.119217751
0.120238,4.865696398,0.120238,3.995184274,0.120238,3.769311571,0.120238,4.489047789,0.120238,5.353336373
0.120338,4.817355744,0.120338,4.04118712,0.120338,3.89392017,0.120338,4.552885719,0.120338,5.28352827
0.120438,4.9421139,0.120438,4.046392448,0.120438,3.900954504,0.120438,4.750001146,0.120438,5.308566257
0.120538,4.97881481,0.120538,3.958312505,0.120538,3.832636927,0.120538,4.705688974,0.120538,5.300033525
0.120638,5.045501754,0.120638,4.105347866,0.120638,3.850854399,0.120638,4.676444644,0.120638,5.38628895
0.120738,5.258190899,0.120738,4.041888132,0.120738,3.842017463,0.120738,4.882946121,0.120738,5.336623406
0.120838,5.357427801,0.120838,4.122808054,0.120838,3.922491795,0.120838,4.713795,0.120838,5.503647634
0.120938,5.428068188,0.120938,3.965238272,0.120938,3.820378479,0.120938,4.802327458,0.120938,5.166652084
0.121038,5.459580789,0.121038,4.052827285,0.121038,3.917412003,0.121038,4.973874449,0.121038,5.442255161
0.121138,5.535971089,0.121138,4.248885389,0.121138,3.743011365,0.121138,4.829904283,0.121138,5.768712926
0.121238,5.693835954,0.121238,4.380571221,0.121238,3.78703544,0.121238,4.832617163,0.121238,5.7342478
0.121338,5.602987418,0.121338,4.434417336,0.121338,3.939537041,0.121338,5.053871603,0.121338,5.750050076
0.121438,5.799445045,0.121438,4.336793263,0.121438,3.981022995,0.121438,4.978777284,0.121438,5.847459267
0.121538,5.756186016,0.121538,4.474028992,0.121538,3.867859681,0.121538,4.891878736,0.121538,5.990544966
0.121638,5.879592745,0.121638,4.601002149,0.121638,4.04613287,0.121638,5.126938172,0.121638,6.083433702
0.121738,5.780047759,0.121738,4.517488744,0.121738,3.951259777,0.121738,5.004794736,0.121738,5.815157003
0.121838,5.955117514,0.121838,4.783319863,0.121838,4.013421485,0.121838,4.875173484,0.121838,5.951202011
0.121938,5.891431187,0.121938,4.842704773,0.121938,3.952646896,0.121938,5.164475505,0.121938,6.020290965
0.122038,5.943155972,0.122038,4.990950149,0.122038,4.068698989,0.122038,5.09001871,0.122038,6.163253788
0.122138,6.029360625,0.122138,4.844199361,0.122138,4.094548608,0.122138,5.34899758,0.122138,6.070283202
0.122238,6.191771236,0.122238,5.073506516,0.122238,4.054691634,0.122238,5.335413184,0.122238,6.187453347
0.122338,6.104059747,0.122338,4.969331637,0.122338,4.195867769,0.122338,5.352391858,0.122338,6.202933684
0.122438,6.272155267,0.122438,5.099473562,0.122438,4.07259865,0.122438,5.582669473,0.122438,6.25374487
0.122538,6.322108065,0.122538,5.141798086,0.122538,4.063877261,0.122538,5.554267616,0.122538,6.147108415
0.122638,6.513981169,0.122638,5.254125477,0.122638,4.122053658,0.122638,5.623955647,0.122638,6.28373329
0.122738,6.394436182,0.122738,5.144116988,0.122738,4.148756284,0.122738,5.571276004,0.122738,6.104600414
0.122838,6.690642762,0.122838,5.238691058,0.122838,4.366649418,0.122838,5.486804744,0.122838,6.335118403
0.122938,6.7052547,0.122938,5.244610415,0.122938,4.268329608,0.122938,5.602524623,0.122938,6.329682378
0.123038,6.880072024,0.123038,5.260027314,0.123038,4.201132393,0.123038,5.729999814,0.123038,6.38420778
0.123138,6.83103106,0.123138,5.337663601,0.123138,4.171539835,0.123138,5.920204341,0.123138,6.616172718
0.123238,6.910972822,0.123238,5.337689782,0.123238,4.22715117,0.123238,5.935428489,0.123238,6.560424157
0.123338,6.803583889,0.123338,5.404606643,0.123338,4.405078752,0.123338,5.835286937,0.123338,6.66659909
0.123438,7.018365071,0.123438,5.502892964,0.123438,4.386889278,0.123438,5.895473258,0.123438,6.679753154
0.123538,7.177435475,0.123538,5.589158878,0.123538,4.474923943,0.123538,5.867779697,0.123538,6.711862412
0.123638,7.208494517,0.123638,5.523761047,0.123638,4.4539044,0.123638,5.817988365,0.123638,6.931599232
0.123738,7.153839659,0.123738,5.500528795,0.123738,4.535307248,0.123738,6.07053014,0.123738,6.934873791
0.123838,7.314456568,0.123838,5.590349994,0.123838,4.549749795,0.123838,5.844480209,0.123838,6.980310975
0.123938,7.083040004,0.123938,5.732567657,0.123938,4.567410927,0.123938,6.157956499,0.123938,6.866410008
0.124038,7.250747424,0.124038,5.768049777,0.124038,4.613563921,0.124038,6.15908805,0.124038,7.079332359
0.124138,7.269325304,0.124138,5.74393372,0.124138,4.590240856,0.124138,6.061332417,0.124138,6.991293011
0.124238,7.254276201,0.124238,5.81810542,0.124238,4.468813711,0.124238,6.219174412,0.124238,7.163585249
0.124338,7.448555345,0.124338,5.774800581,0.124338,4.530101818,0.124338,6.130602472,0.124338,7.314032273
0.124438,7.422768578,0.124438,5.672327352,0.124438,4.700757886,0.124438,6.234928899,0.124438,7.361737204
0.124538,7.494810123,0.124538,5.827152203,0.124538,4.648863198,0.124538,6.537293484,0.124538,7.212940903
0.124638,7.515439892,0.124638,5.620502618,0.124638,4.689628895,0.124638,6.33117748,0.124638,7.361777851
0.124738,7.541410738,0.124738,6.074220485,0.124738,4.627961933,0.124738,6.449141931,0.124738,7.252394002
0.124838,7.699348558,0.124838,6.054454001,0.124838,4.68814085,0.124838,6.487402694,0.124838,7.538265821
0.124938,7.652948569,0.124938,5.984859329,0.124938,4.55819192,0.124938,6.456116409,0.124938,7.519902435
0.125038,7.702449166,0.125038,6.075368343,0.125038,4.780976017,0.125038,6.474607005,0.125038,7.369872449
0.125138,7.790401781,0.125138,6.134239799,0.125138,4.702699016,0.125138,6.660149047,0.125138,7.338241215
0.125238,7.731877665,0.125238,6.289083621,0.125238,4.761374405,0.125238,6.734305005,0.125238,7.462183001
0.125338,7.934671225,0.125338,6.128533296,0.125338,4.825073827,0.125338,6.6749312,0.125338,7.677243288
0.125438,7.829051376,0.125438,6.254460565,0.125438,4.842660045,0.125438,6.643993363,0.125438,7.783610398
0.125538,7.979310675,0.125538,6.315027082,0.125538,4.986102802,0.125538,6.94680707,0.125538,7.702264217
0.125638,7.997727083,0.125638,6.395361314,0.125638,4.882651169,0.125638,6.810023793,0.125638,7.69092458
0.125738,8.037884214,0.125738,6.409294014,0.125738,4.943820529,0.125738,6.88057984,0.125738,7.709137009
0.125838,8.030956625,0.125838,6.487431271,0.125838,4.989457436,0.125838,6.866522162,0.125838,7.78434362
0.125938,8.061128864,0.125938,6.26574522,0.125938,4.968382834,0.125938,6.97807925,0.125938,7.938370674
0.126038,8.116886284,0.126038,6.285191065,0.126038,5.096078039,0.126038,6.975194535,0.126038,7.804240296
0.126138,7.95491897,0.126138,6.420319678,0.126138,5.190679671,0.126138,6.978317236,0.126138,7.91760476
0.126238,8.187445602,0.126238,6.354334096,0.126238,5.255299182,0.126238,6.932950723,0.126238,7.98220133
0.126338,8.168893785,0.126338,6.48862662,0.126338,5.121119811,0.126338,7.002687701,0.126338,7.915193388
0.126438,8.024300526,0.126438,6.404961304,0.126438,5.312606629,0.126438,7.260937168,0.126438,8.288767603
0.126538,8.113525273,0.126538,6.545593468,0.126538,5.119450672,0.126538,7.323531884,0.126538,8.263583656
0.126638,8.120797517,0.126638,6.40917735,0.126638,5.135746489,0.126638,7.258878898,0.126638,8.155843782
0.126738,8.136102944,0.126738,6.432978488,0.126738,5.24985964,0.126738,7.371505574,0.126738,8.335694593
0.126838,8.210694574,0.126838,6.469938733,0.126838,5.199329109,0.126838,7.419092203,0.126838,8.388306544
0.126938,8.260902675,0.126938,6.674017514,0.126938,5.249186125,0.126938,7.240379518,0.126938,8.352771363
0.127038,8.259964016,0.127038,6.389137183,0.127038,5.371130824,0.127038,7.541627548,0.127038,8.409069116
0.127138,8.382134688,0.127138,6.688343276,0.127138,5.238797933,0.127138,7.36847983,0.127138,8.579484629
0.127238,8.320939931,0.127238,6.652051781,0.127238,5.106659141,0.127238,7.578911649,0.127238,8.513031282
0.127338,8.271104994,0.127338,6.711558855,0.127338,5.359930727,0.127338,7.624388824,0.127338,8.587697793
0.127438,8.259016963,0.127438,6.715415409,0.127438,5.36700717,0.127438,7.474705495,0.127438,8.534222881
0.127538,8.246818077,0.127538,6.696694691,0.127538,5.495172968,0.127538,7.514880424,0.127538,8.669774315
0.127638,8.180333189,0.127638,6.746672367,0.127638,5.350054747,0.127638,7.735325555,0.127638,8.574618089
0.127738,8.339938349,0.127738,6.7304664,0.127738,5.513498998,0.127738,7.54528136,0.127738,8.713525291
0.127838,8.419704877,0.127838,6.56197786,0.127838,5.555090647,0.127838,7.81017199,0.127838,8.474597789
0.127938,8.402450592,0.127938,6.809936868,0.127938,5.459123813,0.127938,7.808599754,0.127938,8.688935048
0.128038,8.293105753,0.128038,6.711249712,0.128038,5.526527783,0.128038,7.94111681,0.128038,8.697993708
0.128138,8.369146017,0.128138,6.773119412,0.128138,5.596926279,0.128138,7.891777808,0.128138,8.772628035
0.128238,8.31813192,0.128238,6.76321958,0.128238,5.754777126,0.128238,8.041025371,0.128238,9.043453432
0.128338,8.468113961,0.128338,6.75836848,0.128338,5.883205834,0.128338,7.871453248,0.128338,8.912352126
0.128438,8.294406497,0.128438,6.71498307,0.128438,5.793454332,0.128438,8.082902379,0.128438,8.924748905
0.128538,8.29886098,0.128538,6.814808446,0.128538,5.693212161,0.128538,7.912590661,0.128538,9.128374927
0.128638,8.313185455,0.128638,6.729679552,0.128638,5.817573403,0.128638,8.266587973,0.128638,9.059866677
0.128738,8.268853267,0.128738,6.886757295,0.128738,5.806687442,0.128738,8.145055521,0.128738,9.062767242
0.128838,8.190730691,0.128838,6.928471158,0.128838,5.930030241,0.128838,8.18175604,0.128838,9.005396939
0.128938,8.215840702,0.128938,6.983434437,0.128938,5.770021048,0.128938,8.285698586,0.128938,9.03547531
0.129038,8.270910205,0.129038,6.836538133,0.129038,5.891968256,0.129038,8.177153917,0.129038,9.242964884
0.129138,8.064139979,0.129138,6.879802013,0.129138,6.002311916,0.129138,8.428888903,0.129138,9.301396339
0.129238,8.076547228,0.129238,6.829302826,0.129238,6.152813736,0.129238,8.291878505,0.129238,9.283966926
0.129338,8.129092968,0.129338,6.816758833,0.129338,5.960434892,0.129338,8.156884906,0.129338,9.329280006
0.129438,8.00534466,0.129438,6.802287915,0.129438,5.991741364,0.129438,8.233174827,0.129438,9.473429858
0.129538,8.062615975,0.129538,6.75177039,0.129538,6.153899739,0.129538,8.29668578,0.129538,9.372169047
0.129638,8.051849682,0.129638,6.778790779,0.129638,5.993181046,0.129638,8.415334748,0.129638,9.643595284
0.129738,8.033989507,0.129738,6.717736104,0.129738,6.383199953,0.129738,8.418973615,0.129738,9.600570853
0.129838,8.116047098,0.129838,6.902823017,0.129838,6.343820558,0.129838,8.469251247,0.129838,9.586502645
0.129938,7.979617722,0.129938,6.87776042,0.129938,6.440896065,0.129938,8.485281144,0.129938,9.464547501
0.130038,8.030084284,0.130038,6.790798273,0.130038,6.222133658,0.130038,8.593131555,0.130038,9.548178816
0.130138,7.970772662,0.130138,6.69032577,0.130138,6.335926662,0.130138,8.538569962,0.130138,9.701840003
0.130238,7.938402253,0.130238,6.815667384,0.130238,6.314591085,0.130238,8.620302424,0.130238,9.488717857
0.130338,7.941713937,0.130338,6.736044721,0.130338,6.384122634,0.130338,8.962941781,0.130338,9.574441372
0.130438,7.944110319,0.130438,6.792710599,0.130438,6.469110745,0.130438,8.67195487,0.130438,9.806133041
0.130538,7.83629774,0.130538,6.662430565,0.130538,6.704587788,0.130538,8.820580292,0.130538,9.851439233
0.130638,7.879467611,0.130638,6.865774754,0.130638,6.362989728,0.130638,8.897475397,0.130638,9.670085247
0.130738,7.777633458,0.130738,6.785936092,0.130738,6.429947211,0.130738,8.713068303,0.130738,9.84732993
0.130838,7.726385857,0.130838,6.87752129,0.130838,6.529877687,0.130838,8.918702867,0.130838,9.727557841
0.130938,7.780318119,0.130938,6.692218235,0.130938,6.500288452,0.130938,8.9248981,0.130938,9.771526163
0.131038,7.803385991,0.131038,6.920167991,0.131038,6.490319603,0.131038,8.979406553,0.131038,9.911482497
0.131138,7.771554993,0.131138,6.899796261,0.131138,6.563166728,0.131138,9.11618042,0.131138,9.918786142
0.131238,7.775018356,0.131238,6.863671195,0.131238,6.753940287,0.131238,9.017842287,0.131238,10.06984136
0.131338,7.771797267,0.131338,6.968094679,0.131338,6.707826672,0.131338,8.98126572,0.131338,10.1003725
0.131438,7.683661151,0.131438,6.801879379,0.131438,6.692503078,0.131438,9.15726664,0.131438,10.01902982
0.131538,7.548229042,0.131538,6.76550848,0.131538,6.780115529,0.131538,9.10301409,0.131538,10.16106941
0.131638,7.761422503,0.131638,6.689856122,0.131638,6.824923892,0.131638,9.210293113,0.131638,10.16674812
0.131738,7.698468337,0.131738,6.722188234,0.131738,6.942288101,0.131738,9.243496564,0.131738,10.22134704
0.131838,7.716671122,0.131838,6.709347963,0.131838,6.865277637,0.131838,9.070500966,0.131838,10.05684386
0.131938,7.61582768,0.131938,6.632646884,0.131938,6.906484439,0.131938,9.052584812,0.131938,10.0824772
0.132038,7.382134486,0.132038,6.742355266,0.132038,6.870302402,0.132038,9.047467959,0.132038,10.19516531
0.132138,7.508212791,0.132138,6.638813371,0.132138,7.05185378,0.132138,9.272490609,0.132138,10.06997503
0.132238,7.461495732,0.132238,6.523058327,0.132238,6.858031383,0.132238,9.112384921,0.132238,10.14634083
0.132338,7.51910887,0.132338,6.662932408,0.132338,7.036214382,0.132338,9.22199748,0.132338,10.07063552
0.132438,7.487632072,0.132438,6.474832986,0.132438,6.98224545,0.132438,9.297575581,0.132438,9.981220597
0.132538,7.398117939,0.132538,6.490670385,0.132538,6.945142413,0.132538,9.353663957,0.132538,10.10674654
0.132638,7.40982148,0.132638,6.584425704,0.132638,6.961792824,0.132638,9.258343859,0.132638,10.16804841
0.132738,7.34055339,0.132738,6.47688215,0.132738,7.009322268,0.132738,9.224190187,0.132738,10.35168732
0.132838,7.53745557,0.132838,6.5619163,0.132838,7.135138325,0.132838,9.448615519,0.132838,10.26419623
0.132938,7.358874172,0.132938,6.510815236,0.132938,7.298460167,0.132938,9.400893731,0.132938,10.0590663
0.133038,7.261446168,0.133038,6.425597894,0.133038,7.310299833,0.133038,9.561214149,0.133038,10.00200473
0.133138,7.466748417,0.133138,6.538338449,0.133138,7.13053373,0.133138,9.424971303,0.133138,10.13225006
0.133238,7.365463057,0.133238,6.576413905,0.133238,7.203121354,0.133238,9.616282087,0.133238,9.84630795
0.133338,7.336414008,0.133338,6.507040722,0.133338,7.161452994,0.133338,9.374446684,0.133338,10.16810505
0.133438,7.388613612,0.133438,6.752385694,0.133438,7.175265999,0.133438,9.750503924,0.133438,10.09870281
0.133538,7.47553312,0.133538,6.507645025,0.133538,7.228391712,0.133538,9.546106815,0.133538,10.31956285
0.133638,7.445709637,0.133638,6.629581636,0.133638,7.371526103,0.133638,9.65067661,0.133638,10.12695831
0.133738,7.629092932,0.133738,6.68073154,0.133738,7.338743994,0.133738,9.573535613,0.133738,10.19071027
0.133838,7.686616304,0.133838,6.657500768,0.133838,7.385124852,0.133838,9.62045174,0.133838,10.37832364
0.133938,7.573666155,0.133938,6.561127802,0.133938,7.77096078,0.133938,9.698605802,0.133938,10.36326326
0.134038,7.560595194,0.134038,6.445674902,0.134038,7.589794663,0.134038,9.79659297,0.134038,10.18571376
0.134138,7.570360291,0.134138,6.444574669,0.134138,7.714385044,0.134138,9.57585319,0.134138,10.2571434
0.134238,7.522044376,0.134238,6.491602565,0.134238,7.598577583,0.134238,9.948728836,0.134238,10.17732486
0.134338,7.492188906,0.134338,6.614596719,0.134338,7.743116418,0.134338,9.608695574,0.134338,10.23602677
0.134438,7.545627303,0.134438,6.685885187,0.134438,7.698522942,0.134438,9.697899334,0.134438,10.22900838
0.134538,7.431265462,0.134538,6.733329549,0.134538,7.620924996,0.134538,9.737294092,0.134538,10.07882316
0.134638,7.611581185,0.134638,6.652694087,0.134638,7.91300622,0.134638,9.839720936,0.134638,10.29608636
0.134738,7.564270658,0.134738,6.574099798,0.134738,7.9896756,0.134738,9.719084381,0.134738,10.25377785
0.134838,7.427840166,0.134838,6.889766196,0.134838,7.932527753,0.134838,9.972803548,0.134838,10.35307729
0.134938,7.546447817,0.134938,6.790876947,0.134938,7.854486488,0.134938,9.908094804,0.134938,10.20932369
0.135038,7.543517104,0.135038,6.856384372,0.135038,7.893633045,0.135038,10.07879191,0.135038,10.02910213
0.135138,7.572370133,0.135138,7.022722492,0.135138,7.837926861,0.135138,10.14804279,0.135138,10.30033186
0.135238,7.584610443,0.135238,7.019197149,0.135238,8.141079129,0.135238,9.970061979,0.135238,10.19829204
0.135338,7.591477247,0.135338,6.956058141,0.135338,8.030022854,0.135338,9.997882546,0.135338,10.0690579
0.135438,7.526881274,0.135438,6.907495107,0.135438,8.250421543,0.135438,10.22237882,0.135438,10.22451126
0.135538,7.402768119,0.135538,6.923893988,0.135538,8.204010544,0.135538,10.13715344,0.135538,10.31060125
0.135638,7.798090416,0.135638,6.992632619,0.135638,8.132474584,0.135638,10.31969612,0.135638,10.30077255
0.135738,7.597806918,0.135738,7.177977342,0.135738,8.404739284,0.135738,10.26014029,0.135738,10.38128914
0.135838,7.595940461,0.135838,7.215165695,0.135838,8.487900205,0.135838,10.17570777,0.135838,10.48010721
0.135938,7.660818165,0.135938,7.259335165,0.135938,8.517908969,0.135938,10.4737812,0.135938,10.34936146
0.136038,7.665498188,0.136038,7.186862113,0.136038,8.497511608,0.136038,10.59856683,0.136038,10.53248241
0.136138,7.614058394,0.136138,7.426791222,0.136138,8.332141052,0.136138,10.30781724,0.136138,10.57981732
0.136238,7.649895352,0.136238,7.204596948,0.136238,8.414144299,0.136238,10.2860009,0.136238,10.35579184
0.136338,7.795595451,0.136338,7.346650023,0.136338,8.432616147,0.136338,10.54105432,0.136338,10.40098115
0.136438,7.799619232,0.136438,7.399520846,0.136438,8.539779113,0.136438,10.6938245,0.136438,10.46415262
0.136538,7.694601131,0.136538,7.304206303,0.136538,8.49276969,0.136538,10.61640222,0.136538,10.51738135
0.136638,7.83989671,0.136638,7.372589385,0.136638,8.520448391,0.136638,10.48660302,0.136638,10.46608675
0.136738,7.779458034,0.136738,7.342928207,0.136738,8.586816675,0.136738,10.65534067,0.136738,10.40445837
0.136838,7.802729418,0.136838,7.48646462,0.136838,8.633092457,0.136838,10.67239928,0.136838,10.36051162
0.136938,7.915888269,0.136938,7.549399203,0.136938,8.538457123,0.136938,10.62678143,0.136938,10.31434488
0.137038,8.04032728,0.137038,7.528572536,0.137038,8.50267277,0.137038,10.65346329,0.137038,10.16051325
0.137138,8.013362498,0.137138,7.577234437,0.137138,8.66675767,0.137138,10.74584717,0.137138,10.15624272
0.137238,7.957896924,0.137238,7.619622326,0.137238,8.542631059,0.137238,10.88219319,0.137238,10.36045108
0.137338,8.155053113,0.137338,7.737756892,0.137338,8.609123932,0.137338,10.90447962,0.137338,10.21510487
0.137438,8.214838695,0.137438,7.846602188,0.137438,8.595270778,0.137438,10.64317052,0.137438,10.45101793
0.137538,8.319838755,0.137538,7.873332293,0.137538,8.676829507,0.137538,10.94560094,0.137538,10.20547423
0.137638,8.162142135,0.137638,7.769118952,0.137638,8.74893005,0.137638,10.74368178,0.137638,10.29566166
0.137738,8.420960566,0.137738,7.838103026,0.137738,8.654639746,0.137738,10.83594788,0.137738,10.11668956
0.137838,8.426669043,0.137838,7.953773262,0.137838,8.755401549,0.137838,10.75157412,0.137838,10.33570171
0.137938,8.449107193,0.137938,8.033758573,0.137938,8.89125148,0.137938,10.76567853,0.137938,10.39530818
0.138038,8.363855316,0.138038,8.012345446,0.138038,8.897657277,0.138038,10.99200652,0.138038,10.45327565
0.138138,8.525106545,0.138138,7.88483836,0.138138,8.965188432,0.138138,10.92451692,0.138138,10.3246514
0.138238,8.456224882,0.138238,8.12867169,0.138238,8.869570338,0.138238,10.74467979,0.138238,10.48039758
0.138338,8.468278659,0.138338,8.176182924,0.138338,8.957850649,0.138338,10.83566016,0.138338,10.64716377
0.138438,8.520710683,0.138438,8.250554976,0.138438,9.19034839,0.138438,11.02250395,0.138438,10.55156086
0.138538,8.525767722,0.138538,8.091976928,0.138538,9.256908254,0.138538,10.98543231,0.138538,10.53902945
0.138638,8.498203524,0.138638,7.973852604,0.138638,9.357532938,0.138638,10.76167433,0.138638,10.53314084
0.138738,8.549629196,0.138738,8.109771389,0.138738,9.229733838,0.138738,10.83479837,0.138738,10.62513554
0.138838,8.600346689,0.138838,8.192617077,0.138838,9.239514634,0.138838,11.12663961,0.138838,10.83781828
0.138938,8.712722253,0.138938,8.075995655,0.138938,9.492059215,0.138938,10.90760253,0.138938,10.84491536
0.139038,8.744913104,0.139038,8.050216644,0.139038,9.377377712,0.139038,11.0507033,0.139038,10.75940069
0.139138,8.673893178,0.139138,7.957764559,0.139138,9.434178186,0.139138,11.03532879,0.139138,10.83136509
0.139238,8.78842852,0.139238,8.227426308,0.139238,9.465891415,0.139238,11.05516173,0.139238,10.60997245
0.139338,8.970263871,0.139338,8.07154261,0.139338,9.409626618,0.139338,11.031205,0.139338,10.75311033
0.139438,8.797471761,0.139438,8.061886914,0.139438,9.399502727,0.139438,11.0685323,0.139438,10.79752339
0.139538,8.999773155,0.139538,8.316775608,0.139538,9.569987935,0.139538,10.89998237,0.139538,10.78679247
0.139638,9.030532162,0.139638,8.255346208,0.139638,9.38818227,0.139638,11.04824104,0.139638,10.74769349
0.139738,9.136411776,0.139738,8.278831476,0.139738,9.708145575,0.139738,11.06207709,0.139738,10.87789468
0.139838,9.053505486,0.139838,8.267305266,0.139838,9.633683139,0.139838,11.01671609,0.139838,10.70279216
0.139938,9.189319531,0.139938,8.315525349,0.139938,9.579516812,0.139938,10.89603175,0.139938,10.89871046
0.140038,9.110680123,0.140038,8.419256871,0.140038,9.664338755,0.140038,10.88054268,0.140038,11.07800034
0.140138,9.279667906,0.140138,8.432197924,0.140138,9.603426394,0.140138,10.95197536,0.140138,10.81048957
0.140238,9.294399328,0.140238,8.610832139,0.140238,9.763097814,0.140238,10.81826161,0.140238,10.94253064
0.140338,9.390632695,0.140338,8.601845642,0.140338,9.645175666,0.140338,10.95462496,0.140338,10.92385439
0.140438,9.37701405,0.140438,8.553612862,0.140438,9.727229121,0.140438,10.82233957,0.140438,10.93381636
0.140538,9.383289964,0.140538,8.457961582,0.140538,9.712337933,0.140538,10.91899343,0.140538,11.03118164
0.140638,9.443030811,0.140638,8.707655726,0.140638,9.697133,0.140638,10.99628152,0.140638,10.99394322
0.140738,9.195266249,0.140738,8.521431225,0.140738,9.748445079,0.140738,11.02214798,0.140738,11.07682738
0.140838,9.374995193,0.140838,8.413035702,0.140838,9.868756964,0.140838,10.96267487,0.140838,11.07489788
0.140938,9.441295061,0.140938,8.535887232,0.140938,9.894777532,0.140938,11.10454096,0.140938,11.34715332
0.141038,9.444245255,0.141038,8.576345755,0.141038,9.862069615,0.141038,11.0104146,0.141038,11.01448945
0.141138,9.365943595,0.141138,8.508032481,0.141138,10.03245239,0.141138,11.3046733,0.141138,11.23037348
0.141238,9.353969697,0.141238,8.360359714,0.141238,10.02607636,0.141238,11.22008299,0.141238,11.28080654
0.141338,9.456607563,0.141338,8.46471556,0.141338,10.07010171,0.141338,11.18560059,0.141338,11.27010493
0.141438,9.627951217,0.141438,8.579131472,0.141438,10.00263671,0.141438,10.8568249,0.141438,11.42828259
0.141538,9.475383895,0.141538,8.602876717,0.141538,9.908882177,0.141538,11.24689269,0.141538,11.44053453
0.141638,9.649576479,0.141638,8.617864484,0.141638,10.23150894,0.141638,11.3524846,0.141638,11.52282344
0.141738,9.535340105,0.141738,8.714855332,0.141738,9.845771005,0.141738,11.25515285,0.141738,11.75154578
0.141838,9.649825834,0.141838,8.916239888,0.141838,10.10492083,0.141838,11.37276324,0.141838,11.65541466
0.141938,9.763754169,0.141938,8.768918838,0.141938,9.876922965,0.141938,11.11058272,0.141938,11.74078879
0.142038,9.735481837,0.142038,8.738221455,0.142038,10.2061507,0.142038,11.13087913,0.142038,11.8695317
0.142138,9.785600658,0.142138,8.583912553,0.142138,10.12077155,0.142138,11.34651974,0.142138,11.8394062
0.142238,9.656502141,0.142238,8.723997752,0.142238,10.0575041,0.142238,11.33591506,0.142238,11.96296591
0.142338,9.764815749,0.142338,8.826171694,0.142338,10.19862683,0.142338,11.23618394,0.142338,11.9285613
0.142438,9.802661814,0.142438,8.764810656,0.142438,9.975181972,0.142438,11.47318332,0.142438,11.96217252
0.142538,9.815714794,0.142538,8.786535815,0.142538,10.11441082,0.142538,11.46123427,0.142538,11.86394314
0.142638,9.740316957,0.142638,8.837027376,0.142638,10.26670464,0.142638,11.4394422,0.142638,11.9312687
0.142738,9.790692145,0.142738,8.734313715,0.142738,10.1415513,0.142738,11.57106537,0.142738,12.02619333
0.142838,9.830435972,0.142838,8.84394312,0.142838,10.35221879,0.142838,11.75038448,0.142838,12.00440479
0.142938,9.819507575,0.142938,8.966541628,0.142938,10.29432291,0.142938,11.7042318,0.142938,11.88537066
0.143038,9.933188154,0.143038,8.885289286,0.143038,10.33674043,0.143038,11.62762407,0.143038,12.00843395
0.143138,9.894847327,0.143138,8.958200123,0.143138,10.29879011,0.143138,11.70524541,0.143138,12.02872716
0.143238,9.974687679,0.143238,9.001652421,0.143238,10.37449907,0.143238,11.86741711,0.143238,12.16915756
0.143338,10.04410202,0.143338,8.985279217,0.143338,10.48442024,0.143338,11.74300671,0.143338,12.45058992
0.143438,9.951370319,0.143438,8.951194987,0.143438,10.38208902,0.143438,11.67948984,0.143438,12.31136126
0.143538,10.05565126,0.143538,8.970442116,0.143538,10.44234241,0.143538,11.86536907,0.143538,12.278614
0.143638,10.06769667,0.143638,9.128687134,0.143638,10.54560623,0.143638,11.78310507,0.143638,12.26790199
0.143738,9.971752977,0.143738,9.038560597,0.143738,10.50272995,0.143738,12.02102905,0.143738,12.29501808
0.143838,10.07327294,0.143838,9.362107685,0.143838,10.57429414,0.143838,12.0077698,0.143838,12.4054067
0.143938,10.20586155,0.143938,9.330158195,0.143938,10.73262062,0.143938,11.9715791,0.143938,12.71735636
0.144038,10.21615504,0.144038,9.137843782,0.144038,10.44891705,0.144038,12.07245354,0.144038,12.56610911
0.144138,10.20205789,0.144138,9.290870423,0.144138,10.71572026,0.144138,12.12237155,0.144138,12.53681289
0.144238,10.39415024,0.144238,9.367979942,0.144238,10.68389144,0.144238,12.41366165,0.144238,12.48379053
0.144338,10.24891849,0.144338,9.349955856,0.144338,10.55996728,0.144338,12.26385518,0.144338,12.6598228
0.144438,10.25045166,0.144438,9.307272596,0.144438,10.64822277,0.144438,12.30249143,0.144438,12.87955482
0.144538,10.28085344,0.144538,9.368866448,0.144538,10.6194033,0.144538,12.1428027,0.144538,12.62079111
0.144638,10.40611859,0.144638,9.369698587,0.144638,10.60842478,0.144638,12.19173171,0.144638,13.0607519
0.144738,10.42203524,0.144738,9.408806931,0.144738,10.75787193,0.144738,12.0048162,0.144738,12.91180224
0.144838,10.35407433,0.144838,9.439302271,0.144838,10.76980465,0.144838,12.34832354,0.144838,13.19320847
0.144938,10.32468824,0.144938,9.5487633,0.144938,10.81757036,0.144938,12.30895224,0.144938,13.12559405
0.145038,10.4056474,0.145038,9.443101687,0.145038,1.06E+01,0.145038,12.3922539,0.145038,13.06994653
0.145138,10.38445496,0.145138,9.36349306,0.145138,10.74798454,0.145138,12.5867955,0.145138,13.3575515
0.145238,10.42875413,0.145238,9.252628796,0.145238,10.91384896,0.145238,12.47263181,0.145238,13.44749159
0.145338,10.42920199,0.145338,9.542768523,0.145338,10.86155209,0.145338,12.58114844,0.145338,13.25334834
0.145438,10.43467264,0.145438,9.459080974,0.145438,10.87329846,0.145438,12.56554678,0.145438,13.59842062
0.145538,10.59891989,0.145538,9.483358914,0.145538,10.9756029,0.145538,12.67039255,0.145538,13.68850218
0.145638,10.61888232,0.145638,9.539845763,0.145638,10.97586826,0.145638,12.72692835,0.145638,13.70544123
0.145738,10.52722592,0.145738,9.498324369,0.145738,10.98762838,0.145738,12.6553309,0.145738,13.70923849
0.145838,10.63853809,0.145838,9.689011022,0.145838,11.10010526,0.145838,12.73955368,0.145838,13.6648877
0.145938,10.53855317,0.145938,9.66770661,0.145938,11.1193696,0.145938,12.95566029,0.145938,13.69121166
0.146038,10.54622844,0.146038,9.456909193,0.146038,11.2104232,0.146038,12.82556251,0.146038,13.86993099
0.146138,10.79182523,0.146138,9.646774306,0.146138,11.18418815,0.146138,12.86759169,0.146138,13.80509532
0.146238,10.71628181,0.146238,9.687162475,0.146238,11.07600625,0.146238,12.94516308,0.146238,13.84913804
0.146338,10.72454046,0.146338,9.731567721,0.146338,11.00891793,0.146338,13.01882659,0.146338,13.98432868
0.146438,10.75324633,0.146438,9.820346649,0.146438,11.21955215,0.146438,13.03690209,0.146438,13.95901743
0.146538,10.71830034,0.146538,9.711246763,0.146538,11.31546242,0.146538,13.14097372,0.146538,13.96043647
0.146638,10.91519287,0.146638,9.800964986,0.146638,11.24417878,0.146638,13.17442391,0.146638,14.0918673
0.146738,10.90597963,0.146738,9.666434897,0.146738,11.29214982,0.146738,13.22377045,0.146738,14.0660292
0.146838,10.82099584,0.146838,9.735576661,0.146838,11.10815961,0.146838,13.14923063,0.146838,14.17028296
0.146938,10.95861164,0.146938,9.683168811,0.146938,11.35256752,0.146938,13.29846377,0.146938,13.94114663
0.147038,10.75882292,0.147038,9.7254252,0.147038,11.30410927,0.147038,13.20547418,0.147038,14.23897907
0.147138,10.82511563,0.147138,9.697186515,0.147138,11.55721897,0.147138,13.11591661,0.147138,14.2212072
0.147238,10.76505774,0.147238,9.738026266,0.147238,11.49676179,0.147238,13.42189344,0.147238,14.28303637
0.147338,10.74999579,0.147338,9.777761424,0.147338,11.42765795,0.147338,13.42521788,0.147338,14.27817031
0.147438,10.81135179,0.147438,9.597128452,0.147438,11.33699168,0.147438,13.2335997,0.147438,14.45617801
0.147538,10.83508369,0.147538,9.592417222,0.147538,11.33924437,0.147538,13.3096777,0.147538,14.28204109
0.147638,10.9063551,0.147638,9.765002209,0.147638,11.45050923,0.147638,13.41833184,0.147638,14.42975054
0.147738,10.82353529,0.147738,9.899118139,0.147738,11.51888218,0.147738,13.46435566,0.147738,14.26492443
0.147838,11.0520375,0.147838,9.82232233,0.147838,11.55323499,0.147838,13.64222209,0.147838,14.54847367
0.147938,10.93137086,0.147938,9.797151294,0.147938,11.44375854,0.147938,13.39003162,0.147938,14.51790967
0.148038,11.0500314,0.148038,9.789200046,0.148038,11.67974223,0.148038,13.56261871,0.148038,14.69683941
0.148138,11.26655658,0.148138,9.90283289,0.148138,11.89539497,0.148138,13.54887309,0.148138,14.58885665
0.148238,11.38281232,0.148238,10.09163837,0.148238,11.94171815,0.148238,13.65316689,0.148238,14.73634976
0.148338,11.26386872,0.148338,10.11100705,0.148338,11.91312447,0.148338,13.64652243,0.148338,14.88116785
0.148438,11.32034893,0.148438,10.11334267,0.148438,11.80008973,0.148438,13.63449173,0.148438,15.12940996
0.148538,11.25924307,0.148538,9.936708715,0.148538,11.95087032,0.148538,13.93396086,0.148538,15.01451388
0.148638,11.3356657,0.148638,10.13333697,0.148638,11.9916734,0.148638,13.8136605,0.148638,15.04637953
0.148738,11.41853356,0.148738,10.11495562,0.148738,12.09852067,0.148738,13.97567617,0.148738,15.1569538
0.148838,11.40779015,0.148838,9.905996393,0.148838,12.2285178,0.148838,13.77231851,0.148838,15.30351953
0.148938,11.41202492,0.148938,9.959351222,0.148938,12.19174969,0.148938,14.15171255,0.148938,15.21469995
0.149038,11.56770805,0.149038,9.960507429,0.149038,12.70801308,0.149038,14.00418084,0.149038,15.21149158
0.149138,11.53842646,0.149138,9.974012059,0.149138,12.42523615,0.149138,14.12537984,0.149138,15.39236638
0.149238,11.46014891,0.149238,10.05575178,0.149238,12.31023144,0.149238,14.26427035,0.149238,15.54898138
0.149338,11.5919471,0.149338,9.912194942,0.149338,12.58578993,0.149338,14.23028342,0.149338,15.41537607
0.149438,11.467195,0.149438,10.0726787,0.149438,12.37861057,0.149438,14.33300061,0.149438,15.47295215
0.149538,11.4046303,0.149538,10.32637612,0.149538,12.32574084,0.149538,14.36895905,0.149538,15.51676264
0.149638,11.39368877,0.149638,10.1022906,0.149638,12.56170266,0.149638,14.436559,0.149638,15.71435807
0.149738,11.62636432,0.149738,10.13388758,0.149738,12.34965981,0.149738,14.24473971,0.149738,15.6554189
0.149838,11.52774265,0.149838,10.17502925,0.149838,12.42482173,0.149838,14.7171832,0.149838,15.69934995
0.149938,11.58471679,0.149938,10.40225815,0.149938,12.57010075,0.149938,14.59335478,0.149938,15.85797926
0.150038,11.62636988,0.150038,10.29484115,0.150038,12.69413683,0.150038,14.46846822,0.150038,15.85236974
0.150138,11.71761702,0.150138,10.48448229,0.150138,12.58444796,0.150138,14.63267347,0.150138,15.7514913
0.150238,11.73473308,0.150238,10.35792969,0.150238,12.57764104,0.150238,14.74746738,0.150238,16.04000588
0.150338,11.62579373,0.150338,10.42974883,0.150338,12.41487505,0.150338,14.81050447,0.150338,15.94647492
0.150438,11.84190232,0.150438,10.31363317,0.150438,12.72843036,0.150438,14.87831033,0.150438,15.93723322
0.150538,11.8117212,0.150538,10.37135829,0.150538,12.69472559,0.150538,14.92988701,0.150538,15.91532972
0.150638,11.88165044,0.150638,10.4855042,0.150638,12.79479269,0.150638,14.85793034,0.150638,16.07449216
0.150738,11.8254151,0.150738,10.27031827,0.150738,12.82025118,0.150738,14.77519774,0.150738,16.29267354
0.150838,11.80661543,0.150838,10.51716251,0.150838,12.82623064,0.150838,14.93888506,0.150838,16.15604709
0.150938,11.9453998,0.150938,10.53831637,0.150938,13.00914678,0.150938,15.0234917,0.150938,16.22370516
0.151038,11.95276728,0.151038,10.61238504,0.151038,12.92310598,0.151038,15.02755435,0.151038,16.12531418
0.151138,11.94277504,0.151138,10.67543066,0.151138,12.95512757,0.151138,14.97644333,0.151138,16.33342693
0.151238,11.96701548,0.151238,10.64657078,0.151238,13.00050319,0.151238,15.16262215,0.151238,16.46861805
0.151338,11.99379261,0.151338,10.55103996,0.151338,12.94144568,0.151338,15.212575,0.151338,16.18400911
0.151438,12.02519479,0.151438,10.63176712,0.151438,13.0105997,0.151438,15.21702519,0.151438,16.35016373
0.151538,12.08528049,0.151538,10.59294317,0.151538,12.96142572,0.151538,15.15220747,0.151538,16.59187462
0.151638,11.96591336,0.151638,10.75215802,0.151638,13.08346646,0.151638,15.11323354,0.151638,16.47651492
0.151738,12.01978964,0.151738,10.53196489,0.151738,13.23399099,0.151738,15.27224654,0.151738,16.50018323
0.151838,12.05617526,0.151838,10.67070672,0.151838,13.27769977,0.151838,15.17460873,0.151838,16.50854275
0.151938,12.00413442,0.151938,10.68164568,0.151938,13.19602913,0.151938,15.54975534,0.151938,16.77377365
0.152038,12.01851218,0.152038,10.69778662,0.152038,13.33155405,0.152038,15.52840415,0.152038,16.50094364
0.152138,12.09084843,0.152138,10.7166139,0.152138,13.23252286,0.152138,15.56338456,0.152138,16.60056696
0.152238,12.29371281,0.152238,10.63560804,0.152238,13.28605344,0.152238,15.487159,0.152238,16.59702235
0.152338,12.26140515,0.152338,10.80840494,0.152338,13.54220083,0.152338,15.51092197,0.152338,16.70038626
0.152438,12.40659091,0.152438,10.77204645,0.152438,13.34876718,0.152438,15.59659308,0.152438,16.59002754
0.152538,12.32200381,0.152538,10.82766404,0.152538,13.64005283,0.152538,15.64151442,0.152538,16.81415314
0.152638,12.52985931,0.152638,10.69216404,0.152638,13.69802619,0.152638,15.52750409,0.152638,16.74594885
0.152738,12.53667675,0.152738,10.93121003,0.152738,13.53582668,0.152738,15.73097985,0.152738,16.69461956
0.152838,12.47656993,0.152838,10.98899711,0.152838,13.49794151,0.152838,15.79739161,0.152838,16.92260395
0.152938,12.55195451,0.152938,10.80628319,0.152938,13.53600892,0.152938,15.79740231,0.152938,16.76068143
0.153038,12.46889023,0.153038,10.75281503,0.153038,13.59129413,0.153038,15.80659562,0.153038,16.92952322
0.153138,12.43041696,0.153138,10.75657615,0.153138,13.77103222,0.153138,15.95850963,0.153138,16.65150785
0.153238,12.57806872,0.153238,10.84402229,0.153238,13.73642758,0.153238,15.9666663,0.153238,16.90177458
0.153338,12.62469921,0.153338,10.93115232,0.153338,13.77733531,0.153338,16.13605021,0.153338,17.01209766
0.153438,12.620108,0.153438,11.02983692,0.153438,13.8543661,0.153438,16.16352312,0.153438,17.07886691
0.153538,12.55212429,0.153538,10.98902773,0.153538,13.82202319,0.153538,16.27472967,0.153538,17.05528829
0.153638,12.65477061,0.153638,10.87690269,0.153638,13.89989403,0.153638,16.15840372,0.153638,17.04703182
0.153738,12.61333464,0.153738,10.98572879,0.153738,14.01914805,0.153738,16.3111765,0.153738,17.04531021
0.153838,12.62908157,0.153838,11.09242486,0.153838,13.98451403,0.153838,16.29717028,0.153838,17.37440678
0.153938,12.56485246,0.153938,10.97035723,0.153938,14.03422744,0.153938,16.41093961,0.153938,17.23922792
0.154038,12.57370824,0.154038,11.05909775,0.154038,14.12745586,0.154038,16.49175121,0.154038,17.49750496
0.154138,12.61749185,0.154138,11.29757652,0.154138,14.21399289,0.154138,16.51799663,0.154138,17.35224647
0.154238,12.52760107,0.154238,10.98139647,0.154238,14.29102933,0.154238,16.52774728,0.154238,17.39571521
0.154338,12.64505959,0.154338,11.14488681,0.154338,14.1701926,0.154338,16.6961538,0.154338,17.39614815
0.154438,12.64138175,0.154438,11.12509992,0.154438,14.13655231,0.154438,16.63695921,0.154438,17.50775107
0.154538,12.53680184,0.154538,11.08804752,0.154538,14.25055087,0.154538,16.57150742,0.154538,17.49734403
0.154638,12.76427627,0.154638,11.16745136,0.154638,14.30161766,0.154638,16.4495433,0.154638,17.36521206
0.154738,12.70891472,0.154738,11.31880826,0.154738,14.51787634,0.154738,16.76735231,0.154738,17.51230083
0.154838,12.5499151,0.154838,11.11779522,0.154838,14.37299608,0.154838,16.72881404,0.154838,17.46690092
0.154938,12.68378433,0.154938,11.11782736,0.154938,14.39986223,0.154938,16.96453577,0.154938,17.30392583
0.155038,12.53097192,0.155038,11.11897778,0.155038,14.44471454,0.155038,16.89096065,0.155038,17.35592111
0.155138,12.56268382,0.155138,11.17643707,0.155138,14.52352818,0.155138,16.88581202,0.155138,17.5635992
0.155238,12.58133761,0.155238,11.15033326,0.155238,14.56324573,0.155238,16.9749517,0.155238,17.58948551
0.155338,12.62712652,0.155338,11.34228921,0.155338,14.44493292,0.155338,17.06233514,0.155338,17.63432105
0.155438,12.55300784,0.155438,11.13424533,0.155438,14.46513238,0.155438,17.06189301,0.155438,17.37600764
0.155538,12.7021782,0.155538,11.20445916,0.155538,14.56975049,0.155538,17.36807688,0.155538,17.63334175
0.155638,12.56274659,0.155638,11.05609863,0.155638,14.61169295,0.155638,17.10128107,0.155638,17.48609209
0.155738,12.63357161,0.155738,11.23354728,0.155738,14.5863856,0.155738,17.28671608,0.155738,17.75743094
0.155838,12.62602888,0.155838,11.28020844,0.155838,14.76726188,0.155838,17.26066378,0.155838,17.65893702
0.155938,12.65992734,0.155938,11.39727079,0.155938,14.7098693,0.155938,17.11922623,0.155938,17.95879618
0.156038,12.63993585,0.156038,11.38637521,0.156038,14.92521948,0.156038,17.52755461,0.156038,17.93803058
0.156138,12.50762888,0.156138,11.42434292,0.156138,14.71067423,0.156138,17.3213788,0.156138,17.74728314
0.156238,12.54362858,0.156238,11.50893764,0.156238,14.97071439,0.156238,17.41782968,0.156238,17.80496175
0.156338,12.61273783,0.156338,11.68281755,0.156338,15.1203576,0.156338,17.44731476,0.156338,18.02617856
0.156438,12.44837847,0.156438,11.6747403,0.156438,15.02633538,0.156438,17.48877926,0.156438,17.81082562
0.156538,12.57280241,0.156538,11.7102365,0.156538,14.99590225,0.156538,17.46486255,0.156538,18.14946903
0.156638,12.4347297,0.156638,11.73435977,0.156638,15.20681176,0.156638,17.66266813,0.156638,18.08518361
0.156738,12.4703303,0.156738,11.78433117,0.156738,15.17420985,0.156738,17.57721939,0.156738,18.20570854
0.156838,12.41045405,0.156838,11.6220781,0.156838,15.25082141,0.156838,17.59890883,0.156838,18.45121091
0.156938,12.54544689,0.156938,11.83281397,0.156938,15.31744672,0.156938,17.89952013,0.156938,18.1852429
0.157038,12.55448253,0.157038,11.73290579,0.157038,15.34056507,0.157038,17.72898692,0.157038,18.20471007
0.157138,12.57434867,0.157138,11.62727534,0.157138,15.43608517,0.157138,17.92762849,0.157138,18.25291775
0.157238,12.39460274,0.157238,11.83874905,0.157238,15.3856403,0.157238,18.04896588,0.157238,18.24836539
0.157338,12.49464367,0.157338,11.72204814,0.157338,15.38020785,0.157338,18.03101612,0.157338,18.24803089
0.157438,12.45774604,0.157438,11.82151171,0.157438,15.62404865,0.157438,18.15526808,0.157438,18.30328388
0.157538,12.57385528,0.157538,11.85498257,0.157538,15.56936964,0.157538,17.93698477,0.157538,18.26865793
0.157638,12.4915009,0.157638,12.01910848,0.157638,15.73881362,0.157638,18.20523008,0.157638,18.52979636
0.157738,12.36929045,0.157738,12.01242549,0.157738,15.50500047,0.157738,18.21222356,0.157738,18.67624519
0.157838,12.42618974,0.157838,11.97835822,0.157838,15.71724746,0.157838,18.1971731,0.157838,18.55654195
0.157938,12.49626218,0.157938,11.86828496,0.157938,15.77680804,0.157938,18.18348405,0.157938,18.44306424
0.158038,12.53370012,0.158038,12.0746142,0.158038,15.76682379,0.158038,18.32723289,0.158038,18.49596116
0.158138,12.4434073,0.158138,12.02045,0.158138,15.84037571,0.158138,18.28621459,0.158138,18.60328523
0.158238,12.42645208,0.158238,12.17349579,0.158238,15.95470476,0.158238,18.31608761,0.158238,18.38324623
0.158338,12.54219794,0.158338,12.17506917,0.158338,15.84351891,0.158338,18.28109252,0.158338,18.33664597
0.158438,12.47435022,0.158438,12.27127313,0.158438,15.91653483,0.158438,18.31963236,0.158438,18.47725117
0.158538,12.28708659,0.158538,12.10463971,0.158538,15.89021082,0.158538,18.58431239,0.158538,18.38288284
0.158638,12.45000881,0.158638,12.28483714,0.158638,15.93098428,0.158638,18.68165763,0.158638,18.4720703
0.158738,12.33510083,0.158738,12.14720976,0.158738,15.82161727,0.158738,18.43246615,0.158738,18.64267847
0.158838,12.56849492,0.158838,12.1445066,0.158838,15.96002085,0.158838,18.66219933,0.158838,18.65084017
0.158938,12.42343962,0.158938,12.38176902,0.158938,16.03343513,0.158938,18.63679145,0.158938,18.53423969
0.159038,12.47801893,0.159038,12.40483418,0.159038,16.28885163,0.159038,18.50559807,0.159038,18.74538398
0.159138,12.57249455,0.159138,12.33081451,0.159138,16.31238051,0.159138,18.63097716,0.159138,18.76548283
0.159238,12.52876089,0.159238,12.55729489,0.159238,16.20834731,0.159238,18.67217044,0.159238,18.78491509
0.159338,12.49554028,0.159338,12.3990725,0.159338,16.07698554,0.159338,18.75347698,0.159338,18.92507461
0.159438,12.47711111,0.159438,12.50772248,0.159438,16.38476574,0.159438,18.83306928,0.159438,19.1239385
0.159538,12.45427394,0.159538,12.64055634,0.159538,16.21945323,0.159538,18.78827425,0.159538,18.92926721
0.159638,12.50901772,0.159638,12.70945432,0.159638,16.19898931,0.159638,18.75162539,0.159638,18.91424059
0.159738,12.60347583,0.159738,12.63999358,0.159738,16.30279889,0.159738,18.85335973,0.159738,19.13874681
0.159838,12.50473411,0.159838,12.80789371,0.159838,16.29526526,0.159838,18.75069749,0.159838,19.28081884
0.159938,12.64529134,0.159938,12.59625001,0.159938,16.46037249,0.159938,18.70268632,0.159938,19.03949549
0.160038,12.61830184,0.160038,12.69528711,0.160038,16.40106751,0.160038,19.01221401,0.160038,19.06234711
0.160138,12.58477128,0.160138,12.8103321,0.160138,16.5373816,0.160138,18.92937837,0.160138,18.99927875
0.160238,12.58117591,0.160238,12.62205099,0.160238,16.4658627,0.160238,18.86292363,0.160238,19.10813843
0.160338,12.39856769,0.160338,12.87421404,0.160338,16.54354608,0.160338,19.03919215,0.160338,18.94637494
0.160438,12.40846699,0.160438,12.85145372,0.160438,16.68653905,0.160438,18.91610542,0.160438,19.20332205
0.160538,12.59797441,0.160538,12.78517497,0.160538,16.51071732,0.160538,18.92538344,0.160538,19.13106807
0.160638,12.59755134,0.160638,12.69848612,0.160638,16.48287681,0.160638,19.19581012,0.160638,19.13120349
0.160738,12.74263815,0.160738,13.00192324,0.160738,16.75267668,0.160738,19.19391867,0.160738,19.16320184
0.160838,12.75659747,0.160838,12.91439018,0.160838,16.8396863,0.160838,19.25781053,0.160838,19.23278384
0.160938,12.55862813,0.160938,13.01116629,0.160938,16.68385534,0.160938,19.18796573,0.160938,19.12907992
0.161038,12.73329064,0.161038,12.96788476,0.161038,16.82658366,0.161038,19.40296217,0.161038,19.1180883
0.161138,12.64078913,0.161138,13.03065451,0.161138,16.98273295,0.161138,19.44314208,0.161138,19.28144577
0.161238,12.60013967,0.161238,13.032317,0.161238,17.01046853,0.161238,19.26139672,0.161238,19.2841922
0.161338,12.66077368,0.161338,12.98813949,0.161338,16.9877376,0.161338,19.56073635,0.161338,19.41384704
0.161438,12.58780974,0.161438,13.09487383,0.161438,16.80618,0.161438,19.19215521,0.161438,19.34137564
0.161538,12.57449246,0.161538,13.17205169,0.161538,16.66560602,0.161538,19.3185746,0.161538,19.28906722
0.161638,12.51491553,0.161638,13.13270682,0.161638,16.66589265,0.161638,19.49408845,0.161638,19.29672643
0.161738,12.50376431,0.161738,13.27844338,0.161738,16.98748705,0.161738,19.62724874,0.161738,19.58990258
0.161838,12.58503101,0.161838,13.28883347,0.161838,16.86451774,0.161838,19.66038059,0.161838,19.29192519
0.161938,12.48225809,0.161938,13.32256172,0.161938,17.07672765,0.161938,19.78823098,0.161938,19.18041196
0.162038,12.68318896,0.162038,13.42628298,0.162038,16.98228634,0.162038,19.97460821,0.162038,19.40839073
0.162138,12.51442467,0.162138,13.43150806,0.162138,17.0189509,0.162138,19.7874667,0.162138,19.39128565
0.162238,12.57349729,0.162238,13.47897525,0.162238,17.27158256,0.162238,19.81408008,0.162238,19.60355892
0.162338,12.51817924,0.162338,13.44560629,0.162338,17.04981159,0.162338,19.70800622,0.162338,19.60031488
0.162438,12.49918279,0.162438,13.2753455,0.162438,17.15827024,0.162438,19.60750425,0.162438,19.51197937
0.162538,12.54745964,0.162538,13.41126494,0.162538,17.26572964,0.162538,19.45140021,0.162538,19.46490058
0.162638,12.54667124,0.162638,13.42151525,0.162638,17.09695379,0.162638,19.94342967,0.162638,19.67420717
0.162738,12.7147538,0.162738,13.45358283,0.162738,17.28271029,0.162738,19.77806667,0.162738,19.62530777
0.162838,12.68010739,0.162838,13.54146598,0.162838,17.34777214,0.162838,19.81754819,0.162838,19.90814188
0.162938,12.67082359,0.162938,13.52964962,0.162938,17.19888115,0.162938,19.8996902,0.162938,19.85217642
0.163038,12.55356293,0.163038,13.5393553,0.163038,17.28886361,0.163038,19.95116304,0.163038,19.71350461
0.163138,12.71869964,0.163138,13.58159804,0.163138,17.37685509,0.163138,20.01399479,0.163138,19.88345971
0.163238,12.5081331,0.163238,13.70046021,0.163238,17.35516366,0.163238,20.11192691,0.163238,19.69682585
0.163338,12.32653936,0.163338,13.65678693,0.163338,17.53669404,0.163338,20.0988141,0.163338,19.76686257
0.163438,12.69072602,0.163438,13.69974032,0.163438,17.47351546,0.163438,19.93072687,0.163438,19.69864151
0.163538,12.61355905,0.163538,13.88299981,0.163538,17.39605449,0.163538,19.97447081,0.163538,19.81298177
0.163638,12.78150151,0.163638,13.84182571,0.163638,17.39640672,0.163638,20.25807954,0.163638,19.77092955
0.163738,12.65429558,0.163738,13.76485436,0.163738,17.47757075,0.163738,20.06060673,0.163738,19.84065119
0.163838,12.71330364,0.163838,13.88188808,0.163838,17.59835395,0.163838,20.204977,0.163838,19.92004031
0.163938,12.68763389,0.163938,13.99090544,0.163938,17.44650744,0.163938,20.00840279,0.163938,20.06969476
0.164038,12.68505571,0.164038,14.02985365,0.164038,17.51417748,0.164038,20.30989927,0.164038,20.01504342
0.164138,12.79859034,0.164138,14.13890466,0.164138,17.63635589,0.164138,20.29686497,0.164138,20.11905368
0.164238,12.9239648,0.164238,14.01707297,0.164238,17.38425455,0.164238,20.35698995,0.164238,19.99764829
0.164338,12.94689869,0.164338,14.03065643,0.164338,17.54590865,0.164338,20.34453083,0.164338,20.11380269
0.164438,12.85106831,0.164438,14.06486368,0.164438,17.60677879,0.164438,20.23611014,0.164438,20.10219458
0.164538,13.17003912,0.164538,14.06237397,0.164538,17.51164156,0.164538,20.34738987,0.164538,20.01114675
0.164638,12.9574679,0.164638,14.04869648,0.164638,17.55278266,0.164638,20.22240713,0.164638,20.06606739
0.164738,12.97594457,0.164738,14.16152242,0.164738,17.62874759,0.164738,20.42194352,0.164738,20.21720461
0.164838,12.88875854,0.164838,14.20377701,0.164838,17.66969786,0.164838,20.31414968,0.164838,20.33704338
0.164938,13.17433048,0.164938,14.40101253,0.164938,17.72908573,0.164938,20.39870226,0.164938,20.20634779
0.165038,13.2733046,0.165038,14.18534706,0.165038,17.89833533,0.165038,20.70459088,0.165038,20.32326233
0.165138,13.12255514,0.165138,14.42703835,0.165138,17.97315294,0.165138,20.33286951,0.165138,20.32663868
0.165238,13.29541145,0.165238,14.50769037,0.165238,17.83363936,0.165238,20.54434951,0.165238,20.4246136
0.165338,13.38308431,0.165338,14.38507824,0.165338,17.84760957,0.165338,20.7142567,0.165338,20.4951116
0.165438,13.25560558,0.165438,14.50964959,0.165438,17.91752408,0.165438,20.39210296,0.165438,20.59052006
0.165538,13.27325357,0.165538,14.51656163,0.165538,17.91118872,0.165538,20.52792787,0.165538,20.66825752
0.165638,13.36828207,0.165638,14.51306637,0.165638,17.89557292,0.165638,20.59400419,0.165638,20.73951355
0.165738,13.3406175,0.165738,14.47354046,0.165738,18.21800353,0.165738,20.47850018,0.165738,20.6046194
0.165838,13.28749378,0.165838,14.55951045,0.165838,18.20522326,0.165838,20.52461343,0.165838,20.67616456
0.165938,13.41012325,0.165938,14.67998493,0.165938,18.16933205,0.165938,20.51568395,0.165938,20.96928981
0.166038,13.20074509,0.166038,14.58217274,0.166038,18.23506136,0.166038,20.44115619,0.166038,20.89502482
0.166138,13.13137327,0.166138,14.55531434,0.166138,18.21365812,0.166138,20.61554256,0.166138,21.00235738
0.166238,13.25844914,0.166238,14.72347444,0.166238,18.21531556,0.166238,20.76218271,0.166238,20.93099888
0.166338,13.29970191,0.166338,14.67040989,0.166338,18.13904626,0.166338,20.93266099,0.166338,21.08692621
0.166438,13.34138698,0.166438,14.70658724,0.166438,18.41108802,0.166438,20.93618139,0.166438,20.79907783
0.166538,13.40712164,0.166538,14.80742578,0.166538,18.58913843,0.166538,20.72054123,0.166538,20.95981307
0.166638,13.52751317,0.166638,14.87064837,0.166638,18.35683914,0.166638,21.14337022,0.166638,21.15802388
0.166738,13.48074903,0.166738,14.95863553,0.166738,18.42317863,0.166738,20.9259069,0.166738,21.16895066
0.166838,13.44217244,0.166838,14.88054859,0.166838,18.41217171,0.166838,21.08090605,0.166838,21.11252011
0.166938,13.53959514,0.166938,15.11626532,0.166938,18.4405576,0.166938,21.05897465,0.166938,20.76202562
0.167038,13.56224087,0.167038,15.07113808,0.167038,18.34569094,0.167038,20.98179519,0.167038,21.13210755
0.167138,13.55540506,0.167138,15.042875,0.167138,18.62509693,0.167138,20.99417985,0.167138,20.87504601
0.167238,13.72505218,0.167238,14.9514637,0.167238,18.81410331,0.167238,21.07761189,0.167238,21.03399522
0.167338,13.6357664,0.167338,15.0628857,0.167338,18.46174879,0.167338,21.12728153,0.167338,21.05254104
0.167438,13.92359395,0.167438,15.14701794,0.167438,18.60679272,0.167438,21.27666387,0.167438,20.91518096
0.167538,13.82329749,0.167538,15.05714013,0.167538,18.62751915,0.167538,21.12210316,0.167538,21.24506513
0.167638,13.99413366,0.167638,15.22296286,0.167638,18.69459553,0.167638,21.30582874,0.167638,21.36388968
0.167738,13.98163828,0.167738,15.22561835,0.167738,18.73484045,0.167738,21.19107069,0.167738,21.14814513
0.167838,13.86453271,0.167838,15.3882415,0.167838,18.90351448,0.167838,21.39838341,0.167838,21.35423143
0.167938,14.01981714,0.167938,15.33124121,0.167938,19.0738829,0.167938,21.38166716,0.167938,21.1138949
0.168038,14.11197396,0.168038,15.18402826,0.168038,18.89322809,0.168038,21.51488239,0.168038,21.10470886
0.168138,13.94490591,0.168138,15.22141299,0.168138,19.07657613,0.168138,21.54412237,0.168138,21.33391447
0.168238,14.1381683,0.168238,15.57287265,0.168238,19.11541183,0.168238,21.5796042,0.168238,21.27891226
0.168338,14.21268057,0.168338,15.49856092,0.168338,19.18491631,0.168338,21.4120664,0.168338,21.43930746
0.168438,14.21607537,0.168438,15.30547071,0.168438,19.20284797,0.168438,21.50800932,0.168438,21.29886318
0.168538,14.35037123,0.168538,15.47777482,0.168538,19.27742621,0.168538,21.55916935,0.168538,21.33565374
0.168638,14.53878256,0.168638,15.54229894,0.168638,19.22250651,0.168638,21.47051355,0.168638,21.38333527
0.168738,14.64215488,0.168738,15.61299851,0.168738,19.32979273,0.168738,21.63697627,0.168738,21.34985346
0.168838,14.44664829,0.168838,15.68103196,0.168838,19.34417473,0.168838,21.70803767,0.168838,21.52539275
0.168938,14.53867255,0.168938,15.93589576,0.168938,19.15921913,0.168938,21.53231676,0.168938,21.40472471
0.169038,14.64933257,0.169038,15.70503527,0.169038,19.35938428,0.169038,21.44830241,0.169038,21.43075305
0.169138,14.54902641,0.169138,15.62390889,0.169138,19.55491442,0.169138,21.82665737,0.169138,21.26883975
0.169238,14.75191499,0.169238,15.72023443,0.169238,19.35686415,0.169238,21.52999171,0.169238,21.52731286
0.169338,14.64354629,0.169338,15.83277606,0.169338,19.60177033,0.169338,21.82671299,0.169338,21.43184426
0.169438,14.75628535,0.169438,15.81128002,0.169438,19.51257572,0.169438,21.81940469,0.169438,21.55206262
0.169538,14.71817221,0.169538,15.7943987,0.169538,19.53663924,0.169538,21.77872837,0.169538,21.73183893
0.169638,14.6423317,0.169638,15.79424133,0.169638,19.59376884,0.169638,21.75591661,0.169638,21.49380778
0.169738,14.81996354,0.169738,15.88560536,0.169738,19.41263577,0.169738,21.85922506,0.169738,21.66255054
0.169838,14.94782981,0.169838,15.95335388,0.169838,19.64739163,0.169838,21.68927855,0.169838,21.74127268
0.169938,14.81841598,0.169938,15.92840216,0.169938,19.55726686,0.169938,21.7724173,0.169938,21.68812835
0.170038,15.05259536,0.170038,16.05191792,0.170038,19.66526335,0.170038,21.80646874,0.170038,21.59368682
0.170138,14.94881991,0.170138,16.10175329,0.170138,19.82834921,0.170138,21.92788749,0.170138,21.53303387
0.170238,15.06543256,0.170238,15.95065909,0.170238,19.69238043,0.170238,21.90486598,0.170238,21.65385763
0.170338,15.0715437,0.170338,15.91919265,0.170338,19.78142792,0.170338,21.91163961,0.170338,21.81647466
0.170438,15.13773491,0.170438,16.03816473,0.170438,19.75352907,0.170438,22.09902534,0.170438,21.77568861
0.170538,14.88057092,0.170538,16.02886887,0.170538,19.85204591,0.170538,22.11953577,0.170538,21.91639454
0.170638,15.05120036,0.170638,16.20705278,0.170638,20.0120737,0.170638,22.25767845,0.170638,21.75631736
0.170738,15.13084481,0.170738,16.05289261,0.170738,19.8758517,0.170738,21.95354903,0.170738,21.96561021
0.170838,15.02514374,0.170838,16.06605122,0.170838,20.08232031,0.170838,22.25483853,0.170838,21.93665933
0.170938,15.14647194,0.170938,16.22877486,0.170938,20.10526797,0.170938,22.33725777,0.170938,21.66091498
0.171038,14.95131454,0.171038,16.06588137,0.171038,20.1347324,0.171038,22.28105901,0.171038,21.93885976
0.171138,15.13078264,0.171138,16.1954844,0.171138,20.19300235,0.171138,22.4505422,0.171138,21.99594117
0.171238,15.19381316,0.171238,16.25191612,0.171238,20.36532754,0.171238,22.32936372,0.171238,22.01615789
0.171338,15.2574888,0.171338,16.32693459,0.171338,20.23847986,0.171338,22.19650919,0.171338,21.91256317
0.171438,15.29900462,0.171438,16.44568518,0.171438,20.29206378,0.171438,22.12645555,0.171438,22.10757018
0.171538,15.41933796,0.171538,16.3164401,0.171538,20.3145992,0.171538,22.41051634,0.171538,22.33345577
0.171638,15.27580034,0.171638,16.42288892,0.171638,20.36899386,0.171638,22.24226684,0.171638,22.11961948
0.171738,15.31729171,0.171738,16.39458258,0.171738,20.43059713,0.171738,22.33085901,0.171738,22.20662195
0.171838,15.34205882,0.171838,16.37353211,0.171838,20.60309637,0.171838,22.31210323,0.171838,22.0851596
0.171938,15.41253414,0.171938,16.44746126,0.171938,20.50865877,0.171938,22.20448771,0.171938,22.34512901
0.169605261,2.732295379,0.17003562,4.713334404,0.170161664,9.296413044,0.170335966,12.35016443,0.170553805,13.95687442
0.166629588,1.059493783,0.166838283,2.480708996,0.166689179,4.716610104,0.166827403,6.464407862,0.167203162,7.382734692
0.165097151,0.650190333,0.165006705,1.282363166,0.164510609,2.804143997,0.16455194,4.157326484,0.164988054,5.119882451
0.163951084,0.528630887,0.163753327,0.859656705,0.162955108,1.836932686,0.162805952,2.810548722,0.163259545,3.472019729
0.162957642,0.347062478,0.162737648,0.562337202,0.16168265,1.289486047,0.161446782,2.235702024,0.161862006,2.705826428
0.162096494,0.207439239,0.161847068,0.64403328,0.160653512,1.058246389,0.160268331,1.668093879,0.160624993,1.912775642
0.161340717,0.21518982,0.161036887,0.503032539,0.159763636,0.878659462,0.15928176,1.338135329,0.159610382,1.563985204
0.160595435,0.156467981,0.160313677,0.537580651,0.158946895,0.737548341,0.158386596,1.179242724,0.158746481,1.328932183
0.159882782,0.325595297,0.159583251,0.319018836,0.158204681,0.669284821,0.157591032,0.973207516,0.157963022,1.100260656
0.159156791,0.318007445,0.158837982,0.283461542,0.157507941,0.452100173,0.156831943,1.005594338,0.157273962,0.925401102
0.158375931,0.134923903,0.158156608,0.41350495,0.156813758,0.694893617,0.156133593,0.772741505,0.156615913,0.853793842
0.15766615,0.188823108,0.157452555,0.451266859,0.156110877,0.576948191,0.155474619,0.71683064,0.155982939,0.744718312
0.157036606,0.239574838,0.156761945,0.376877926,0.155379225,0.631247871,0.154802649,0.730687633,0.155406783,0.904473545
0.156404101,0.067220352,0.156114854,0.44913594,0.154657523,0.467250459,0.154088315,0.608697891,0.154833323,0.838983747
0.155945803,0.141065332,0.155515978,0.374575097,0.153976557,0.468564087,0.153430489,0.698424366,0.154228038,0.777807196
0.155472865,0.074709639,0.154917163,0.290000271,0.153356667,0.382622503,0.152777478,0.594434905,0.153651274,0.416009084
0.155101041,0.045458782,0.154380257,0.231345677,0.152792966,0.39106152,0.152196731,0.534612838,0.153170822,0.555268977
0.154810641,0.075449715,0.153952396,0.099440688,0.152271551,0.331368301,0.151716869,0.386667426,0.152691076,0.702617573
0.154585283,0.05569685,0.153579016,0.16711786,0.151842226,0.061475067,0.151301574,0.392691107,0.152233879,0.202305784
0.154379831,0.030533188,0.153266617,0.157354352,0.151443503,0.215476721,0.150873371,0.246639967,0.151920605,0.521109114
0.154218616,0.008192124,0.152964572,0.17304793,0.151093287,0.049671702,0.150539239,0.251066767,0.151601872,0.174604572
0.154151807,0.072794115,0.152734614,-0.142659815,0.150838356,0.183338703,0.150198567,0.114495752,0.151392294,0.26064078
0.154081435,-0.038989856,0.152543807,0.003936094,0.150576521,0.097225346,0.149988125,0.13335713,0.151177131,0.177899704
0.154011044,-0.04460339,0.152410793,-0.044810923,0.150399505,0.140224338,0.149790518,0.125861464,0.151001613,0.104315676
0.154040418,0.084865977,0.152316462,0.090198701,0.150245253,-0.114678518,0.149601785,-0.090091841,0.150875095,-0.101135097
0.154031347,0.082063509,0.152198499,0.026805534,0.150186715,0.191641154,0.149502235,0.066737705,0.150770123,0.19486684
0.153984585,-0.144549057,0.152180875,0.166529568,0.150081369,0.24269527,0.149401372,0.268655686,0.150603567,0.136737721
0.153980893,-0.113401695,0.152087875,-0.084584459,0.149975126,-0.137543463,0.149284493,-0.098133854,0.150451605,0.025549149
0.154005751,0.052198055,0.152051764,-0.083847368,0.149985372,0.069056903,0.149276189,0.229638213,0.150332652,-0.008224127
0.153938492,0.089689364,0.151998096,-0.028845151,0.149955135,0.036188951,0.149222198,0.131376707,0.150250346,-0.014531812
0.153929311,-0.050515275,0.151966656,-0.018338353,0.149913759,-0.096612286,0.149141967,-0.078081292,0.150188063,0.067671176
0.153900924,0.163160654,0.15197753,-0.037731761,0.149895557,-0.048435328,0.14909221,0.039022624,0.150110019,0.241464248
0.153810968,-0.146703022,0.151936703,0.005895597,0.149887079,-0.057153962,0.149023433,-0.061694944,0.14991563,0.113996078
0.15377523,-0.022026543,0.151895241,0.006745214,0.149883025,0.079433896,0.149047945,0.037473054,0.149800072,-0.091738497
0.153749866,0.017426369,0.151865107,-0.100455193,0.14990242,-0.094488894,0.14899694,0.065887863,0.149772114,0.140217672
0.153693693,0.097518329,0.151836068,0.074892213,0.14997409,-0.098266059,0.148868914,-0.094493872,0.149624152,-0.03495195
0.153576649,-0.035286567,0.15176862,-0.0733475,0.149933029,-0.129012335,0.148791173,-0.12194661,0.149514071,0.040333443
0.153505926,0.07860826,0.151756825,0.020496421,0.149902002,0.189950332,0.148817619,0.271985018,0.149402812,0.042020509
0.153435711,0.079546091,0.151707992,0.038864124,0.149784217,-0.168504542,0.148714855,-0.134771657,0.149299592,0.079741097
0.153312587,-0.137039217,0.151645353,-0.046850663,0.149747666,0.168588506,0.148675718,0.058924098,0.149214078,0.154161146
0.153221517,-0.082111755,0.15159176,0.109254737,0.149649378,-0.005072272,0.148619449,0.053327609,0.149064687,0.180480653
0.153149617,-0.113799421,0.151543685,0.136529779,0.149596316,-0.16761725,0.148501919,0.04753032,0.148866461,-0.130426645
0.153073501,-0.05049845,0.15144804,0.093245664,0.149620085,0.098670965,0.148379021,-0.022299742,0.148771028,0.17522421
0.153001889,-0.025437905,0.151331059,-0.03509278,0.149562878,0.155037044,0.148248195,0.117538163,0.148643854,-0.088364434
0.152912396,0.052129968,0.151210306,-0.094166794,0.149391413,0.062420328,0.148157576,-0.101908714,0.148602437,0.059874633
0.152861409,0.142662119,0.151070916,-0.053088143,0.14923182,0.095158098,0.148101541,0.128670993,0.148569509,0.144297009
0.15275665,-0.151988007,0.151060974,0.021866324,0.149129265,-0.022900874,0.147974591,0.218000657,0.148480569,0.06582775
0.152725583,-0.040188649,0.150979456,0.065047792,0.149048257,-0.112746968,0.147764163,-0.126686833,0.148355126,0.107342647
0.152696151,-0.007515308,0.150889783,0.000935693,0.148997116,0.280993851,0.14769514,0.152013366,0.148238339,0.036476549
0.15269286,0.013323123,0.150821664,0.108784309,0.14888077,0.028342517,0.147534895,0.056424209,0.148190833,0.093096964
0.152638533,0.080149944,0.150720714,0.031412847,0.148749587,0.00700359,0.14741985,0.087477605,0.148110299,0.182564389
0.152604614,-0.125102998,0.150622296,0.039352245,0.148656676,-0.049365062,0.147325841,-0.107445149,0.148002655,-0.021903892
0.15258488,0.044112538,0.150534851,-0.014897718,0.148591489,0.104179709,0.14725242,0.204313553,0.147930464,0.081559761
0.152566201,0.163939909,0.150496393,0.060007489,0.14850449,0.118456336,0.147123029,-0.176207002,0.147832358,0.059901528
0.152550774,-0.020442727,0.150463918,-0.082409415,0.148460516,0.036653662,0.147092072,-0.052457457,0.147733514,-0.037759618
0.152531298,-0.035987475,0.150449904,-0.013967867,0.148448156,0.0692804,0.147070932,0.097753819,0.14763649,-0.184508529
0.152507157,0.002504306,0.150375406,-0.113357663,0.148348704,-0.03368918,0.14696606,0.100787779,0.147599359,-0.06014842
0.152489886,-0.023027437,0.150369437,-0.113330777,0.148327803,0.084393538,0.146875338,0.130356798,0.147530785,-0.192228755
0.152446616,-0.017166724,0.150342909,0.018947024,0.14829436,0.13502799,0.146790561,0.079705345,0.147522091,0.258486284
0.152414626,-0.093087755,0.150312031,0.025947591,0.148302745,0.116492056,0.146742496,-0.006298751,0.147456034,0.111649511
0.152407614,0.026092574,0.150319947,0.050009755,0.148272287,-0.013700263,0.146672392,-0.087221253,0.147382912,-0.087454879
0.152343615,-0.068321929,0.150330238,-0.029778266,0.148252349,-0.209863229,0.146631153,0.121878927,0.147363179,0.025939071
0.152302083,-0.001170442,0.150339081,0.035601024,0.148285415,-0.118738447,0.146585451,0.009522554,0.147368199,0.037148198
0.15223827,-0.028155973,0.150302931,-0.000977607,0.14831766,0.038264238,0.146566533,0.088149048,0.147335258,0.077759242
0.152203765,0.017420437,0.150231235,-0.188283349,0.148316666,0.081675376,0.146461237,-0.197741832,0.14725233,-0.00608667
0.152199317,0.060223302,0.150243401,-0.028190527,0.148257345,-0.082498593,0.146461054,-0.039749057,0.147193681,0.056860797
0.152174785,0.106624375,0.150242176,0.102778305,0.148281496,0.029894548,0.146454181,0.092238986,0.1471015,-0.03875405
0.15211122,-0.160106855,0.150171193,-0.006652967,0.148249944,0.049159987,0.146374838,0.145187842,0.147045663,0.047867719
0.152071459,-0.024883157,0.150170666,0.004354515,0.148212762,0.06730518,0.146255233,-0.054808441,0.147049956,0.096823902
0.152050712,-0.025063517,0.150126376,-0.048413764,0.148234202,0.097607489,0.14618067,0.0286196,0.146960305,-0.02116386
0.152034027,0.136998665,0.150062654,-0.045927974,0.148144527,-0.12048645,0.146113644,-0.048376536,0.14689136,-0.06155999
0.151942908,-0.107383131,0.150084015,0.113994674,0.148114072,0.072953477,0.146105288,0.180886043,0.146850212,0.026965605
0.151922454,-0.131778534,0.150045342,0.077789333,0.148081617,-0.067169074,0.14607843,-0.005074375,0.146794724,-0.054650937
0.151919134,0.089495527,0.149990101,-0.047228473,0.148094581,0.07338301,0.146007518,0.214795744,0.14677243,-0.058842666
0.151920828,-0.028760615,0.149925167,-0.022717446,0.148094342,0.084470456,0.145893316,-0.127582693,0.146698212,0.175393646
0.151884738,0.000827232,0.149923388,0.091359514,0.148023998,0.006380836,0.14589049,0.020068865,0.146577195,-0.033960576
0.151846333,-0.08386461,0.149865348,0.029207675,0.147975478,0.205228909,0.14583259,-0.101648089,0.146548368,-0.103506798
0.151806678,-0.087325516,0.149854832,0.01375565,0.147930325,0.01188811,0.145788988,0.066202643,0.146527848,-0.02992339
0.15178597,-0.087379356,0.149819103,0.083895425,0.147889536,0.096414137,0.145694966,0.030033906,0.146532555,0.332224923
0.151756202,0.060244665,0.149736167,-0.021481149,0.147821932,0.099965503,0.145645297,-0.053156775,0.146427134,0.17758227
0.151738324,0.061157081,0.14970773,0.197230054,0.147720645,-0.086299451,0.14560871,0.083335888,0.146334328,0.049896688
0.151719764,0.046267593,0.149617849,-0.015744218,0.147754248,0.247730034,0.145473302,-0.048690039,0.146289739,0.037057337
0.151773561,0.077123057,0.149674713,0.148776372,0.147666083,-0.167762863,0.14543006,0.008166822,0.146254704,0.121202009
0.151744406,-0.035261573,0.149612312,-0.058871168,0.147573288,-0.130723326,0.145405774,0.046593829,0.146150938,-0.055006261
0.151723317,-0.084614303,0.149657725,0.070791534,0.147637191,0.198046082,0.145373754,0.020477744,0.14603362,0.005684024
0.151707348,-0.154241602,0.149590208,0.049028682,0.147568588,-0.049982742,0.145297142,0.145048653,0.145912832,-0.041802715
0.151677975,-0.07166048,0.149551808,0.003483489,0.147572709,0.06670999,0.145216499,0.050871385,0.145896823,-0.036230016
0.151666793,0.092333315,0.149519319,-0.032641719,0.147467721,-0.049285829,0.145171613,-0.049089669,0.145960947,0.050456682
0.151656815,0.044731477,0.149493531,-0.118855339,0.147474735,-0.086558891,0.145127243,-0.21967661,0.145944184,-0.205467961
0.151612538,-0.074167652,0.149441358,-0.065600504,0.147507437,0.274395613,0.145184,0.038286848,0.145912972,0.145183312
0.151584344,-0.029057919,0.149527785,0.164780422,0.147428878,-0.037317298,0.145152601,0.008589729,0.145848204,-0.047149389
0.15150846,-0.068510119,0.149433649,-0.050341442,0.147437628,0.114048003,0.145167028,0.159131157,0.145787577,0.151262226
0.151492922,-0.084094128,0.149409252,-0.162532474,0.147420791,0.132012361,0.145101439,0.046241449,0.145670135,-0.183591644
0.151490162,0.055523837,0.149431752,-0.121892567,0.147361127,-0.071266609,0.145034812,0.014161207,0.145680051,0.217892866
0.151517199,0.004114666,0.149412968,-0.028554947,0.147284989,-0.063569255,0.145053106,0.066697838,0.145621893,0.025109091
0.151456129,0.01823158,0.149361722,-0.102735575,0.147228393,-0.040255876,0.145004386,0.154624244,0.145555672,0.016461085
0.151419309,-0.159788715,0.149353766,0.039608854,0.147262849,0.091727852,0.144974576,0.112001656,0.145548399,0.070146003
0.151404803,0.193162649,0.149344062,0.153446759,0.147265183,0.153505259,0.144972622,0.059147369,0.145539131,0.057209482
0.151371171,0.070286166,0.149285717,0.106380711,0.147204086,-0.037597335,0.144907357,0.064246261,0.145484735,0.016649585
0.15139722,0.161274595,0.149213502,-0.024558698,0.147215531,-0.087694578,0.144830203,0.080172909,0.145418205,0.048733035
0.151330874,-0.07250133,0.149258253,0.062587041,0.147271777,0.113199904,0.144830264,-0.031019207,0.14539267,0.129004792
0.151322658,0.030026048,0.149278469,0.080224227,0.147213142,-0.058049477,0.144847516,0.036999707,0.145381335,-0.014118932
0.151328247,0.136211459,0.149256891,0.073900801,0.147231998,0.181624106,0.144781227,-0.134033689,0.145359781,0.018897289
0.151279984,-0.146690128,0.149252174,-0.081426781,0.147179602,-0.001008528,0.144810131,0.291625533,0.145326341,-0.067373631
0.151269127,0.101568414,0.149218385,-0.15058117,0.147092498,0.026556708,0.144666906,-0.129039609,0.145394147,0.135237793
0.151260415,0.132166747,0.149161748,-0.124599844,0.147014267,0.050171914,0.144533687,-0.033370178,0.145348722,0.003522202
0.151209635,-0.039379943,0.149200648,0.041541324,0.146989116,-0.080019823,0.144448758,-0.089586979,0.145288426,0.02538298
0.151201678,0.020973006,0.149147733,-0.022178756,0.14697306,-0.250610933,0.144485567,0.142536486,0.145224694,-0.134656751
0.15118213,-0.039627031,0.149091722,0.048313608,0.146922222,-0.144460773,0.144445836,-0.109148081,0.145226493,0.244821959
0.151152489,0.038557856,0.149081729,0.033639519,0.146972826,0.185421616,0.144420266,0.196674647,0.145177334,0.336585536
0.151161946,0.075104983,0.149043084,0.005724036,0.147000433,0.004309034,0.14439644,-0.041783767,0.145048715,-0.194784188
0.151125589,-0.032539862,0.149089526,0.242231892,0.146921793,-0.009763007,0.144308468,0.015522567,0.145049025,0.062414466
0.151095028,0.025501269,0.149003649,-0.155829471,0.146872693,0.110342836,0.144250152,0.012994733,0.144982784,0.101120668
0.151070825,-0.020081441,0.149017532,-0.098614409,0.146841215,0.00157119,0.144284057,0.028612803,0.144890662,-0.204664251
0.151042499,-0.208605644,0.149014623,0.009151969,0.146844688,-0.070772639,0.144283724,0.011515594,0.144922422,0.113849469
0.151030986,-0.048895203,0.148920874,-0.038280728,0.146842662,0.305997178,0.144218313,0.039756078,0.144895433,0.123048954
0.151040964,0.015710578,0.148936107,0.018765377,0.146671466,-0.151285605,0.144221599,0.176337518,0.144891173,-0.03606769
0.151011778,-0.005452856,0.148933921,-0.041584565,0.146722163,0.013239135,0.144181654,-0.023864186,0.144933739,0.270229903
0.151021083,0.001802302,0.148910906,-0.121848892,0.146636649,-0.047063291,0.144149012,0.02231956,0.144919185,0.173819155
0.151011343,0.01808267,0.148908541,-0.192347408,0.146678911,0.169567859,0.144123713,0.019367517,0.144833306,-0.0750745
0.15094697,-0.060000746,0.148933845,-0.031990916,0.146674111,0.086835819,0.144119849,-0.036457099,0.144803361,0.148949825
0.150963948,0.033513128,0.148920632,-0.078872821,0.146579077,-0.05088081,0.1441296,0.027089391,0.14474809,0.143530141
0.150937805,0.126679051,0.148956717,0.32538475,0.146598817,0.094155281,0.144096068,-0.071671446,0.144706444,-0.051026352
0.150924819,0.10395242,0.148854183,0.143744779,0.146648896,-0.009473374,0.144116109,-0.018848454,0.144675437,-0.109058398
0.150888871,-0.056082549,0.148885326,0.022079965,0.146591771,-0.111133454,0.144095896,0.093352444,0.144710394,-0.007437011
0.150907451,0.123693636,0.148837965,-0.173656032,0.146509264,-0.073422743,0.143966052,-0.124277317,0.144732733,0.051061078
0.150848758,-0.1935134,0.148857105,-0.164127759,0.146477854,0.040246182,0.143901172,0.140002922,0.144748199,0.033176778
0.150852047,0.018309256,0.148880801,-0.048728063,0.146461851,0.050211994,0.143864689,-0.040672224,0.144726918,0.073020502
0.150812629,0.021583271,0.148855272,-0.118783012,0.146480809,-0.04834647,0.143937401,0.166786271,0.144639568,0.123316488
0.150827327,-0.070063566,0.148820116,-0.049270417,0.146470732,-0.026379202,0.14385542,-0.102943677,0.144541941,-0.215817428
0.150832601,0.054976109,0.148778367,-0.086817888,0.146490203,0.156731445,0.1437502,-0.140594586,0.144554887,0.144569271
0.150810759,0.145889811,0.148741055,-0.090810162,0.146434373,-0.110470383,0.14376756,0.12782825,0.144545215,0.136896109
0.150783334,-0.130149884,0.148683455,-0.122504764,0.146448871,0.179476359,0.143713626,-0.090799346,0.144503881,0.102087102
0.150786084,-0.000416391,0.148760702,0.299214498,0.146349072,-0.170970559,0.143687213,0.129191765,0.144421672,0.258815344
0.150742604,-0.072373184,0.148741759,-0.038289163,0.146378592,-0.016300685,0.143658933,-0.012315502,0.144276975,-0.1873798
0.150756603,-0.038649271,0.148759409,0.118471837,0.146386865,0.060872418,0.143659051,0.068644142,0.144310418,-0.086245173
0.150738208,0.052492058,0.148733834,-0.122931172,0.146380941,-0.01657281,0.143612336,-0.159056923,0.144385399,-0.002317767
0.15072808,-0.152345535,0.148762195,0.065485957,0.146376686,-0.033366262,0.143615213,0.124502796,0.144346605,0.015622845
0.150724346,0.00961499,0.148707901,0.022135818,0.146373007,0.035065191,0.14360223,-0.062335816,0.144263689,0.052674674
0.150689605,-0.038458796,0.148718818,0.178699852,0.146395301,0.169244062,0.14363298,0.100614033,0.144121286,-0.154990255
0.150663533,-0.115378553,0.148697028,0.120774333,0.146333166,-0.198699777,0.143530932,-0.194729749,0.144164918,0.021554171
0.150700205,0.071355283,0.148675727,0.023233414,0.146336448,-0.063372853,0.143532891,-0.073094155,0.144200445,0.141521057
0.150661911,-0.010427976,0.148598272,-0.162182491,0.14630459,-0.004559236,0.143540406,-0.100975274,0.144159918,0.160180361
0.150676979,0.012081421,0.148604256,0.096310785,0.146283565,-0.038065993,0.143541288,-0.075713339,0.144059527,0.093551965
0.150663709,0.039609585,0.148627398,0.146044995,0.14622342,-0.198630024,0.143495958,0.200563182,0.143979607,-0.328753444
0.150657361,0.046961432,0.148607434,0.012303394,0.146285008,0.088098553,0.14342036,-0.011961557,0.14406542,0.229334632
0.150629647,-0.102977925,0.148590886,-0.007817566,0.146239492,0.016852485,0.143397982,-0.095489939,0.144035159,-0.033505862
0.150616753,0.041514881,0.148548852,-0.019083579,0.146216151,0.097758342,0.143397333,-0.008280119,0.143960052,-0.037546832
0.150582889,-0.058328156,0.148514635,-0.034379666,0.146204274,0.142893317,0.14339109,0.093964612,0.143904921,-0.076925927
0.150573533,-0.007712992,0.148529037,0.193400495,0.146160557,-0.049323222,0.143304613,-0.292468516,0.143920517,-0.170473691
0.150550466,-0.042287487,0.148422103,-0.003918248,0.146095903,-0.151147016,0.143297072,-0.006906834,0.143962894,0.349850244
0.150559628,0.173349503,0.148453675,0.027411488,0.146183811,0.139964861,0.143280998,-0.078730109,0.143832676,-0.028937481
0.150519077,0.01555307,0.148376446,-0.131854102,0.146126199,-0.124114235,0.143350501,0.191845867,0.143795735,-0.073509637
0.150503793,0.034420934,0.14842592,-0.045894958,0.146134258,0.19973197,0.143279344,0.02023595,0.143742066,-0.154783922
0.150479978,0.080178218,0.148421862,0.113329262,0.146030179,-0.152689158,0.143234232,-0.288100583,0.143805721,0.017764902
0.15048107,-0.091830601,0.148355581,-0.103810123,0.14598948,0.016944248,0.143271236,0.022156037,0.143805109,0.007014558
0.150436788,0.006013371,0.148383599,0.079005944,0.14594685,-0.125634821,0.143217462,-0.089262967,0.143738054,0.044197371
0.150455982,0.176928637,0.148348223,0.035231303,0.145966741,-0.047341601,0.143189769,-0.100215614,0.143653531,-0.299129822
0.150404561,-0.110250516,0.148345464,0.111026664,0.146042676,0.045906396,0.143145202,0.008751368,0.143706844,0.003295706
0.15040201,-0.072605716,0.148312025,0.01625526,0.146049146,0.071578921,0.143082959,-0.217814242,0.143735727,0.211594792
0.150394497,-0.042737042,0.148275931,-0.341669549,0.146016764,0.003001108,0.143131757,0.256631335,0.143572985,-0.061116477
0.150387922,-0.121649752,0.14836111,0.054836739,0.145985894,-0.05217814,0.142999917,-0.21216246,0.143482741,-0.206150717
0.150359367,-0.030477713,0.148326983,0.023839327,0.145989372,-0.152950898,0.142998689,-0.149636252,0.143480832,-0.002382288
0.150333444,-0.057334045,0.14831176,0.041535536,0.146065324,0.25197016,0.143094464,0.257605798,0.14353603,0.273529887
0.150343655,-0.050386828,0.148329702,0.08123181,0.145998447,0.099744297,0.143069883,0.162071522,0.143509071,-0.077113978
0.15035531,-0.068998968,0.148270724,-0.150182447,0.14592353,-0.121217068,0.142966054,-0.076644635,0.143457469,0.142788382
0.150343222,-0.014783019,0.148328251,0.01625423,0.145941783,-0.083435314,0.142935358,0.143272052,0.143406713,-0.098334863
0.150330489,0.046934224,0.148284381,-0.190166323,0.145912558,0.157158666,0.142923938,-0.271885221,0.143421733,-0.21502983
0.150345129,-0.052837307,0.148296036,-0.113561608,0.145835568,-0.064181098,0.143028737,0.086506816,0.14347508,0.045368416
0.150332984,0.096442019,0.148281594,-0.115232903,0.145818557,-0.070549744,0.142950523,-0.099318663,0.143449388,-0.028232281
0.15031377,-0.175437454,0.148255738,-0.117699742,0.145850584,0.049080195,0.14284607,-0.046484625,0.143424197,0.113420078
0.15032896,-0.005123739,0.148245331,0.099739115,0.145830109,-0.08579534,0.142815352,-0.041374823,0.14339081,0.081743432
0.150289678,-0.092240002,0.148191073,-0.196705051,0.145873191,0.121213724,0.142789204,-0.054381842,0.143374143,-0.258232529
0.150343576,-0.008425794,0.14821268,0.056416965,0.14584388,-0.10875212,0.142767817,0.105183033,0.143432164,0.007309858
0.150306734,0.127352799,0.148163249,-0.063441434,0.145858162,-0.021718987,0.142726423,-0.078276259,0.143418706,0.172744511
0.150293232,-0.066833618,0.148236619,0.260130526,0.145852726,0.165007553,0.14271727,-0.067919325,0.143308533,-0.203051182
0.150287281,0.019700371,0.148185668,0.101455778,0.145758408,-0.024661125,0.142765351,0.061292698,0.143291253,-0.006334605
0.150264745,-0.178726621,0.148114122,-0.188249188,0.145713053,-0.118718996,0.142796689,0.008086532,0.143279804,-0.193014375
0.150270583,0.093905844,0.148101666,0.01744922,0.145741274,0.134296488,0.142731719,-0.042529073,0.143348053,0.1746506
0.150260583,0.080205947,0.148059431,-0.040271201,0.145700358,0.011999756,0.142647736,-0.030022106,0.143303011,0.070167985
0.150282782,0.084467827,0.148091643,0.135623319,0.145710694,-0.070089218,0.142634917,-0.193624611,0.143246672,0.085492722
0.150251664,-0.131056423,0.148041497,-0.073222817,0.145776713,0.113919161,0.142669317,0.140260374,0.143174635,-0.174864881
0.150252277,0.019786249,0.148040507,-0.07878209,0.145747109,-0.087901239,0.142571011,-0.357919404,0.14318928,0.207050195
0.150264425,0.131686559,0.147984973,0.022877346,0.145751032,0.069726148,0.142630625,0.151259893,0.143127949,-0.208508253
0.150252312,-0.024091499,0.147994948,-0.005117453,0.145680167,-0.08529446,0.142569953,-0.043494431,0.143153374,0.079254561
0.150205677,-0.030453872,0.14797836,0.079615573,0.145691624,0.073494512,0.142546837,0.024770673,0.143103874,-0.111754511
0.150214375,0.086849194,0.14798304,0.050303469,0.14563333,-0.100270105,0.14252213,-0.04110923,0.143078657,-0.052799821
0.150201857,-0.054244626,0.147967859,0.02890262,0.145635917,-0.083340802,0.142499767,0.086367941,0.143054656,-0.111290484
0.150179703,-0.119835623,0.147984543,0.0249906,0.145681313,0.125190421,0.142441612,-0.105405184,0.143053034,0.035286678
0.150202977,0.009606558,0.147966711,0.06432072,0.145664984,0.086389446,0.142511535,0.204918711,0.143067622,-0.078075687
0.150181944,-0.174636191,0.147995922,0.206586867,0.145611335,-0.004717297,0.142512424,0.096978672,0.143068121,0.087461359
0.150174593,-0.027486603,0.14795549,-0.033251246,0.145572598,0.093200912,0.142471921,-0.114115768,0.142991411,0.031378955
0.150164155,-0.016264685,0.147928911,-0.033948506,0.145582198,-0.072456123,0.142442803,0.023758929,0.142933688,-0.204613938
0.150138027,-0.09287879,0.147957254,0.001796448,0.145581772,0.050880741,0.142429113,0.090981207,0.142990182,0.083283335
0.150110824,-0.143568661,0.147953087,-0.073609887,0.145578417,0.015938533,0.142472828,0.251453197,0.142954423,-0.087468758
0.150110931,-0.075350093,0.147923291,-0.036377945,0.145593205,0.05544798,0.142421433,-0.149173393,0.142942783,0.039813409
0.150089266,-0.089373482,0.14790612,0.048904225,0.145546962,-0.124031431,0.14239539,-0.03251426,0.142928027,-0.109599156
0.150102228,-0.095545543,0.147875276,-0.05809372,0.145484818,0.012760557,0.142390503,-0.067413719,0.142973514,0.157573196
0.150063638,-0.122513831,0.147912341,0.064340045,0.145438224,-0.224683541,0.142449301,0.14428575,0.142948551,-0.093328365
0.150041174,0.049873559,0.147841384,-0.232065013,0.14544737,-0.026468724,0.142417443,0.071070609,0.142997964,0.16685497
0.150078539,-0.0286205,0.147812974,-0.038603218,0.145464339,0.219494431,0.142398643,0.055372904,0.1429403,-0.015510173
0.150101493,0.033670878,0.147824223,0.051057966,0.145484948,0.078599211,0.142389487,-0.033854753,0.142837389,0.037655599
0.150068445,-0.159426987,0.147866597,0.147253571,0.145450619,0.007650102,0.142349649,0.010963296,0.142795471,-0.24649834
0.150082194,0.076933337,0.147817734,-0.136444664,0.145384138,-0.008176622,0.142340385,0.055159689,0.142894187,0.310930489
0.150098732,0.03143013,0.147828604,0.055388547,0.145339872,-0.144127551,0.142295393,-0.210244979,0.142795022,-0.145756549
0.150067508,-0.010803016,0.147846449,0.126011276,0.14536379,-0.019501902,0.142318377,0.036284561,0.142786483,0.214781584
0.150030167,-0.027242691,0.147832795,-0.0090538,0.145371547,0.110418165,0.142264921,0.017498977,0.142740114,0.195427299
0.150002803,-0.026506429,0.147819646,0.049675909,0.145317427,0.010044418,0.142145706,-0.097009064,0.142662941,-0.181920883
0.149979258,-0.064868614,0.147828467,0.122875045,0.145262076,-0.007371475,0.142182889,-0.021988032,0.142673737,0.025980313
0.149948749,0.075248527,0.147778143,0.036204163,0.145231211,-0.031085266,0.142227779,0.235274369,0.142709775,0.039655842
0.149968962,-0.047310909,0.147770938,-0.205380817,0.145265988,0.05628234,0.142107254,-0.011740723,0.142685974,0.003132768
0.14997039,0.055992141,0.147760421,-0.148200993,0.145205527,-0.148084335,0.142025409,-0.133034139,0.14267983,0.061373416
0.149955333,-0.021210253,0.147720133,-0.00774652,0.145241769,-0.035186502,0.142047181,0.045513925,0.142689554,0.203036381
0.14991942,-0.025637395,0.14765012,-0.04447508,0.145314883,0.179754828,0.142081409,0.24681507,0.14262605,0.001680188
0.149909107,-0.050964272,0.147635819,-0.101338376,0.145313731,-0.163828632,0.142041167,-0.215559225,0.142593347,0.03814559
0.149890482,-0.159759137,0.147721608,0.103190608,0.145266462,-0.069045205,0.142067226,-0.066719457,0.142524596,-0.071482226
0.149913879,0.165150104,0.147660127,-0.042319565,0.145231802,-0.04999881,0.142093292,-0.006834053,0.14250446,-0.161071451
0.149906873,0.02238462,0.147650561,-0.117548326,0.145254599,0.014242366,0.142031133,0.137559896,0.142573641,0.10722627
0.149877042,-0.005433515,0.147666693,-0.001225552,0.145219731,0.070787656,0.141941962,-0.118150827,0.142572997,0.021097939
0.149885716,0.018895838,0.147674723,-0.026054733,0.145190455,0.001041959,0.142026848,0.208223349,0.142522761,-0.129056534
0.149859041,-0.059045354,0.147680045,-0.174428208,0.145222502,0.112960087,0.141974696,0.024552321,0.142509522,-0.061534831
0.149879278,-0.118330287,0.147695042,0.068939755,0.145219453,-0.043679071,0.14197146,0.039513221,0.142475478,-0.071793179
0.149870687,-0.008373642,0.147621089,0.030604115,0.145238212,0.025228892,0.14197484,-0.174123244,0.142449732,-0.121170851
0.149875853,-0.019059777,0.147615781,0.065274643,0.14522003,0.035890484,0.141969774,0.069449313,0.142461967,-0.069947529
0.149852326,-0.033375245,0.147574076,-0.057469331,0.145190687,-0.065885122,0.141950786,-0.108747958,0.14245992,-0.026371952
0.149829092,0.072356906,0.147575507,0.027915988,0.145215978,0.002661273,0.142005142,-0.024547225,0.142447857,-0.18036825
0.149791164,-0.156323995,0.147592466,0.128201737,0.145199598,0.048092337,0.14203038,0.216838424,0.142449279,0.148957764
0.149794541,-0.129358787,0.147595908,-0.022202611,0.145157313,0.023894871,0.141922987,-0.022402787,0.142396381,0.053487298
0.149787523,-0.054631833,0.147567372,0.004293021,0.14513499,-0.041405294,0.141900215,-0.029729148,0.142402725,0.013998783
0.149785755,-0.198967559,0.147584001,0.18291894,0.145067171,-0.242230428,0.141964535,0.230374246,0.142446772,0.133887518
0.149814938,0.00776241,0.147563118,-0.056371499,0.145120912,0.105493369,0.141936982,-0.042135985,0.142353559,-0.070144107
0.14983268,-0.004523975,0.147542891,-0.099515307,0.145112464,0.131734281,0.141908803,-0.111629431,0.142274779,-0.084433722
0.149804523,-0.09895719,0.147512088,0.048941024,0.145046209,-0.170787154,0.141897018,0.126421097,0.142274056,-0.063921781
0.149792707,-0.052591171,0.147504386,0.232623049,0.145049823,-0.112315397,0.141862388,0.023403223,0.142308496,0.129504833
0.149849076,0.267373594,0.147491505,0.023505647,0.145063653,-0.076204413,0.141843556,0.099470239,0.142284318,-0.239266745
0.14980822,0.048598936,0.147499022,0.050422273,0.145052071,0.095859424,0.141825356,-0.28433214,0.142353975,0.091160777
0.14979339,0.042716533,0.147430247,-0.064729217,0.145030928,0.072265282,0.141924404,0.240385275,0.142303052,0.06396674
0.149800069,-0.111100901,0.147437944,-0.00798652,0.144982098,-0.150030046,0.141848541,-0.051390881,0.142236186,-0.009986421
0.14975437,-0.007661088,0.147464179,0.144924749,0.144992103,0.035350079,0.141840378,0.023296008,0.142231122,0.114901867
0.149771042,0.0372165,0.147417181,-0.106307368,0.144992917,0.150783925,0.141879774,0.004434377,0.142219468,0.001578328
0.149734875,-0.017129172,0.147429046,0.05609259,0.144938351,0.034723959,0.141871181,-0.136098145,0.142235839,0.189585017
0.149754742,0.089605219,0.147367047,-0.024908713,0.144931284,-0.108491469,0.141883179,0.224466641,0.142176391,-0.180822746
0.149736356,-0.165216898,0.147355818,-0.071034265,0.144944976,0.031426635,0.141821185,-0.152627069,0.142145812,0.022713978
0.149770828,0.2051164,0.147422365,0.087462776,0.144906032,-0.099224317,0.141791761,-0.066278154,0.142087651,-0.081056142
0.149768906,0.123356709,0.147381763,-0.066981579,0.144961831,0.001555577,0.141784605,-0.236636663,0.14209907,-0.266138435
0.149735805,-0.133955458,0.147377235,-0.050196747,0.144934529,-0.098399031,0.141817646,0.160808347,0.142096201,0.053201871
0.14972401,0.01762965,0.147377597,0.125266108,0.144978865,0.069643388,0.14177304,0.186054567,0.141993301,-0.111868113
0.149694538,-0.084521208,0.147355385,0.029487022,0.144959754,0.038448088,0.141701489,-0.224535963,0.142037352,0.012725662
0.149704138,-0.073320052,0.147373908,-0.027047319,0.144950366,0.062994967,0.141697058,0.087056172,0.142076599,0.054525761
0.149695092,-0.065886844,0.147373523,0.002357104,0.144894357,-0.116320072,0.141727416,0.105436892,0.142038226,0.070056296
0.149698488,-0.114072706,0.147317014,-0.005395378,0.144924487,0.090696681,0.141720287,0.179515391,0.141905803,-0.004057853
0.149684197,-0.007584373,0.147311772,-0.037653424,0.144899074,-0.110521299,0.141656356,-0.122583656,0.141868396,-0.124457787
0.149709996,0.083295926,0.147294938,-0.132391332,0.144889742,0.007691055,0.141684528,-0.016520633,0.141912581,0.251998969
0.149708207,0.158720105,0.147320704,0.014104739,0.14484481,-0.052424506,0.14174174,0.030848528,0.141907552,0.107436765
0.149694736,-0.002168582,0.147268161,-0.132952551,0.144897157,0.12044219,0.14178613,-0.100704738,0.141882101,-0.268227859
0.149712488,0.018326689,0.147328967,0.034995772,0.144848176,-0.032789545,0.141809936,0.111711123,0.141940017,0.282297922
0.149711428,0.012524268,0.147378536,0.092579054,0.144838758,-0.030546724,0.141731063,-0.096808209,0.141895654,-0.172664688
0.149686385,-0.0782702,0.14731332,0.085205054,0.144834716,0.221924132,0.141726309,-0.068409868,0.141925476,-0.035241072
0.149649175,-0.009447984,0.147322207,0.16358908,0.144753712,-0.106924733,0.141621808,-0.191514504,0.14191861,0.038626365
0.149630892,-0.138327155,0.147259707,0.038972767,0.144740249,-0.155953532,0.141656723,-0.125045193,0.141939725,0.14507449
0.149694716,1.19E-01,0.147238918,-0.107298,0.14473867,-0.098602204,0.141710597,0.14722816,0.141958116,0.305778607
0.149681998,0.070079587,0.14725463,-0.112747678,0.144765451,0.092906928,0.141569647,-0.100670948,0.141860264,-0.171851183
0.149659967,-0.00336138,0.147246474,-0.093693991,0.144698582,-0.187924044,0.141545162,-0.046684855,0.141858244,-0.130759551
0.149627942,-0.107572269,0.147222276,0.095607275,0.144744296,0.132484828,0.141569685,0.127756676,0.141915574,0.038214491
0.149667807,0.033729947,0.147233506,0.085279975,0.144685205,-0.112900857,0.141598247,0.044995373,0.141886457,0.113778656
0.149622252,0.057011718,0.147208678,-0.091860877,0.144696599,-0.068436297,0.141624629,-0.029091396,0.14182387,-0.001534882
0.149609906,-0.018328718,0.147206146,-0.075564304,0.144678805,0.003853482,0.141590399,0.120727401,0.141778541,-0.225991199
0.149664604,0.124115945,0.147214051,0.16423122,0.144733764,0.233674101,0.141542169,-0.122407982,0.141852863,0.33891059
0.149617695,-0.092621088,0.14715791,0.026991499,0.144636773,-0.176494938,0.141603569,0.353981896,0.141763616,-0.061197578
0.14962364,0.033161105,0.147163176,0.013343649,0.144606747,0.043828628,0.141536388,0.067256471,0.1417032,-0.23747824
0.149614882,0.002053828,0.147238652,0.155472427,0.144645142,-0.073439971,0.141464278,-0.095745419,0.141753116,0.083219648
0.14960666,0.017546269,0.147100248,-0.240023078,0.144708728,0.04350709,0.141458153,-0.075156498,0.141798135,0.218627254
0.149584914,-0.063434417,0.14713602,0.001944498,0.144782351,0.238014491,0.14157078,0.218436411,0.141728964,0.203367095
0.149621142,0.122515656,0.147093162,-0.024435002,0.144623706,-0.270840886,0.141598105,0.038025759,0.141573439,-0.310407092
0.149581732,-0.043629976,0.147110466,0.151953058,0.144631001,-0.019348733,0.141625251,0.162374942,0.141507027,0.026889076
0.149545305,-0.054678435,0.147137604,0.162146552,0.144652424,0.056516912,0.141498676,-0.092380618,0.141505052,-0.000762418
0.14956563,0.127293858,0.147130584,0.076785773,0.144669045,0.153243323,0.141429799,-0.011325191,0.141568823,0.158722655
0.149536678,-0.070830893,0.147100401,0.069298045,0.14460563,-0.008590189,0.14144882,0.014962627,0.14150824,-0.043415316
0.149534347,0.038278199,0.147064484,0.072003794,0.144568573,0.07504709,0.141407445,-0.039397875,0.141465045,0.115100421
0.149536937,0.028794477,0.147088078,0.003265622,0.144560237,-0.058464818,0.141362024,-0.016565972,0.141463033,-0.094066927
0.149534886,0.069957605,0.147069345,-0.012984383,0.144567106,-0.091141668,0.141370436,0.08806407,0.141533541,0.080635867
0.149562202,0.113624315,0.147116391,0.173737425,0.144589099,-0.074754641,0.141341664,-0.106830942,0.141458869,-0.271788663
0.149562423,0.040462463,0.147021039,-0.069517558,0.144571087,-0.139653248,0.141349715,0.041435213,0.141500944,-0.085277306
0.149575136,0.060883392,0.147064369,0.057902997,0.144636378,0.08814308,0.141382753,0.272285548,0.141598431,0.244862058
0.14957285,0.039088389,0.146992504,-0.07589392,0.144591882,-0.227071101,0.14126677,-0.17224637,0.141571937,0.057469867
0.149549777,-0.040246235,0.147016207,0.123508309,0.144584884,-0.032751314,0.141288335,-0.049664288,0.141521555,0.006960415
0.149548478,-0.034795521,0.14698286,-0.03843624,0.144565364,-0.094814039,0.141370439,-0.010856068,0.141476742,-0.017089218
0.149534427,0.069744206,0.146972387,-0.055496461,0.144554956,0.023787539,0.141412741,-0.059233863,0.141407925,-0.0085005
0.149537372,-0.064629085,0.146986104,0.071314036,0.144557285,0.080093575,0.141413261,-0.026675058,0.141368254,-0.183563308
0.14953802,0.019362572,0.14695204,-0.008817251,0.14454232,-0.030267585,0.141391311,0.001319343,0.141401233,-0.013282315
0.149538078,-0.051316169,0.146930078,-0.122482024,0.144604419,0.027526075,0.141356806,0.210986541,0.141442958,0.040620776
0.149538428,0.021500595,0.146944902,-0.093804468,0.144526515,-0.065541363,0.141285309,-0.084401965,0.14140786,0.127256654
0.149495858,-0.116203044,0.146945353,0.026815683,0.144470591,-0.135386448,0.141292718,0.144572559,0.141332662,-0.184271192
0.149534406,-0.013844214,0.146915264,0.021914128,0.144541544,-0.026059304,0.141299598,0.01605748,0.141355963,-0.085908547
0.149520177,-0.036726073,0.146938994,0.109752072,0.14454495,0.055271454,0.141283581,0.028134367,0.141447335,0.229116814
0.149521427,0.059979855,0.146953053,0.163962271,0.144535016,0.205209425,0.141199882,-0.347780877,0.141388554,-0.009878086
0.149524549,0.010665349,0.146898382,-0.035883811,0.14450528,-0.000528768,0.141257103,0.036847461,0.141360545,0.082069378
0.149502153,0.056871757,0.146950788,0.097824035,0.144510063,-0.039366056,0.141290409,0.027501963,0.14136544,0.119096157
0.149453231,-0.08579149,0.146964458,0.049502772,0.144479256,-0.0484878,0.141331376,0.192230852,0.141318471,0.145276624
0.149460432,0.049659085,0.146935447,-0.12044344,0.144418687,-0.147505593,0.141255133,-0.172003423,0.141258925,-0.127585624
0.149450294,-0.078108788,0.146966508,-0.043979049,0.144421099,0.051508061,0.141227867,0.033515875,0.141209908,-0.265843495
0.14942536,-0.068714494,0.146966828,-0.048227837,0.144429869,-0.05054849,0.141199422,-0.072259524,0.141234089,0.056391954
0.149443104,-0.11975848,0.14691731,-0.065390233,0.14441655,-0.011814564,0.141274339,0.079118889,0.14124151,0.019811649
0.149464055,0.072708579,0.146923663,0.110877393,0.144377483,0.056592777,0.141323725,0.199220775,0.141255991,0.141182347
0.149436548,0.04211511,0.146889798,-0.005902444,0.144339729,-0.040328228,0.141288803,0.110705073,0.141191188,0.022708996
0.149419245,0.001185584,0.146874511,-0.099416137,0.144407431,0.157084464,0.141228039,-0.153157803,0.141117358,0.022489403
0.149399551,-0.114074786,0.146855541,0.026428214,0.144371007,-0.109123075,0.141250326,0.043974015,0.141063748,-0.203041857
0.149377705,-0.233105581,0.146890358,0.113109475,0.144397297,0.009592767,0.141281989,-0.055214137,0.141113223,0.19975299
0.149424317,0.164721594,0.146851767,0.15290716,0.144399615,0.036467786,0.141261946,-0.109094162,0.141128891,0.023809111
0.14940257,0.13994291,0.146793282,-0.122666146,0.144363407,0.022999065,0.141292494,0.146358051,0.141103752,-0.004905368
0.149381486,-0.043303641,0.146792988,-0.089196972,0.144377194,0.085243814,0.141233407,0.09409503,0.141075612,-0.015683916
0.149400132,-0.089699219,0.146768767,-0.087855402,0.14436836,0.019804047,0.141141811,-0.278259931,0.141112131,-0.043198307
0.149416344,0.022427738,0.146808694,0.221431543,0.14441433,-0.027568211,0.141209194,0.267042653,0.141156642,0.216994383
0.149392898,-0.080787027,0.146710818,0.042138363,0.144401661,-0.012107843,0.141145591,-0.322451906,0.14108976,0.09642927
0.149396909,-0.002268537,0.14672595,0.034693534,0.144325098,-0.137728279,0.141195248,0.181823792,0.140996814,-0.203079396
0.149418691,0.058557091,0.146763756,-0.044141521,0.144318313,-0.007618343,0.141194339,-0.007330967,0.141026068,-0.020041912
0.149390753,0.054057459,0.146738131,-0.060793675,0.144352627,-0.09356697,0.1411239,-0.15546144,0.141074896,0.329084999
0.149405736,-0.016490226,0.146727684,-0.075222641,0.144400585,-0.080808349,0.141079356,-0.114013551,0.140962239,-0.03920129
0.149408255,-0.061066194,0.146721204,-0.160959692,0.144414398,0.101434216,0.141134321,-0.055461015,0.14092155,-0.126871204
0.149391498,0.084854661,0.146737438,-0.085211815,0.144408699,0.075287947,0.141146574,0.061049601,0.14098726,0.211962952
0.149350134,0.052407053,0.14678329,-0.12968698,0.144348106,0.091961441,0.141080415,-0.050404732,0.140994,0.130321698
0.149398573,-0.041220075,0.146790216,0.020006098,0.144342708,0.078582893,0.141000524,-0.101316899,0.141010834,0.156910626
0.149388746,0.029440259,0.146751692,-0.05438436,0.144408674,0.041950879,0.141037191,-0.096925685,0.140917941,-0.163952374
0.149373805,-0.105524536,0.146757201,-0.04448885,0.144352985,-0.124346642,0.141072838,0.170909091,0.140990694,0.151421186
0.149405424,0.091309678,0.146752119,-0.074384604,0.144298637,-0.018118585,0.140993796,-0.184851356,0.141012158,0.041167371
0.149425471,-0.102850277,0.146749976,-0.044154663,0.144345605,0.103451061,0.141064057,0.119378129,0.140983826,-0.040456827
0.14940032,0.005597636,0.146768762,0.067475219,0.144302673,-0.155177392,0.141102231,0.065633879,0.140986031,0.13350323
0.14940269,0.08242817,0.14671085,-0.145694216,0.144330729,0.092138177,0.141068058,-0.151295633,0.140946864,0.234594345
0.149344955,-0.086339609,0.146706587,-0.035787853,0.144334517,-0.006825752,0.141033038,-0.050793023,0.140885365,-0.120535233
0.149345934,-0.131675478,0.146750186,0.143640075,0.144282004,-0.140793312,0.141021725,-0.061022415,0.14095485,-0.049103313
0.149358092,-0.049170634,0.146755963,0.028690551,0.144264156,0.042168763,0.141053586,0.215363047,0.1410854,0.160907197
0.14934368,0.070930926,0.146713932,-0.086205621,0.144308789,0.048163421,0.140971671,0.039397017,0.141015174,-0.002583752
0.14934642,-0.042847312,0.146705561,-0.088853147,0.144321246,-0.011300961,0.140892699,-0.260237894,0.140837549,-0.399329403
0.149317223,-0.173595649,0.146735515,0.111922044,0.144298357,0.010265101,0.140926792,-0.079220825,0.140882902,0.023373358
0.149316171,0.12983675,0.14671317,0.051789569,0.144251925,0.05575038,0.140953157,0.005220393,0.140850353,-0.112725698
0.149297652,-0.082062582,0.146686661,0.069572064,0.144231817,-0.101758249,0.140998542,-0.041610463,0.140900009,-0.051255959
0.149319496,0.078170172,0.14668536,-0.157302612,0.14425459,0.060840184,0.141029339,0.120576235,0.140971775,0.031489419
0.149302054,0.090583899,0.146673553,4.09E-05,0.144228198,-0.096629117,0.140964245,-0.074624363,0.140933133,0.225596404
0.149310954,-0.001449255,0.146665063,-0.067436254,0.144287735,0.074423545,0.141000979,0.025034493,0.140785051,-0.084649118
0.149314257,-0.132955897,0.146594933,-0.093284146,0.144225324,-0.151329531,0.14102836,0.00030631,0.140762374,-0.205016512
0.149263987,0.014937983,0.146619456,0.105965815,0.144259221,0.081839123,0.140989868,-0.031701322,0.140850989,0.028986278
0.1492842,0.192660977,0.146639847,0.096523515,0.144282533,0.071702694,0.140995681,-0.093484313,0.140894379,0.305954255
0.14930473,0.028240957,0.146667538,0.072251242,0.144226321,0.049111772,0.141064205,0.220821883,0.140826069,-0.135339532
0.149289175,0.065726016,0.146618661,0.070164493,0.144191642,-0.056536594,0.141023031,-0.040539199,0.140776178,-0.11285093
0.149299516,0.137476448,0.146619691,0.055801938,0.14417024,-0.083418652,0.140988201,0.007018047,0.140719151,-0.262262923
0.149301069,0.048661855,0.146552736,-0.161603195,0.144188074,0.107508928,0.140939359,0.047064742,0.140810054,0.046613753
0.14930251,-0.105484242,0.146597184,-0.052570563,0.144252002,0.211052068,0.140905923,-0.115533842,0.140813502,-0.012477971
0.149284298,0.013029641,0.146577862,0.041449132,0.144231864,-0.119118849,0.140965176,0.152160484,0.140773944,0.05936814
0.149260747,-0.088366657,0.146565583,0.098337654,0.144257123,-0.030041403,0.140897559,-0.110675595,0.14072781,-0.038301032
0.149260768,-0.173501399,0.146520903,-0.044056081,0.144284719,0.133346611,0.140861165,-0.14865388,0.140708547,-0.154000351
0.149277941,0.091984636,0.146584495,0.046204614,0.144190002,0.014577653,0.140942923,0.031704698,0.140725625,0.058342207
0.149281211,0.047249781,0.146558904,-0.017456312,0.144127229,-0.051246906,0.140882595,-0.010170496,0.140705141,0.108750153
0.14929644,0.040629337,0.146588895,0.158698698,0.144189039,0.003558391,0.140776988,0.063304812,0.140709099,0.053347232
0.14925074,-0.185958064,0.146552247,0.072689325,0.1441851,0.100104843,0.140725716,-0.138571243,0.140733578,0.003660101
0.149254052,-0.031236908,0.146552708,0.081644108,0.144120347,-0.122969448,0.140820546,0.198589723,0.140717279,0.212105278
0.149220786,0.002909223,0.146516304,-0.099716534,0.144168879,0.068530258,0.140767013,-0.149475217,0.140618911,-0.074862474
0.14923015,0.010278872,0.146548254,0.111134148,0.144138045,0.017318112,0.140801156,0.148579829,0.140619249,-0.046377482
0.149251433,0.099740119,0.146552432,0.082432898,0.144100643,-0.071008429,0.140752317,-0.131041093,0.140665144,0.140926799
0.149240993,0.039062649,0.146508406,0.007385486,0.144083153,-0.176399101,0.140792131,0.142441357,0.14067153,0.039680163
0.149241604,-0.009422279,0.146519757,0.246040541,0.144126246,0.057841243,0.140746268,0.078558637,0.140607678,-0.066918888
0.149209758,0.069360134,0.146540658,0.221401834,0.144098906,0.054087713,1.41E-01,-0.321793085,0.140568485,0.090725288
0.149181497,-0.039508222,0.146488684,-0.109370452,0.14410717,0.038563544,0.140767861,0.033883984,0.140538963,0.036342446
0.149186269,0.022183743,0.146528206,-0.078315638,0.14409967,-0.159296349,0.140799284,0.122033686,0.140491237,0.203679608
0.149188024,-0.001028717,0.146532141,-0.056856093,0.144128221,0.046778662,0.140721472,0.009015961,0.140411961,-0.135462285
0.149191857,-0.061383999,0.146577806,0.084522445,0.144087246,-0.003593798,0.140694784,0.038436202,0.140445324,-0.087016006
0.14915138,-0.083906766,0.146492593,-0.060945498,0.14408814,0.026778773,0.140707755,0.061665164,0.140484141,0.053299711
0.149149889,0.05146191,0.1464673,-0.04273925,0.144098811,-0.029010703,0.140672903,0.039331882,0.140511199,-0.010861174
0.149146296,0.058160673,0.14647938,0.025704411,0.144104052,0.102539063,0.140641783,-0.031782889,0.140557157,0.120904353
0.149161645,0.022449801,0.146478718,-0.006674932,0.144090349,0.082944196,0.140654014,-0.077862557,0.14049533,-0.090972191
0.149181176,0.189546727,0.146446798,-0.206551106,0.144123084,0.08284238,0.140698391,0.032315857,0.140486385,0.049989073
0.149166175,0.112878693,0.146454657,0.068191723,0.144124647,0.212407633,0.140706109,-0.143007552,0.140480063,-0.495038474
0.149153123,-0.057552849,0.146455538,0.074132037,0.144043677,0.072905902,0.140748359,0.212906809,0.140591494,0.271608608
0.149158749,0.002680128,0.146466207,0.222653736,0.14401639,-0.10697063,0.140705035,-0.044179998,0.140502335,-0.186707487
0.149138653,-0.062013836,0.146421003,0.06365781,0.144057345,-0.055208827,0.140751545,0.194537253,0.140489349,0.169895367
0.149134657,-0.042304553,0.146434107,0.01827063,0.144071144,-0.024812835,0.140721634,0.00620219,0.140457553,-0.09732832
0.149148922,-0.008463001,0.146439585,0.108683498,0.144062074,0.15636252,0.140682916,0.231526936,0.140472464,-0.010078656
0.149136644,-0.060665955,0.14643761,-0.047424281,0.143992144,-0.229855098,1.41E-01,-0.060673716,0.140460034,0.031231028
0.149146044,0.106702698,0.146408527,-0.016631742,0.144022982,0.020522398,0.140689441,-0.061540978,0.140445417,0.122282965
0.149117841,-0.034945538,0.146404762,-0.152647987,0.143983876,-0.075162371,0.140756374,0.039309231,0.140346731,-0.178381905
0.149117026,-0.014237069,0.146438867,0.060488174,0.144004685,0.086183887,0.140768362,-0.019440884,0.140401237,0.346750431
0.149161063,0.157595235,0.146398731,-0.075333432,0.144023669,0.076234151,0.140699109,0.145771129,0.140383043,-0.013367508
0.149104764,-0.015608462,0.146403435,-0.023289608,0.143972226,0.120375143,0.140546275,-0.192546627,0.140375976,-0.000781333
0.149109911,-0.022201146,0.146356405,-0.006563633,0.143918266,-0.130175036,0.140600326,-0.003673004,0.140362334,-0.176553514
0.149107326,0.016558741,0.146344552,0.012606289,0.143928792,-0.216825345,0.140693766,-0.013966584,0.140375306,0.049652997
0.149060628,-0.218661858,0.146358923,-0.000237047,0.143947112,0.041356298,0.140678324,0.032637997,0.140355604,-0.116024447
0.149100713,-0.029138036,0.146390682,-0.053077278,0.143951628,-0.039110906,0.140608436,-0.07000299,0.140372357,0.136143611
0.149080887,0.067775202,0.146319578,-0.024742976,0.143961869,0.045065426,0.140554983,-0.257693416,0.140314825,-0.294727001
0.149081084,0.06690847,0.146321621,0.123687383,0.143958114,-0.044004132,0.14061811,-0.022169263,0.140318381,-0.031986324
0.149053387,-0.098501191,0.146323877,-0.158546506,0.143955338,-0.087319097,0.140620127,0.190055482,0.140346353,0.022103213
0.149048517,0.102031264,0.146296972,-0.082358167,0.143903015,-0.144453381,0.140535966,-0.107608667,0.140332571,0.040375288
0.14902226,-0.285332836,0.146280949,-0.128665369,0.143928412,0.022463419,0.14052245,-0.020881946,0.140324013,-0.043193239
0.149037984,-0.023522116,0.146326176,0.104083716,0.14382971,-0.347825566,0.140559538,0.10387148,0.140358526,0.017028102
0.149042629,0.002303537,0.146310224,0.225700688,0.143936117,0.201668301,0.140513423,0.044781095,0.140364842,-0.076963721
0.149008703,-0.080037521,0.14625569,0.037652263,0.143927465,0.051710191,0.140458434,-0.07055785,0.140320538,-0.014928102
0.149002271,-0.053803642,0.146250636,0.101076089,0.143861125,-0.007489053,0.140462849,-0.022188445,0.140338574,0.1183157
0.149015342,0.031281878,0.146226964,-0.068712545,0.143809152,-0.405348917,0.14044375,-0.033939559,0.140289458,-0.123171075
0.149005207,0.00507624,0.146220369,0.125263678,0.143930851,0.12181852,0.140458336,0.120400676,0.140242846,-0.151453428
0.149012215,0.062189907,0.146193426,-0.0408386,0.143915006,0.006968314,0.140431343,0.071907201,0.140265134,0.028797661
0.148993418,-0.013556505,0.146201504,-0.027885239,0.143888839,-0.245444565,0.140460477,-0.010805217,0.140353028,0.324172521
0.148991494,-0.031903693,0.146189846,-0.089826876,0.143911665,0.139692064,0.140441172,-0.082132201,0.140281554,-0.121196424
0.148975125,-0.066832218,0.146203175,-0.021881966,0.143877285,0.039614719,0.140408225,-0.207950414,0.140206591,0.152796958
0.14900307,-0.003570636,0.146201251,0.016497878,0.143898185,-0.023458191,0.140421505,-0.043755403,0.140144134,0.042454967
0.149017219,-0.040303911,0.146178737,-0.020542801,0.143874591,0.015760287,0.140416306,0.122138168,0.140125687,-0.062522967
0.149001808,-0.084028379,0.146223513,0.164297828,0.143854722,0.100599062,0.14032518,-0.349615993,0.140202192,0.209448608
0.14900737,0.079128084,0.146175767,-0.079163335,0.143854144,0.089931389,0.140428829,0.003600741,0.140209154,0.001110089
0.149020924,0.080016813,0.146230691,0.085267169,0.143876501,0.0519424,0.140473526,0.122305078,0.14022637,0.217821928
0.148954873,-0.081852515,0.146231429,0.094161396,0.14381866,-0.149847569,0.140434737,0.125142405,0.140137936,-0.149209764
0.148995436,-0.000260933,0.146196872,0.035496709,0.143837081,0.197889461,0.140299513,-0.118973134,0.140124418,-0.190550159
0.148991783,-0.083399562,0.146199451,0.057711784,0.143827525,0.046238661,0.140322936,0.053681364,0.140211819,0.083127227
0.148997639,-0.080876759,0.146182195,0.01384139,0.143853971,-0.056465589,0.140406124,0.152855217,0.140232639,0.367297492
0.148980744,0.070696873,0.146195568,-0.052184697,0.143885092,0.193778953,0.140420507,0.056325654,0.140119663,-0.064187252
0.148971049,0.11630664,0.146147189,-0.042710458,0.143784908,-0.220042951,0.140356645,-0.252098231,0.140091892,0.016154616
0.14897048,-0.079158106,0.14615123,0.049749309,0.143839509,0.075111468,0.140337815,0.02197121,0.140110232,0.014008888
0.14895844,-0.050987485,0.146205595,0.207649416,0.143801475,-0.052714644,0.140372128,0.198017427,0.140114383,0.154904209
0.148936581,-0.055263917,0.146178127,-0.000840907,0.143809997,0.306680372,0.140381272,0.115478934,0.14004472,-0.029991859
0.148946207,-0.011069413,0.146154335,-0.071827598,0.143823512,0.009764165,0.140348815,-0.155490655,0.1400379,-0.009992794
0.1489577,0.185561944,0.14617369,0.058672991,0.143825741,0.026700685,0.140354748,-0.05787703,0.140019138,-0.143354048
0.148948572,0.014403033,0.146130564,0.072497256,0.143805717,0.119172928,0.140316436,-0.116128696,0.140080219,-0.090811976
0.148927124,-0.017532799,0.146126125,0.070489653,0.143801487,0.125875545,0.140341442,0.020059539,0.140145574,0.153676697
0.148960026,0.141464412,0.146117767,-0.179602778,0.143801725,0.070773764,0.1403183,-0.062141038,0.140067212,0.01397288
0.148972014,-0.020939682,0.14611614,-0.155070412,0.143828088,-0.044570657,1.40E-01,-0.020127901,0.139976921,-0.15315138
0.148927309,-0.038100893,0.146089315,-0.161227314,0.143846894,-0.004392956,0.14027593,-0.034330749,0.140084401,0.034928003
0.148928392,-0.00029876,0.146050678,-0.112594276,0.143772957,-0.045743563,0.140299909,-0.057296645,0.140171534,0.283961491
0.148939513,0.027573646,0.146063057,0.013580469,0.143688053,0.1838671,0.140280185,-0.010834194,0.140041802,0.056128556
0.14893976,0.105308222,0.14606849,0.057354006,0.143665999,-0.1673855,0.140233327,-0.073290424,0.139984364,-0.072839189
0.148927582,0.020504611,0.146053379,-0.108522257,0.143769759,0.006658349,0.140184163,-0.187897635,0.140013585,-0.058663871
0.148914632,0.114813231,0.146099445,0.01518749,0.14374994,-0.140812607,0.140229247,0.153684372,0.140043636,-0.079082863
0.148911409,0.012611227,0.145993761,-0.198026453,0.143808378,0.007239522,0.140182339,-0.123484383,0.140077817,-0.085471648
0.148907213,0.004049055,0.146060771,0.138834337,0.14379054,0.067043177,0.140216847,-0.099723407,0.140064293,0.203911771
0.148888423,-0.196764566,0.146009831,0.001607739,0.143764471,0.066522054,0.140239726,0.221913184,0.139935967,-0.085903939
0.148923684,0.106063577,0.146011686,0.034998029,0.143710286,-0.081350173,0.140140281,-0.056372088,0.139882873,-0.223135101
0.148907368,-0.034906818,0.146006399,0.147730521,0.143757657,0.141753983,0.140102546,0.068289266,0.139978371,0.043491497
0.148890098,-0.041197817,0.145997349,-0.071492554,0.143730517,-0.016552028,0.140095994,0.059681241,0.139997081,-0.052324412
0.148899298,0.010950488,0.146072112,0.039271764,0.143735985,0.131308748,0.140132642,-0.039580652,0.139981982,0.147022602
0.148904247,0.089843322,0.146047849,-0.114501951,0.143717691,-0.057524309,0.14018554,0.013687903,0.139927686,-0.069442798
0.148870329,0.140378968,0.146045617,-0.08128539,0.143679609,-0.039234572,0.140181531,0.033942608,0.139899687,0.023655744
0.148855494,0.073062145,0.146047003,-0.016399214,0.143653496,-0.024938208,0.14015381,-0.083989538,0.139898701,0.078937031
0.148832108,-0.091054822,0.146034621,-0.019827806,0.143747261,0.125700489,0.140113576,-0.266879859,0.139857187,0.128733801
0.14886446,-0.029057399,0.146056722,0.158756687,0.1437305,-0.171922257,0.140174843,0.157226328,0.139845706,-0.181148769
0.14886033,-0.089246893,0.146048037,0.160908222,0.143766228,-0.095851127,0.140195064,0.025605499,0.139847485,-0.013100851
0.148883903,-0.038684485,0.146016579,0.150294948,0.1438481,0.041533251,0.140191746,-0.085664705,0.139853355,0.026459375
0.148861556,-0.025878383,0.14599229,-0.116197502,0.14371597,-0.165282967,0.140220762,-0.014062722,0.139885942,-0.11338616
0.148838706,0.01502674,0.146047002,0.01589157,0.143724435,0.183261599,0.140225916,-0.007490961,0.139941693,-0.005511326
0.148848638,-0.006650213,0.145999509,-0.10845291,0.143688715,-0.010798871,0.140197369,0.027177613,0.139918074,0.187000028
0.14883215,-0.094782923,0.145925093,-0.139545993,0.143719014,0.026243955,0.140176549,-0.074811073,0.139829952,-0.185128454
0.148834253,-0.048472516,0.145924087,-0.028664456,0.143766323,0.011403649,0.140117981,-0.036791037,0.139889433,-0.043759237
0.148861007,0.17999181,0.145984571,0.186484727,0.143772842,0.15494988,0.140082315,-0.128796943,0.13991719,0.023903348
0.148842071,-0.056906858,0.145957403,-0.140397512,0.143759532,-0.16018698,0.140118379,0.06308268,0.139912528,0.119095165
0.148836334,-0.049564103,0.145982957,-0.013397099,0.143802952,0.023676606,0.140096134,0.074117826,0.139837864,-0.006288234
0.14886272,0.035400454,0.145996197,0.014585911,0.143721571,-0.144491812,0.140043963,-0.000466758,0.13980221,-0.152404303
0.148840525,-0.092828039,0.145998552,-0.155459861,0.143723827,-0.018829194,0.140047142,-0.039859619,0.139835975,0.18460246
0.148834634,-0.052256939,0.146027998,0.015066458,0.143695297,-0.081630687,0.140124341,0.190932166,0.139854063,-0.15533122
0.14884135,0.014763691,0.145974009,-0.141658158,0.143686735,-0.136299658,0.140021195,-0.211052429,0.139896542,0.235014739
0.148855596,0.141918161,0.146008213,0.081566512,0.143714292,0.122574439,0.140055553,0.088630874,0.139822296,-0.328864349
0.148817828,-0.005162564,0.145986885,0.187991298,0.143613146,-0.195259955,0.140037388,0.021523393,0.139873721,0.06885509
0.148847314,0.009163261,0.145954306,0.1299088,0.143632345,0.033439372,0.140058413,0.194137551,0.139877626,0.117782804
0.14883494,0.006805854,0.145990306,0.241459799,0.143642852,-0.101679872,0.139996806,0.092685693,0.139839181,-0.018990628
0.148805775,-0.059917926,0.145982486,0.029106484,0.143623063,-0.018793101,0.13992464,-0.130481844,0.139829804,0.035563222
0.148845635,0.034169823,0.145938727,0.072161522,0.143631365,0.010658597,0.13991785,-0.036375037,0.139838183,0.075604463
0.148807326,0.009510544,0.145904191,0.186425707,0.143614686,0.036474634,0.139940923,0.134907618,0.139875375,-0.038393785
0.148809821,-0.029048546,0.145941057,0.141312407,0.143571314,0.12294792,0.139910508,-0.058257817,0.139855249,0.08691496
0.148793061,-0.005898927,0.145937869,-0.058413193,0.143614948,0.156695333,0.139877676,-0.110414022,0.139694496,-0.289983292
0.148746068,-0.093131813,0.145905346,-0.110460072,0.143591464,0.09452828,0.139900396,-0.085073882,0.139726535,0.05847408
0.14877987,-0.080509091,0.145945442,0.067309757,0.143477368,-0.161988432,0.13997635,0.074224003,0.139802252,-0.186090618
0.148756365,0.05460025,0.145998792,0.191769058,0.14350453,-0.100597124,0.13995887,-0.14783352,0.139844941,0.121825091
0.148748627,0.028475005,0.145972177,-0.040230417,0.143533914,0.006553564,0.13995025,0.210483478,0.139740783,-0.184187596
0.148763623,0.124572253,0.145950249,-0.136047406,0.143499186,-0.012046944,0.139863064,-0.113929442,0.139698491,-0.275665431
0.148742539,0.111419807,0.145952544,0.021362291,0.143490809,-0.138225462,0.139897251,-0.067998445,0.139753276,0.267453256
0.148717211,-0.050209685,0.145896983,-0.235209384,0.143586612,-0.080619008,0.139951732,0.001670644,0.13969823,-0.079712374
0.148701041,0.006306752,0.145981458,0.159170412,0.1436259,0.190492013,0.139964079,0.044967046,0.139732657,-0.192619002
0.14869047,0.03675307,0.145876616,-0.007020603,0.143583806,-0.005530605,0.139916669,-0.199736116,0.13981885,0.021212866
0.148681176,0.017173675,0.145919534,0.027684426,0.143569136,-0.325734961,0.139989045,0.098867633,0.13974635,-0.130693943
0.1486936,-0.028368341,0.145913123,0.169083429,0.143577879,0.061857631,0.139941557,0.098095669,0.139696135,0.173746043
0.148696049,0.087232515,0.145914352,-0.04009901,0.143561933,0.082242102,0.139841886,-0.068709629,0.139681317,-0.066558284
0.148697899,0.089184612,0.145876931,-0.058626973,0.143524057,0.016815295,0.139877357,0.110882314,0.139730306,0.01979125
0.14871145,0.017365062,0.145881164,0.009996846,0.143484647,-0.203879064,0.13987978,0.03051741,0.13975175,0.045755661
0.148679082,0.176942431,0.14590998,0.109550479,0.14357993,0.055848276,1.40E-01,-0.293792317,0.139735443,-0.03512965
0.148660913,-0.175519437,0.145877671,0.045123742,0.143617884,0.132751166,0.139879437,0.169667573,0.139720748,0.202220638
0.148696793,0.10769613,0.14587059,0.015376627,0.143523625,-0.146020761,0.139837329,-0.05493598,0.139672404,-0.066401237
0.148690455,0.006776209,0.145808841,-0.115844616,0.143498856,-0.058123788,0.139883662,0.035240769,0.139692933,0.136069621
0.148689201,-0.071837526,0.145855484,-0.12887149,0.143540756,0.209047662,0.139855127,-0.051404414,0.139662807,-0.001707458
0.14867674,-0.055546919,0.145836347,0.005987124,0.143540768,0.055736121,0.139904277,0.204473213,0.139592161,-0.136951624
0.148687324,-0.021010061,0.145827421,0.217968348,0.143509733,0.047135408,0.139851791,0.031058436,0.13960414,-0.144254243
0.148680411,0.082876993,0.145810308,-0.032155671,0.143458542,-0.014972285,0.139792952,0.124020897,0.139676829,0.134800936
0.148673225,0.087562918,0.145848948,-0.05590507,0.143472885,0.059863696,0.139767054,-0.093243801,0.139670045,-0.145817036
0.148664531,-0.025681319,0.14582911,0.054934115,0.143463247,-0.104902298,0.139748816,-0.120273866,0.13966054,0.072606644
0.148673392,-0.011320195,0.145723708,-0.194066333,0.143498449,0.05711051,0.139757658,0.020027224,0.139646876,-0.070463178
0.148676055,0.102998868,0.145795304,-0.040899275,0.143470873,0.02283624,0.139725688,-0.02913674,0.139685356,0.059360752
0.148638385,0.096958995,0.145809137,0.047531666,0.143479608,0.008581691,0.139770921,0.103812395,0.139679719,-0.012222249
0.148620945,0.058690069,0.145804696,-0.198660114,0.143445321,0.041514752,0.139746287,-0.062997584,0.139713963,0.144701368
0.148602056,-0.097484959,0.145803142,-0.147041316,0.143416446,-0.225041052,0.13969262,0.04531852,0.139638648,0.011807461
0.148594876,-0.057136025,0.145808346,-0.054389658,0.143463672,0.15533276,0.139701988,-0.144551332,0.139572188,0.037451562
0.148612553,0.07256552,0.145801392,-0.027081467,0.143407632,-0.03623071,0.139774265,0.179200918,0.139538078,0.059516022
0.148640474,0.116813571,0.145766928,-0.037267557,0.143415445,-0.159000919,0.139753983,-0.168235633,0.139538029,-0.093375693
0.148606071,0.045973175,0.145839702,-0.035239853,0.143463882,0.013013039,0.139787359,-0.022066416,0.139615334,0.12022116
0.148570811,-0.065790798,0.145786256,-0.124642346,0.143505788,0.103032427,0.139725609,-0.22216283,0.139665199,0.068561887
0.148577389,0.013906961,0.145756494,-0.084910453,0.143485561,-0.217664883,0.139795013,0.201030158,0.139667245,0.028134868
0.148577844,-0.004792497,0.145807223,-0.122821555,0.143504649,0.138623134,0.139774823,0.03360897,0.139609964,0.016534327
0.148555968,-0.075311338,0.145821111,-0.00532713,0.143452537,-0.110765011,0.139752394,-0.086251263,0.139612237,-0.045948179
0.148551924,-0.039149626,0.145791404,-0.036059821,0.14347984,0.119606898,0.139798832,0.08023888,0.139716311,0.321800073
0.148547018,0.041314051,0.145845221,0.102976332,0.14348378,-0.234731732,0.139766849,0.074347,0.139688205,-0.101875755
0.148533106,-0.132906692,0.145811935,0.035251992,0.143491294,-0.082467579,0.139662348,-0.133013061,0.139697963,-0.008532925
0.148532621,0.023724886,0.145852592,0.100271242,0.143406644,-0.000320011,0.139653528,-0.15139493,0.139673336,-0.130682356
0.148557776,0.008068729,0.145812572,0.122257377,0.143461208,0.174990309,0.139717302,0.171048638,0.139656033,0.042687339
0.148537299,-0.113959444,0.145785938,-0.123155652,0.143461988,0.133973563,0.139683469,0.04169881,0.139670452,0.039066744
0.148556558,-0.019120522,0.145779653,-0.031614911,0.143430647,0.022944418,0.139725193,0.093168785,0.139618584,-0.073681871
0.14859382,-0.009353741,0.145724163,0.068364012,0.143472743,0.174284104,0.139758963,0.195827968,0.139613453,-0.049131158
0.148582954,0.018115417,0.145726332,0.076905985,0.143461839,0.006460482,0.139728214,-0.10727969,0.139653408,0.091901434
0.148569233,0.068302412,0.145742777,0.049209763,0.143377376,-0.024841592,0.13965474,0.07445439,0.139658147,0.161305592
0.148531871,-0.144778196,0.145758063,0.077052274,0.143397581,0.005051624,0.139642562,-0.003199663,0.139570896,-0.054604069
0.148538218,0.008523251,0.145758986,0.008531784,0.143354933,-0.111150655,0.13968816,0.051118463,0.139475009,-0.196569851
0.148471867,-0.221473782,0.145798386,0.090007621,0.143330309,-0.096118548,0.139649184,-0.057380289,0.139477329,0.189401479
0.148510635,-0.115611824,0.145751347,0.098724128,0.143361411,0.248279167,0.139651205,0.017538972,0.139528144,0.025008495
0.148507535,-0.1395797,0.145722148,0.112113329,0.14332484,0.008498037,0.139637529,0.125652958,0.13956462,-0.013215086
0.148461894,-0.087225778,0.145717779,-0.099303959,0.143377684,0.012519245,0.139659427,0.012593341,0.139589552,-0.022149261
0.148478225,-0.003809974,0.145751731,0.067729524,0.143412335,0.121958923,0.139736746,0.201198257,0.139579531,0.240383071
0.148469435,0.00829374,0.145727555,0.13265891,0.143395439,-0.072091007,0.139653436,-0.169029223,0.139481453,0.087563084
0.148527041,0.111741019,0.145720057,0.039537585,0.143325915,-0.109242757,0.139595854,-0.119834261,0.139426119,-0.073438408
0.148487102,-0.065631114,0.145722109,-0.048848771,0.143285376,-0.043858558,0.139612846,-0.027299588,0.139423514,-0.102830832
0.148486367,0.029541914,0.145672723,-0.204579837,0.143305029,0.098562058,0.139624483,-0.071440446,0.139476458,0.128043396
0.148472429,-0.083960278,0.145659146,-0.157153551,0.143251723,0.091543399,0.139618322,0.01302192,0.139454807,-0.022147627
0.148464281,-0.044463149,0.145724613,0.121668886,0.143240649,-0.173675246,0.139598505,0.072547265,0.139460965,-0.03110398
0.148455632,0.072157069,0.145697404,0.019689107,0.143312369,0.079237006,0.139608972,0.131715539,0.139502608,0.114624373
0.148408264,-0.201369003,0.145679762,-0.014337118,0.143300633,-0.064718966,0.139627352,0.070474735,0.139497892,0.084405113
0.148460829,0.000254645,0.145715135,0.103051784,0.143296245,-0.234259435,0.139613132,0.064133433,0.139474483,-0.149601328
0.148467305,-0.068084066,0.145663561,-0.014832863,0.14330575,0.157064651,0.13955648,-0.075594078,0.139506309,0.047828446
0.148465216,0.061823374,0.145671695,0.018029029,0.14327029,-0.035001408,0.139562698,-0.091849063,0.139499293,-0.155334799
0.148428737,-0.060514801,0.145712192,-0.022766056,0.143303422,0.095211962,0.139621366,0.210264561,0.139562264,0.028707929
0.148451611,-0.033339281,0.145651821,-0.00314878,0.143283044,-0.008232005,0.139591553,0.103026069,0.139522136,-0.032706635
0.148480346,0.069736346,0.145650666,-0.068607599,0.143220846,-0.033516342,0.139554836,-0.148699966,0.139447904,-0.139025239
0.148434054,-0.081434612,0.14571005,0.016641464,0.1432441,0.053874465,0.13958783,0.071172307,0.139545396,0.253921874
0.148438607,0.117365346,0.145669801,0.042898809,0.143280225,0.043545278,0.13962393,-0.000841198,0.139490607,-0.232100326
0.148444927,-0.062191565,0.145624968,-0.065661754,0.143246129,-0.149966513,0.139626817,0.076324344,0.139432184,-0.012878564
0.148457729,0.117407879,0.145697367,0.097755994,0.143268269,0.0319279,0.139601649,-0.131200817,0.139475352,0.003196729
0.14843101,0.142017462,0.145628749,0.003245745,0.143278589,0.002696293,0.139630063,0.123901248,0.139482331,0.067072454
0.148423198,-0.010254068,0.145646446,0.016701047,0.143272137,0.044657726,0.139622314,0.111350912,0.139404947,-0.038502243
0.148426419,-0.024386345,0.145598209,-0.106503435,0.143300328,-0.032926105,0.139574038,0.166208505,0.139394984,-0.1118012
0.148402171,-0.027829484,0.145664539,-0.008816032,0.143296975,0.09247041,0.139486971,-0.071121004,0.139420431,0.229148035
0.148403147,-0.020918644,0.145620217,0.000792849,0.143196408,-0.207034848,0.139482046,-0.022474059,0.139348473,0.080164827
0.148409824,0.147327373,0.145614406,0.115254056,0.143242753,-0.137192462,0.139496478,-0.037734976,0.139291675,0.085087553
0.148367927,-0.102251139,0.145603489,0.076426843,0.143258249,0.143273847,0.13947327,-0.148595476,0.139295702,-0.038703919
0.148367026,0.097956584,0.145568368,-0.229977798,0.143157083,-0.236670061,0.139468117,0.171347086,0.139402402,0.114940096
0.148388867,0.085018619,0.145623537,-0.020816805,0.143186783,0.114642926,0.139452634,0.147048617,0.139440897,-0.018313755
0.14837679,-0.004134891,0.145616556,0.043329517,0.143221361,0.173573612,0.139455316,-0.031976313,0.13943457,0.202417619
0.148359112,0.054340878,0.145643259,0.232279268,0.143241319,0.048829112,0.139466227,0.149315821,0.139331146,-0.082900047
0.148358676,0.03409822,0.145572138,-0.079470987,0.143242179,-0.004195431,0.139422393,-0.132883132,0.139275573,-0.031642431
0.148313657,-0.066166501,0.145593627,0.0786933,0.143245389,-0.062876873,0.139437297,0.054648832,0.139297696,0.048367546
0.148353864,-0.057414493,0.145547434,-0.195584721,0.143219473,-0.008978352,0.139413393,0.03193354,0.139300095,0.072244262
0.148338861,-0.112691514,0.14561178,0.131281283,0.143211498,-0.058350437,0.139409644,0.01716367,0.139255638,-0.057060043
0.148355932,0.157892576,0.145586842,0.081378012,0.143176308,-0.064687023,0.139422684,-0.075510912,0.139250148,-0.141363205
0.148352346,-0.063809445,0.145579093,0.057435359,0.143130213,-0.104419208,0.139490352,0.014467302,0.139307542,0.181917209
0.1483761,0.189709748,0.145594983,0.026282153,0.143192115,0.104189732,0.139505232,-0.018206642,0.139284323,0.143054663
0.148357052,-0.036422958,0.145566246,0.102900166,0.143179725,-0.055670202,0.139423197,-0.146905983,0.139211599,-0.168565279
0.148390443,0.187629499,0.145591494,0.213787789,0.143203512,0.110540849,0.139444775,0.085471218,0.139282858,0.108973901
0.148379387,-0.076632075,0.145509306,0.03157827,0.143149738,-0.115508703,0.139431994,-0.146696924,0.139284104,-0.036116503
0.148418653,0.178977263,0.145535502,0.123009547,0.143176905,0.010265237,0.139504261,0.142931967,0.139338522,0.029387873
0.148399662,0.06881089,0.145551899,0.151221922,0.143212421,0.174696514,0.139471491,-0.041084987,0.139345604,-0.104007241
0.148364386,-0.143970342,0.145560157,0.062038503,0.143161757,-0.11461553,0.139500303,-0.137041444,0.139353078,0.025070532
0.148377785,-0.012341264,0.145578514,0.025710859,0.143148495,0.054347174,0.139533842,0.18154225,0.139312374,0.136151969
0.148375344,-0.011535748,0.145524454,-0.223515954,0.143139188,0.06518392,0.139432466,-0.050360088,0.139203214,-0.117694822
0.148363756,0.088292624,0.145503131,-0.032779961,0.143123286,0.011235173,0.139360961,-0.230134009,0.139227957,0.008950164
0.148369602,0.099818209,0.145492877,-0.102771043,0.143098167,-0.024146421,0.139479127,0.16336057,0.139329609,0.122203172
0.148343752,0.046151959,0.145521436,-0.098796923,0.143081877,-0.026319813,0.139487491,-0.175559977,0.139315687,0.025912739
0.14831922,-0.090991581,0.145519235,-0.120678787,0.143051211,-0.1976213,0.139518671,0.142041773,0.139282438,0.083462488
0.148304773,-0.065534263,0.145539552,0.140969825,0.143191253,-0.000770483,0.139524848,-0.015561946,0.139281126,-0.055126968
0.148361495,0.140454631,0.145526921,0.046088898,0.143155503,0.000891379,0.139493098,-0.044255898,0.139268156,-0.060677287
0.148325521,-0.02192312,0.145517775,-0.065932615,0.143070419,-0.092881038,0.13949355,0.169421223,0.139293782,0.067926663
0.148312666,-0.05535426,0.145509974,0.097197622,0.143124053,0.183150095,0.139439152,0.177059414,0.139270886,0.072848317
0.14832304,0.133339799,0.145517413,-0.042921896,0.143106639,0.046305083,0.139452626,0.195592474,0.139203786,-0.066287356
0.148269792,-0.067915987,0.145505141,-0.101214662,0.143085149,-0.163634342,0.139448788,0.108446899,0.13918201,0.055801106
0.148280794,-0.027181089,0.145532741,0.052440255,0.143150098,0.191476919,0.139410204,-0.034137818,0.139147678,-0.131463035
0.148290612,-0.025970601,0.145503485,-0.025769872,0.143140709,-0.035585103,0.139423346,-0.01092065,0.139178274,0.105182929
0.148259229,-0.045156976,0.145515307,-0.048219702,0.143110659,-0.146600446,0.139409834,0.048488507,0.139135634,-0.174811765
0.148265926,-0.067050307,0.145509469,0.082126564,0.143124954,0.145066053,0.139307331,-0.010881674,0.139190383,-0.004943616
0.148284315,-0.026195634,0.145453664,-0.013176033,0.143080563,0.025686845,0.139240111,-0.206611432,0.13926729,0.046310557
0.148333143,0.099822187,0.145452504,-0.048546427,0.14303876,-0.106537574,0.139309077,0.112056343,0.139279637,0.089730706
0.148313377,0.013019454,0.145474111,0.051602999,0.143034311,-0.246202811,0.139403877,0.074431323,0.139200789,-0.060465636
0.14829148,0.000604603,0.145484406,-0.123662614,0.143050091,-0.032364821,0.139399774,-0.034858326,0.139199218,0.125246863
0.148290267,0.00392145,0.14549918,-0.022441225,0.143052917,0.064989573,0.139379114,-0.025081824,0.139119292,-0.084275282
0.148277022,-0.028612282,0.145480959,-0.128625655,0.143104529,0.009753279,0.139300279,0.003569506,0.139101217,-0.227077397
0.148295206,-0.037863072,0.145486386,-0.089675231,0.143081933,-0.080465987,0.139231178,-0.151109217,0.139164586,-0.144862714
0.14830879,0.062995349,0.145486141,0.012309305,0.143037782,-0.020548672,0.139244353,-0.155029156,0.139192907,0.033731713
0.148305716,0.042388553,0.145422265,0.049920583,0.143014746,-0.013893037,0.13930869,-0.001890233,0.139182707,0.018242458
0.148276169,0.001689419,0.145461708,0.212934927,0.143040943,0.097841073,0.139345633,0.163004696,0.139130913,-0.066426532
0.148276353,-0.035737896,0.145440967,0.169072991,0.143097628,0.201048436,0.13932017,0.177541539,0.139108505,0.015760781
0.148283207,0.073555444,0.145418759,-0.10995782,0.143023593,0.016701928,0.139260078,0.058345998,0.139148673,0.117819772
0.148237554,0.03071782,0.145423016,-0.053920347,0.142963168,0.142944173,0.139219525,-0.052431727,0.139123864,-0.195034282
0.148229618,-0.078871715,0.145463967,0.205559096,0.142907029,-0.026902042,0.139242145,0.014232438,0.139162216,0.060102376
0.148264115,0.032440446,0.145397163,0.027285638,0.143007478,0.062223712,0.139343646,0.150335345,0.139161698,-0.10668004
0.148268385,0.065243349,0.145379075,0.013997758,0.143047843,0.209018365,0.139361529,0.026801696,0.139198528,0.156204165
0.148279077,0.197268476,0.145378434,-0.215969897,0.142914388,-0.011840972,0.1393098,0.047329096,0.139153907,-0.165497175
0.148216888,-0.080355775,0.145402151,-0.072358787,0.142910143,-0.07252742,0.139259473,-0.085983112,0.139179998,-0.108137153
0.148205802,-0.031640028,0.145382894,-0.12873119,0.142953109,0.07831426,0.139293642,0.000506662,0.13923587,0.051517905
0.148208609,0.08226756,0.145351599,-0.139601137,0.142976896,0.163643409,0.139306485,0.113754554,0.1391746,-0.177524634
0.148216139,0.041465383,0.145395546,0.019062964,0.142935393,-0.126708262,0.139212594,-0.221698218,0.139138182,0.024022325
0.148205927,0.154255505,0.145372563,0.184585963,0.142979114,0.081550199,0.139183151,-0.169358795,0.139101512,-0.00319331
0.148180907,-0.0073606,0.145339155,-0.105886342,0.142911654,-0.024514917,0.139271655,0.099911768,0.139114624,-0.127149866
0.14818754,-0.029263685,0.145338932,-0.066780144,0.142903704,0.019123117,0.139239609,0.092258342,0.139169538,0.472201832
0.148187663,0.037405866,0.145316226,-0.093328977,0.142879255,-0.064048589,0.139167889,-0.07708483,0.13904826,-0.316384871
0.148191421,0.104748801,0.145317377,-0.005648572,0.142936392,-0.022959175,0.139175154,-0.148928099,0.139136555,0.463974311
0.148171081,-0.042328455,0.145391949,0.117570799,0.142928281,0.044260753,0.139207759,-0.096951086,0.139124809,0.038170044
0.148178014,0.030848821,0.145347112,-0.046456642,0.142866641,-0.060405649,0.139364714,0.111023708,0.13907162,0.057450053
0.148191567,0.11859741,0.145354166,0.003149281,0.142921594,0.159087915,0.139370779,-0.024509277,0.139114544,0.126066422
0.148191109,-0.009927428,0.145303888,-0.064484575,0.142943121,-0.106129791,0.13926563,0.114273044,0.13906456,-0.07067079
0.14818314,0.112464065,0.145339782,0.165775664,0.14300096,0.048944483,0.139144307,-0.163651177,0.139039142,0.201641574
0.148177499,0.118383292,0.145324373,0.012438211,0.142963341,-0.054880564,0.139208928,0.035884302,0.139038048,-0.104190103
0.148199716,0.077499615,0.145322946,0.092518003,0.142923426,-0.03818445,0.139278091,0.067779866,0.139127898,0.158794954
0.148202608,-0.00463702,0.145257499,-0.063781677,0.142819905,-0.368215642,0.139223368,-0.101890996,0.139038495,-0.101165481
0.148201417,0.090147121,0.145308514,0.006556896,0.142946895,0.031894507,0.139178978,0.048719845,0.139011219,-0.078381688
0.148211277,-0.038249619,0.145285902,-0.017153428,0.142980059,0.094422566,0.139147289,-0.094196827,0.139075944,-0.066927827
0.148195718,0.078769893,0.145251151,0.024736361,0.143022349,0.160896537,0.139231394,0.345503209,0.139172304,0.194801054
0.148200963,-0.006296823,0.145250073,0.120481382,0.142974481,-0.118644876,0.139189887,-0.063875363,0.139083384,-0.147066248
0.148174781,0.010897394,0.145241011,0.007358622,0.143011793,0.035220349,0.139191265,0.250745468,0.139063578,0.141646292
0.148180212,0.015213568,0.14527173,0.122896187,0.143055456,0.209332722,0.139074263,-0.182795304,0.139085854,-0.062312422
0.148167571,0.084816117,0.145245251,0.036918934,0.142969912,-0.093552303,0.139158344,0.095869286,0.139073805,-0.134367696
0.148172994,0.03601913,0.14522254,-0.032778287,0.142979397,-0.083477202,0.139206168,0.081893672,0.139033605,-0.201223654
0.148131776,0.06863558,0.145219062,5.50E-05,0.142935824,-0.029696547,0.139163972,-0.243886726,0.139059049,0.141942344
0.148135169,0.084233311,0.145248291,0.109104751,0.142937766,-0.040693804,0.139229034,0.192750582,0.138916966,-0.342586632
0.148120099,-0.007989,0.145211735,-0.063097598,0.142956612,0.060451337,0.139190006,-0.057655081,0.138950304,-0.069381926
0.148116356,-0.061207374,0.145198544,-0.011513378,0.142965113,0.128335847,0.139119477,-0.074474207,0.139009901,0.019051621
0.148097492,0.083031393,0.145252812,0.165766512,0.142938625,-0.03391739,0.139099184,-0.028617583,0.139043779,0.06475506
0.148076533,-0.071080478,0.14523999,0.202898854,0.142896927,-0.187287944,0.13914662,-0.003369412,0.139010595,-0.040755845
0.148076956,0.068109937,0.145214795,0.123585629,0.142907802,0.057301136,0.139169664,0.080067535,0.138989757,-0.225153295
0.148019152,-0.107794965,0.145209836,-0.051948617,0.142899661,0.009045456,0.139164969,0.095957322,0.139010494,0.039337022
0.148079415,0.126373381,0.145261713,-0.014693865,0.142900406,0.158568853,0.139157529,-0.03817041,0.138986465,-0.166213701
0.148042545,0.065404412,0.145262984,-0.066072419,0.142821924,-0.240487544,0.139207458,0.253408505,0.139030042,-0.003897856
0.148056323,-0.070602492,0.145211871,-0.053366095,0.142894283,0.172937743,0.139112867,-0.200530006,0.138994306,-0.130356581
0.148046785,0.023671172,0.145188845,-0.018459643,0.142886767,0.179132876,0.139146123,0.199937799,0.139027361,0.109799575
0.148024301,-0.020247555,0.145246787,0.014806015,0.142878143,0.080654561,0.139071252,-0.049184057,0.139025413,0.033297404
0.148043451,0.139975309,0.145213115,0.152097504,0.142871602,0.049340065,0.139031487,0.009432018,0.138931182,-0.234995566
0.148049125,0.036219974,0.145188695,0.079238163,0.142856464,-0.071501726,0.1390425,-0.004306953,0.138966469,0.071893631
0.148030211,0.120626376,0.145149388,0.005848779,0.142890631,-0.071773424,0.139044241,-0.153094166,0.13899272,-0.117270474
0.148037867,0.024931508,0.145215436,0.075063475,0.142894897,0.130301623,0.139031371,-0.054786823,0.139020734,0.095430424
0.148032277,-0.143933838,0.1451495,-0.088821718,0.142853656,-0.058047989,0.139054525,-0.020187964,0.138973349,0.15339379
0.148054984,0.050688812,0.145151949,-0.029434296,0.142881702,0.057719683,0.139092669,0.121699908,0.138949692,-0.0124156
0.148073563,0.014474519,0.145115166,-0.027712642,0.142827731,-0.100628782,0.139029321,-0.076382552,0.138897683,-0.094519282
0.148028811,-0.108924094,0.145141821,-0.006270366,0.142860581,0.19254691,0.139027858,-0.120470467,0.138856001,-0.127036756
0.148031996,-0.181858476,0.145181131,-0.010624029,0.142854683,-0.006296161,0.139089242,0.025838396,0.138896084,-0.042593874
0.148058406,0.032738141,0.145134989,-0.017489122,0.142902352,0.074626283,0.139088551,-0.091877731,0.138923852,0.095310189
0.148030345,-0.022406821,0.145149053,0.003131224,0.142943293,0.287077618,0.139022926,-0.172451897,0.138867567,-0.119270095
0.148051258,-0.000155427,0.145188195,0.094056995,0.142821969,-0.330010073,0.139017985,0.018856264,0.138873719,0.023655586
0.148026957,0.117054733,0.145182814,0.013999097,0.142841581,-0.109431411,0.139077981,0.113397111,0.138867112,-0.222800865
0.148025269,-0.029747886,0.145134786,0.055107443,0.142881349,0.101246414,0.139115857,0.074741616,0.138904642,0.089318189
0.148035942,0.08975076,0.145120148,0.037662745,0.142873938,0.040539613,0.13909503,-0.077573772,0.138823742,-0.045254707
0.148021557,-0.006190944,0.145168191,-0.071146887,0.142841493,-0.092687801,0.139065596,-0.067581666,0.138806451,0.028326239
0.148026324,-0.160240595,0.145190655,0.12778957,0.14284113,0.070044244,0.138977172,-0.055534327,0.13878758,-0.034680923
0.148029457,-0.002723257,0.145182198,0.041365705,0.142814327,-0.129652434,0.139030642,0.143018598,0.138793052,0.096920994
0.148000872,0.114474183,0.14517212,0.088529136,0.142792061,-0.083580834,0.139048646,0.18733445,0.138750313,-0.128843616
0.147967011,-0.050292041,0.145171142,0.074501585,0.142856113,0.169065751,0.138994917,-0.139817544,0.138759688,-0.032072449
0.147966304,-0.03925154,0.145162219,-0.07255446,0.142838075,-0.047719871,0.139078249,0.204235508,0.138749335,-0.227366377
0.147952575,-0.07890823,0.145174859,-0.018732463,0.142805795,-0.00012044,0.139049482,-0.026053933,0.138797658,0.235728069
0.147984228,0.113814908,0.145155774,0.059836819,0.142710808,-0.038234066,0.138986354,-0.093007274,0.138801409,-0.097079189
0.147932019,-0.135303187,0.145161098,0.002506714,0.142695039,-0.153414532,0.139040948,0.008137591,0.138838922,0.050153053
0.147959394,-0.034426963,0.145116809,0.017010714,0.142649633,-0.139890968,0.139113793,0.001197593,0.138812862,-0.020506716
0.147975066,-0.034258505,0.145069408,-0.174207026,0.142691861,0.088364279,0.139109409,0.176710638,0.138846215,-0.000317221
0.147971546,-0.178848857,0.145112373,-0.157636702,0.142722773,0.062103519,0.1390165,-0.028048326,0.138848963,0.060910044
0.147951094,-0.030454654,0.145139179,-0.003422171,0.142714031,-0.050507665,0.13894013,-0.065002114,0.138865636,0.104614724
0.14799731,-0.010122416,0.145091837,-0.096649127,0.142794094,0.231034118,0.138937739,0.069862476,0.138867476,0.096477308
0.147978786,-0.023459892,0.145098534,0.015389913,0.142717545,-0.078431047,0.139019692,-0.011940561,0.138760487,-0.121166436
0.14795403,-0.222100519,0.145126774,0.086402793,0.142645189,-0.169476497,0.139088346,-0.055660624,0.138745422,-0.044542468
0.147953072,-0.090187234,0.145098373,0.006480734,0.142667114,0.00559315,0.139036344,0.055726277,0.138792603,-0.029498983
0.147991959,0.117594639,0.145067424,0.128581521,0.142675162,0.174159406,0.138953303,-0.102992678,0.13881676,0.153122499
0.147958155,-0.079274024,0.145040929,-0.042080676,0.142671857,0.08315461,0.138989739,-0.086610723,0.138816455,0.026807864
0.147962195,-0.046062548,0.145059371,-0.111319948,0.142657271,0.084802456,0.139077703,0.155560428,0.138852739,0.156127449
0.147979521,0.096297875,0.145088604,0.097139986,0.142588743,-0.122848169,0.1390988,0.247588389,0.138773915,-0.190725113
0.147940978,-0.015901066,0.145053029,0.069406441,0.142639972,0.03279161,0.138976144,-0.173611924,0.138799994,0.050445531
0.147948295,-0.06785034,0.145023949,-0.044282223,0.142654646,-0.185544156,0.138991319,-0.023766515,0.138822744,-0.147018795
0.14797081,0.054755271,0.145055667,0.022941755,0.142703868,-0.109245388,0.138973681,-0.163272522,0.138824973,0.147624641
0.147972178,0.036805416,0.145024167,-0.052459635,0.142766689,-0.104157292,0.139026284,0.256567599,0.138726276,-0.016525312
0.147942186,-0.130287026,0.145030636,0.235232482,0.142719783,-0.146285936,0.138959192,-0.046813938,0.138668176,-0.161071935
0.147953131,0.125178599,0.144994852,0.040482336,0.142706788,-0.099247782,0.138989721,0.178309929,0.138706388,0.131769215
0.147926646,-0.224713326,0.145025656,-0.074583678,0.142716101,0.109051747,0.138936999,-0.10938053,0.138726218,0.048060965
0.147961697,-0.163963676,0.145041369,-0.1103154,0.142690427,-0.142016811,0.138912073,-0.097203667,0.138697952,-0.049824497
0.147971671,0.020187537,0.145041912,0.088251825,0.142726775,0.174730958,0.138900755,0.019743304,0.138678618,0.080102181
0.147974373,0.179064939,0.145067256,0.129630901,0.142674641,0.057089561,0.138862589,0.062332732,0.138639372,-0.001969837
0.147981418,-0.004661133,0.145049371,-0.09175328,0.142733405,-0.061649838,0.138901717,-0.069753999,0.138684117,0.169001456
0.147944797,-0.066464636,0.14501775,0.002594659,0.142684061,-0.258859552,0.138933562,-0.017096281,0.138742354,0.172266032
0.147938445,-0.037848552,0.145048355,-0.018502309,0.142677996,0.037850481,0.13888572,-0.121018942,0.138716164,-0.028767556
0.147922563,-0.042939008,0.145021805,-0.178178226,0.142730108,0.110913354,0.138914256,0.032736358,0.138678365,0.03534622
0.147928465,-0.050692145,0.145039254,0.023174038,0.14274004,0.253803219,0.138881924,-0.13290014,0.138623614,-0.073850733
0.147946998,-0.001056457,0.145009533,-0.225072605,0.142648451,-0.023701377,0.138863231,-0.053111798,0.138654502,0.043564613
0.147896976,-0.087735946,0.145079226,0.039747329,0.142621903,-0.212541376,0.138928012,0.108530333,0.138635882,-0.27909514
0.147914138,0.016551402,0.145038685,-0.126643633,0.142778167,0.220819529,0.138946461,0.02874448,0.138611137,0.018798184
0.147923715,0.009552393,0.145015784,0.008479352,0.142672041,-0.15182068,0.138898076,-0.115027645,0.138597564,-0.05427802
0.147912146,-0.121506903,0.144993022,0.050192574,0.142700166,0.035562365,0.138854511,-0.097285315,0.138702882,0.107734953
0.147932818,-0.053787557,0.145020936,0.067352831,0.14271238,0.010825092,0.138894365,0.02493611,0.13873454,0.114379596
0.14794863,0.062059981,0.144994531,0.083849605,0.142695722,-0.108304758,0.138932847,0.03548628,0.138602422,-0.021588076
0.147928551,0.085439552,0.145011222,0.028228014,0.142677075,-0.03826706,0.138933915,0.024488694,0.138488358,-0.156777133
0.147904012,0.024447014,0.144952843,-0.142976831,0.14264483,0.034599423,0.138922167,-0.075989446,0.138553732,0.0476838
0.147928312,-0.140155307,0.144951048,-0.024644189,0.142647397,-0.030454026,0.138942328,0.19147125,0.138613066,0.240201747
0.147904417,-0.069268714,0.144926729,-0.023650433,0.142673101,-0.028759032,0.138942675,-0.075083665,0.138569334,-0.250150626
0.147947957,0.217854201,0.144949028,0.101386592,0.142652722,0.053349961,0.138962204,0.01495714,0.13859371,0.031131515
0.147924078,0.147631987,0.144878811,-0.09649313,0.142635202,-0.039415083,0.138906288,-0.059777026,0.138575096,-0.090427923
0.147918712,-0.099376462,0.144939417,0.152149509,0.142609737,-0.041367424,0.138807565,-0.09453322,0.138607506,0.009063319
0.147928583,0.041432529,0.144908223,-0.019172766,0.14258548,-0.105732506,0.138809316,-0.089124595,0.138649243,0.254067421
0.147928522,0.157065957,0.144888386,-0.111358092,0.142596242,-0.047559896,0.138887497,0.085857554,0.138581888,0.000605825
0.147881344,-0.09933958,0.144981918,-0.004943429,0.142590856,0.058993418,0.138932194,-0.011223657,0.138538981,0.110321767
0.147896168,0.065116788,0.144951913,-0.131303425,0.142575076,0.158653228,0.138931031,-0.078498886,0.138476452,-0.398963382
0.147906611,0.01351299,0.14494732,0.122612594,0.142541718,-0.10729993,0.13884545,-0.079731197,0.138656173,0.134906242
0.147876446,0.038651901,0.144904191,-0.097765357,0.142598764,0.187074782,0.138834482,0.130795506,0.138723357,-0.040547771
0.147887521,0.093684574,0.144974249,0.201079506,0.142584475,0.007891001,0.138806406,0.001571136,0.13866428,0.077157376
0.147887326,0.055701478,0.144934615,0.066518558,0.142582042,0.035896123,0.138813646,-0.140698625,0.138612714,0.043095857
0.147871066,0.009515506,0.144946709,0.08667618,0.142521207,-0.003147863,0.138852277,-0.02645696,0.138543899,-0.114575849
0.147855379,-0.046963663,0.144864447,-0.105335652,0.142528477,0.244429632,0.13883639,0.020312678,0.138588105,0.103600317
0.147851216,0.029376653,0.144929044,0.16924145,0.142498056,-0.206965066,0.138840747,0.020184022,0.138623862,-0.230092995
0.147845417,-0.11561116,0.144896418,0.027112071,0.142596654,0.095386853,0.138813889,-0.045016094,0.138733218,0.0279218
0.147858928,0.085874663,0.144923087,0.152274032,0.142563563,-0.080767949,0.138838429,-0.017995628,0.138782914,0.173953984
0.147837442,-0.02109212,0.144881491,0.007585794,0.142528671,-0.179764627,0.138861471,0.14458274,0.138635559,-0.190770315
0.147821194,-0.096361684,0.144953166,0.101353365,0.142534944,0.025260388,0.138854838,-0.130857005,0.138571379,0.073456786
0.147852144,0.08923281,0.14489496,-0.044453985,0.142520137,-0.084215106,0.138913592,0.086926005,0.138542379,0.096376186
0.147800547,-0.029436248,0.144924734,0.093025618,0.142577381,0.177108954,0.138915493,-0.113017675,0.138534573,0.037508356
0.147785641,-0.073201807,0.144953085,0.107684102,0.142541134,-0.115989399,0.138927807,0.132278638,0.138550156,-0.096315178
0.147840635,0.110838268,0.144882578,-0.067884909,0.142580566,-0.000574118,0.138811164,-0.07327319,0.138575898,0.025646001
0.147796362,-0.118586032,0.14489461,-0.021799175,0.142627568,-0.022330201,0.138830036,0.178804829,0.138551678,-0.205809843
0.147827814,-0.013005175,0.144943011,0.169202901,0.142558111,-0.064107948,0.13885852,-0.115671017,0.138571194,-0.018575199
0.147807472,-0.070024033,0.144886302,0.000899372,0.142535815,-0.119162878,0.138919556,0.209515609,0.138573911,0.244834817
0.147828733,0.021148171,0.144877651,-0.017535059,0.142637342,0.127108295,0.138876364,0.057392527,0.138484067,-0.139196612
0.147821714,-0.063386348,0.144896452,0.025978007,0.142588521,-0.079871857,0.138837313,-0.028683897,0.138518683,-0.098875468
0.147854827,0.17144378,0.144930996,0.009097248,0.142588878,-0.022234353,0.138831851,-0.07217729,0.138567729,0.025163512
0.147843124,-0.021030927,0.144876181,0.016652992,0.142571035,-6.31E-06,0.138864501,0.016255951,0.138506914,0.151782356
0.147835568,0.081915249,0.144859808,-0.111285349,0.142565907,-0.047061857,0.138803547,0.073964606,0.138378117,-0.284104472
0.147860821,0.033769279,0.144891995,0.10243516,0.142640559,0.191683565,0.138670732,-0.234578851,0.138401401,0.037210328
0.147876156,0.206790806,0.144856839,0.018624129,0.14266342,0.037899048,0.138682827,0.074800632,0.138423634,0.055415513
0.147849769,0.027474805,0.144863981,-0.047965566,0.142719559,0.122317446,0.138706414,-0.001221851,0.138442704,-0.001787021
0.147866116,-0.044586462,0.144901988,0.085178443,0.142711065,0.072626652,0.138778285,0.012638374,0.138440883,0.061286969
0.147825277,-0.103112529,0.14490813,0.142210553,0.142602657,-0.094084963,0.138809967,0.161116963,0.138365789,-0.01988313
0.147846522,-0.01522787,0.144846654,-0.00583561,0.14264487,0.011647237,0.138806439,0.027472025,0.138360819,0.096005423
0.147815587,-0.117762384,0.144874225,0.043175198,0.142683421,0.009459196,0.138784576,0.040573362,0.138371286,-0.166954716
0.147833787,0.113964292,0.144875532,-0.092537661,0.142647947,-0.075474833,0.138738503,-0.021790916,0.138432569,0.0785455
0.147827313,0.085090006,0.144884617,-0.026907048,0.142585398,-0.104774575,0.138779297,0.129822478,0.138503962,0.093649193
0.147833377,0.014903133,0.14483714,-0.152452988,0.142631596,0.125244961,0.138739215,0.038272591,0.138500131,-0.076960987
0.147800883,-0.086011436,0.144863192,-0.010200119,0.142601265,-0.043178291,0.13867823,-0.141564375,0.138459916,-0.14065657
0.147822248,0.034363232,0.144782946,-0.03436979,0.142567145,-0.063645384,0.138759981,0.202304934,0.138515446,0.074041424
0.147797728,0.021805916,0.144855738,0.023575076,0.142559439,0.095763289,0.138685954,-0.258304043,0.138476629,0.077330123
0.147830759,-0.068817092,0.144880215,0.12646261,0.142562275,0.025066931,0.13881401,0.284496432,0.138428568,0.019643779
0.147850374,0.101749246,0.144893018,0.026634393,0.142534715,-0.011643293,0.138741434,-0.180754905,0.138422289,-0.008350465
0.14779815,-0.026699347,0.144900782,0.068562124,0.142509222,0.140682483,0.138707479,0.062897081,0.138461231,-0.070666204
0.147820022,0.063853135,0.144914096,0.065040124,0.142505025,0.051129539,0.138671816,-0.108466658,0.138510312,-0.0240077
0.147817398,-0.065739553,0.1449044,0.148296348,0.142477121,-0.114299856,0.138702975,0.086791789,0.138485866,-0.114982352
0.147814391,-0.034727353,0.144893548,-0.076700248,0.142527303,0.041803175,0.13873281,-0.050073844,0.138504974,-0.037345187
0.147838892,0.134357404,0.144835535,-0.058601192,0.142511127,0.081138333,0.13876124,0.041150387,0.13847714,-0.127383099
0.147813569,-0.031038339,0.14483328,-0.126727426,0.142520961,-0.027861378,0.138744946,-0.066837262,0.13850586,0.09581836
0.147827088,-0.071240941,0.144917873,0.112765724,0.14252887,-0.001236404,0.138666637,-0.105583676,0.138507165,-0.106771022
0.147809056,0.101775616,0.144855482,-0.083860356,0.142501871,-0.026336321,0.13871481,0.027569522,0.138502636,-0.05474732
0.147810621,0.026510059,0.144878568,0.131217383,0.142564338,0.065327532,0.138727638,0.026404569,0.138459865,-0.089205853
0.147791224,-0.077166493,0.144848453,0.013699687,0.142549993,-0.062428374,0.138649851,-0.153626514,0.138415216,-0.167325059
0.147763249,-0.097815238,0.144863838,0.156581544,0.142490437,-0.109220341,0.138675797,-0.037162821,0.138468222,0.16141713
0.147793409,0.067598678,0.144850811,0.044478808,0.142477349,-0.079055072,0.138733334,0.077821913,0.138422507,0.022379531
0.147794333,0.104779153,0.144847849,-0.022314203,0.142589667,0.288381837,0.138694787,0.063462646,0.138360306,-0.311179844
0.147782074,-0.063488338,0.144862106,0.008826139,0.142567105,-0.055153972,0.13864475,-0.052557806,0.138420219,0.065391844
0.147790712,-0.094516154,0.144869281,-0.005837086,0.142596191,0.043106434,0.138664157,-0.104523343,0.13842616,-0.070446112
0.14781728,0.079431074,0.144817186,-0.168115646,0.142527192,-0.039600937,0.138666868,0.109800927,0.138398683,0.088379767
0.147794809,-0.020520194,0.144856034,-0.026064503,0.142564608,0.169849703,0.138617465,-0.055786335,0.138270479,-0.10686814
0.147789723,0.018941881,0.144850394,0.004892356,0.142586127,0.051650464,0.138633823,0.052815175,0.138204376,-0.108574633
0.147778065,-0.07022197,0.144802131,0.006617482,0.142494476,-0.17328281,0.138613371,0.006757838,0.13833998,0.02776375
0.147783933,-0.033936934,0.144813486,-0.199464231,0.142534141,-0.036879673,0.13865609,0.059038417,0.138452178,0.204552093
0.14777784,0.011222611,0.14489129,0.151107224,0.142532297,-0.076063482,0.138664604,-0.018536006,0.138402103,0.0556927
0.147797246,0.108370074,0.144894759,0.129410855,0.142552763,0.073981707,0.138665303,-0.041052327,0.138265574,-0.284646743
0.147740634,-0.098654248,0.144860772,0.10989099,0.142518423,-0.029085538,0.138646971,0.088229572,0.138274326,0.230999158
0.147780494,0.034752718,0.144844546,0.033048858,0.14252299,-0.098993361,0.13861957,-0.204860447,0.138262999,-0.278263679
0.147781486,0.050664405,0.14484421,0.045189866,0.142526286,-0.15010193,0.13868706,0.134178317,0.138350694,0.076377879
0.147744511,-0.138986191,0.144864434,0.004441653,0.142517659,-0.097696904,0.138730002,-0.027990859,0.138374468,0.071110048
0.147755505,-0.111162261,0.144849629,0.212168235,0.142544058,0.077575136,0.138736799,-0.069211379,0.138304005,-0.289776887
0.14775196,0.039324146,0.144833674,0.121621134,0.142548148,0.104818884,0.138751726,0.033584146,0.138307135,-0.131013873
0.14774257,-0.061421669,0.144830788,0.061092034,0.142535208,0.081508932,0.138717827,-0.033248848,0.138359458,-0.006997456
0.147762288,0.07506382,0.144796288,-0.038731137,0.142506732,0.058181492,0.138682012,0.194917833,0.138342302,-0.098274764
0.147770151,0.06338181,0.144812812,0.122286289,0.142536303,0.032819385,0.138641539,-0.215300961,0.138396808,-0.008168845
0.147744212,-0.013811246,0.144751802,0.030172337,0.142518099,0.094715186,0.138679696,0.072908495,0.138395069,0.006573576
0.147787296,-0.008155496,0.144779168,-0.04240154,0.142514778,0.006705992,0.138697975,0.131097504,0.138315674,-0.112246092
0.147782684,0.140555511,0.144831012,0.005568584,0.142501323,-0.122705321,0.138671459,0.000437341,0.138250209,-0.204854965
0.147771642,0.131351424,0.144835685,0.089108618,0.142505119,-0.005052274,0.138654548,-0.039559484,0.138332118,-0.114188501
0.147778102,0.169297829,0.144820819,0.098880547,0.142516611,-0.055918183,0.138700146,0.122804087,0.138411451,0.039797033
0.147777472,0.024902312,0.144840211,0.063615395,0.142514138,0.129129934,0.13862846,-0.306444684,0.138329566,-0.091974717
0.147766927,0.003619743,0.144816709,0.077900841,0.142435861,0.082285179,0.13864629,0.022485198,0.13830622,-0.084685099
0.147797634,0.091229106,0.144855464,0.046384356,0.142412876,-0.297815938,0.138576789,-0.088849335,0.138298892,0.209223523
0.147797999,0.066242986,0.144890666,0.082198062,0.142522854,0.083057653,0.138570701,0.072368536,0.138173235,-0.072091508
0.147768372,-0.045109955,0.144849484,-0.121106161,0.142516894,0.270124332,0.138564185,-0.204388045,0.138207465,-0.01795488
0.147770198,0.153279252,0.144802858,-0.008066661,0.142378348,-0.152524127,0.138587562,-0.164886899,0.138324001,0.177098711
0.147772457,-0.075955203,0.144836506,-0.016737927,0.142412186,0.03891432,0.138571244,-0.12671276,0.138279841,-0.098211591
0.14777988,-0.070556184,0.144831512,0.023440743,0.142482533,-0.032897276,0.138562655,-0.164194669,0.138239843,0.084602553
0.147778324,-0.076979969,0.144798406,-0.096603187,0.142488221,-0.123880027,0.138596403,0.001587663,0.138184883,-0.001553275
0.147792546,-0.144351271,0.144812627,-0.171323311,0.142523179,0.123782573,0.138593914,0.055548868,0.138160116,-0.002852506
0.147799262,-0.018932474,0.14480205,-0.017602864,0.142484148,0.101587498,0.13854973,-0.063575748,0.138152981,0.063035298
0.147779045,0.046318077,0.144831352,0.0976055,0.142424497,-0.201457715,0.138547554,0.052645534,0.138198854,-0.034663325
0.14777893,0.137186642,0.14476954,-0.102918554,0.142399055,-0.250205024,0.138486881,-0.126089656,0.138272833,0.216014276
0.147740794,-0.051060113,0.144784673,-0.045424482,0.142394658,0.162513727,0.13852291,0.108298169,0.138215689,-0.167424103
0.147787542,0.177789302,0.144841263,0.123895142,0.142464315,0.216213923,0.138530531,0.135633277,0.138254718,0.10737258
0.147759262,-0.079681321,0.14486255,0.023209921,0.142463611,-0.208144605,0.138518041,0.011570753,0.13824586,-0.017423058
0.14772548,-0.013904092,0.144825023,-0.02737906,0.142483906,-0.044937121,0.138435731,-0.123530835,0.138252602,0.200792721
0.147757819,0.063754733,0.144769326,0.037196415,0.142543575,0.272736657,0.13846165,0.19903133,0.138191663,-0.075104605
0.147729509,-0.020305402,0.144775124,0.106405765,0.142477449,-0.0442737,0.138441755,0.000505467,0.13821503,-0.001091226
0.147726429,0.125491468,0.144706192,-0.168042568,0.142524449,-0.048247348,0.138455755,0.172756255,0.138203366,0.063501518
0.147705461,-0.098778992,0.144767686,0.060471047,0.142593045,0.235110817,0.138444759,-0.094007813,0.138204524,0.100946536
0.147715516,0.00319338,0.144784574,-0.074538339,0.142488189,-0.212210357,0.138443085,0.07127719,0.138214467,0.000792701
0.147707359,-0.004912556,0.144821097,0.007138282,0.142508027,0.109396604,0.13847066,0.077255524,0.138238949,0.036398937
0.147716501,0.066760035,0.144800042,-0.121826744,0.142463994,0.147786201,0.138451451,0.064478796,0.138246599,-0.078659278
0.147694779,0.014903575,0.144763945,-0.030644307,0.142412968,0.040491052,0.138461896,-0.027502378,0.138240982,-0.078435881
0.14772358,-0.046497417,0.144745153,0.006987976,0.142430364,0.109473482,0.138554251,0.00401744,0.138205477,0.013622084
0.147715452,-0.034444941,0.1447857,0.007805029,0.142453442,0.162364066,0.138559315,0.231541607,0.138189975,-0.160992495
0.147695843,-0.032150295,0.144756357,0.027957336,0.142463396,-0.110862133,0.138463606,-0.397850135,0.138217583,0.078511336
