7.80E-05,-85.90084228,7.60E-05,-85.91746487,6.60E-05,-79.88305016,3.80E-05,-7.86E+01
0.000178,-82.83989032,0.000176,-84.07026978,0.000166,-77.35739474,0.000138,-70.4398519
0.000278,-80.26212591,0.000276,-83.78815634,0.000266,-77.1513261,0.000238,-56.47299325
0.000378,-76.31553945,0.000376,-82.81811875,0.000366,-77.00282269,0.000338,-47.05320099
0.000478,-72.64564029,0.000476,-81.83845482,0.000466,-75.78927879,0.000438,-40.84449753
0.000578,-68.33481039,0.000576,-80.42646453,0.000566,-75.10399537,0.000538,-32.92209583
0.000678,-63.623204,0.000676,-78.83023958,0.000666,-73.41446833,0.000638,-27.04103528
0.000778,-60.9328211,0.000776,-76.82586695,0.000766,-72.03568459,0.000738,-22.61794862
0.000878,-58.15857224,0.000876,-74.94730842,0.000866,-70.75766061,0.000838,-19.72337391
0.000978,-55.96891982,0.000976,-72.64994728,0.000966,-69.52682064,0.000938,-17.2694784
0.001078,-54.00955971,0.001076,-70.34487391,0.001066,-68.35267024,0.001038,-15.12458262
0.001178,-52.14427378,0.001176,-68.21494244,0.001166,-66.96338555,0.001138,-13.20780536
0.001278,-49.96231925,0.001276,-66.19625396,0.001266,-65.6687661,0.001238,-11.32745719
0.001378,-47.50387262,0.001376,-64.34586359,0.001366,-64.35133657,0.001338,-9.574397207
0.001478,-45.14357521,0.001476,-62.79830881,0.001466,-62.87878001,0.001438,-8.103574155
0.001578,-42.65356544,0.001576,-61.26590827,0.001566,-61.4460596,0.001538,-6.853175146
0.001678,-40.0555048,0.001676,-59.82593242,0.001666,-60.09093309,0.001638,-5.646306232
0.001778,-37.43510401,0.001776,-58.25982266,0.001766,-58.98192391,0.001738,-4.679680728
0.001878,-35.00187908,0.001876,-56.67164564,0.001866,-57.88415408,0.001838,-3.936843169
0.001978,-32.97515697,0.001976,-55.04503779,0.001966,-56.73374809,0.001938,-3.123807485
0.002078,-31.29476408,0.002076,-53.65632436,0.002066,-55.63159621,0.002038,-2.484105977
0.002178,-29.70939959,0.002176,-52.33183157,0.002166,-54.57249051,0.002138,-1.868756755
0.002278,-28.21014653,0.002276,-51.01017161,0.002266,-53.49184642,0.002238,-1.285315766
0.002378,-26.51341607,0.002376,-49.74670328,0.002366,-52.48964652,0.002338,-0.853161095
0.002478,-24.95035516,0.002476,-48.47165144,0.002466,-51.51795996,0.002438,-0.472356717
0.002578,-23.18702549,0.002576,-47.11370086,0.002566,-50.64470906,0.002538,-0.143193487
0.002678,-21.36619244,0.002676,-45.73838256,0.002666,-49.79194657,0.002638,0.035783327
0.002778,-19.63614405,0.002776,-44.49690274,0.002766,-48.94736487,0.002738,0.263228277
0.002878,-17.75885246,0.002876,-43.26344233,0.002866,-48.05608191,0.002838,0.411971317
0.002978,-16.02805779,0.002976,-42.04946319,0.002966,-47.19305076,0.002938,0.56261506
0.003078,-14.26883522,0.003076,-40.91610778,0.003066,-46.37665146,0.003038,0.601546137
0.003178,-12.5293156,0.003176,-39.76645089,0.003166,-45.527733,0.003138,0.68436011
0.003278,-10.69571827,0.003276,-38.58406208,0.003266,-44.68760467,0.003238,0.674963314
0.003378,-9.087325215,0.003376,-37.51782722,0.003366,-43.95796468,0.003338,0.754410863
0.003478,-7.444526032,0.003476,-36.38058544,0.003466,-43.16509669,0.003438,0.706499918
0.003578,-6.115251959,0.003576,-35.30338193,0.003566,-42.3664105,0.003538,0.602571288
0.003678,-5.024523524,0.003676,-34.30381378,0.003666,-41.55490684,0.003638,0.632396349
0.003778,-3.787472267,0.003776,-33.18917083,0.003766,-40.78355694,0.003738,0.489264124
0.003878,-2.709896444,0.003876,-32.15556995,0.003866,-40.00822461,0.003838,0.479176231
0.003978,-1.889630549,0.003976,-31.17228847,0.003966,-39.27381433,0.003938,0.434451707
0.004078,-1.052323276,0.004076,-30.28623216,0.004066,-38.46787805,0.004038,0.44158105
0.004178,-0.499702801,0.004176,-29.46222609,0.004166,-37.75312305,0.004138,0.38956154
0.004278,0.018306754,0.004276,-28.68734086,0.004266,-37.04061099,0.004238,0.441571271
0.004378,0.508580359,0.004376,-27.99015045,0.004366,-36.31326793,0.004338,0.374588484
0.004478,0.653173069,0.004476,-27.34339906,0.004466,-35.5984061,0.004438,0.347663737
0.004578,0.914286141,0.004576,-26.68508591,0.004566,-34.95977868,0.004538,0.378469553
0.004678,1.103925612,0.004676,-26.06206638,0.004666,-34.2222482,0.004638,0.429576813
0.004778,1.258709189,0.004776,-25.46730933,0.004766,-33.6104234,0.004738,0.444196899
0.004878,1.376017355,0.004876,-24.79439823,0.004866,-33.01676683,0.004838,0.386153368
0.004978,1.422270285,0.004976,-24.10600362,0.004966,-32.42490716,0.004938,0.406299178
0.005078,1.399635197,0.005076,-23.32248728,0.005066,-31.81789573,0.005038,0.368064819
0.005178,1.363068368,0.005176,-22.5890695,0.005166,-31.17205015,0.005138,0.336808123
0.005278,1.346852355,0.005276,-21.80305479,0.005266,-30.58199163,0.005238,0.266084082
0.005378,1.237398596,0.005376,-21.01056911,0.005366,-29.96327729,0.005338,0.268256695
0.005478,1.237291731,0.005476,-20.16193483,0.005466,-29.4566294,0.005438,0.251917425
0.005578,1.158784443,0.005576,-19.37242763,0.005566,-28.87519661,0.005538,0.232658032
0.005678,1.10778052,0.005676,-18.49218556,0.005666,-28.37243185,0.005638,0.160996192
0.005778,1.018544578,0.005776,-17.59096641,0.005766,-27.78716217,0.005738,0.131995218
0.005878,0.898055072,0.005876,-16.76931025,0.005866,-27.26573161,0.005838,0.1099438
0.005978,0.864301771,0.005976,-15.84500734,0.005966,-26.80668169,0.005938,0.229826783
0.006078,0.774869621,0.006076,-14.89590743,0.006066,-26.34917266,0.006038,0.230404405
0.006178,0.760773519,0.006176,-14.02084906,0.006166,-25.83866299,0.006138,0.243098598
0.006278,0.711524813,0.006276,-13.1675669,0.006266,-25.40225387,0.006238,0.23942308
0.006378,0.589530997,0.006376,-12.1994297,0.006366,-24.8891862,0.006338,0.275390371
0.006478,0.435804842,0.006476,-11.38117053,0.006466,-24.35114057,0.006438,0.18539468
0.006578,0.432361113,0.006576,-10.49082007,0.006566,-23.91625469,0.006538,0.30588201
0.006678,0.477511732,0.006676,-9.68827042,0.006666,-23.48553387,0.006638,0.27682318
0.006778,0.564324747,0.006776,-8.830928194,0.006766,-23.01204495,0.006738,0.11756608
0.006878,0.510301304,0.006876,-8.039473878,0.006866,-22.48562322,0.006838,0.101821688
0.006978,0.558321932,0.006976,-7.277422955,0.006966,-21.99458285,0.006938,0.148889266
0.007078,0.514347595,0.007076,-6.591955001,0.007066,-21.55699463,0.007038,0.161034008
0.007178,0.540614373,0.007176,-5.888569163,0.007166,-21.07476615,0.007138,0.117837193
0.007278,0.511565646,0.007276,-5.221212924,0.007266,-20.54033894,0.007238,0.026144216
0.007378,0.554807943,0.007376,-4.575297831,0.007366,-20.10572333,0.007338,0.141537323
0.007478,0.527181463,0.007476,-4.026406906,0.007466,-19.57978254,0.007438,0.164213899
0.007578,0.602997383,0.007576,-3.391588168,0.007566,-19.10306016,0.007538,0.15754475
0.007678,0.699270186,0.007676,-2.885851126,0.007666,-18.6256422,0.007638,0.151403449
0.007778,0.662530297,0.007776,-2.33729991,0.007766,-18.1513801,0.007738,0.202715588
0.007878,0.718899854,0.007876,-1.864123455,0.007866,-17.69593681,0.007838,0.173572106
0.007978,0.693740539,0.007976,-1.203714829,0.007966,-17.26957024,0.007938,0.236543248
0.008078,0.710225292,0.008076,-0.76978573,0.008066,-16.82668614,0.008038,0.161329133
0.008178,0.793164219,0.008176,-0.371899168,0.008166,-16.37585261,0.008138,0.175135088
0.008278,0.922101976,0.008276,0.10380071,0.008266,-15.85922126,0.008238,0.204347698
0.008378,0.884404249,0.008376,0.538152689,0.008366,-15.42146645,0.008338,0.091850983
0.008478,0.895648723,0.008476,0.836451806,0.008466,-15.02261468,0.008438,0.180855395
0.008578,0.90987788,0.008576,1.266014464,0.008566,-14.61743834,0.008538,0.082198639
0.008678,0.836658323,0.008676,1.397569413,0.008666,-14.23798807,0.008638,0.147683089
0.008778,0.707608798,0.008776,1.448296436,0.008766,-13.76849868,0.008738,0.112344732
0.008878,0.739331664,0.008876,1.444844906,0.008866,-13.32397477,0.008838,0.079405186
0.008978,0.766710851,0.008976,1.504777029,0.008966,-12.86310323,0.008938,0.10060752
0.009078,0.756537858,0.009076,1.437207267,0.009066,-12.44017776,0.009038,0.079490472
0.009178,0.690528272,0.009176,1.348547001,0.009166,-11.9269811,0.009138,0.134738206
0.009278,0.696273046,0.009276,1.282651334,0.009266,-11.53491592,0.009238,0.121480825
0.009378,0.768828537,0.009376,1.113366213,0.009366,-11.12319249,0.009338,0.110578428
0.009478,0.739176023,0.009476,1.045879887,0.009466,-10.6969389,0.009438,0.090399588
0.009578,0.67314328,0.009576,0.910103585,0.009566,-10.24375347,0.009538,0.123187784
0.009678,0.812766695,0.009676,0.725360332,0.009666,-9.796780484,0.009638,0.118858715
0.009778,0.78621656,0.009776,0.635446451,0.009766,-9.403257539,0.009738,0.122969248
0.009878,0.772754792,0.009876,0.463170072,0.009866,-9.02045672,0.009838,0.178221382
0.009978,0.84442509,0.009976,0.362034418,0.009966,-8.600721498,0.009938,0.225661444
0.010078,0.76279008,0.010076,0.17615225,0.010066,-8.20151874,0.010038,0.204042628
0.010178,0.765259612,0.010176,0.248403207,0.010166,-7.830702111,0.010138,0.126251431
0.010278,0.805867008,0.010276,0.289123422,0.010266,-7.372357172,0.010238,0.17414164
0.010378,0.946151226,0.010376,0.259085224,0.010366,-7.007266866,0.010338,0.122521599
0.010478,0.844878294,0.010476,0.261030908,0.010466,-6.647507415,0.010438,0.140607194
0.010578,0.845325097,0.010576,0.205438489,0.010566,-6.297344276,0.010538,0.081311558
0.010678,0.97609729,0.010676,0.317398101,0.010666,-5.88363666,0.010638,0.112077028
0.010778,0.977427787,0.010776,0.209468601,0.010766,-5.486703907,0.010738,0.111913996
0.010878,1.029430908,0.010876,0.274134597,0.010866,-5.1551851,0.010838,0.082680228
0.010978,1.122990036,0.010976,0.131537561,0.010966,-4.815623042,0.010938,0.055758855
0.011078,1.162333659,0.011076,0.212907625,0.011066,-4.445433576,0.011038,0.168291606
0.011178,1.232481074,0.011176,0.219598708,0.011166,-4.085415931,0.011138,0.239430564
0.011278,1.155834209,0.011276,0.077757426,0.011266,-3.681455735,0.011238,0.195873433
0.011378,1.198016398,0.011376,0.120918529,0.011366,-3.277478783,0.011338,0.167041635
0.011478,1.151527829,0.011476,0.070971225,0.011466,-2.781576301,0.011438,0.224454491
0.011578,1.157547922,0.011576,0.138869365,0.011566,-2.348807086,0.011538,0.269008342
0.011678,1.139607107,0.011676,0.141452133,0.011666,-1.788847514,0.011638,0.200789094
0.011778,1.226876616,0.011776,0.222364791,0.011766,-1.324307136,0.011738,0.336601069
0.011878,1.267013665,0.011876,0.243228311,0.011866,-0.897114557,0.011838,0.150404288
0.011978,1.271439856,0.011976,0.21153963,0.011966,-0.554518306,0.011938,0.287468571
0.012078,1.304759369,0.012076,0.197254278,0.012066,-0.339984365,0.012038,0.286930819
0.012178,1.336626559,0.012176,0.225796319,0.012166,-0.068674421,0.012138,0.333987422
0.012278,1.343150752,0.012276,0.114120172,0.012266,0.042597948,0.012238,0.287449184
0.012378,1.242540655,0.012376,0.127753856,0.012366,0.065579837,0.012338,0.270553619
0.012478,1.241506848,0.012476,0.165197103,0.012466,0.195029989,0.012438,0.231782143
0.012578,1.19534545,0.012576,0.184892022,0.012566,0.276861382,0.012538,0.277889125
0.012678,1.276394553,0.012676,0.071401908,0.012666,0.267520111,0.012638,0.252803589
0.012778,1.401004492,0.012776,0.011540774,0.012766,0.25990763,0.012738,0.327864896
0.012878,1.378153625,0.012876,-0.079665828,0.012866,0.298438193,0.012838,0.364562828
0.012978,1.302353647,0.012976,-0.03362631,0.012966,0.248553466,0.012938,0.464107455
0.013078,1.425004666,0.013076,0.046248249,0.013066,0.149041241,0.013038,0.419788753
0.013178,1.500973254,0.013176,0.118812682,0.013166,0.202714852,0.013138,0.472115437
0.013278,1.552519818,0.013276,0.038992115,0.013266,0.093357024,0.013238,0.400794998
0.013378,1.367011786,0.013376,0.049890233,0.013366,0.142005138,0.013338,0.374291594
0.013478,1.523581695,0.013476,0.024147036,0.013466,0.10240935,0.013438,0.453730858
0.013578,1.620295073,0.013576,0.091121901,0.013566,0.237101829,0.013538,0.420112247
0.013678,1.581441153,0.013676,-0.003591162,0.013666,0.203944693,0.013638,0.498197324
0.013778,1.620428677,0.013776,0.026945092,0.013766,0.26969159,0.013738,0.429965201
0.013878,1.588359404,0.013876,0.080353438,0.013866,0.277223792,0.013838,0.48411723
0.013978,1.606691968,0.013976,0.082814158,0.013966,0.281036268,0.013938,0.317025964
0.014078,1.534635903,0.014076,0.061452103,0.014066,0.266393234,0.014038,0.411950326
0.014178,1.629451395,0.014176,0.027858741,0.014166,0.235051886,0.014138,0.416991243
0.014278,1.670730423,0.014276,0.067642061,0.014266,0.22872814,0.014238,0.345537586
0.014378,1.73242514,0.014376,0.054307026,0.014366,0.020131487,0.014338,0.335100998
0.014478,1.770867266,0.014476,0.092215226,0.014466,0.017699992,0.014438,0.332790998
0.014578,1.840824029,0.014576,0.073762455,0.014566,0.052885536,0.014538,0.437149364
0.014678,1.659975918,0.014676,0.122448682,0.014666,0.043750005,0.014638,0.350360082
0.014778,1.919159492,0.014776,0.174366453,0.014766,0.020397678,0.014738,0.282685504
0.014878,1.833646472,0.014876,-0.037311225,0.014866,0.150805825,0.014838,0.25361895
0.014978,1.817964624,0.014976,0.02225477,0.014966,0.117439309,0.014938,0.321576482
0.015078,1.767372894,0.015076,0.047555264,0.015066,0.141684136,0.015038,0.187855865
0.015178,1.78081752,0.015176,-0.074598386,0.015166,0.203901717,0.015138,0.185772027
0.015278,1.782708821,0.015276,-0.04650144,0.015266,0.32269848,0.015238,0.100460357
0.015378,1.666558373,0.015376,-0.054343386,0.015366,0.30501452,0.015338,0.25460497
0.015478,1.762670581,0.015476,-0.045899518,0.015466,0.205845704,0.015438,0.263485474
0.015578,1.655282066,0.015576,-0.007434023,0.015566,0.181296009,0.015538,0.300061961
0.015678,1.591146405,0.015676,0.023762517,0.015666,0.173634964,0.015638,0.37500717
0.015778,1.640232897,0.015776,0.008317552,0.015766,0.038521861,0.015738,0.376773398
0.015878,1.748387899,0.015876,0.062687983,0.015866,0.078756653,0.015838,0.301986416
0.015978,1.722725462,0.015976,0.181276979,0.015966,0.169089937,0.015938,0.331625637
0.016078,1.722445994,0.016076,0.13871629,0.016066,0.040154194,0.016038,0.239324798
0.016178,1.826401415,0.016176,0.120791474,0.016166,0.054843238,0.016138,0.220161695
0.016278,1.778532941,0.016276,0.064115239,0.016266,0.007713836,0.016238,0.242218114
0.016378,1.741064333,0.016376,0.179417304,0.016366,-0.021100603,0.016338,0.208603331
0.016478,1.701548957,0.016476,-0.008802091,0.016466,0.07971311,0.016438,0.147981505
0.016578,1.772672175,0.016576,0.077156768,0.016566,0.022324063,0.016538,-0.043763016
0.016678,1.741251724,0.016676,0.026635875,0.016666,-0.006995719,0.016638,0.022370495
0.016778,1.782079029,0.016776,0.017142713,0.016766,0.120621006,0.016738,-0.045931786
0.016878,1.814687685,0.016876,0.077438958,0.016866,-0.005465133,0.016838,-0.017882949
0.016978,1.777394483,0.016976,-0.051390676,0.016966,0.04699401,0.016938,-0.100103457
0.017078,1.826400696,0.017076,0.025297309,0.017066,0.092366863,0.017038,-0.054876231
0.017178,1.864713999,0.017176,0.036762751,0.017166,0.096162372,0.017138,0.006889612
0.017278,1.873978937,0.017276,0.038063694,0.017266,0.004119015,0.017238,-0.049046486
0.017378,1.867982317,0.017376,0.103093887,0.017366,-0.01464183,0.017338,0.095708098
0.017478,1.911464043,0.017476,-0.012618035,0.017466,0.121381629,0.017438,0.078260112
0.017578,2.001224103,0.017576,0.006325019,0.017566,0.087306072,0.017538,0.228713417
0.017678,1.87298381,0.017676,0.044821328,0.017666,0.131300223,0.017638,0.099320102
0.017778,1.919283583,0.017776,-0.021258196,0.017766,0.306444168,0.017738,0.153374088
0.017878,1.95059641,0.017876,0.04791527,0.017866,0.244944136,0.017838,0.264508015
0.017978,1.970371731,0.017976,-0.109514911,0.017966,0.117658943,0.017938,0.09668353
0.018078,1.849487415,0.018076,0.044106802,0.018066,0.120059881,0.018038,0.095211297
0.018178,1.896692498,0.018176,-0.093963384,0.018166,0.234609926,0.018138,0.042249976
0.018278,1.992912506,0.018276,-0.073856514,0.018266,0.152618183,0.018238,-0.088688
0.018378,2.056939354,0.018376,0.114110832,0.018366,0.229696966,0.018338,-0.083622975
0.018478,2.106596796,0.018476,0.094285232,0.018466,0.068286555,0.018438,-0.006830928
0.018578,2.121148439,0.018576,0.159936428,0.018566,0.015641043,0.018538,0.009772715
0.018678,2.07716627,0.018676,0.148028397,0.018666,0.007738064,0.018638,0.007568051
0.018778,2.11847957,0.018776,0.086402049,0.018766,-0.00853999,0.018738,0.045009238
0.018878,2.151122296,0.018876,0.166457657,0.018866,0.018773533,0.018838,0.029663827
0.018978,2.095990999,0.018976,0.186733587,0.018966,0.093974742,0.018938,0.077426829
0.019078,2.205138631,0.019076,0.191932652,0.019066,0.0800293,0.019038,0.118883059
0.019178,2.15007673,0.019176,0.060777923,0.019166,0.168093186,0.019138,0.117663168
0.019278,2.170635355,0.019276,0.015019512,0.019266,0.249002322,0.019238,0.05377975
0.019378,2.311614033,0.019376,0.051578097,0.019366,0.165191461,0.019338,0.024166646
0.019478,2.264287239,0.019476,0.083429345,0.019466,0.325661724,0.019438,0.069745519
0.019578,2.276642425,0.019576,0.012411382,0.019566,0.246391161,0.019538,0.009093459
0.019678,2.293375994,0.019676,-0.025830714,0.019666,0.291969102,0.019638,0.086873327
0.019778,2.18032156,0.019776,-0.039350046,0.019766,0.226538225,0.019738,0.074784295
0.019878,2.378152731,0.019876,0.043487674,0.019866,0.300460901,0.019838,0.008922611
0.019978,2.437075734,0.019976,-0.038150006,0.019966,0.37040035,0.019938,0.004694845
0.020078,2.286171777,0.020076,-0.04437441,0.020066,0.383058865,0.020038,0.078836595
0.020178,2.396608099,0.020176,0.055634864,0.020166,0.443373553,0.020138,0.078043752
0.020278,2.497832065,0.020276,0.033365899,0.020266,0.391239832,0.020238,0.079704752
0.020378,2.517033975,0.020376,0.122399707,0.020366,0.433759726,0.020338,0.035281714
0.020478,2.584456428,0.020476,0.067183654,0.020466,0.458060077,0.020438,0.033378682
0.020578,2.636413341,0.020576,0.063457817,0.020566,0.552464565,0.020538,0.092483243
0.020678,2.741955363,0.020676,-0.005618003,0.020666,0.483954224,0.020638,-0.008488252
0.020778,2.784846188,0.020776,0.066667187,0.020766,0.339175345,0.020738,-0.035502212
0.020878,2.766652583,0.020876,-0.096430216,0.020866,0.33687999,0.020838,0.047961212
0.020978,2.916520476,0.020976,-0.072767267,0.020966,0.358743337,0.020938,0.019039145
0.021078,3.011997805,0.021076,0.039145458,0.021066,0.121125688,0.021038,-0.005184773
0.021178,3.111362852,0.021176,0.013065308,0.021166,0.170963803,0.021138,0.119213192
0.021278,3.034819859,0.021276,0.096976119,0.021266,0.108570633,0.021238,0.029068915
0.021378,3.227375351,0.021376,0.088139052,0.021366,0.124351624,0.021338,0.072924814
0.021478,3.201201706,0.021476,-0.002048445,0.021466,0.059885653,0.021438,0.05274744
0.021578,3.17643485,0.021576,0.121283186,0.021566,0.069690228,0.021538,0.043451306
0.021678,3.177442909,0.021676,-0.02210322,0.021666,0.015272195,0.021638,0.081088483
0.021778,3.222057545,0.021776,0.014166141,0.021766,0.162094852,0.021738,-0.007306206
0.021878,3.24781422,0.021876,-0.02757348,0.021866,0.164531309,0.021838,0.058330791
0.021978,3.224248597,0.021976,-0.038822728,0.021966,0.086326429,0.021938,0.012593795
0.022078,3.260063152,0.022076,0.025496891,0.022066,0.010374157,0.022038,-0.037687909
0.022178,3.327514401,0.022176,-0.008051162,0.022166,-0.020129241,0.022138,-0.018084247
0.022278,3.395057491,0.022276,0.041685216,0.022266,0.133755435,0.022238,-0.037154451
0.022378,3.412430142,0.022376,0.099383185,0.022366,0.084440515,0.022338,-0.09095789
0.022478,3.481293842,0.022476,0.174881328,0.022466,0.139461084,0.022438,0.100248099
0.022578,3.622536672,0.022576,0.089314474,0.022566,0.013707901,0.022538,0.11971385
0.022678,3.629431305,0.022676,0.223928947,0.022666,0.156792496,0.022638,0.03159133
0.022778,3.536312367,0.022776,0.161564727,0.022766,0.266766309,0.022738,0.132137903
0.022878,3.644679937,0.022876,0.188213184,0.022866,0.270717592,0.022838,0.025525659
0.022978,3.618054322,0.022976,0.157638276,0.022966,0.183113766,0.022938,0.133869556
0.023078,3.758565634,0.023076,0.129034038,0.023066,0.183341141,0.023038,0.056791636
0.023178,3.634543758,0.023176,0.179349046,0.023166,0.068215462,0.023138,0.077598358
0.023278,3.654537369,0.023276,0.104015993,0.023266,0.040306354,0.023238,0.042306566
0.023378,3.649574185,0.023376,0.111156346,0.023366,0.068873399,0.023338,-0.005098492
0.023478,3.795894248,0.023476,0.144901841,0.023466,0.091196356,0.023438,0.012227559
0.023578,3.907527126,0.023576,0.134991704,0.023566,-0.122143564,0.023538,0.014942723
0.023678,3.880564885,0.023676,0.205545331,0.023666,-0.136442861,0.023638,-0.025290167
0.023778,3.909497007,0.023776,0.269059043,0.023766,-0.035742247,0.023738,-0.010861865
0.023878,3.819130604,0.023876,0.164140877,0.023866,-0.037905472,0.023838,-0.071768236
0.023978,3.885387079,0.023976,0.20084688,0.023966,-0.033128432,0.023938,0.0442147
0.024078,3.869817645,0.024076,0.18911846,0.024066,-0.051747258,0.024038,0.06522452
0.024178,3.83770456,0.024176,0.161053419,0.024166,0.031546995,0.024138,0.089089939
0.024278,3.836027187,0.024276,0.138042871,0.024266,-0.009650068,0.024238,0.043322019
0.024378,3.89079464,0.024376,0.175453627,0.024366,0.137120375,0.024338,0.132672356
0.024478,3.8722077,0.024476,0.135938041,0.024466,0.119734967,0.024438,0.063966289
0.024578,3.786573841,0.024576,0.172557559,0.024566,0.080594446,0.024538,0.107004412
0.024678,3.816468931,0.024676,0.231256759,0.024666,0.11102877,0.024638,0.007989217
0.024778,3.792969913,0.024776,0.196452699,0.024766,0.249827444,0.024738,0.015025374
0.024878,3.972930491,0.024876,0.131496951,0.024866,0.103334126,0.024838,0.092180872
0.024978,3.729179838,0.024976,0.282095377,0.024966,-0.05482254,0.024938,0.068208332
0.025078,3.911203628,0.025076,0.257340669,0.025066,0.039475095,0.025038,0.031688153
0.025178,3.980773945,0.025176,0.431117347,0.025166,0.020379191,0.025138,0.043067175
0.025278,4.094769565,0.025276,0.352916769,0.025266,-0.032274499,0.025238,0.132661819
0.025378,3.974623605,0.025376,0.223279647,0.025366,-0.008189425,0.025338,0.018141592
0.025478,3.95439909,0.025476,0.393514833,0.025466,-0.007943728,0.025438,0.029847299
0.025578,3.899901628,0.025576,0.271506689,0.025566,0.025066951,0.025538,0.102458333
0.025678,3.865334313,0.025676,0.449039994,0.025666,0.129960961,0.025638,0.002775209
0.025778,3.715014851,0.025776,0.422694725,0.025766,0.136640571,0.025738,0.047540196
0.025878,3.828162988,0.025876,0.443074215,0.025866,0.005258434,0.025838,-0.021064032
0.025978,3.714766483,0.025976,0.437541002,0.025966,0.031817245,0.025938,0.02996639
0.026078,3.796236675,0.026076,0.11287626,0.026066,0.135110453,0.026038,-0.06893841
0.026178,3.658644162,0.026176,0.201393622,0.026166,0.104693013,0.026138,-0.048413718
0.026278,3.720777383,0.026276,0.138750462,0.026266,0.077353581,0.026238,-0.079311831
0.026378,3.647919587,0.026376,0.223072817,0.026366,-0.039324769,0.026338,0.000782554
0.026478,3.606630948,0.026476,0.114126155,0.026466,-0.046449362,0.026438,-0.007487223
0.026578,3.584797004,0.026576,0.150432249,0.026566,-0.113667785,0.026538,0.048835124
0.026678,3.571748791,0.026676,0.129423059,0.026666,0.049949389,0.026638,0.049640663
0.026778,3.490800709,0.026776,-0.017400579,0.026766,0.049953408,0.026738,0.114816531
0.026878,3.471082297,0.026876,0.065784909,0.026866,0.066553882,0.026838,0.126221344
0.026978,3.370406756,0.026976,0.0938758,0.026966,-0.078980341,0.026938,0.096618545
0.027078,3.244561341,0.027076,-0.052536573,0.027066,0.192306045,0.027038,0.024210582
0.027178,3.262351194,0.027176,0.017715505,0.027166,0.030036521,0.027138,0.093429548
0.027278,3.100461713,0.027276,0.089833988,0.027266,-0.008693827,0.027238,0.102425213
0.027378,3.138318074,0.027376,0.062440504,0.027366,0.048144523,0.027338,-0.017684404
0.027478,3.012268671,0.027476,0.109697064,0.027466,0.003358139,0.027438,0.091287031
0.027578,2.900940167,0.027576,0.311867404,0.027566,-0.070797666,0.027538,0.057941816
0.027678,2.85177544,0.027676,0.378697506,0.027666,-0.04704973,0.027638,0.018556157
0.027778,2.740484129,0.027776,0.353836799,0.027766,-0.042289019,0.027738,-0.047228702
0.027878,2.72903532,0.027876,0.435137251,0.027866,0.096332617,0.027838,-0.106037043
0.027978,2.589889214,0.027976,0.339858043,0.027966,0.064672307,0.027938,-0.002010718
0.028078,2.597291422,0.028076,0.35695268,0.028066,0.009297131,0.028038,-0.004721259
0.028178,2.521707314,0.028176,0.39486663,0.028166,0.059055808,0.028138,0.02257583
0.028278,2.469559341,0.028276,0.407732374,0.028266,0.139740822,0.028238,0.020472307
0.028378,2.554938421,0.028376,0.403676909,0.028366,0.0768969,0.028338,0.060932295
0.028478,2.539822966,0.028476,0.302787361,0.028466,0.079507635,0.028438,0.023458818
0.028578,2.615102372,0.028576,0.307811135,0.028566,0.079549338,0.028538,0.1335432
0.028678,2.551116313,0.028676,0.248390476,0.028666,0.080361708,0.028638,0.019270611
0.028778,2.565055776,0.028776,0.229255403,0.028766,-0.054611849,0.028738,0.057912671
0.028878,2.69987674,0.028876,0.207483977,0.028866,0.01141206,0.028838,-0.037835632
0.028978,2.689005938,0.028976,0.331685738,0.028966,-0.030546379,0.028938,-0.014831046
0.029078,2.724154516,0.029076,0.255302065,0.029066,0.046667479,0.029038,0.083389213
0.029178,2.945048108,0.029176,0.192243548,0.029166,-0.054539113,0.029138,-0.080638892
0.029278,3.015320292,0.029276,0.167038567,0.029266,-0.015213984,0.029238,-0.038369583
0.029378,2.915595654,0.029376,0.178021695,0.029366,-0.062295117,0.029338,0.068084706
0.029478,3.263058243,0.029476,0.202069047,0.029466,0.023217096,0.029438,0.021486492
0.029578,3.276721577,0.029576,0.265637769,0.029566,0.095534249,0.029538,0.041422064
0.029678,3.230796898,0.029676,0.285975405,0.029666,0.077068517,0.029638,0.061146247
0.029778,3.437937027,0.029776,0.11565418,0.029766,0.062959389,0.029738,0.050269256
0.029878,3.501999904,0.029876,0.302298915,0.029866,0.111571605,0.029838,0.023397368
0.029978,3.452185362,0.029976,0.321730626,0.029966,0.037030391,0.029938,0.061498263
0.030078,3.594282586,0.030076,0.232218933,0.030066,0.035229357,0.030038,0.100511233
0.030178,3.698689862,0.030176,0.288700245,0.030166,0.06263588,0.030138,0.023677822
0.030278,3.772596324,0.030276,0.20401824,0.030266,0.060496769,0.030238,-0.034735968
0.030378,3.902335348,0.030376,0.423719945,0.030366,0.040915109,0.030338,0.003133801
0.030478,3.816704531,0.030476,0.239362961,0.030466,-0.007644992,0.030438,0.038870516
0.030578,3.957638123,0.030576,0.270399295,0.030566,0.025569174,0.030538,-0.039448584
0.030678,3.986753311,0.030676,0.340500243,0.030666,-0.00964205,0.030638,-0.057008385
0.030778,4.017391377,0.030776,0.309621595,0.030766,-0.042793383,0.030738,-0.022343274
0.030878,4.008327832,0.030876,0.293100889,0.030866,0.031918656,0.030838,0.010709862
0.030978,4.040030091,0.030976,0.339220491,0.030966,0.027810655,0.030938,0.058801477
0.031078,4.268002549,0.031076,0.282717329,0.031066,0.033544932,0.031038,-0.021531383
0.031178,4.280137539,0.031176,0.265922988,0.031166,-0.020236029,0.031138,-0.041109267
0.031278,4.424564161,0.031276,0.284938556,0.031266,-0.022504933,0.031238,0.008692692
0.031378,4.473902904,0.031376,0.200672447,0.031366,0.069284446,0.031338,0.079672216
0.031478,4.539482935,0.031476,0.125487795,0.031466,0.017130789,0.031438,0.112871908
0.031578,4.659090008,0.031576,0.212462997,0.031566,0.149580827,0.031538,0.153610934
0.031678,4.745834172,0.031676,0.128887164,0.031666,0.032157503,0.031638,-0.018935262
0.031778,4.747037757,0.031776,0.109774427,0.031766,-0.012355128,0.031738,0.071423811
0.031878,4.874149773,0.031876,0.173835692,0.031866,0.075510948,0.031838,0.050012958
0.031978,4.902657067,0.031976,0.038828121,0.031966,0.032151873,0.031938,0.122367476
0.032078,5.000432965,0.032076,0.026084875,0.032066,0.054486388,0.032038,-0.007988473
0.032178,5.173521693,0.032176,0.20536277,0.032166,0.0965027,0.032138,-0.001873132
0.032278,5.232820709,0.032276,0.029332391,0.032266,0.108778853,0.032238,0.051415165
0.032378,5.366453937,0.032376,0.010517528,0.032366,0.109715958,0.032338,-0.012196658
0.032478,5.275786289,0.032476,0.013558185,0.032466,0.078554372,0.032438,-0.037097957
0.032578,5.468591922,0.032576,0.040565706,0.032566,0.070588213,0.032538,0.027891791
0.032678,5.521039926,0.032676,-0.074388806,0.032666,-0.014907823,0.032638,-0.127021299
0.032778,5.445655554,0.032776,0.018050467,0.032766,-0.139288684,0.032738,-0.00498755
0.032878,5.68572973,0.032876,-0.1318065,0.032866,-0.042601156,0.032838,0.049891475
0.032978,5.722252336,0.032976,-0.009027317,0.032966,-0.064575391,0.032938,-0.018332313
0.033078,5.925124967,0.033076,-0.038970054,0.033066,-0.183007734,0.033038,-0.052385008
0.033178,6.039479117,0.033176,-0.302165965,0.033166,-0.003907535,0.033138,0.111792689
0.033278,5.95074173,0.033276,-0.245823538,0.033266,-0.032038163,0.033238,0.022899539
0.033378,6.140113977,0.033376,-0.12365569,0.033366,0.062804786,0.033338,-0.004895051
0.033478,6.225997324,0.033476,-0.229659051,0.033466,0.021267107,0.033438,0.048724675
0.033578,6.182385634,0.033576,-0.259344405,0.033566,0.110571414,0.033538,0.053541601
0.033678,6.246014887,0.033676,-0.176824292,0.033666,0.029411703,0.033638,0.147695044
0.033778,6.42769819,0.033776,-0.289947619,0.033766,0.042175829,0.033738,0.073910503
0.033878,6.378306242,0.033876,-0.25972552,0.033866,0.137706229,0.033838,-0.000725674
0.033978,6.579533387,0.033976,-0.277628178,0.033966,0.185416026,0.033938,-0.016815682
0.034078,6.52408379,0.034076,-0.150911999,0.034066,-0.023497843,0.034038,0.043987426
0.034178,6.666724203,0.034176,-0.213815669,0.034166,0.00824971,0.034138,0.034936934
0.034278,6.837433169,0.034276,-0.161825167,0.034266,-0.079911559,0.034238,0.000706179
0.034378,6.658819799,0.034376,-0.222216378,0.034366,-0.034682113,0.034338,0.068427455
0.034478,6.963071653,0.034476,-0.190241717,0.034466,-0.000949161,0.034438,-0.048057792
0.034578,6.990740976,0.034576,-0.258297089,0.034566,-0.049391648,0.034538,-0.015549169
0.034678,7.013945912,0.034676,-0.336916441,0.034666,0.070541359,0.034638,0.121826628
0.034778,7.01731976,0.034776,-0.334879355,0.034766,0.021778495,0.034738,0.046615566
0.034878,7.153069473,0.034876,-0.328668147,0.034866,-0.027141811,0.034838,-0.010145642
0.034978,7.212161085,0.034976,-0.441262551,0.034966,0.031775849,0.034938,0.016799917
0.035078,7.192636942,0.035076,-0.294386703,0.035066,0.116590435,0.035038,-0.074021439
0.035178,7.304694314,0.035176,-0.473505815,0.035166,0.056049313,0.035138,0.012947863
0.035278,7.57243276,0.035276,-0.418169557,0.035266,0.048280598,0.035238,-0.072525285
0.035378,7.558595685,0.035376,-0.552666351,0.035366,-0.056886218,0.035338,0.018896992
0.035478,7.678463008,0.035476,-0.470764671,0.035466,-0.061312415,0.035438,-0.046977281
0.035578,7.628631377,0.035576,-0.413246199,0.035566,0.069762452,0.035538,0.120429619
0.035678,7.785292387,0.035676,-0.454733542,0.035666,0.04026536,0.035638,0.035889642
0.035778,7.845661327,0.035776,-0.327044102,0.035766,-0.051814803,0.035738,0.003210887
0.035878,8.066944059,0.035876,-0.467118768,0.035866,0.069725688,0.035838,-0.001300674
0.035978,8.139960086,0.035976,-0.325550933,0.035966,0.013352,0.035938,-0.064869277
0.036078,8.232878552,0.036076,-0.218860632,0.036066,0.04298116,0.036038,0.04714344
0.036178,8.247929368,0.036176,-0.31345436,0.036166,-0.019229724,0.036138,-0.081053774
0.036278,8.368727276,0.036276,-0.288964793,0.036266,0.060279242,0.036238,-0.021851948
0.036378,8.412373669,0.036376,-0.407200293,0.036366,0.161919403,0.036338,-0.026043834
0.036478,8.494204725,0.036476,-0.265663519,0.036466,0.188630888,0.036438,0.046974662
0.036578,8.581475257,0.036576,-0.266299448,0.036566,0.061678215,0.036538,0.12222787
0.036678,8.754253423,0.036676,-0.186290487,0.036666,0.198778538,0.036638,-0.036665499
0.036778,8.847163174,0.036776,-0.251934769,0.036766,0.071101706,0.036738,-0.011375082
0.036878,8.759990969,0.036876,-0.239638448,0.036866,0.157818393,0.036838,0.034316848
0.036978,8.860816608,0.036976,-0.239703217,0.036966,0.10150507,0.036938,0.014079454
0.037078,8.921747497,0.037076,-0.181998121,0.037066,0.051971591,0.037038,0.109916976
0.037178,8.995913485,0.037176,-0.225659021,0.037166,0.012846907,0.037138,0.07660273
0.037278,9.067663252,0.037276,-0.20807164,0.037266,0.039914393,0.037238,0.049254066
0.037378,9.218368968,0.037376,-0.042406373,0.037366,0.006926309,0.037338,0.112980563
0.037478,9.087322446,0.037476,-0.148938482,0.037466,0.121717614,0.037438,0.076884977
0.037578,9.253250889,0.037576,-0.050311236,0.037566,0.093457416,0.037538,0.062461436
0.037678,9.378432737,0.037676,0.043576445,0.037666,0.242725179,0.037638,0.044358438
0.037778,9.434537982,0.037776,0.069279718,0.037766,0.102238609,0.037738,0.034052484
0.037878,9.561582035,0.037876,0.115194254,0.037866,0.13191763,0.037838,0.001775235
0.037978,9.72223282,0.037976,0.007536879,0.037966,0.216481911,0.037938,0.001725915
0.038078,9.630698444,0.038076,0.192626335,0.038066,0.105329179,0.038038,0.047961483
0.038178,9.596197268,0.038176,0.241510568,0.038166,0.056949668,0.038138,0.023962069
0.038278,9.644517181,0.038276,0.197664719,0.038266,-0.007658751,0.038238,0.03741051
0.038378,9.974258021,0.038376,0.375733755,0.038366,0.008321946,0.038338,-0.075865373
0.038478,9.874386041,0.038476,0.208112677,0.038466,0.029702082,0.038438,0.041941324
0.038578,9.987380514,0.038576,0.24760525,0.038566,0.168914127,0.038538,0.02811062
0.038678,9.990136014,0.038676,0.319465229,0.038666,0.079637007,0.038638,-0.029387503
0.038778,10.08974714,0.038776,0.433223927,0.038766,0.128301581,0.038738,0.034865506
0.038878,10.04981851,0.038876,0.441253748,0.038866,0.05445244,0.038838,-0.086221955
0.038978,10.20437546,0.038976,0.530668553,0.038966,0.213249692,0.038938,0.050082752
0.039078,10.17578538,0.039076,0.591303983,0.039066,0.130971732,0.039038,0.012417617
0.039178,10.30022067,0.039176,0.382063732,0.039166,0.188445123,0.039138,0.013940534
0.039278,10.27193475,0.039276,0.387452572,0.039266,0.087997251,0.039238,-0.031177913
0.039378,10.16282441,0.039376,0.579166301,0.039366,0.101560437,0.039338,0.015598905
0.039478,10.3416086,0.039476,0.622522004,0.039466,0.042987127,0.039438,-0.011330741
0.039578,10.37372713,0.039576,0.799289326,0.039566,0.03327799,0.039538,-0.021178834
0.039678,10.36278943,0.039676,0.724925893,0.039666,-0.013865731,0.039638,-0.000157854
0.039778,10.36919301,0.039776,0.679125035,0.039766,0.082489551,0.039738,-0.026632656
0.039878,10.49227775,0.039876,0.785198824,0.039866,0.096745909,0.039838,-0.0314161
0.039978,10.27454659,0.039976,0.911435955,0.039966,0.116563464,0.039938,0.038791721
0.040078,10.36027583,0.040076,0.698200496,0.040066,0.090538113,0.040038,0.132265461
0.040178,10.41803406,0.040176,0.845297436,0.040166,-0.009006353,0.040138,0.105848621
0.040278,10.39122685,0.040276,0.904295147,0.040266,-0.035729553,0.040238,0.011418089
0.040378,10.46164998,0.040376,1.026480781,0.040366,0.0448615,0.040338,-0.053864327
0.040478,10.43857511,0.040476,1.168149856,0.040466,-0.183878302,0.040438,-0.005512296
0.040578,10.54611295,0.040576,1.267727756,0.040566,0.057974761,0.040538,0.038810544
0.040678,10.57436599,0.040676,1.186211497,0.040666,0.054095473,0.040638,-0.054649318
0.040778,10.49516763,0.040776,1.195235162,0.040766,-0.014611074,0.040738,0.059720754
0.040878,10.61469825,0.040876,1.308929784,0.040866,-0.002317109,0.040838,-0.021577414
0.040978,10.56026807,0.040976,1.252950096,0.040966,-0.057615542,0.040938,-0.032510676
0.041078,10.41969626,0.041076,1.322702661,0.041066,0.008238421,0.041038,0.031483494
0.041178,10.3832595,0.041176,1.246149035,0.041166,-0.023636911,0.041138,-0.033676424
0.041278,10.55062979,0.041276,1.2681193,0.041266,0.055714229,0.041238,0.037203117
0.041378,10.60698908,0.041376,1.397490128,0.041366,-0.067995779,0.041338,-0.025863611
0.041478,10.50185437,0.041476,1.517040618,0.041466,0.094939036,0.041438,0.018326093
0.041578,10.5178646,0.041576,1.531548793,0.041566,0.009626229,0.041538,-0.029672834
0.041678,10.57772625,0.041676,1.438938576,0.041666,0.089254381,0.041638,-0.056111154
0.041778,10.41492767,0.041776,1.613507688,0.041766,0.001534357,0.041738,0.020064233
0.041878,10.42380925,0.041876,1.581839426,0.041866,0.063854111,0.041838,0.078534946
0.041978,10.48481237,0.041976,1.571904176,0.041966,0.041061642,0.041938,0.0459783
0.042078,10.35149278,0.042076,1.525763809,0.042066,0.007163412,0.042038,0.086839074
0.042178,10.35769831,0.042176,1.634674118,0.042166,-0.059087681,0.042138,0.137314314
0.042278,10.19948339,0.042276,1.603091399,0.042266,0.036447459,0.042238,0.046893947
0.042378,10.1222556,0.042376,1.664458145,0.042366,0.114839207,0.042338,-0.027712127
0.042478,10.10374166,0.042476,1.690304157,0.042466,0.042333547,0.042438,0.07746076
0.042578,10.09384733,0.042576,1.580819116,0.042566,-0.144204417,0.042538,0.040633476
0.042678,10.03088379,0.042676,1.659749525,0.042666,-0.119202112,0.042638,0.082441066
0.042778,10.05406682,0.042776,1.794597544,0.042766,-0.107517975,0.042738,0.026718704
0.042878,9.83352263,0.042876,1.713792258,0.042866,-0.018547162,0.042838,-0.049761967
0.042978,9.794686117,0.042976,1.725708612,0.042966,-0.039354146,0.042938,-0.032386133
0.043078,9.633347762,0.043076,1.731328457,0.043066,-0.058011278,0.043038,-0.048492974
0.043178,9.795094445,0.043176,1.905464611,0.043166,-0.16926855,0.043138,0.003688095
0.043278,9.875045239,0.043276,1.733174039,0.043266,-0.075040143,0.043238,0.050922741
0.043378,9.727404909,0.043376,1.688230753,0.043366,-0.113438036,0.043338,0.001520732
0.043478,9.813440966,0.043476,1.728904557,0.043466,-0.054185082,0.043438,-0.081849736
0.043578,9.547987368,0.043576,1.761500837,0.043566,-0.041890277,0.043538,-0.057529941
0.043678,9.556527882,0.043676,1.680126692,0.043666,0.030680221,0.043638,-0.071090142
0.043778,9.486479194,0.043776,1.757177831,0.043766,0.047866164,0.043738,-0.01973983
0.043878,9.31880189,0.043876,1.855725672,0.043866,-0.123973322,0.043838,0.138845695
0.043978,9.336659321,0.043976,1.952026143,0.043966,0.019179713,0.043938,0.024774602
0.044078,9.190743431,0.044076,1.828942907,0.044066,0.027896717,0.044038,0.035728373
0.044178,9.315374596,0.044176,1.863239795,0.044166,0.009662363,0.044138,0.061976804
0.044278,9.357756566,0.044276,1.810702124,0.044266,0.067682337,0.044238,0.101169048
0.044378,9.25452341,0.044376,1.8376695,0.044366,0.035747129,0.044338,0.000693128
0.044478,9.14447523,0.044476,1.851518427,0.044466,-0.11347396,0.044438,-0.13080682
0.044578,9.167099736,0.044576,1.839276983,0.044566,-0.120314751,0.044538,0.089632196
0.044678,9.008945972,0.044676,1.732031966,0.044666,-0.167630454,0.044638,0.003521555
0.044778,8.848260197,0.044776,1.616022202,0.044766,-0.06591768,0.044738,0.052977595
0.044878,8.830581727,0.044876,1.570600413,0.044866,-0.030768779,0.044838,0.023026014
0.044978,8.778222766,0.044976,1.673826024,0.044966,-0.026919769,0.044938,0.046789339
0.045078,8.788699249,0.045076,1.678939515,0.045066,0.014297698,0.045038,-0.004446115
0.045178,8.67907393,0.045176,1.577211781,0.045166,0.019119786,0.045138,0.05041736
0.045278,8.638933357,0.045276,1.61760521,0.045266,-0.015715539,0.045238,0.063670046
0.045378,8.515093068,0.045376,1.596665545,0.045366,-0.056291356,0.045338,0.021657842
0.045478,8.573010732,0.045476,1.616169207,0.045466,0.128339686,0.045438,-0.093533611
0.045578,8.573763314,0.045576,1.59161933,0.045566,0.013986519,0.045538,0.020362934
0.045678,8.574742297,0.045676,1.539197355,0.045666,-0.120898599,0.045638,0.041956158
0.045778,8.462664515,0.045776,1.596297349,0.045766,0.01493913,0.045738,-0.043893824
0.045878,8.507188343,0.045876,1.467702177,0.045866,-0.122343934,0.045838,-0.097318496
0.045978,8.414542488,0.045976,1.524046337,0.045966,0.099806009,0.045938,0.037803241
0.046078,8.594458047,0.046076,1.59291026,0.046066,0.066388405,0.046038,0.141482879
0.046178,8.591073101,0.046176,1.610563333,0.046166,-0.085185596,0.046138,0.148542802
0.046278,8.573563343,0.046276,1.468438863,0.046266,-0.04369126,0.046238,0.03038257
0.046378,8.481966158,0.046376,1.578690526,0.046366,0.065868217,0.046338,-0.082191464
0.046478,8.423649841,0.046476,1.60477016,0.046466,0.014127047,0.046438,0.029978964
0.046578,8.493959424,0.046576,1.739349368,0.046566,0.122733867,0.046538,-0.068434237
0.046678,8.580234155,0.046676,1.471475108,0.046666,0.072955799,0.046638,0.046126498
0.046778,8.635576899,0.046776,1.554974007,0.046766,0.070331738,0.046738,-0.042162742
0.046878,8.491336529,0.046876,1.49728416,0.046866,0.101611227,0.046838,0.043916531
0.046978,8.648681045,0.046976,1.407164669,0.046966,0.092622849,0.046938,0.045870551
0.047078,8.726091369,0.047076,1.448240352,0.047066,0.088989254,0.047038,0.09870258
0.047178,8.668900143,0.047176,1.448692999,0.047166,0.19689929,0.047138,0.059398441
0.047278,8.657298635,0.047276,1.4826474,0.047266,0.155489201,0.047238,0.06852747
0.047378,8.835737744,0.047376,1.339999101,0.047366,0.147551629,0.047338,0.121804303
0.047478,8.89883936,0.047476,1.473015902,0.047466,0.023955259,0.047438,0.038595924
0.047578,8.969336886,0.047576,1.266760986,0.047566,-0.029127529,0.047538,-0.0877676
0.047678,9.001987799,0.047676,1.271108595,0.047666,0.017354887,0.047638,0.035841953
0.047778,9.113357789,0.047776,1.32414296,0.047766,0.150440777,0.047738,0.073199396
0.047878,8.915870952,0.047876,1.236348523,0.047866,0.166431586,0.047838,0.025132141
0.047978,9.004478815,0.047976,1.221016305,0.047966,0.10647,0.047938,-0.007767038
0.048078,9.096392105,0.048076,1.100727332,0.048066,0.122513521,0.048038,-0.034476476
0.048178,9.161709372,0.048176,1.129388376,0.048166,0.193288546,0.048138,-0.0213884
0.048278,9.033944731,0.048276,0.964338484,0.048266,0.147535935,0.048238,-0.022230557
0.048378,9.081093173,0.048376,1.042416111,0.048366,0.015193957,0.048338,0.014977558
0.048478,9.219111997,0.048476,0.806928721,0.048466,0.164706608,0.048438,0.041658648
0.048578,9.294594366,0.048576,0.699865816,0.048566,0.180407375,0.048538,0.047432491
0.048678,9.484953219,0.048676,0.808694813,0.048666,0.204128527,0.048638,0.077986862
0.048778,9.491560541,0.048776,0.627616128,0.048766,0.083668227,0.048738,0.026882406
0.048878,9.329152495,0.048876,0.538861175,0.048866,0.164602112,0.048838,-0.124520669
0.048978,9.459468737,0.048976,0.532340686,0.048966,0.143862315,0.048938,-0.054608698
0.049078,9.497110462,0.049076,0.55919135,0.049066,0.028117807,0.049038,0.061906715
0.049178,9.646665233,0.049176,0.520063253,0.049166,0.20192329,0.049138,0.042858168
0.049278,9.658893058,0.049276,0.429693791,0.049266,0.218675692,0.049238,0.019522968
0.049378,9.719933995,0.049376,0.395740474,0.049366,0.280856722,0.049338,-0.018984767
0.049478,9.749039487,0.049476,0.454902088,0.049466,0.288518538,0.049438,0.060890794
0.049578,9.774575256,0.049576,0.311322994,0.049566,0.34488307,0.049538,-0.049620305
0.049678,9.848061668,0.049676,0.339280441,0.049666,0.249750042,0.049638,0.089795345
0.049778,9.956562008,0.049776,0.358536766,0.049766,0.305615483,0.049738,-0.056295217
0.049878,9.904846055,0.049876,0.281160593,0.049866,0.366673074,0.049838,0.046184639
0.049978,10.02272241,0.049976,0.431613893,0.049966,0.444287894,0.049938,0.091329636
0.050078,10.07028707,0.050076,0.345038843,0.050066,0.36795758,0.050038,0.048198404
0.050178,10.23525221,0.050176,0.389880995,0.050166,0.376707247,0.050138,-0.005362646
0.050278,10.19016315,0.050276,0.476397077,0.050266,0.297258247,0.050238,-0.052854797
0.050378,10.20906605,0.050376,0.386535309,0.050366,0.365055386,0.050338,-0.055944338
0.050478,10.1135375,0.050476,0.488434223,0.050466,0.267542296,0.050438,-0.039780287
0.050578,10.28296151,0.050576,0.430809856,0.050566,0.449858958,0.050538,0.072403753
0.050678,10.57603794,0.050676,0.516735458,0.050666,0.338598421,0.050638,-0.060855378
0.050778,10.48386531,0.050776,0.501387243,0.050766,0.409578838,0.050738,-0.002296799
0.050878,10.50111226,0.050876,0.468858716,0.050866,0.258524217,0.050838,-0.077181381
0.050978,10.55804852,0.050976,0.468492007,0.050966,0.277070696,0.050938,-0.14349048
0.051078,10.77491362,0.051076,0.521991794,0.051066,0.263844963,0.051038,-0.08898039
0.051178,10.90878487,0.051176,0.512714935,0.051166,0.353214676,0.051138,-0.025487818
0.051278,10.91388287,0.051276,0.481457675,0.051266,0.410431528,0.051238,0.045433292
0.051378,11.06253025,0.051376,0.56038669,0.051366,0.347645438,0.051338,0.033608396
0.051478,11.06600084,0.051476,0.478763677,0.051466,0.446676695,0.051438,0.019816605
0.051578,11.18465045,0.051576,0.562587563,0.051566,0.469540645,0.051538,0.095935216
0.051678,11.3685404,0.051676,0.651411682,0.051666,0.398995072,0.051638,0.028110756
0.051778,11.18818537,0.051776,0.527754621,0.051766,0.463098802,0.051738,0.035763351
0.051878,11.36122755,0.051876,0.551474835,0.051866,0.378699484,0.051838,-0.034315898
0.051978,11.34674365,0.051976,0.471152568,0.051966,0.463053448,0.051938,-0.027173351
0.052078,11.4568606,0.052076,0.472091479,0.052066,0.560443406,0.052038,-0.042355794
0.052178,11.63652889,0.052176,0.392085658,0.052166,0.487983801,0.052138,0.075025123
0.052278,11.67917657,0.052276,0.461863983,0.052266,0.556166614,0.052238,0.054205425
0.052378,11.63161097,0.052376,0.601544487,0.052366,0.484526794,0.052338,-0.012889778
0.052478,11.7486502,0.052476,0.630640092,0.052466,0.5402197,0.052438,0.041271847
0.052578,11.86442456,0.052576,0.641111686,0.052566,0.546139699,0.052538,-0.04981225
0.052678,11.75061483,0.052676,0.605699815,0.052666,0.472023084,0.052638,-0.115116301
0.052778,12.05065602,0.052776,0.740272775,0.052766,0.443294206,0.052738,-0.019874914
0.052878,12.16571073,0.052876,0.803963649,0.052866,0.518749589,0.052838,-0.027419169
0.052978,12.05171594,0.052976,0.893337958,0.052966,0.520095681,0.052938,0.024243489
0.053078,12.11974046,0.053076,0.783411784,0.053066,0.515495815,0.053038,-0.005689466
0.053178,12.3462763,0.053176,1.024680195,0.053166,0.53706709,0.053138,0.086390944
0.053278,12.34872192,0.053276,1.039263134,0.053266,0.54114051,0.053238,-0.031362169
0.053378,12.40107724,0.053376,1.112574032,0.053366,0.538043293,0.053338,0.076420263
0.053478,12.63671432,0.053476,1.26797371,0.053466,0.5057478,0.053438,0.061924766
0.053578,12.65626985,0.053576,1.314124446,0.053566,0.417439798,0.053538,-0.042326418
0.053678,12.73137979,0.053676,1.299726742,0.053666,0.372964099,0.053638,0.043959966
0.053778,12.67181261,0.053776,1.238821915,0.053766,0.414021409,0.053738,0.095023109
0.053878,12.8044921,0.053876,1.466140035,0.053866,0.438479261,0.053838,0.011050964
0.053978,12.82752589,0.053976,1.442219467,0.053966,0.454845756,0.053938,0.038854703
0.054078,12.88522594,0.054076,1.416657466,0.054066,0.36974278,0.054038,-0.00181646
0.054178,13.10759994,0.054176,1.405225628,0.054166,0.428745988,0.054138,-0.007553504
0.054278,13.06169828,0.054276,1.613285998,0.054266,0.4932497,0.054238,-0.037498635
0.054378,13.13665565,0.054376,1.55359363,0.054366,0.399269649,0.054338,-0.025979732
0.054478,13.17419889,0.054476,1.743403955,0.054466,0.498012247,0.054438,-0.022242603
0.054578,13.32013646,0.054576,1.770243677,0.054566,0.483553416,0.054538,0.013523791
0.054678,13.39612294,0.054676,1.66796845,0.054666,0.5469794,0.054638,-0.03530474
0.054778,13.5909844,0.054776,1.678745698,0.054766,0.480724387,0.054738,-0.074133813
0.054878,13.63139138,0.054876,1.726106787,0.054866,0.544115526,0.054838,-0.12068439
0.054978,13.62676251,0.054976,1.829033262,0.054966,0.473247608,0.054938,-0.102401268
0.055078,13.79936977,0.055076,1.945823339,0.055066,0.51372586,0.055038,-0.010645162
0.055178,13.81447927,0.055176,1.901659066,0.055166,0.481855956,0.055138,0.037713152
0.055278,13.81020752,0.055276,1.883767279,0.055266,0.690109156,0.055238,0.053665803
0.055378,14.07340672,0.055376,2.023840514,0.055366,0.628968909,0.055338,0.092694134
0.055478,13.93634563,0.055476,2.053646348,0.055466,0.393562946,0.055438,-0.044310229
0.055578,14.12188942,0.055576,1.967989017,0.055566,0.441132255,0.055538,-0.063886086
0.055678,14.04128582,0.055676,2.153556156,0.055666,0.356226007,0.055638,0.071634312
0.055778,14.25952877,0.055776,2.096329648,0.055766,0.378066582,0.055738,0.100410747
0.055878,14.21879757,0.055876,2.211519827,0.055866,0.429189902,0.055838,0.050774299
0.055978,14.16153804,0.055976,2.351926149,0.055966,0.40031707,0.055938,0.080771927
0.056078,14.50580643,0.056076,2.294032761,0.056066,0.274846793,0.056038,-0.091150061
0.056178,14.51800264,0.056176,2.422628913,0.056166,0.219677272,0.056138,-0.093398069
0.056278,14.55603177,0.056276,2.33001465,0.056266,0.181126725,0.056238,-0.112248457
0.056378,14.50768265,0.056376,2.440926366,0.056366,0.168287079,0.056338,0.009423113
0.056478,14.72285719,0.056476,2.488040024,0.056466,0.121707608,0.056438,0.023793027
0.056578,14.67027044,0.056576,2.604988912,0.056566,0.079411708,0.056538,0.075186939
0.056678,14.77648984,0.056676,2.755078448,0.056666,-0.059903221,0.056638,0.027116098
0.056778,14.79404334,0.056776,2.71531458,0.056766,0.017466351,0.056738,-0.031313867
0.056878,14.91622768,0.056876,2.762754108,0.056866,-0.194030507,0.056838,-0.079153933
0.056978,15.05407635,0.056976,2.651053301,0.056966,-0.177586178,0.056938,-0.009073435
0.057078,15.11213378,0.057076,2.836053984,0.057066,-0.350073243,0.057038,-0.048331656
0.057178,15.10385336,0.057176,2.667504875,0.057166,-0.304792229,0.057138,-0.034754521
0.057278,15.28234928,0.057276,2.894228202,0.057266,-0.406632046,0.057238,-0.063002592
0.053540134,3.774132065,0.057376,2.824216175,0.057366,-0.531274328,0.057338,0.049238677
0.050857093,1.838696856,0.057476,2.93984219,0.057466,-0.665554702,0.057438,0.059301009
0.049327065,0.699159578,0.057576,3.001912345,0.057566,-0.690034564,0.057538,-0.005228175
0.048422604,0.338261858,0.057676,2.931658816,0.057666,-0.686188548,0.057638,0.02603617
0.047823679,0.263949757,0.057776,2.910893744,0.057766,-0.594615654,0.057738,0.002213466
0.047398578,0.209192189,0.057876,2.920313289,0.057866,-0.658689887,0.057838,-0.025384557
0.047073194,0.10799519,0.057976,3.060128774,0.057966,-0.711605241,0.057938,0.085703478
0.0468203,4.82E-05,0.058076,3.08873315,0.058066,-0.657745608,0.058038,0.087278108
0.046632832,-0.015367699,0.058176,3.188326904,0.058166,-0.747251909,0.058138,0.031875658
0.04649397,0.01582773,0.058276,3.151569077,0.058266,-0.560792384,0.058238,0.079127688
0.046349334,0.004857346,0.058376,3.273456792,0.058366,-0.615312317,0.058338,-0.114037316
0.046206271,-0.010055954,0.058476,2.994025058,0.058466,-0.398765466,0.058438,-0.048826348
0.046088143,0.081517075,0.058576,3.183542813,0.058566,-0.494536875,0.058538,-0.048112788
0.045984332,0.004174078,0.058676,3.275566132,0.058666,-0.369644437,0.058638,0.040360831
0.04587986,0.010328824,0.058776,3.134698257,0.058766,-0.465369265,0.058738,0.040388735
0.045821532,0.24672373,0.058876,3.375605249,0.058866,-0.371455288,0.058838,0.034721397
0.045706189,0.100091686,0.058976,3.309491872,0.058966,-0.388003703,0.058938,0.002873318
0.045640151,0.038553888,0.059076,3.479781312,0.059066,-0.250563597,0.059038,0.104215978
0.045594463,-0.030758851,0.059176,3.463837316,0.059166,-0.097988711,0.059138,0.111467941
0.045537164,0.091858987,0.059276,3.416742677,0.059266,-0.216274897,0.059238,0.082622653
0.045423817,-0.129504369,0.059376,3.554034387,0.059366,-0.222686741,0.059338,0.009226648
0.045397554,0.146629699,0.059476,3.644429352,0.059466,-0.220593786,0.059438,0.038906156
0.045302853,-0.041608918,0.059576,3.565272685,0.059566,-0.090777864,0.059538,-0.007675886
0.045210303,-0.114108511,0.059676,3.661443981,0.059666,-0.206659848,0.059638,-0.024766827
0.04519116,-0.098166608,0.059776,3.671636389,0.059766,-0.04785962,0.059738,0.005381646
0.045156848,0.019048052,0.059876,3.785887695,0.059866,-0.094373789,0.059838,0.036117639
0.045082321,0.136912477,0.059976,3.704592225,0.059966,-0.165545412,0.059938,0.079784862
0.045018135,-0.041596715,0.060076,3.67660686,0.060066,0.068545552,0.060038,0.006759811
0.045031331,0.02470215,0.060176,3.761450915,0.060166,-0.047703804,0.060138,0.123397813
0.044949426,-0.052096568,0.060276,3.893839966,0.060266,-0.009084292,0.060238,0.089341175
0.044866615,-0.049652992,0.060376,4.008744022,0.060366,0.01183406,0.060338,0.054286125
0.044839886,-0.124326613,0.060476,3.785491479,0.060466,0.081801204,0.060438,0.112429263
0.044854294,-0.090588643,0.060576,3.864653218,0.060566,0.150464184,0.060538,0.016696423
0.04476745,-0.09667852,0.060676,3.696848438,0.060666,0.18097586,0.060638,0.064434924
0.044736249,0.022471815,0.060776,3.848340784,0.060766,0.218801408,0.060738,0.010894674
0.044692481,0.181899359,0.060876,3.818959635,0.060866,0.263539988,0.060838,0.158146024
0.04465312,0.087143037,0.060976,3.926179963,0.060966,0.297414793,0.060938,0.170762266
0.044619342,-0.090297285,0.061076,4.037933428,0.061066,0.39064118,0.061038,0.119981996
0.044621429,0.082596781,0.061176,4.002449578,0.061166,0.389733057,0.061138,0.059774495
0.04450943,-0.170088287,0.061276,3.905497123,0.061266,0.408967369,0.061238,0.221545966
0.044569111,0.082810067,0.061376,4.158424683,0.061366,0.342933797,0.061338,0.118966747
0.044519227,0.04796594,0.061476,4.065026419,0.061466,0.279818965,0.061438,0.21190173
0.044506595,0.084829939,0.061576,4.076377114,0.061566,0.239279799,0.061538,0.013163942
0.044417847,-0.060815576,0.061676,4.051755968,0.061666,0.327762091,0.061638,0.121489435
0.044395765,-0.048066257,0.061776,4.107008733,0.061766,0.326904194,0.061738,0.141985686
0.044358713,-0.144788842,0.061876,4.127453027,0.061866,0.278713082,0.061838,0.008861354
0.044344328,0.000310804,0.061976,4.233511549,0.061966,0.394196522,0.061938,0.114169517
0.044342569,0.005269305,0.062076,3.979899343,0.062066,0.414275477,0.062038,0.181835023
0.044274656,-0.012232497,0.062176,4.199635312,0.062166,0.25158219,0.062138,0.11822639
0.044244195,0.166651445,0.062276,4.12526016,0.062266,0.406399544,0.062238,0.087750247
0.044159043,-0.021884469,0.062376,4.258574973,0.062366,0.371191759,0.062338,0.104254566
0.044160053,0.009191085,0.062476,4.323292885,0.062466,0.644255502,0.062438,-0.00148906
0.044206572,-0.027452531,0.062576,4.338711486,0.062566,0.583058661,0.062538,0.051488055
0.044131567,0.047755462,0.062676,4.455031956,0.062666,0.600377827,0.062638,0.248398912
0.044140454,0.076028456,0.062776,4.304445365,0.062766,0.765588624,0.062738,0.10885072
0.044087153,-0.042407481,0.062876,4.290973149,0.062866,0.652741814,0.062838,0.198476033
0.044070002,-0.022313674,0.062976,4.420004489,0.062966,0.882053267,0.062938,0.045400312
0.044070783,-0.148729756,0.063076,4.432518533,0.063066,0.830567158,0.063038,0.025549459
0.044089983,0.03793373,0.063176,4.338403506,0.063166,0.825272444,0.063138,0.057418502
0.044045733,-0.156829802,0.063276,4.3317233,0.063266,0.855983078,0.063238,0.087424945
0.043996268,-0.023679167,0.063376,4.424675208,0.063366,0.777107241,0.063338,0.12113229
0.043966394,-0.03879008,0.063476,4.366920172,0.063466,0.967510424,0.063438,0.063165267
0.043965785,0.049105312,0.063576,4.442132827,0.063566,1.011432486,0.063538,0.113506457
0.043912053,-0.044475278,0.063676,4.497970548,0.063666,0.803762248,0.063638,0.031614084
0.043913705,-0.097060205,0.063776,4.474646368,0.063766,0.799351047,0.063738,0.135058285
0.043915802,0.104674129,0.063876,4.358540342,0.063866,1.034363814,0.063838,0.096678308
0.043868112,0.121590772,0.063976,4.410924355,0.063966,0.97875888,0.063938,0.146691096
0.04383011,-0.04322453,0.064076,4.507249004,0.064066,1.051438616,0.064038,0.219933342
0.04383678,-0.058476347,0.064176,4.421768414,0.064166,1.055154242,0.064138,0.070593957
0.043868456,0.008972169,0.064276,4.400033675,0.064266,1.052679694,0.064238,0.042839043
0.043798112,-0.1081063,0.064376,4.544684733,0.064366,1.109498917,0.064338,0.179388266
0.043774874,-0.066807103,0.064476,4.322926129,0.064466,1.038621227,0.064438,0.108192383
0.04380568,0.17268914,0.064576,4.522838474,0.064566,1.253016887,0.064538,0.073904974
0.043751743,-0.153726679,0.064676,4.556928513,0.064666,1.17418454,0.064638,-0.029715793
0.043737465,0.072693151,0.064776,4.478367521,0.064766,1.271525085,0.064738,0.068995105
0.043691374,-0.018692159,0.064876,4.5211881,0.064866,1.152785038,0.064838,0.042667304
0.04371293,0.074259747,0.064976,4.474199832,0.064966,1.360222374,0.064938,-0.041995227
0.043657196,-0.079490152,0.065076,4.44128621,0.065066,1.291005349,0.065038,0.110148091
0.043658893,-0.021757143,0.065176,4.47402344,0.065166,1.42524148,0.065138,0.006667026
0.043700263,0.076609348,0.065276,4.476473455,0.065266,1.370973939,0.065238,0.135032801
0.043559264,-0.05919451,0.065376,4.375305007,0.065366,1.386798947,0.065338,0.139290987
0.043571017,0.008392133,0.065476,4.42198735,0.065466,1.566477603,0.065438,0.241214841
0.04355966,0.073201759,0.065576,4.37390667,0.065566,1.546122728,0.065538,0.0214673
0.043515479,0.083264101,0.065676,4.42624135,0.065666,1.448481762,0.065638,0.12061472
0.043521088,0.015958521,0.065776,4.440122573,0.065766,1.38224903,0.065738,0.114832379
0.043465126,-0.05955693,0.065876,4.493540502,0.065866,1.424823587,0.065838,0.099594022
0.043493079,-0.017500264,0.065976,4.514193456,0.065966,1.454817934,0.065938,0.10399335
0.043415684,-0.048111885,0.066076,4.398816888,0.066066,1.4549183,0.066038,-0.030930198
0.043374122,-0.179892941,0.066176,4.492727671,0.066166,1.521850442,0.066138,0.070311436
0.043445126,0.196532072,0.066276,4.522942797,0.066266,1.431016259,0.066238,-0.016623165
0.043378796,0.09965531,0.066376,4.379721391,0.066366,1.615033082,0.066338,-0.014769175
0.043282174,0.116500636,0.066476,4.431103458,0.066466,1.68908681,0.066438,-0.071012633
0.043267967,-0.031580577,0.066576,4.478400389,0.066566,1.523942126,0.066538,-0.104153296
0.043303647,0.031501318,0.066676,4.595807385,0.066666,1.692165061,0.066638,-0.314861251
0.043307515,0.038010266,0.066776,4.426804617,0.066766,1.688496784,0.066738,-0.235909494
0.043242911,-0.04756326,0.066876,4.353392318,0.066866,1.834597138,0.066838,-0.329475252
0.043239861,0.004299951,0.066976,4.177035871,0.066966,1.881140282,0.066938,-0.259115575
0.04327044,0.138252933,0.067076,4.068512049,0.067066,1.898720754,0.067038,-0.277828056
0.043202863,0.004682691,0.067176,4.06870259,0.067166,1.790789919,0.067138,-0.136291007
0.043214168,0.220152323,0.067276,3.973808767,0.067266,1.812278962,0.067238,-0.151547847
0.04316448,-0.125461218,0.067376,3.886394018,0.067366,1.692453508,0.067338,-0.136465186
0.043175396,-0.018118876,0.067476,3.986270547,0.067466,1.878611777,0.067438,-0.202261125
0.043148179,0.120438605,0.067576,3.816874846,0.067566,1.962785783,0.067538,-0.111882636
0.043092285,0.118852851,0.067676,3.866579982,0.067666,1.747131819,0.067638,-0.107245032
0.043102044,-0.054658035,0.067776,3.859024438,0.067766,1.905689296,0.067738,-0.070347533
0.043057201,0.063866142,0.067876,3.852031444,0.067866,1.776374232,0.067838,-0.109931086
0.043054322,-0.070638457,0.067976,3.798990725,0.067966,1.869021897,0.067938,-0.01999136
0.043083569,0.023511882,0.068076,3.891899291,0.068066,1.990496119,0.068038,-0.048367252
0.04310338,0.099505552,0.068176,3.650397953,0.068166,1.893428597,0.068138,-0.066129782
0.043049454,0.059448131,0.068276,3.64911692,0.068266,1.91060375,0.068238,-0.19030884
0.043047831,0.000558126,0.068376,3.740318454,0.068366,2.079099482,0.068338,-0.029822211
0.043033774,0.177085104,0.068476,3.579888521,0.068466,2.008856555,0.068438,-0.089682293
0.043009643,0.014459765,0.068576,3.452722797,0.068566,1.950505946,0.068538,-0.154269101
0.042999472,0.002152889,0.068676,3.406120668,0.068666,1.927185753,0.068638,-0.057461109
0.042943722,0.009796845,0.068776,3.267517317,0.068766,2.050830401,0.068738,-0.132673377
0.042915134,0.142250701,0.068876,3.285557123,0.068866,2.025764786,0.068838,-0.213991177
0.042891125,0.053761864,0.068976,3.434486559,0.068966,1.823445063,0.068938,-0.137092292
0.042890027,0.030513476,0.069076,3.174419414,0.069066,1.971797166,0.069038,-0.188894292
0.042888261,-0.000148896,0.069176,3.054816449,0.069166,2.164563972,0.069138,-0.024352892
0.042863549,0.066256786,0.069276,3.020998536,0.069266,2.142142959,0.069238,-0.18682656
0.042860368,0.089585133,0.069376,2.984566295,0.069366,2.060805753,0.069338,-0.20311827
0.042835418,-0.074019426,0.069476,2.830275942,0.069466,1.942451178,0.069438,-0.107100571
0.042849144,0.032964885,0.069576,2.844666202,0.069566,1.951768906,0.069538,0.000716747
0.042849222,0.064838053,0.069676,2.703911358,0.069666,2.141705443,0.069638,-0.036382529
0.042835045,-0.001947664,0.069776,2.715804069,0.069766,2.111493932,0.069738,0.095597565
0.042759581,-0.137839667,0.069876,2.806462769,0.069866,1.974700211,0.069838,0.008105287
0.042792828,0.11253089,0.069976,2.755861438,0.069966,2.073566632,0.069938,0.081167885
0.042765645,0.042672777,0.070076,2.7149522,0.070066,2.079475813,0.070038,0.003630497
0.042698285,-0.022111776,0.070176,2.697559382,0.070166,2.080761007,0.070138,0.045150551
0.042703145,0.130092307,0.070276,2.692816192,0.070266,1.936872202,0.070238,0.063600132
0.042699019,0.105494796,0.070376,2.627916906,0.070366,1.786142405,0.070338,0.078067663
0.042664142,-0.045464006,0.070476,2.523915898,0.070466,1.937445221,0.070438,0.082186266
0.042733735,0.057821932,0.070576,2.713518087,0.070566,1.688043485,0.070538,0.056008804
0.04265166,-0.102693567,0.070676,2.693552115,0.070666,1.692393538,0.070638,0.00519099
0.042577574,-0.161981812,0.070776,2.62110584,0.070766,1.62794,0.070738,0.026313102
0.042567876,-0.146364305,0.070876,2.657588346,0.070866,1.626531351,0.070838,0.11781243
0.042571457,0.064827176,0.070976,2.660979085,0.070966,1.528032427,0.070938,0.13471118
0.042531516,0.037963967,0.071076,2.738177744,0.071066,1.427319689,0.071038,0.063613145
0.042571596,0.07001602,0.071176,2.876196965,0.071166,1.367185429,0.071138,0.206089177
0.042515097,0.024343069,0.071276,2.954312895,0.071266,1.275806926,0.071238,0.08167204
0.042579256,0.154733392,0.071376,3.006273572,0.071366,1.271874952,0.071338,0.118181914
0.042533649,0.05214641,0.071476,3.154416801,0.071466,1.2326591,0.071438,0.065064562
0.04246486,-0.081197841,0.071576,3.074518162,0.071566,1.165825089,0.071538,-0.028070379
0.042438142,-0.011663749,0.071676,3.164861094,0.071666,1.179443185,0.071638,0.047197755
0.042401354,-0.012296415,0.071776,3.080113067,0.071766,1.017635578,0.071738,0.086580979
0.042396156,-0.010572106,0.071876,3.140917981,0.071866,1.039559489,0.071838,0.230720927
0.042411624,0.0801628,0.071976,3.13710664,0.071966,1.017079709,0.071938,0.189072859
0.042371708,-0.069329744,0.072076,3.157574875,0.072066,0.926516582,0.072038,0.110470246
0.042390372,0.002125878,0.072176,3.226463502,0.072166,0.917197665,0.072138,0.11414761
0.042359408,-0.08030699,0.072276,3.346529113,0.072266,0.877053865,0.072238,0.118804796
0.042365008,0.16017507,0.072376,3.175143752,0.072366,0.748852466,0.072338,0.157506559
0.042296197,0.008172043,0.072476,3.544741707,0.072466,0.887718562,0.072438,0.131695262
0.042236436,-0.025761184,0.072576,3.470235791,0.072566,0.888468024,0.072538,0.314367416
0.042255575,0.049559261,0.072676,3.475310739,0.072666,0.721615517,0.072638,0.301766017
0.042280939,-0.037155476,0.072776,3.577320295,0.072766,0.681226541,0.072738,0.366566493
0.042244068,-0.053739599,0.072876,3.596308505,0.072866,0.643361795,0.072838,0.321758015
0.042237431,0.019979696,0.072976,3.658816147,0.072966,0.438776497,0.072938,0.287875279
0.042228766,0.119152496,0.073076,3.737393206,0.073066,0.444590002,0.073038,0.418178887
0.042228839,0.109072495,0.073176,3.819318362,0.073166,0.436040554,0.073138,0.206005912
0.042180579,0.047055212,0.073276,3.855644596,0.073266,0.473072137,0.073238,0.31380168
0.042248739,0.210901116,0.073376,3.808003496,0.073366,0.326846581,0.073338,0.298075281
0.042190121,0.023196877,0.073476,3.967260804,0.073466,0.476836556,0.073438,0.173860308
0.042150914,-0.031473071,0.073576,4.120401923,0.073566,0.364613783,0.073538,0.20701899
0.04216907,-0.026010685,0.073676,4.168308767,0.073666,0.303906338,0.073638,0.243949078
0.042146301,-0.044215191,0.073776,4.322548947,0.073766,0.265942028,0.073738,0.276117784
0.0421412,-0.123287527,0.073876,4.239884928,0.073866,0.228725419,0.073838,0.288669252
0.042149888,0.079817251,0.073976,4.529520282,0.073966,0.263129568,0.073938,0.410123688
0.042180366,0.039139423,0.074076,4.496197783,0.074066,0.251787584,0.074038,0.323716139
0.042165135,-0.013437547,0.074176,4.522408518,0.074166,0.056767496,0.074138,0.255637885
0.042125361,0.054458363,0.074276,4.550253499,0.074266,0.176461982,0.074238,0.319006954
0.042071197,-0.146974023,0.074376,4.650025763,0.074366,0.057581628,0.074338,0.486687757
0.042084726,0.026629814,0.074476,4.599725808,0.074466,0.155603294,0.074438,0.459836439
0.042046522,0.033668495,0.074576,4.699094886,0.074566,0.205851632,0.074538,0.447162315
0.042045895,-0.000906573,0.074676,4.745160044,0.074666,0.052917007,0.074638,0.429468521
0.042104007,0.169744414,0.074776,4.916391746,0.074766,0.009548341,0.074738,0.581543737
0.04205505,0.038413477,0.074876,5.036256784,0.074866,-0.077953961,0.074838,0.510002727
0.041966998,-0.019143792,0.074976,4.931129251,0.074966,-0.063037997,0.074938,0.399897024
0.04198439,0.047501281,0.075076,5.243762509,0.075066,0.151200342,0.075038,0.467123738
0.041987128,0.074393902,0.075176,5.087528738,0.075166,-0.012863307,0.075138,0.460644004
0.041953152,0.04928202,0.075276,5.201000544,0.075266,0.026940466,0.075238,0.502531503
0.041940881,0.007539533,0.075376,5.124722878,0.075366,0.223079944,0.075338,0.624426499
0.041895449,-0.024545111,0.075476,5.229923116,0.075466,0.114051153,0.075438,0.678183079
0.041898117,-0.009994832,0.075576,5.368527577,0.075566,0.197094929,0.075538,0.558348012
0.041924472,-0.043413894,0.075676,5.449377671,0.075666,0.20035996,0.075638,0.674868073
0.041827469,-0.147308583,0.075776,5.480108355,0.075766,0.371778849,0.075738,0.76670334
0.0418402,0.055519403,0.075876,5.540398845,0.075866,0.274558702,0.075838,0.73096096
0.041862419,0.116505832,0.075976,5.701624682,0.075966,0.305860096,0.075938,0.692299187
0.041854837,0.178652806,0.076076,5.731449685,0.076066,0.304727081,0.076038,0.744847343
0.041794474,-0.02291262,0.076176,5.684281361,0.076166,0.282411847,0.076138,0.725985352
0.041855963,0.035626546,0.076276,5.708463265,0.076266,0.37812183,0.076238,0.690969843
0.041841398,0.029536333,0.076376,5.791152476,0.076366,0.324667307,0.076338,0.544043949
0.041817364,0.070172996,0.076476,5.761338147,0.076466,0.39161414,0.076438,0.473892407
0.041760855,-0.064302549,0.076576,5.915559509,0.076566,0.462629823,0.076538,0.575984204
0.041728629,0.103680666,0.076676,6.050667296,0.076666,0.416593946,0.076638,0.590603308
0.041688237,0.035453626,0.076776,6.107189866,0.076766,0.388528179,0.076738,0.483014092
0.041711216,0.080427276,0.076876,6.089523436,0.076866,0.526416672,0.076838,0.596113396
0.041698604,-0.156086484,0.076976,5.931102807,0.076966,0.42239675,0.076938,0.618157019
0.041688048,-0.080598465,0.077076,6.214477377,0.077066,0.565582087,0.077038,0.591489905
0.04164572,-0.002497058,0.077176,6.319161023,0.077166,0.393056527,0.077138,0.515617576
0.041677656,0.00665445,0.077276,6.380967001,0.077266,0.501991004,0.077238,0.60983066
0.041613572,-0.171805816,0.077376,6.438076827,0.077366,0.417430667,0.077338,0.649582653
0.041665437,0.099833021,0.077476,6.535317667,0.077466,0.674880193,0.077438,0.799421746
0.04165628,-0.046749245,0.077576,6.437289532,0.077566,0.731513318,0.077538,0.679493131
0.041650299,-0.224935536,0.077676,6.527577898,0.077666,0.547200365,0.077638,0.842620269
0.041658543,0.075152982,0.077776,6.626093574,0.077766,0.697380567,0.077738,0.633479975
0.041631551,0.156073025,0.077876,6.631793482,0.077866,0.738579722,0.077838,0.748527146
0.04158396,-0.087829053,0.077976,6.868252203,0.077966,0.78026948,0.077938,0.703887338
0.041524918,-0.209977041,0.078076,6.945173184,0.078066,0.751404082,0.078038,0.750628879
0.041579415,-0.031465593,0.078176,7.012588276,0.078166,0.856399796,0.078138,0.751109791
0.041585739,-0.033442949,0.078276,6.939972246,0.078266,0.899453217,0.078238,0.555196658
0.041495837,-0.01109553,0.078376,7.041324483,0.078366,0.955364862,0.078338,0.719693718
0.041515072,-0.049503555,0.078476,7.157759923,0.078466,0.95519282,0.078438,0.670475381
0.041516214,-0.132379899,0.078576,7.323713672,0.078566,1.155538955,0.078538,0.763659319
0.041487391,0.015100201,0.078676,7.251804113,0.078666,1.200407919,0.078638,0.587954187
0.041520368,0.054679367,0.078776,7.296517571,0.078766,1.132326488,0.078738,0.592361681
0.041534414,-0.007112824,0.078876,7.203428596,0.078866,1.264597614,0.078838,0.576700835
0.041496359,-0.036417257,0.078976,7.335260897,0.078966,1.105814549,0.078938,0.490602544
0.041515838,0.138680294,0.079076,7.214465985,0.079066,1.223180328,0.079038,0.690477015
0.041443331,-0.186413931,0.079176,7.245478786,0.079166,1.186492271,0.079138,0.617249087
0.041437395,-0.167662054,0.079276,7.384984796,0.079266,1.315077911,0.079238,0.5950894
0.041427014,-0.064131461,0.079376,7.307044428,0.079366,1.491277522,0.079338,0.549873762
0.041454471,0.085187885,0.079476,7.407360565,0.079466,1.499579457,0.079438,0.59508498
0.041439073,-0.012594702,0.079576,7.46343134,0.079566,1.476398153,0.079538,0.670341158
0.041420986,0.006144127,0.079676,7.330607529,0.079666,1.658113776,0.079638,0.665375828
0.04142499,0.111887455,0.079776,7.473065715,0.079766,1.652322496,0.079738,0.630571756
0.041369773,-0.047850061,0.079876,7.550990072,0.079866,1.56758029,0.079838,0.44395287
0.041405109,0.026333054,0.079976,7.525095422,0.079966,1.678485394,0.079938,0.59428656
0.041464047,0.180988315,0.080076,7.631710156,0.080066,1.713125796,0.080038,0.562335174
0.041438621,0.016928018,0.080176,7.673452285,0.080166,1.87865263,0.080138,0.704976578
0.041377135,-0.024245149,0.080276,7.66015072,0.080266,1.832539797,0.080238,0.630770337
0.041389218,0.004158649,0.080376,7.790736552,0.080366,2.009972248,0.080338,0.638803034
0.04134294,-0.056338228,0.080476,7.747868221,0.080466,2.02262772,0.080438,0.564377141
0.041355117,0.106769628,0.080576,7.706827168,0.080566,2.17234876,0.080538,0.48920505
0.041350415,0.066741734,0.080676,7.773966956,0.080666,2.080116738,0.080638,0.610092132
0.041358122,0.005673574,0.080776,7.846377894,0.080766,2.251322868,0.080738,0.427138591
0.041318388,-0.06394834,0.080876,7.791693917,0.080866,2.25968415,0.080838,0.586018797
0.041317195,0.07612704,0.080976,7.870703169,0.080966,2.392112057,0.080938,0.533429053
0.041281279,0.097409352,0.081076,7.758864072,0.081066,2.44807405,0.081038,0.531261505
0.041291205,0.055026967,0.081176,8.08096078,0.081166,2.552507029,0.081138,0.506728877
0.041302888,0.005033602,0.081276,8.083116759,0.081266,2.561637471,0.081238,0.428425028
0.041296166,0.026514155,0.081376,8.038311181,0.081366,2.719175119,0.081338,0.442914856
0.041327774,0.13677502,0.081476,8.104369901,0.081466,2.61801169,0.081438,0.617058632
0.041327021,0.096217396,0.081576,8.073190621,0.081566,2.565159771,0.081538,0.392829295
0.041339611,0.128191009,0.081676,8.061788874,0.081666,2.835694997,0.081638,0.393277965
0.041311616,-0.222216974,0.081776,8.082210257,0.081766,2.863794123,0.081738,0.309742741
0.041327797,0.078574607,0.081876,8.118020523,0.081866,2.804299344,0.081838,0.288251999
0.041270688,-0.084137689,0.081976,8.170692689,0.081966,3.082166156,0.081938,0.339560368
0.04131314,0.061052623,0.082076,8.183334964,0.082066,3.051665896,0.082038,0.258150851
0.041236039,-0.190396662,0.082176,8.317773312,0.082166,3.184023989,0.082138,0.148974883
0.041247629,-0.06739035,0.082276,8.238246868,0.082266,3.122824046,0.082238,0.140481539
0.041286867,0.163093563,0.082376,8.466489033,0.082366,3.159939361,0.082338,-0.023952814
0.041221991,0.002864718,0.082476,8.32431651,0.082466,3.235567209,0.082438,-0.040659536
0.041243499,-0.015322439,0.082576,8.366978236,0.082566,3.39321458,0.082538,0.001976252
0.041253678,-0.01775992,0.082676,8.446738536,0.082666,3.397321958,0.082638,-0.038344015
0.041279855,0.086080608,0.082776,8.452761989,0.082766,3.428716299,0.082738,0.102245279
0.041239176,0.047017276,0.082876,8.468353923,0.082866,3.516723627,0.082838,-0.052026575
0.041185648,-0.036118574,0.082976,8.320015784,0.082966,3.468792821,0.082938,-0.092904158
0.041180538,0.063362971,0.083076,8.293598128,0.083066,3.689882005,0.083038,-0.31208698
0.041175503,0.050849663,0.083176,8.421998088,0.083166,3.645809796,0.083138,-0.277791096
0.041115419,0.003840384,0.083276,8.445897515,0.083266,3.661379034,0.083238,-0.314103622
0.041068154,-0.042759402,0.083376,8.455469845,0.083366,3.654110621,0.083338,-0.342694015
0.04110626,0.02788345,0.083476,8.525115261,0.083466,3.864653561,0.083438,-0.251039309
0.041131652,-0.030766227,0.083576,8.495339535,0.083566,3.921576719,0.083538,-0.38082232
0.041128329,-0.035377183,0.083676,8.481447229,0.083666,3.891011417,0.083638,-0.396801874
0.041147265,-0.025079081,0.083776,8.512871185,0.083766,4.119750859,0.083738,-0.519523656
0.0411226,-0.008564011,0.083876,8.500831918,0.083866,4.09516041,0.083838,-0.531803277
0.041073487,-0.067179565,0.083976,8.569234805,0.083966,4.094430536,0.083938,-0.496822808
0.041075432,0.075588926,0.084076,8.553713959,0.084066,4.345288308,0.084038,-0.383860515
0.041039589,-0.181212473,0.084176,8.603371201,0.084166,4.238322723,0.084138,-0.472634516
0.041096478,0.207296038,0.084276,8.677594086,0.084266,4.49825834,0.084238,-0.613080026
0.041011223,0.046538138,0.084376,8.725016323,0.084366,4.473266837,0.084338,-0.607082918
0.041065456,0.072089289,0.084476,8.759310753,0.084466,4.415790216,0.084438,-0.722721211
0.041062847,0.130531102,0.084576,8.826267889,0.084566,4.425378612,0.084538,-0.609496868
0.040975171,0.040881718,0.084676,8.841874979,0.084666,4.349939644,0.084638,-0.787355099
0.040997071,-0.047877312,0.084776,8.987979568,0.084766,4.357820846,0.084738,-0.805029353
0.040950792,0.067461496,0.084876,8.913550284,0.084866,4.557300908,0.084838,-0.785199004
0.040987911,0.140093715,0.084976,8.981908178,0.084966,4.534125432,0.084938,-0.789478444
0.04100383,0.012771556,0.085076,9.016308535,0.085066,4.653183177,0.085038,-0.801182878
0.040968534,0.114564035,0.085176,8.893646373,0.085166,4.600049492,0.085138,-0.726476204
0.040935843,0.033814411,0.085276,9.068812463,0.085266,4.929042199,0.085238,-0.704163239
0.040942663,0.177598894,0.085376,9.093630554,0.085366,4.702899714,0.085338,-0.627546203
0.040881986,-0.065259589,0.085476,9.069060259,0.085466,4.872797103,0.085438,-0.627792382
0.040895215,0.036599842,0.085576,9.116182084,0.085566,4.845846468,0.085538,-0.677508055
0.040903039,-0.111350848,0.085676,8.998087672,0.085666,5.067872989,0.085638,-0.569186534
0.040905151,0.087695925,0.085776,9.139112173,0.085766,4.89126215,0.085738,-0.613363803
0.040898253,0.047685457,0.085876,9.047829441,0.085866,5.051851957,0.085838,-0.610289753
0.040828249,-0.284840426,0.085976,9.219613248,0.085966,4.970665185,0.085938,-0.554755618
0.040846969,-0.048287415,0.086076,9.182387039,0.086066,4.950240437,0.086038,-0.407865601
0.040801775,0.03407169,0.086176,9.124696948,0.086166,5.014792363,0.086138,-0.432185977
0.040839085,0.201399675,0.086276,9.159587661,0.086266,5.062141346,0.086238,-0.482779033
0.040795255,-0.179713791,0.086376,9.202075741,0.086366,5.148766527,0.086338,-0.454069804
0.040844811,0.023289769,0.086476,9.194027767,0.086466,5.227471009,0.086438,-0.37238706
0.040852636,0.108638065,0.086576,9.280674547,0.086566,5.19071862,0.086538,-0.322371154
0.040872838,0.14440197,0.086676,9.352337134,0.086666,5.117560716,0.086638,-0.401166729
0.040817499,-0.116531741,0.086776,9.40787898,0.086766,5.033364468,0.086738,-0.392899173
0.040839977,-0.049216184,0.086876,9.169685632,0.086866,5.116464205,0.086838,-0.362304712
0.040833416,-0.136330362,0.086976,9.25716113,0.086966,5.13541607,0.086938,-0.470853131
0.040844979,0.01829665,0.087076,9.158735765,0.087066,5.286468557,0.087038,-0.374422446
0.04086654,0.146301743,0.087176,9.430839695,0.087166,5.184663133,0.087138,-0.271565294
0.04080397,-0.119321244,0.087276,9.312941608,0.087266,5.27293542,0.087238,-0.207086896
0.040807208,0.073013469,0.087376,9.399850501,0.087366,5.154019788,0.087338,-0.156286125
0.04076096,0.023258628,0.087476,9.344175416,0.087466,5.20129875,0.087438,-0.175194437
0.040785727,0.04158385,0.087576,9.342016907,0.087566,5.288175488,0.087538,-0.172592406
0.0407565,-0.013048025,0.087676,9.347325466,0.087666,5.242595202,0.087638,-0.056760552
0.040736592,0.022410365,0.087776,9.492049283,0.087766,5.254108739,0.087738,0.070673144
0.040743652,0.133121954,0.087876,9.372910987,0.087866,5.200784797,0.087838,0.124459847
0.040749234,0.03594515,0.087976,9.529148554,0.087966,5.084224415,0.087938,0.164299005
0.040744093,-0.02328325,0.088076,9.366520596,0.088066,5.095847201,0.088038,0.482686157
0.040667731,0.020474843,0.088176,9.472220909,0.088166,4.94937772,0.088138,0.480214387
0.040709469,-0.087601897,0.088276,9.327197526,0.088266,4.953043245,0.088238,0.3811436
0.040683499,-0.113850019,0.088376,9.425387232,0.088366,4.948384485,0.088338,0.52271017
0.040695539,0.202991105,0.088476,9.552326832,0.088466,4.915260153,0.088438,0.499534542
0.040663505,0.063961196,0.088576,9.487198032,0.088566,5.033938412,0.088538,0.696384689
0.040688894,-0.017371932,0.088676,9.489230796,0.088666,4.84724177,0.088638,0.639430441
0.040702481,0.045066241,0.088776,9.474791066,0.088766,4.890945541,0.088738,0.664284216
0.040654543,0.130494517,0.088876,9.463097449,0.088866,4.852327425,0.088838,0.627316457
0.040597265,-0.033380061,0.088976,9.491944964,0.088966,4.731965119,0.088938,0.700894612
0.040605161,-0.016377592,0.089076,9.385790082,0.089066,4.778043092,0.089038,0.630168351
0.040643153,0.091616786,0.089176,9.685211114,0.089166,4.723179714,0.089138,0.740673876
0.040569363,-0.009910611,0.089276,9.620520645,0.089266,4.673010149,0.089238,0.924370335
0.040579327,-0.001217682,0.089376,9.716587772,0.089366,4.624724553,0.089338,0.932401255
0.040575855,0.004308823,0.089476,9.612385223,0.089466,4.494371872,0.089438,1.034696224
0.040587999,0.157278036,0.089576,9.538967273,0.089566,4.428625705,0.089538,0.907166262
0.040546558,0.08497412,0.089676,9.525939516,0.089666,4.217847853,0.089638,0.977680796
0.040578708,0.125755463,0.089776,9.659052953,0.089766,4.270793456,0.089738,1.188811376
0.040536315,0.037440502,0.089876,9.585713219,0.089866,4.222023233,0.089838,1.210602978
0.040492152,-0.048215938,0.089976,9.584263645,0.089966,4.006276978,0.089938,1.133643383
0.040552539,-0.128320778,0.090076,9.589854024,0.090066,3.870524674,0.090038,1.441721247
0.04058534,-0.062204831,0.090176,9.79032878,0.090166,3.919864465,0.090138,1.421443009
0.040551146,-0.073305389,0.090276,9.513887132,0.090266,3.970188403,0.090238,1.421232341
0.040531303,0.000449216,0.090376,9.593521932,0.090366,3.936177724,0.090338,1.450507984
0.040488248,0.017318135,0.090476,9.633509271,0.090466,3.878545383,0.090438,1.392771918
0.040494764,0.063934776,0.090576,9.700623128,0.090566,3.804039988,0.090538,1.444058063
0.040517852,-0.140918441,0.090676,9.663181542,0.090666,3.888135577,0.090638,1.469790451
0.040491204,0.111012806,0.090776,9.791756435,0.090766,3.677129287,0.090738,1.433347626
0.040455309,0.08465685,0.090876,9.784067018,0.090866,3.702509662,0.090838,1.644292694
0.040449406,-0.002552151,0.090976,9.833564469,0.090966,3.729633603,0.090938,1.507898982
0.040424857,-0.202490248,0.091076,9.735534193,0.091066,3.609033329,0.091038,1.791636629
0.040431537,0.062994879,0.091176,9.977150649,0.091166,3.648244738,0.091138,1.723343653
0.040457888,0.026403863,0.091276,9.961661571,0.091266,3.573975692,0.091238,1.76417808
0.040457825,-0.023796685,0.091376,9.987105346,0.091366,3.566283041,0.091338,1.685467046
0.040461591,0.03195882,0.091476,9.877659971,0.091466,3.418297216,0.091438,1.766572905
0.040482469,-0.013754905,0.091576,9.943333362,0.091566,3.411896841,0.091538,1.7275392
0.040446384,-0.12486151,0.091676,9.871747241,0.091666,3.383009006,0.091638,1.784593271
0.040418205,-0.042466898,0.091776,10.07900863,0.091766,3.410908935,0.091738,2.049159461
0.040438949,0.099035632,0.091876,10.00139959,0.091866,3.392798983,0.091838,1.882666558
0.040434879,0.062155522,0.091976,10.08223631,0.091966,3.375417072,0.091938,1.967429137
0.04039456,-0.066447778,0.092076,9.871347726,0.092066,3.229993401,0.092038,2.099193615
0.04048107,0.103650115,0.092176,10.1675484,0.092166,3.270666765,0.092138,2.127621712
0.040435311,-0.023182804,0.092276,10.09319653,0.092266,3.069269912,0.092238,2.080746274
0.040446216,-0.020039868,0.092376,10.24051158,0.092366,2.928839054,0.092338,2.295822565
0.040409463,-0.064985109,0.092476,10.20653877,0.092466,2.867445388,0.092438,2.323454211
0.040388369,-0.041804883,0.092576,10.28284648,0.092566,2.791720138,0.092538,2.328535996
0.040414103,-0.043975569,0.092676,10.24573912,0.092666,2.783985261,0.092638,2.253363811
0.040420805,-0.008961741,0.092776,10.19325466,0.092766,2.665678326,0.092738,2.349010255
0.040382462,0.039124798,0.092876,10.33986298,0.092866,2.610232663,0.092838,2.433596231
0.040406468,0.001810823,0.092976,10.08768805,0.092966,2.799562442,0.092938,2.654757038
0.040410821,-0.010703944,0.093076,10.32395648,0.093066,2.659987747,0.093038,2.428332062
0.040415219,0.050945468,0.093176,10.34294143,0.093166,2.509278238,0.093138,2.455448996
0.040359137,0.031690101,0.093276,10.43148309,0.093266,2.597349159,0.093238,2.783850477
0.040380838,0.07943746,0.093376,10.41472461,0.093366,2.440782037,0.093338,2.644583653
0.040322822,-0.003859818,0.093476,10.57533235,0.093466,2.497576217,0.093438,2.774718943
0.040331893,-0.036009077,0.093576,10.48737035,0.093566,2.505334376,0.093538,2.760621976
0.040368766,-0.031352452,0.093676,10.49974129,0.093666,2.341850146,0.093638,2.661667834
0.040352529,-0.041056571,0.093776,10.38567089,0.093766,2.452893143,0.093738,2.636231845
0.040338776,-0.015894934,0.093876,10.60758812,0.093866,2.512520533,0.093838,2.647810039
0.04035077,-0.011728045,0.093976,10.63551133,0.093966,2.518255468,0.093938,2.875176578
0.040384956,0.085323331,0.094076,10.89631581,0.094066,2.598402418,0.094038,2.852297681
0.040337853,-0.021864861,0.094176,10.55557954,0.094166,2.57879046,0.094138,2.852124705
0.040330538,0.095640625,0.094276,10.62978735,0.094266,2.530505907,0.094238,2.913904399
0.040301914,0.02080064,0.094376,10.86020464,0.094366,2.498939266,0.094338,2.858396439
0.040340218,0.191385618,0.094476,10.84143808,0.094466,2.542412799,0.094438,2.981156227
0.040279413,-0.061626618,0.094576,10.85957223,0.094566,2.536309496,0.094538,2.960895762
0.040367911,0.096404492,0.094676,10.81582436,0.094666,2.663545649,0.094638,2.914027418
0.040339025,0.038087089,0.094776,10.65222547,0.094766,2.720741823,0.094738,2.850782832
0.040300687,0.029046579,0.094876,10.84823903,0.094866,2.703385482,0.094838,2.962134691
0.040279289,0.056359842,0.094976,10.90173981,0.094966,2.741924682,0.094938,2.921874189
0.040261293,-0.041775884,0.095076,10.97695788,0.095066,2.860397088,0.095038,2.842651901
0.040300222,-0.015181845,0.095176,11.07949866,0.095166,2.93718728,0.095138,2.919918782
0.040315862,0.080141227,0.095276,11.03796315,0.095266,2.979841256,0.095238,2.82920271
0.040291652,0.063178248,0.095376,11.05802611,0.095366,2.879890676,0.095338,2.931584473
0.040285893,0.044030419,0.095476,11.13051955,0.095466,3.050837802,0.095438,2.854587893
0.040287771,0.002668881,0.095576,11.18743633,0.095566,3.131596185,0.095538,2.929046313
0.040293316,-0.007562272,0.095676,11.07779706,0.095666,3.278545753,0.095638,2.84560672
0.040269658,-0.070961523,0.095776,10.95146794,0.095766,3.163927168,0.095738,2.731058967
0.040295643,-0.031868228,0.095876,11.06999061,0.095866,3.189719352,0.095838,2.727477874
0.04030149,0.058885484,0.095976,11.31933933,0.095966,3.203346754,0.095938,2.691721713
0.040293435,0.096170569,0.096076,11.13060095,0.096066,3.389806153,0.096038,2.756380411
0.04025695,0.073848649,0.096176,11.19004319,0.096166,3.428219429,0.096138,2.809147568
0.040215421,-0.079865412,0.096276,11.12304862,0.096266,3.410533015,0.096238,2.680609852
0.040276321,0.064628617,0.096376,11.20697392,0.096366,3.562594907,0.096338,2.411442153
0.040310329,0.109402658,0.096476,11.13565508,0.096466,3.620354392,0.096438,2.415519391
0.040294204,0.194018839,0.096576,11.17219042,0.096566,3.692816336,0.096538,2.375491382
0.040237688,0.198267438,0.096676,11.26679796,0.096666,3.755487679,0.096638,2.398352828
0.040278217,0.086284122,0.096776,11.14906105,0.096766,3.867348083,0.096738,2.547731373
0.040274802,-0.060373008,0.096876,11.30099667,0.096866,3.768527565,0.096838,2.388978437
0.04020734,0.059629297,0.096976,11.33632795,0.096966,3.779265071,0.096938,2.241856819
0.040207775,-0.118090524,0.097076,11.240378,0.097066,3.900095049,0.097038,2.326417784
0.040228189,0.087077299,0.097176,11.50127351,0.097166,3.853116298,0.097138,1.980050308
0.040202598,0.01179429,0.097276,11.33976534,0.097266,3.896757144,0.097238,2.065068256
0.040202743,0.021737367,0.097376,11.29716281,0.097366,3.93061444,0.097338,1.922838284
0.040230661,0.001165979,0.097476,11.54001073,0.097466,3.865352103,0.097438,1.970609108
0.040185484,-0.040062347,0.097576,11.40514538,0.097566,4.039840575,0.097538,1.856519552
0.040173301,0.013053614,0.097676,11.50734106,0.097666,4.25069457,0.097638,1.670775841
0.040166055,-0.034201322,0.097776,11.55452117,0.097766,4.372592626,0.097738,1.667134927
0.040186795,0.023444053,0.097876,11.40898848,0.097866,4.277673115,0.097838,1.556593563
0.040182393,0.005855843,0.097976,11.64575559,0.097966,4.260752218,0.097938,1.509051671
0.040175985,0.048778757,0.098076,11.55695858,0.098066,4.322031913,0.098038,1.345918213
0.040141595,-0.108961391,0.098176,11.57730583,0.098166,4.333924101,0.098138,1.436930679
0.040196207,-0.000277072,0.098276,11.72487104,0.098266,4.529953424,0.098238,1.281287488
0.040162051,-0.095833548,0.098376,11.44745373,0.098366,4.56038076,0.098338,1.188193039
0.040195195,-0.006764025,0.098476,11.58297406,0.098466,4.734694856,0.098438,1.024851775
0.040165749,0.011452038,0.098576,11.53509874,0.098566,4.662702436,0.098538,1.008548113
0.040153169,0.155109479,0.098676,11.49386991,0.098666,4.646772568,0.098638,0.792862396
0.040110144,-0.087255401,0.098776,11.58936234,0.098766,4.712428639,0.098738,0.654270704
0.040129418,0.04259348,0.098876,11.52979001,0.098866,4.930498732,0.098838,0.641388237
0.040086861,0.062008556,0.098976,11.65526246,0.098966,4.908837956,0.098938,0.466314313
0.040082191,-0.110463161,0.099076,11.4690792,0.099066,5.007782134,0.099038,0.436296295
0.040088658,-0.082870108,0.099176,11.41644425,0.099166,5.096238272,0.099138,0.071983742
0.040068319,-0.116574878,0.099276,11.4815891,0.099266,5.168184864,0.099238,0.148654493
0.040141873,0.094203386,0.099376,11.35543205,0.099366,4.985962048,0.099338,0.028411679
0.040093725,0.026868762,0.099476,11.61612274,0.099466,4.931026818,0.099438,0.212763317
0.040100113,-0.061754377,0.099576,11.64654101,0.099566,5.061144896,0.099538,0.143020232
0.040105677,-0.027102896,0.099676,11.67529862,0.099666,4.996871795,0.099638,0.048916507
0.040115931,0.057447383,0.099776,11.55469997,0.099766,5.194355432,0.099738,-0.207212089
0.040087518,-0.076160966,0.099876,11.55921206,0.099866,5.233174499,0.099838,-0.24892715
0.040156157,-0.026493951,0.099976,11.59173706,0.099966,5.26933642,0.099938,-0.251425774
0.040148677,0.019139833,0.100076,11.60315325,0.100066,5.135168202,0.100038,-0.08011908
0.040094276,-0.078994007,0.100176,11.76803684,0.100166,5.288645536,0.100138,0.039635774
0.040074206,0.04869775,0.100276,11.64101168,0.100266,5.135996952,0.100238,0.050434665
0.040068121,0.030611558,0.100376,11.57125272,0.100366,5.395695225,0.100338,0.123980011
0.040091277,-0.009134486,0.100476,11.59209637,0.100466,5.360275117,0.100438,0.039234968
0.040093323,-0.100079141,0.100576,11.67796367,0.100566,5.30336558,0.100538,0.089330907
0.040065766,-0.049221586,0.100676,11.61192594,0.100666,5.358008071,0.100638,0.129579959
0.040047968,0.00309755,0.100776,11.79482466,0.100766,5.495246739,0.100738,0.151054885
0.040087555,-0.009485371,0.100876,11.62441662,0.100866,5.554137915,0.100838,0.327816276
0.040123183,-0.020657658,0.100976,11.60671361,0.100966,5.634456428,0.100938,0.374506069
0.040101339,0.131664163,0.101076,11.69183202,0.101066,5.482120362,0.101038,0.412045844
0.040030183,-0.036674191,0.101176,11.58382275,0.101166,5.733334422,0.101138,0.437351001
0.040097087,0.155563291,0.101276,11.55701115,0.101266,5.904593116,0.101238,0.638483626
0.040074082,0.102662209,0.101376,11.69791335,0.101366,5.879735569,0.101338,0.645348279
0.040061605,0.153621412,0.101476,11.47501458,0.101466,5.772859882,0.101438,0.633576498
0.040069604,0.076595043,0.101576,11.52938655,0.101566,5.8887048,0.101538,0.794159997
0.040110978,0.138889434,0.101676,11.48073571,0.101666,5.84667508,0.101638,0.812311766
0.040033123,0.043411005,0.101776,11.50493727,0.101766,6.026076993,0.101738,0.911603236
0.040062698,0.139969106,0.101876,11.5644592,0.101866,6.007521337,0.101838,0.887901506
0.04007446,0.016498907,0.101976,11.66859341,0.101966,5.932267792,0.101938,0.935832775
0.040045078,0.136123893,0.102076,11.71324788,0.102066,6.012274189,0.102038,0.876639365
0.04003197,0.091596262,0.102176,11.58144783,0.102166,6.044209373,0.102138,0.969107808
0.040041305,-0.040712022,0.102276,11.87655659,0.102266,6.027489422,0.102238,1.226621435
0.040030058,-0.029051067,0.099340591,2.282234881,0.102366,6.08282281,0.102338,1.126786179
0.040069602,0.161537673,0.097225319,0.982388977,0.102466,6.047730369,0.102438,1.136141915
0.040019688,-0.049324347,0.096103217,0.432306914,0.102566,6.20213021,0.102538,1.214154264
0.039981271,-0.089079354,0.095424493,0.407916358,0.102666,6.191204015,0.102638,1.328758098
0.040042273,0.099559077,0.094854642,0.127102824,0.102766,6.27354051,0.102738,1.432501919
0.040043759,-0.024535639,0.094461409,0.196267082,0.102866,6.221457426,0.102838,1.469060323
0.039994895,-0.131926913,0.094082698,0.052736467,0.102966,6.276795907,0.102938,1.564822062
0.039990098,0.005874168,0.093727521,0.136465912,0.103066,6.229452388,0.103038,1.537902864
0.040002489,-0.042960349,0.093393732,0.162963649,0.103166,6.237326308,0.103138,1.66012492
0.039958818,-0.122760946,0.093053301,0.104401445,0.103266,6.162021965,0.103238,1.678788564
0.039990441,0.149311575,0.092715322,0.007752607,0.103366,6.296475913,0.103338,1.681827103
0.039958829,-0.10810081,0.092388227,-0.046075835,0.103466,6.451892968,0.103438,1.760440366
0.03998169,-0.07039305,0.092119445,0.060328313,0.103566,6.200835576,0.103538,1.896959669
0.040049808,0.08390137,0.091822559,-0.030861258,0.103666,6.372932939,0.103638,2.037587394
0.039956393,-0.117288273,0.091621151,0.176917023,0.103766,6.318112875,0.103738,2.008390877
0.040029416,0.092825996,0.091391543,-0.024925903,0.103866,6.500244664,0.103838,1.963868098
0.03993514,-0.013747182,0.091249473,-0.063158706,0.103966,6.230509681,0.103938,2.120092511
0.039957653,0.056223924,0.091193817,0.166198012,0.104066,6.349004538,0.104038,2.146857527
0.03997182,0.121354282,0.091077928,-0.003074448,0.104166,6.288547968,0.104138,2.272269564
0.039957779,0.000280723,0.090982543,0.052938962,0.104266,6.384431036,0.104238,2.376455472
0.039926308,-0.101384516,0.090929119,0.115583988,0.104366,6.371802207,0.104338,2.25770915
0.039922115,0.001505699,0.090908714,0.050610375,0.104466,6.312406502,0.104438,2.280574762
0.040008229,0.184501252,0.090852125,0.021993965,0.104566,6.416718186,0.104538,2.35721821
0.039913626,0.070428808,0.090810981,0.041494641,0.104666,6.381311552,0.104638,2.350490993
0.039968098,0.089595803,0.090769033,-0.030436319,0.104766,6.467394929,0.104738,2.40120814
0.039945469,0.216520857,0.090773146,0.068570859,0.104866,6.487831105,0.104838,2.63602079
0.03992715,0.208171839,0.09073061,0.070228206,0.104966,6.477316902,0.104938,2.463356933
0.0398688,-0.068064856,0.090699777,0.052610512,0.105066,6.436676509,0.105038,2.711528395
0.039904782,0.108193119,0.090614555,-0.102677818,0.105166,6.613286912,0.105138,2.635379152
0.039940909,-0.053545717,0.090581192,0.0456849,0.105266,6.629298466,0.105238,2.645063925
0.039887577,-0.075978173,0.090493756,-0.03742286,0.105366,6.41867413,0.105338,2.824054932
0.039904508,0.06233667,0.090507636,0.014325504,0.105466,6.610981094,0.105438,2.874067788
0.039904922,-0.150779806,0.090392085,-0.131669605,0.105566,6.58007698,0.105538,2.816511538
0.039926393,-0.1154294,0.090369616,-0.019527907,0.105666,6.620618674,0.105638,2.948752614
0.039847165,-0.083395697,0.090307104,0.044316592,0.105766,6.470971857,0.105738,2.971003444
0.039843804,-0.072818655,0.090248016,0.075519497,0.105866,6.571498421,0.105838,3.064924409
0.039851937,-0.089419595,0.090178835,0.042457507,0.105966,6.741457775,0.105938,3.063288755
0.039872597,0.125139343,0.09008359,-0.143610376,0.106066,6.636043254,0.106038,3.169500393
0.039851053,-0.045914701,0.090084573,0.103118513,0.106166,6.591413252,0.106138,3.21579801
0.039855422,0.007748519,0.090010578,-0.059260425,0.106266,6.708692961,0.106238,3.194662877
0.039857615,0.048175552,0.089970664,0.043917357,0.106366,6.755832251,0.106338,3.334084946
0.039857831,0.076922678,0.08998114,0.113201577,0.106466,6.783524575,0.106438,3.258806177
0.039830884,-0.085926612,0.089884794,-0.006957135,0.106566,6.772735229,0.106538,3.371275755
0.039836896,0.005327408,0.089837844,-0.033883079,0.106666,6.882527244,0.106638,3.441489814
0.039823846,-0.065124054,0.089857604,0.045935152,0.106766,6.885875425,0.106738,3.43653845
0.039821906,0.005130234,0.089768739,-0.145412252,0.106866,6.856799417,0.106838,3.429878489
0.039829164,-0.005100759,0.089741442,0.000690931,0.106966,6.850211506,0.106938,3.362880961
0.039862425,0.156184597,0.089701607,-0.129209575,0.107066,7.015832613,0.107038,3.39021339
0.039829585,-0.07242839,0.089697083,-0.116368483,0.107166,6.889472294,0.107138,3.589523448
0.039804837,-0.116029525,0.089741988,-0.081386684,0.107266,6.81492645,0.107238,3.557699585
0.039831464,-0.092080677,0.089676006,-0.005561459,0.107366,6.805377072,0.107338,3.589843309
0.039791737,-0.140391387,0.089625733,-0.025412724,0.107466,6.948900765,0.107438,3.658248894
0.039835465,0.042243865,0.089633604,-0.030664052,0.107566,6.949174807,0.107538,3.623415073
0.039842055,-0.060314672,0.089596653,-0.034108306,0.107666,6.97098927,0.107638,3.682869459
0.03981705,-0.041750501,0.089566223,0.027375711,0.107766,6.851282403,0.107738,3.713400645
0.039833747,0.047850827,0.089523371,-0.14745579,0.107866,7.060404232,0.107838,3.774471996
0.039830735,0.223132241,0.089506042,-0.045359061,0.107966,7.072755689,0.107938,3.950331052
0.039745048,-0.198703683,0.089479804,0.060821797,0.108066,6.741561728,0.108038,3.923291088
0.03980657,0.077231487,0.089411297,-0.050002225,0.108166,6.92346349,0.108138,4.032936418
0.039780442,-0.024999343,0.089417799,0.140851477,0.108266,6.955329005,0.108238,4.09631022
0.039793891,-0.073704586,0.089327276,-0.229975587,0.108366,7.083614944,0.108338,4.080030164
0.039824548,0.02436599,0.089369072,0.209122184,0.108466,6.90939917,0.108438,4.204598708
0.039771335,-0.172498406,0.089328067,-0.032616595,0.108566,7.03201115,0.108538,4.202963629
0.039769883,-0.085893409,0.08930254,-0.048483301,0.108666,7.09538182,0.108638,4.242007433
0.039758257,-0.121478346,0.089310037,-0.047864667,0.108766,6.892731659,0.108738,4.434324873
0.039821007,-0.069510181,0.089217452,0.008266089,0.108866,7.051361792,0.108838,4.370830731
0.039870863,-0.035726623,0.089136263,-0.062685268,0.108966,7.130703985,0.108938,4.389561147
0.039791636,-0.158492007,0.08913983,0.026424078,0.109066,7.077113264,0.109038,4.343351729
0.03979465,-0.043597713,0.089126212,-0.071905677,0.109166,7.071955621,0.109138,4.412717374
0.039784104,0.007640635,0.089146786,5.29E-05,0.109266,7.052942011,0.109238,4.39818986
0.039796947,0.109915703,0.089144108,0.023590718,0.109366,7.116708214,0.109338,4.456937256
0.039762676,0.122692314,0.089076683,0.071843108,0.109466,7.138642682,0.109438,4.388444567
0.03977902,0.044309434,0.089067244,0.035328323,0.109566,7.236194959,0.109538,4.545689697
0.039723517,-0.03926236,0.089020503,-0.126042467,0.109666,7.278469317,0.109638,4.46151045
0.039768937,0.207817568,0.089055995,0.152859374,0.109766,7.328077042,0.109738,4.46839283
0.039765863,-0.050379714,0.089005681,-0.077502332,0.109866,7.281681924,0.109838,4.532173369
0.039751775,0.000487771,0.089015954,0.066503831,0.109966,7.255643707,0.109938,4.481930795
0.039748421,0.062772816,0.088954153,0.061179849,0.110066,7.285772014,0.110038,4.565134126
0.039745683,-0.014157032,0.08892302,0.02345231,0.110166,7.373867123,0.110138,4.493605462
0.039763641,0.107691196,0.088935879,-0.003018616,0.110266,7.263561521,0.110238,4.521497996
0.039652284,-0.099017734,0.088908633,-0.026109032,0.110366,7.318105128,0.110338,4.702937253
0.039779572,0.135354237,0.088828766,-0.151431131,0.110466,7.564486739,0.110438,4.721561344
0.039724064,0.036956974,0.088846378,-0.048882807,0.110566,7.304525403,0.110538,4.572572959
0.039712054,0.074486844,0.08884329,-0.071669457,0.110666,7.436218954,0.110638,4.691101502
0.039666804,0.058556855,0.088828199,-0.128925636,0.110766,7.405829651,0.110738,4.692938199
0.039703018,0.021411758,0.088799099,-0.055280241,0.110866,7.428690803,0.110838,4.536898893
0.039709564,0.093448806,0.088771322,-0.05712172,0.110966,7.448775021,0.110938,4.663428487
0.039693638,0.025628306,0.088753129,0.145101118,0.111066,7.6090437,0.111038,4.774050152
0.039718677,0.086683762,0.088685038,-0.088842865,0.111166,7.396412612,0.111138,4.763681094
0.039687842,0.050691306,0.088696621,0.133959706,0.111266,7.417922025,0.111238,4.916611653
0.039658014,-0.103947265,0.088682216,-0.031530495,0.111366,7.38019528,0.111338,4.938945806
0.039729067,-0.085072297,0.088674111,0.171663383,0.111466,7.50082488,0.111438,4.86261729
0.039658439,-0.116495912,0.088635988,0.039402189,0.111566,7.568526195,0.111538,4.893313455
0.039675454,0.196493731,0.088612132,0.088705,0.111666,7.39376149,0.111638,4.821431998
0.039607869,-0.16424899,0.088628964,0.013374004,0.111766,7.461765117,0.111738,4.828496424
0.039698715,-0.012156976,0.088585793,0.039421061,0.111866,7.603034402,0.111838,4.861277057
0.039640291,-0.056215609,0.088571832,0.092497073,0.111966,7.6688374,0.111938,4.813520361
0.03962284,-0.036942346,0.088512549,-0.005185536,0.112066,7.618864795,0.112038,4.762288295
0.039636838,-0.041253024,0.088577774,0.145226667,0.112166,7.53862193,0.112138,4.757559981
0.039613902,-0.022957125,0.088550943,-0.0074614,0.112266,7.786634021,0.112238,4.854719221
0.039617164,0.042710918,0.0885118,-0.141905462,0.112366,7.714848787,0.112338,4.754654142
0.03959629,-0.036714416,0.088474386,-0.225895922,0.112466,7.876039193,0.112438,4.765454195
0.039620527,0.074532452,0.088520861,0.039068947,0.112566,7.70847741,0.112538,4.745636378
0.039656646,0.23681594,0.088435565,0.004244764,0.112666,7.78982896,0.112638,4.719811022
0.039604254,-0.033120579,0.088420901,-0.068230736,0.112766,8.060545706,0.112738,4.595093828
0.039594686,-0.202309807,0.08839677,-0.13463948,0.112866,8.098374197,0.112838,4.739967079
0.039645939,0.083513497,0.088443751,0.076156636,0.112966,7.976558586,0.112938,4.64222973
0.039602337,-0.121846025,0.088452233,0.025518968,0.113066,8.007824975,0.113038,4.65247618
0.039621502,0.07855697,0.088402387,0.135374848,0.113166,7.912626401,0.113138,4.550258219
0.039569397,-0.072619191,0.08834144,-0.0280588,0.113266,7.707962442,0.113238,4.609888904
0.039650551,0.041466806,0.088303674,0.052319955,0.113366,7.847011046,0.113338,4.545178908
0.039613764,0.013565331,0.088293265,-0.110656642,0.113466,7.863099821,0.113438,4.495488783
0.039586158,0.067626883,0.088279761,0.039801138,0.113566,7.830445244,0.113538,4.472385922
0.039513398,-0.09277034,0.088315884,-0.055323187,0.113666,7.938285103,0.113638,4.475432879
0.03958929,0.09980641,0.088333856,0.05539167,0.113766,7.94573259,0.113738,4.286456456
0.039604504,0.012476653,0.088253638,-0.000980201,0.113866,8.046077147,0.113838,4.342431948
0.039602561,-0.077678597,0.088294567,0.048578845,0.113966,8.02055434,0.113938,4.188245618
0.039575823,-0.005060605,0.088324878,0.071737019,0.114066,8.043206061,0.114038,3.927624442
0.039638053,0.193246656,0.088278926,-0.083955749,0.114166,8.326760189,0.114138,3.743101385
0.039654239,0.079126205,0.088201776,-0.197541381,0.114266,8.224274087,0.114238,3.774344169
0.039498199,-0.164965014,0.088240413,-0.06570268,0.114366,8.07125849,0.114338,3.688160241
0.039533259,-0.07982822,0.088250695,0.045833009,0.114466,8.336640458,0.114438,3.531157516
0.039557139,-0.019949113,0.08819869,-0.056300311,0.114566,8.279418899,0.114538,3.403465602
0.039557066,-0.157083818,0.088190619,0.152654236,0.114666,8.201417286,0.114638,3.285964213
0.039618513,-0.133043885,0.088167107,0.087472874,0.114766,8.382859199,0.114738,3.1812782
0.039612997,-0.035699046,0.088169135,0.072421379,0.114866,8.26723047,0.114838,3.230092991
0.039566819,-0.121684889,0.088192563,0.074188558,0.114966,8.374854489,0.114938,3.311250951
0.039518782,-0.175878785,0.088136114,-0.052241535,0.115066,8.301025704,0.115038,2.970772867
0.039554942,-0.011841075,0.088142546,-0.028046825,0.115166,8.514407257,0.115138,2.909621279
0.039543437,-0.012009531,0.088157987,-0.040523087,0.115266,8.444206157,0.115238,2.902736198
0.039548936,-0.050862916,0.088139937,-0.097860417,0.115366,8.560293847,0.115338,2.819238081
0.039584899,0.048448194,0.088102742,-0.009466587,0.115466,8.473988722,0.115438,2.666680981
0.039566795,0.072742464,0.088060709,-0.034398897,0.115566,8.470164469,0.115538,2.835058521
0.039555223,-0.020188551,0.088112789,0.25468199,0.115666,8.673388127,0.115638,2.577804673
0.039579736,0.140745403,0.088053286,-0.031202788,0.115766,8.725017556,0.115738,2.570798434
0.039565947,0.028064382,0.088048918,-0.079503289,0.115866,8.562437111,0.115838,2.508311805
0.039590746,0.053460906,0.088056955,-0.074293168,0.115966,8.650251561,0.115938,2.30596323
0.039602484,0.079668333,0.088110459,0.055885865,0.116066,8.644289459,0.116038,2.43676088
0.039537058,0.063310814,0.088090263,-0.111035263,0.116166,8.659096059,0.116138,2.314671825
0.039576482,0.247728052,0.088065024,-0.081681616,0.116266,8.603863767,0.116238,2.2035838
0.039537604,-0.015182238,0.088013004,-0.164230264,0.116366,8.615127658,0.116338,2.291803039
0.039538204,0.076653516,0.088031295,-0.076277719,0.116466,8.559363283,0.116438,2.336521843
0.039501027,-0.091577304,0.088060578,0.036241197,0.116566,8.952233542,0.116538,2.103402576
0.039540067,0.138858665,0.088008449,-0.033732083,0.116666,8.694850199,0.116638,2.19112484
0.039496834,0.048820352,0.087994841,-0.099434019,0.116766,8.502792777,0.116738,2.139360497
0.039478315,0.039660602,0.087951759,-0.056755173,0.116866,8.683149071,0.116838,2.130846139
0.039494747,0.039645125,0.088001097,0.163006702,0.116966,8.606952858,0.116938,2.157901974
0.039533668,-0.108361302,0.08794715,-0.044108612,0.117066,8.708248848,0.117038,2.101373312
0.039561786,0.036842417,0.087925917,0.016733164,0.117166,8.802524865,0.117138,2.25520145
0.039566912,-0.028515804,0.088015741,0.129107874,0.117266,8.886216255,0.117238,2.238166287
0.039555067,0.048821862,0.087959403,-0.006688894,0.117366,8.717749017,0.117338,2.344747042
0.039519896,-0.134931609,0.087934868,0.094957619,0.117466,8.700531136,0.117438,2.224062932
0.039570667,0.029591991,0.087940974,-0.073589516,0.117566,8.85174725,0.117538,2.443144311
0.039521281,-0.035512343,0.087952552,-0.017661965,0.117666,8.785795353,0.117638,2.523459029
0.039527023,-0.166829446,0.087956676,-0.011896951,0.117766,8.978617203,0.117738,2.326686002
0.039537256,0.010644831,0.087959323,-0.024909708,0.117866,8.903104335,0.117838,2.648662082
0.03951808,-0.066286168,0.087896691,-0.190006013,0.117966,8.841105036,0.117938,2.720797434
0.039559147,0.090747549,0.087911042,-0.018702806,0.118066,8.898325724,0.118038,2.677643349
0.039533055,-0.033603005,0.087879382,-0.174089284,0.118166,8.818349213,0.118138,2.490987624
0.039504805,0.083990577,0.08788026,-0.004484475,0.118266,8.852605688,0.118238,2.649365002
0.039486943,-0.056511523,0.087834199,0.053718049,0.118366,8.914028945,0.118338,2.700531968
0.039491713,-0.028961179,0.08785837,0.172021869,0.118466,8.884290006,0.118438,2.782613735
0.039498002,-0.038490086,0.087794945,-0.129728416,0.118566,8.948748291,0.118538,2.940605982
0.039514067,-0.008993611,0.087823637,-0.014163208,0.118666,8.905090355,0.118638,2.862440355
0.039509938,-0.133526425,0.087774123,-0.022951807,0.118766,8.860592716,0.118738,2.904681758
0.039545429,-0.145471543,0.087795095,0.009332117,0.118866,8.909547386,0.118838,3.063262384
0.039524519,0.082154814,0.087801784,-0.117863255,0.118966,9.031747966,0.118938,2.826527624
0.03946563,-0.041171494,0.087790972,0.047463757,0.119066,9.100415111,0.119038,2.98655469
0.039462377,-0.007102452,0.08771034,0.026885394,0.119166,9.000798752,0.119138,3.216938567
0.039446581,-0.187877722,0.087747254,0.262273834,0.119266,9.065904957,0.119238,3.300713831
0.039525936,0.0980821,0.087755033,0.068219129,0.119366,8.969508665,0.119338,3.325183496
0.039477436,0.147171021,0.087691083,-0.09285828,0.119466,9.185743498,0.119438,3.346006822
0.039452625,-0.038927908,0.087695366,0.058054342,0.119566,9.140150254,0.119538,3.416435743
0.039485079,-0.121434498,0.087672732,-0.018138322,0.119666,8.965304773,0.119638,3.357981067
0.039473038,-0.027569593,0.087672125,0.097099945,0.119766,8.94561492,0.119738,3.619250848
0.039473628,0.099750417,0.087652511,-0.020731121,0.119866,9.02066948,0.119838,3.606626039
0.039466711,-0.022781408,0.087696367,-0.006313319,0.119966,8.861866118,0.119938,3.548446586
0.039502686,0.121950794,0.087647298,0.037455587,0.120066,8.862981783,0.120038,3.776715692
0.039486185,0.026256887,0.087620799,0.005661525,0.120166,8.868316787,0.120138,3.822311897
0.039473852,0.119324241,0.087657367,0.041240249,0.120266,8.785996299,0.120238,3.995184274
0.039419596,-0.152837461,0.087612581,-0.022558205,0.120366,8.716332813,0.120338,4.04118712
0.039477113,0.076265069,0.087619059,-0.123836317,0.120466,8.759744841,0.120438,4.046392448
0.039438032,-0.011996336,0.087638255,0.031149225,0.120566,8.729364761,0.120538,3.958312505
0.039445105,0.024068533,0.087579242,-0.173929685,0.120666,8.915383868,0.120638,4.105347866
0.039439018,-0.033646557,0.087557156,-0.140665158,0.120766,8.744594905,0.120738,4.041888132
0.039439248,0.073616982,0.087608798,0.030639209,0.120866,8.845316164,0.120838,4.122808054
0.039435621,0.097717938,0.087551164,-0.017415812,0.120966,8.817973306,0.120938,3.965238272
0.03945622,0.090929225,0.087565849,0.152996358,0.121066,8.837291632,0.121038,4.052827285
0.039445114,-0.066427783,0.087538743,0.071870983,0.121166,9.029033125,0.121138,4.248885389
0.039487264,0.005001206,0.087551128,0.072386526,0.121266,8.870657879,0.121238,4.380571221
0.039466942,0.064578974,0.087564812,0.075591425,0.121366,8.895145744,0.121338,4.434417336
0.039411696,-0.036236095,0.08753031,0.025796393,0.121466,8.766381361,0.121438,4.336793263
0.039438881,-0.01222445,0.087512763,-0.034070943,0.121566,8.829027946,0.121538,4.474028992
0.03944619,0.109022529,0.08749084,0.03810484,0.121666,8.896087129,0.121638,4.601002149
0.039394491,-0.128438762,0.087457363,0.115599108,0.121766,9.057317617,0.121738,4.517488744
0.039403184,0.052929041,0.087424098,-0.084462863,0.121866,8.860805237,0.121838,4.783319863
0.039397295,-0.083259016,0.087470698,-0.076990128,0.121966,9.107379829,0.121938,4.842704773
0.039467758,0.058140793,0.087492353,0.019650415,0.122066,8.945348616,0.122038,4.990950149
0.039407798,-0.123287757,0.087458049,-0.182726989,0.122166,9.157357069,0.122138,4.844199361
0.039386863,-0.06842258,0.087454205,-0.038268449,0.122266,9.083689732,0.122238,5.073506516
0.039382822,-0.099984443,0.087378012,-0.097703227,0.122366,9.103815272,0.122338,4.969331637
0.039397509,-0.013873885,0.087418953,0.106194575,0.122466,9.25616583,0.122438,5.099473562
0.03936855,-0.095005418,0.087376824,-0.085193996,0.122566,9.158960315,0.122538,5.141798086
0.039398623,-0.065108689,0.087397229,-0.1310654,0.122666,9.195578016,0.122638,5.254125477
0.039394633,0.19884232,0.087395329,-0.064932604,0.122766,9.289918716,0.122738,5.144116988
0.039354071,-0.117301515,0.087385034,-0.025912188,0.122866,9.226278198,0.122838,5.238691058
0.039360941,0.105672756,0.087349946,-0.077559611,0.122966,9.326208626,0.122938,5.244610415
0.039359773,0.111248284,0.087396889,0.078293127,0.123066,9.425889973,0.123038,5.260027314
0.039338385,0.038581968,0.087383711,0.036124247,0.123166,9.56816567,0.123138,5.337663601
0.039318917,0.07453319,0.087353533,0.026262628,0.123266,9.508746225,0.123238,5.337689782
0.039380087,0.220281058,0.087370227,-0.140487,0.123366,9.52198774,0.123338,5.404606643
0.039357827,0.037360697,0.087383342,0.15209794,0.123466,9.642641524,0.123438,5.502892964
0.039365465,0.013991586,0.087403867,0.177245105,0.123566,9.520103007,0.123538,5.589158878
0.039360736,-0.072616436,0.08735156,-0.183350205,0.123666,9.360736841,0.123638,5.523761047
0.039362363,-0.020908695,0.087354426,0.004361988,0.123766,9.537952086,0.123738,5.500528795
0.039306774,0.002190414,0.087314482,-0.07502033,0.123866,9.41637248,0.123838,5.590349994
0.039356304,-0.037429599,0.08735999,0.14387497,0.123966,9.583828746,0.123938,5.732567657
0.03936072,-0.082978883,0.087338678,-0.0529264,0.124066,9.734065217,0.124038,5.768049777
0.039336845,-0.000278433,0.087327226,0.042863369,0.124166,9.633202186,0.124138,5.74393372
0.039370115,0.139076521,0.087302023,0.069290924,0.124266,9.628374568,0.124238,5.81810542
0.039361206,0.015920485,0.087288042,0.016175066,0.124366,9.762168604,0.124338,5.774800581
0.039328099,-0.061874853,0.08725893,-0.054988317,0.124466,9.862366511,0.124438,5.672327352
0.039341037,0.129360541,0.087347556,0.14656769,0.124566,9.850953963,0.124538,5.827152203
0.039319979,0.045767549,0.087300925,0.188030989,0.124666,9.740406561,0.124638,5.620502618
0.039309213,0.028498935,0.087270976,0.191449352,0.124766,9.91016068,0.124738,6.074220485
0.039324216,0.157958012,0.087245853,0.064836681,0.124866,9.912500588,0.124838,6.054454001
0.039312066,0.073777919,0.087233746,-0.005110725,0.124966,9.916655395,0.124938,5.984859329
0.039285554,0.060570247,0.087265405,0.121640938,0.125066,9.947885213,0.125038,6.075368343
0.039286611,0.123771242,0.087212193,-0.153748411,0.125166,10.01257239,0.125138,6.134239799
0.03926713,-0.03206063,0.087262536,-0.01321582,0.125266,10.02865099,0.125238,6.289083621
0.039295077,-0.0560971,0.087219977,-0.043581657,0.125366,9.953908268,0.125338,6.128533296
0.039320724,0.002353205,0.08720426,-0.108610133,0.125466,10.11991593,0.125438,6.254460565
0.039289952,0.083711831,0.087139886,0.062254062,0.125566,10.06964952,0.125538,6.315027082
0.039302085,0.040339981,0.087148877,-0.051349395,0.125666,10.25501807,0.125638,6.395361314
0.039268834,0.126946942,0.087204035,-0.009337047,0.125766,10.04678019,0.125738,6.409294014
0.039264706,-0.020241571,0.087197427,0.06415029,0.125866,10.01488362,0.125838,6.487431271
0.039320282,0.206916772,0.087212441,0.005702892,0.125966,10.02937274,0.125938,6.26574522
0.039243098,-0.02372576,0.08717468,-0.052124069,0.126066,10.20115891,0.126038,6.285191065
0.039209442,-0.212342647,0.087147078,-0.026453154,0.126166,10.11373626,0.126138,6.420319678
0.03919652,-0.087223913,0.087190718,0.068807462,0.126266,10.00062205,0.126238,6.354334096
0.039223381,-0.025859303,0.087103611,-0.109095515,0.126366,10.23898175,0.126338,6.48862662
0.039194041,-0.127316878,0.087101794,0.068156173,0.126466,10.22541243,0.126438,6.404961304
0.039227409,0.017341551,0.087115818,0.007278981,0.126566,10.12381371,0.126538,6.545593468
0.039217857,-0.059662447,0.087067051,-0.109869203,0.126666,10.15690527,0.126638,6.40917735
0.03925102,0.222986117,0.087070401,0.062528138,0.126766,10.17873748,0.126738,6.432978488
0.039238811,0.02530496,0.087058174,-0.110037153,0.126866,10.24201759,0.126838,6.469938733
0.039247875,-0.081284736,0.087074222,0.007637927,0.126966,10.21175972,0.126938,6.674017514
0.03919702,-0.167829932,0.087069711,0.098306292,0.127066,10.39735118,0.127038,6.389137183
0.0392039,-0.09864379,0.08710885,0.004781846,0.127166,10.4025378,0.127138,6.688343276
0.039233761,0.062382208,0.087089399,-0.068041917,0.127266,10.31131586,0.127238,6.652051781
0.039248147,0.10187481,0.08706525,-0.130033643,0.127366,10.39234201,0.127338,6.711558855
0.03922291,-0.024540362,0.087094129,0.122561938,0.127466,10.27071835,0.127438,6.715415409
0.039274472,0.168345445,0.087012481,0.006271301,0.127566,10.42000542,0.127538,6.696694691
0.039249739,0.042784752,0.087031929,0.038907773,0.127666,10.21683571,0.127638,6.746672367
0.039227852,-0.035371515,0.087044195,0.123719832,0.127766,10.34268627,0.127738,6.7304664
0.039246283,0.176422297,0.087066196,0.106447685,0.127866,10.34957763,0.127838,6.56197786
0.039165794,-0.070337872,0.087019105,0.069457468,0.127966,10.57817543,0.127938,6.809936868
0.039212202,0.059800359,0.0869909,-0.089041968,0.128066,10.36681344,0.128038,6.711249712
0.039193198,-0.005841326,0.086986747,0.03342245,0.128166,10.48451322,0.128138,6.773119412
0.039183278,-0.006869585,0.086960817,-0.058485525,0.128266,10.4313392,0.128238,6.76321958
0.039158712,-0.037376497,0.086929054,-0.018631939,0.128366,10.55310337,0.128338,6.75836848
0.039147991,-0.157374456,0.086889837,-0.078131419,0.128466,10.49413234,0.128438,6.71498307
0.039158177,-0.085650267,0.086891993,-0.022265689,0.128566,10.60380513,0.128538,6.814808446
0.039151506,0.046855131,0.086910803,0.172494977,0.128666,10.60678303,0.128638,6.729679552
0.039171712,0.066271653,0.086893986,0.104172141,0.128766,10.62922054,0.128738,6.886757295
0.039187554,0.109254241,0.086859136,-0.006335522,0.128866,10.68432143,0.128838,6.928471158
0.039185846,0.15230965,0.086865912,-0.041406597,0.128966,10.76224837,0.128938,6.983434437
0.039169697,-0.012312943,0.086837345,-0.01838781,0.129066,10.87722483,0.129038,6.836538133
0.039143511,-0.056900513,0.08685016,-0.000875929,0.129166,10.66269665,0.129138,6.879802013
0.039145835,-0.126121839,0.086861717,-0.042348942,0.129266,10.90005484,0.129238,6.829302826
0.039128148,-0.161361674,0.086884213,-0.015471118,0.129366,10.85703091,0.129338,6.816758833
0.039193086,0.074858832,0.086832154,-0.079405835,0.129466,11.14208186,0.129438,6.802287915
0.039144141,0.003498709,0.086829024,-0.024191949,0.129566,10.85299464,0.129538,6.75177039
0.039200443,0.067134136,0.086860078,0.210821523,0.129666,10.8250032,0.129638,6.778790779
0.03915686,-0.029817435,0.086859224,0.131709731,0.129766,10.90552849,0.129738,6.717736104
0.039202881,0.063684228,0.086838842,0.019740449,0.129866,10.98605333,0.129838,6.902823017
0.039118557,-0.172609097,0.086820452,-0.130254524,0.129966,11.09849691,0.129938,6.87776042
0.039153653,0.021512711,0.08679437,-0.078136021,0.130066,10.9203122,0.130038,6.790798273
0.039160035,0.114559514,0.086842876,-0.044702547,0.130166,10.85702678,0.130138,6.69032577
0.039128996,-0.077466843,0.086822882,-0.090239783,0.130266,11.07459528,0.130238,6.815667384
0.039154362,0.07149704,0.08675488,-0.077854733,0.130366,11.22598014,0.130338,6.736044721
0.039157149,0.165476425,0.086738862,-0.221730693,0.130466,11.13449878,0.130438,6.792710599
0.03911828,0.025698946,0.086791105,-0.065587825,0.130566,11.11657426,0.130538,6.662430565
0.039140984,0.132178084,0.086771497,-0.039676674,0.130666,11.30341371,0.130638,6.865774754
0.039150882,0.133680241,0.086758318,-0.001660364,0.130766,11.13447243,0.130738,6.785936092
0.039110907,0.017917798,0.086702937,-0.05330222,0.130866,11.21932704,0.130838,6.87752129
0.039149544,0.037609921,0.086698178,-0.003330513,0.130966,11.30633787,0.130938,6.692218235
0.039140994,0.031947871,0.086702629,-0.014979792,0.131066,11.30109801,0.131038,6.920167991
0.039190423,0.210521073,0.086744115,-0.00570922,0.131166,11.31718589,0.131138,6.899796261
0.039124547,0.064206903,0.086764733,0.039609272,0.131266,11.52802759,0.131238,6.863671195
0.039119658,0.150993387,0.086740131,0.092404499,0.131366,11.55994664,0.131338,6.968094679
0.03911745,-0.01086603,0.086694025,-0.110031644,0.131466,11.49034347,0.131438,6.801879379
0.03912546,-0.016728789,0.086708996,-0.091175254,0.131566,11.48728697,0.131538,6.76550848
0.039104687,-0.043296696,0.086727894,-0.071200203,0.131666,11.64043139,0.131638,6.689856122
0.039110506,-0.036612938,0.086726085,-0.101904443,0.131766,11.54384425,0.131738,6.722188234
0.039090185,0.097938084,0.086743389,-0.123121206,0.131866,11.6342213,0.131838,6.709347963
0.039091157,0.000403223,0.086742241,0.045874487,0.131966,11.65330829,0.131938,6.632646884
0.039093147,-0.035879331,0.086699292,-0.081786317,0.132066,11.52853449,0.132038,6.742355266
0.039102212,0.104864516,0.086707199,0.00729887,0.132166,11.49156472,0.132138,6.638813371
0.039070514,-0.058365638,0.086729821,0.095757959,0.132266,11.64491104,0.132238,6.523058327
0.039104255,-0.023067187,0.086753204,0.083416058,0.132366,11.70285043,0.132338,6.662932408
0.039047596,-0.127367822,0.086719413,0.018026994,0.132466,11.61107726,0.132438,6.474832986
0.039065065,0.065640758,0.086672736,-0.02508994,0.132566,11.70943232,0.132538,6.490670385
0.039038702,-0.067261294,0.086651481,0.074312845,0.132666,11.96045608,0.132638,6.584425704
0.039069931,-0.031914247,0.086640787,0.160492169,0.132766,11.84955688,0.132738,6.47688215
0.039111433,-0.004728376,0.086649557,0.175599195,0.132866,11.83856365,0.132838,6.5619163
0.039092959,-0.04566966,0.086654411,0.200485342,0.132966,11.96081529,0.132938,6.510815236
0.039086171,0.045034411,0.086595434,-0.153921904,0.133066,11.95330073,0.133038,6.425597894
0.039079149,0.002188497,0.086663089,0.086811712,0.133166,11.94295893,0.133138,6.538338449
0.039111582,0.216296971,0.086599206,-0.165422974,0.133266,12.18654097,0.133238,6.576413905
0.039107524,0.093464634,0.086587113,-0.129917409,0.133366,12.04014323,0.133338,6.507040722
0.039089661,0.009763225,0.086604135,0.0273763,0.133466,12.24924318,0.133438,6.752385694
0.039117264,0.248594506,0.086630436,0.100515546,0.133566,12.06418671,0.133538,6.507645025
0.039073124,-0.024178122,0.086602847,0.003366209,0.133666,12.36649933,0.133638,6.629581636
0.039057574,0.030179009,0.08661017,0.042469298,0.133766,12.15261831,0.133738,6.68073154
0.039059673,0.048158803,0.08654599,-0.161458776,0.133866,12.33113019,0.133838,6.657500768
0.039037739,0.119538431,0.086604333,0.068769288,0.133966,12.11771454,0.133938,6.561127802
0.039056989,0.08059584,0.086598676,-0.03708964,0.134066,12.35912279,0.134038,6.445674902
0.039043164,-0.150507144,0.086572676,-0.003245487,0.134166,12.3488923,0.134138,6.444574669
0.039048279,-0.061911548,0.086529552,-0.080280391,0.134266,12.37704585,0.134238,6.491602565
0.039026179,-0.077408393,0.08657623,0.00671869,0.134366,12.47567825,0.134338,6.614596719
0.039008648,-0.052289663,0.086548915,-0.005314154,0.134466,12.43772358,0.134438,6.685885187
0.039036865,-0.003018145,0.086495588,-0.143462228,0.134566,12.48475898,0.134538,6.733329549
0.039030097,-0.083353933,0.086545001,-0.060227314,0.134666,12.43071958,0.134638,6.652694087
0.039072196,0.073114527,0.086521784,0.062807419,0.134766,12.36919064,0.134738,6.574099798
0.039022352,-0.130581798,0.086557055,-0.096742973,0.134866,12.32586118,0.134838,6.889766196
0.039063947,6.29E-05,0.08654748,-0.017331104,0.134966,12.50510264,0.134938,6.790876947
0.039059179,-0.059041583,0.086507083,-0.114106154,0.135066,12.54078303,0.135038,6.856384372
0.039056461,-0.105241335,0.08647943,-0.128310107,0.135166,12.60298861,0.135138,7.022722492
0.039076541,0.089926555,0.086543901,-0.008097795,0.135266,12.56201671,0.135238,7.019197149
0.039045575,0.049668882,0.086566656,0.162458757,0.135366,12.67015673,0.135338,6.956058141
0.039021053,-0.109332637,0.086507479,-0.004992242,0.135466,12.79361963,0.135438,6.907495107
0.039077316,0.111103469,0.086502648,-0.002846333,0.135566,12.72113406,0.135538,6.923893988
0.039018195,0.020984917,0.086514003,0.05340104,0.135666,12.86295735,0.135638,6.992632619
0.039066204,0.103332064,0.086465195,-0.087850065,0.135766,12.63637158,0.135738,7.177977342
0.039058704,0.228322716,0.086501047,0.182173135,0.135866,12.80221799,0.135838,7.215165695
0.039030038,0.095918606,0.086442834,-0.055642316,0.135966,12.8114615,0.135938,7.259335165
0.039008178,0.132733396,0.086486298,0.011940606,0.136066,12.62269026,0.136038,7.186862113
0.038957688,-0.029293558,0.086498131,-0.064713456,0.136166,12.74409782,0.136138,7.426791222
0.038965586,-0.003581907,0.086527733,0.109398957,0.136266,12.81150677,0.136238,7.204596948
0.03898264,-0.073835138,0.086412118,-0.241297894,0.136366,12.97671216,0.136338,7.346650023
0.039032013,0.136696619,0.086517755,0.043099843,0.136466,12.88145302,0.136438,7.399520846
0.038986857,-0.025338579,0.086521384,-0.025243551,0.136566,13.05099467,0.136538,7.304206303
0.039056558,0.029792751,0.086446263,-0.115020939,0.136666,13.29303614,0.136638,7.372589385
0.039002636,0.068249198,0.086476529,0.09858407,0.136766,13.0645392,0.136738,7.342928207
0.038988901,-0.116799608,0.086437926,0.005679763,0.136866,13.32193991,0.136838,7.48646462
0.039016018,-0.015695629,0.086390279,-0.17285329,0.136966,13.22108792,0.136938,7.549399203
0.039002653,-0.044120623,0.086465013,0.020198995,0.137066,13.33013189,0.137038,7.528572536
0.038968263,-0.143712741,0.086404677,-0.064338772,0.137166,13.4083299,0.137138,7.577234437
0.039037524,-0.021500373,0.086352657,-0.160668335,0.137266,13.47187404,0.137238,7.619622326
,,0.086412438,0.10053776,0.137366,13.47419941,0.137338,7.737756892
,,0.086370036,0.026222804,0.137466,13.65571771,0.137438,7.846602188
,,0.086374079,0.025456702,0.137566,13.61618692,0.137538,7.873332293
,,0.086310255,-0.018435139,0.137666,13.69559634,0.137638,7.769118952
,,0.086347172,-0.043718095,0.137766,13.78039668,0.137738,7.838103026
,,0.086371717,-0.000543978,0.137866,13.65801407,0.137838,7.953773262
,,0.086301634,-0.13018783,0.137966,13.59020355,0.137938,8.033758573
,,0.086315347,0.055133692,0.138066,13.70905756,0.138038,8.012345446
,,0.086387234,0.055437199,0.138166,13.78422491,0.138138,7.88483836
,,0.086367967,-0.042756695,0.138266,13.72065845,0.138238,8.12867169
,,0.086321446,-0.024464599,0.138366,13.8869262,0.138338,8.176182924
,,0.086362674,0.001882608,0.138466,13.95201368,0.138438,8.250554976
,,0.086275355,-0.107615236,0.138566,13.82292935,0.138538,8.091976928
,,0.086332964,0.024903802,0.138666,14.01611168,0.138638,7.973852604
,,0.086293908,-0.091224635,0.138766,14.19753453,0.138738,8.109771389
,,0.086294432,-0.091909882,0.138866,14.03870236,0.138838,8.192617077
,,0.086273382,-0.138726303,0.138966,14.28062468,0.138938,8.075995655
,,0.086313991,-0.007352379,0.139066,14.28171632,0.139038,8.050216644
,,0.086295509,0.028906925,0.139166,14.310468,0.139138,7.957764559
,,0.086311464,0.127277866,0.139266,14.49140332,0.139238,8.227426308
,,0.08628665,-0.026028063,0.139366,14.3945652,0.139338,8.07154261
,,0.086250552,0.122791626,0.139466,14.42420566,0.139438,8.061886914
,,0.086266549,-0.08520474,0.139566,14.41207769,0.139538,8.316775608
,,0.086293877,-0.003663174,0.139666,14.46715795,0.139638,8.255346208
,,0.086297322,0.096737076,0.139766,14.5300177,0.139738,8.278831476
,,0.08627941,-0.034346164,0.139866,14.44565312,0.139838,8.267305266
,,0.086255435,-0.04637738,0.139966,14.5929071,0.139938,8.315525349
,,0.086267181,0.152985885,0.140066,14.65205947,0.140038,8.419256871
,,0.086289101,0.080277423,0.140166,14.8122296,0.140138,8.432197924
,,0.086273805,0.131019321,0.140266,14.64501351,0.140238,8.610832139
,,0.086286882,0.025740245,0.140366,14.82172184,0.140338,8.601845642
,,0.086241394,0.018452913,0.140466,14.8010211,0.140438,8.553612862
,,0.086202362,-0.094071167,0.140566,14.85582423,0.140538,8.457961582
,,0.086280856,0.114524007,0.140666,15.09140352,0.140638,8.707655726
,,0.086227444,-0.017143465,0.140766,14.99713671,0.140738,8.521431225
,,0.086244531,0.145729858,0.140866,15.13914165,0.140838,8.413035702
,,0.086192137,-0.082024403,0.140966,15.05296331,0.140938,8.535887232
,,0.086211065,0.080475225,0.141066,15.30130903,0.141038,8.576345755
,,0.086190207,0.104942075,0.141166,15.1488181,0.141138,8.508032481
,,0.08616708,-0.012060744,0.141266,15.21049433,0.141238,8.360359714
,,0.086235128,-0.047002619,0.141366,14.97741632,0.141338,8.46471556
,,0.086275413,0.122251114,0.141466,15.32511647,0.141438,8.579131472
,,0.086196223,-0.052151669,0.141566,15.40069793,0.141538,8.602876717
,,0.08622193,0.037743604,0.141666,15.29674413,0.141638,8.617864484
,,0.086201561,0.009459368,0.141766,15.30767076,0.141738,8.714855332
,,0.08616588,0.035955873,0.141866,15.26789746,0.141838,8.916239888
,,0.086198069,0.125218794,0.141966,15.4421444,0.141938,8.768918838
,,0.086174438,-0.006274007,0.142066,15.34300336,0.142038,8.738221455
,,0.086194345,-0.058002976,0.142166,15.43175334,0.142138,8.583912553
,,0.086149351,-0.057453579,0.142266,15.4842901,0.142238,8.723997752
,,0.086145519,-0.014261315,0.142366,15.66830552,0.142338,8.826171694
,,0.086125453,-0.116565652,0.142466,15.51071698,0.142438,8.764810656
,,0.08612557,-0.00817894,0.142566,15.64467233,0.142538,8.786535815
,,0.086179298,-0.086110556,0.142666,15.5728259,0.142638,8.837027376
,,0.086177758,-0.096072416,0.142766,15.4887147,0.142738,8.734313715
,,0.086181744,-0.165147194,0.142866,15.77229097,0.142838,8.84394312
,,0.086143711,-0.015919349,0.142966,15.77902987,0.142938,8.966541628
,,0.086098977,0.041543596,0.143066,16.04735328,0.143038,8.885289286
,,0.086118405,0.015491001,0.143166,15.84176233,0.143138,8.958200123
,,0.086091411,-0.156854499,0.143266,15.72078782,0.143238,9.001652421
,,0.086097554,0.010773873,0.143366,15.86222037,0.143338,8.985279217
,,0.086097528,0.001817709,0.143466,15.95780855,0.143438,8.951194987
,,0.086073848,-0.013780799,0.143566,16.10011594,0.143538,8.970442116
,,0.086099543,-0.044229511,0.143666,15.91907512,0.143638,9.128687134
,,0.086107168,-0.122999309,0.143766,15.99241685,0.143738,9.038560597
,,0.086103314,0.010352528,0.143866,16.20309665,0.143838,9.362107685
,,0.086144231,0.073425492,0.143966,16.18092799,0.143938,9.330158195
,,0.086068026,-0.111140747,0.144066,16.02831851,0.144038,9.137843782
,,0.086124313,0.218333129,0.141216201,3.486649298,0.144138,9.290870423
,,0.086083909,0.027375655,0.138723645,1.619832698,0.144238,9.367979942
,,0.086050205,-0.051330814,0.137277706,0.781404509,0.144338,9.349955856
,,0.086088301,-0.092871026,0.136313347,0.449575229,0.144438,9.307272596
,,0.08614472,0.230615164,0.135585785,0.244000516,0.144538,9.368866448
,,0.086113635,0.071894695,0.135028197,0.222297273,0.144638,9.369698587
,,0.086096153,-0.019726087,0.134496482,0.27201584,0.144738,9.408806931
,,0.086090954,-0.125847723,0.133984269,0.173424555,0.144838,9.439302271
,,0.086064536,-0.236775837,0.133533904,0.313330856,0.144938,9.5487633
,,0.086047918,-0.022267045,0.133062166,0.320921893,0.145038,9.443101687
,,0.086071804,-0.090545882,0.132590899,0.284774575,0.145138,9.36349306
,,0.086090446,0.016543126,0.132188479,0.254009328,0.145238,9.252628796
,,0.086068425,0.053523044,0.131837724,0.111402683,0.145338,9.542768523
,,0.086024528,-0.10058848,0.131516985,0.236067765,0.145438,9.459080974
,,0.086069915,-0.022785322,0.131176603,-0.016246525,0.145538,9.483358914
,,0.086026978,-0.12738406,0.131003366,0.098771963,0.145638,9.539845763
,,0.086039294,-0.087458835,0.130845495,0.021004272,0.145738,9.498324369
,,0.086049889,0.090711103,0.130736403,-0.031298771,0.145838,9.689011022
,,0.08601314,0.123315272,0.130676279,-0.014334991,0.145938,9.66770661
,,0.086036444,0.083766046,0.130588668,-0.10538038,0.146038,9.456909193
,,0.085992518,0.08440113,0.130580092,0.005145513,0.146138,9.646774306
,,0.085978536,0.088587703,0.130518755,-0.04598842,0.146238,9.687162475
,,0.085927751,0.076889346,0.130487296,-0.028677361,0.146338,9.731567721
,,0.085959447,0.050628223,0.130467601,-0.046348143,0.146438,9.820346649
,,0.086000094,0.108830217,0.130475113,-0.035546711,0.146538,9.711246763
,,0.08599303,0.015685406,0.130426474,-0.063229331,0.146638,9.800964986
,,0.08594733,-0.071859167,0.130397415,-0.104059334,0.146738,9.666434897
,,0.085946503,0.065910352,0.130396177,0.106246046,0.146838,9.735576661
,,0.085969575,0.045102912,0.130287304,0.072129717,0.146938,9.683168811
,,0.085973627,-0.045297773,0.130216232,-0.010727011,0.147038,9.7254252
,,0.085967577,0.171395881,0.130144398,-0.182134323,0.147138,9.697186515
,,0.085975625,0.193097121,0.130125332,0.081360411,0.147238,9.738026266
,,0.085934858,0.098425841,0.130042886,-0.048837394,0.147338,9.777761424
,,0.085919734,0.042077671,0.129982047,0.082134988,0.147438,9.597128452
,,0.085902103,0.007357565,0.129966638,0.118162862,0.147538,9.592417222
,,0.085919495,0.032338519,0.129920803,0.073292883,0.147638,9.765002209
,,0.085873576,0.014698084,0.129799041,-0.059616848,0.147738,9.899118139
,,0.085898522,0.072467448,0.129706668,-0.107012571,0.147838,9.82232233
,,0.085866043,-0.075341003,0.12967559,0.027472623,0.147938,9.797151294
,,0.085867393,-0.031841047,0.129638123,0.093057235,0.148038,9.789200046
,,0.085868541,-0.050339785,0.129634525,0.187961878,0.148138,9.90283289
,,0.08587224,0.034065784,0.129561021,0.089474679,0.148238,10.09163837
,,0.085869506,0.027001728,0.129449945,-0.045728796,0.148338,10.11100705
,,0.085851038,0.097055838,0.129405552,-0.012312234,0.148438,10.11334267
,,0.085864407,-0.000505366,0.129405306,0.028402107,0.148538,9.936708715
,,0.085880038,-0.042276027,0.129403941,0.073993029,0.148638,10.13333697
,,0.085829822,-0.217030523,0.129344279,-0.048949475,0.148738,10.11495562
,,0.085914473,0.064087144,0.129266878,-0.042497578,0.148838,9.905996393
,,0.085827375,-0.139733511,0.129224873,-0.133061465,0.148938,9.959351222
,,0.085837667,0.113538205,0.129309224,0.262389566,0.149038,9.960507429
,,0.085826337,0.14216628,0.12930475,0.073181086,0.149138,9.974012059
,,0.085831421,-0.011956257,0.129235454,-0.046565121,0.149238,10.05575178
,,0.08578249,-0.124859911,0.129199817,-0.117175428,0.149338,9.912194942
,,0.085799485,-0.031831793,0.129177263,-0.139332136,0.149438,10.0726787
,,0.085801187,-0.009477913,0.129091275,-0.091798529,0.149538,10.32637612
,,0.085787611,-0.0600817,0.129043817,-0.12017663,0.149638,10.1022906
,,0.085807969,0.052587357,0.129041363,-0.052401061,0.149738,10.13388758
,,0.08579395,0.088658192,0.129061059,0.064430643,0.149838,10.17502925
,,0.085770425,-0.002147274,0.129056892,0.229677141,0.149938,10.40225815
,,0.085789933,-0.068997187,0.128933195,-0.066140849,0.150038,10.29484115
,,0.085822265,0.065328244,0.128930667,0.058298536,0.150138,10.48448229
,,0.085741969,-0.150945445,0.128834049,-0.058130877,0.150238,10.35792969
,,0.085819839,0.063966068,0.128834259,0.19735853,0.150338,10.42974883
,,0.08573945,-0.017819854,0.128815911,0.119428165,0.150438,10.31363317
,,0.08573211,-0.027685947,0.128804448,-0.001032636,0.150538,10.37135829
,,0.085804489,0.073345129,0.128770854,0.075674617,0.150638,10.4855042
,,0.085818574,0.169069024,0.128736559,0.116810884,0.150738,10.27031827
,,0.085779643,-0.023675507,0.128696838,0.052680163,0.150838,10.51716251
,,0.085800095,0.110479907,0.128636979,-0.052743757,0.150938,10.53831637
,,0.085801855,-0.079899586,0.128558515,-0.017145292,0.151038,10.61238504
,,0.085753432,-0.247677897,0.128585648,0.19614467,0.151138,10.67543066
,,0.085749413,0.029899082,0.128562342,0.176011608,0.151238,10.64657078
,,0.085726647,-0.054611132,0.128548294,0.235024471,0.151338,10.55103996
,,0.08575018,-0.047740303,0.128506927,0.07072613,0.151438,10.63176712
,,0.085723019,0.026459502,0.128453611,0.082683191,0.151538,10.59294317
,,0.085786549,0.188917448,0.128382292,0.00874169,0.151638,10.75215802
,,0.08576089,0.22637148,0.128418686,0.062805379,0.151738,10.53196489
,,0.085708516,-0.000866651,0.128346646,-0.143650116,0.151838,10.67070672
,,0.085706594,0.010450518,0.128321481,-0.105788465,0.151938,10.68164568
,,0.085698756,0.023340922,0.128296928,0.085784199,0.152038,10.69778662
,,0.085657632,0.062802136,0.128257858,-0.093181411,0.152138,10.7166139
,,0.085701839,0.030753473,0.128225196,-0.007681622,0.152238,10.63560804
,,0.085688285,-0.092966666,0.128204449,0.183151633,0.152338,10.80840494
,,0.08569528,-0.06020054,0.128183664,0.133158105,0.152438,10.77204645
,,0.085710284,-0.067636035,0.128184553,0.073193406,0.152538,10.82766404
,,0.08571333,0.019191946,0.128114583,-0.03232126,0.152638,10.69216404
,,0.085729286,0.117197523,0.128062427,-0.07136936,0.152738,10.93121003
,,0.085686882,0.074897147,0.128067041,0.059113294,0.152838,10.98899711
,,0.085678016,-0.07087408,0.128038375,0.150155956,0.152938,10.80628319
,,0.085702973,-0.053801472,0.128017259,0.076911966,0.153038,10.75281503
,,0.085692369,-0.006764998,0.12797996,-0.002473818,0.153138,10.75657615
,,0.085724018,0.022469612,0.127958687,0.099617321,0.153238,10.84402229
,,0.085694112,-0.17952617,0.127933265,0.017404816,0.153338,10.93115232
,,0.085749852,0.157252878,0.127919148,0.114482058,0.153438,11.02983692
,,0.085711105,0.094780193,0.127876684,-0.166857365,0.153538,10.98902773
,,0.085631993,-0.191962986,0.127861963,0.069755458,0.153638,10.87690269
,,0.085704665,-0.130351192,0.127865478,0.000102393,0.153738,10.98572879
,,0.085695853,0.101711405,0.127855158,-0.078256751,0.153838,11.09242486
,,0.085673641,0.130580831,0.127836509,-0.004029654,0.153938,10.97035723
,,0.085646798,0.142329078,0.127819455,0.144395345,0.154038,11.05909775
,,0.085572963,-0.212884073,0.127718667,-0.115133812,0.154138,11.29757652
,,0.085651003,-0.009995626,0.127737006,0.179819532,0.154238,10.98139647
,,0.085613152,-0.042335954,0.1276993,0.132667147,0.154338,11.14488681
,,0.085649301,0.054371113,0.127640528,0.025687554,0.154438,11.12509992
,,0.085654349,-0.056041743,0.12766256,0.024703106,0.154538,11.08804752
,,0.085626141,-0.11692756,0.127672753,0.072503323,0.154638,11.16745136
,,0.085662751,-0.099019005,0.127614162,-0.142439121,0.154738,11.31880826
,,0.08570977,-0.01486148,0.127631658,0.065589723,0.154838,11.11779522
,,0.085635897,-0.175023531,0.127579108,0.037440059,0.154938,11.11782736
,,0.085654841,0.027011494,0.127560049,0.041908691,0.155038,11.11897778
,,0.085676236,0.16550905,0.127530568,0.017797476,0.155138,11.17643707
,,0.085614037,-0.12222096,0.127533116,-0.004111569,0.155238,11.15033326
,,0.085658058,0.068777521,0.12750861,-0.012409097,0.155338,11.34228921
,,0.085625561,-0.036029389,0.127510991,-0.022003141,0.155438,11.13424533
,,0.085638926,0.138967047,0.127514348,0.018119831,0.155538,11.20445916
,,0.085622315,0.029613555,0.127498216,0.015827789,0.155638,11.05609863
,,0.085603038,-0.033673062,0.12742932,0.054720533,0.155738,11.23354728
,,0.085608577,-0.094893302,0.127355953,-0.0227162,0.155838,11.28020844
,,0.085622528,0.052311375,0.127334994,0.12462745,0.155938,11.39727079
,,0.08560506,0.02428996,0.127311379,0.095289936,0.156038,11.38637521
,,0.085548165,-0.167374028,0.12733756,0.048083404,0.156138,11.42434292
,,0.08553939,0.053849802,0.127268462,-0.147410347,0.156238,11.50893764
,,0.085614995,0.247346984,0.127327934,-0.047977591,0.156338,11.68281755
,,0.085590361,-0.103571474,0.127330536,0.076909015,0.156438,11.6747403
,,0.085561935,0.038656351,0.127307416,-0.056057895,0.156538,11.7102365
,,0.085634079,0.238304418,0.127335987,0.089582955,0.156638,11.73435977
,,0.085568038,-0.104984014,0.127277734,0.006152112,0.156738,11.78433117
,,0.085523034,-0.093278158,0.127240838,0.058910142,0.156838,11.6220781
,,0.085510235,-0.041880569,0.127211466,0.064798505,0.156938,11.83281397
,,0.085571466,0.157544627,0.127236572,0.059213292,0.157038,11.73290579
,,0.085570559,-0.033331801,0.127188682,0.015487409,0.157138,11.62727534
,,0.085532513,0.031098818,0.127214982,0.097352301,0.157238,11.83874905
,,0.08550027,-0.037912475,0.127180287,-0.02432884,0.157338,11.72204814
,,0.085553969,0.243690939,0.127187224,0.125021366,0.157438,11.82151171
,,0.085507815,-0.016386145,0.127157636,0.146101039,0.157538,11.85498257
,,0.085518104,-0.141152985,0.127131481,-0.003583118,0.157638,12.01910848
,,0.085580555,0.142461632,0.127136076,-0.110802733,0.157738,12.01242549
,,0.085562503,0.205492292,0.127058722,-0.067441372,0.157838,11.97835822
,,0.085491247,-0.097685076,0.127085507,-0.0251672,0.157938,11.86828496
,,0.085532205,0.069068707,0.127063679,0.005397506,0.158038,12.0746142
,,0.08559594,-0.010666195,0.127036475,0.023544307,0.158138,12.02045
,,0.085546755,-0.07961722,0.127053039,0.138717336,0.158238,12.17349579
,,0.085529567,0.030472825,0.126957554,-0.103119042,0.158338,12.17506917
,,0.085490941,-0.11996666,0.126964289,-0.076556065,0.158438,12.27127313
,,0.085546993,0.124976916,0.126996742,0.111907278,0.158538,12.10463971
,,0.085501728,-0.051509808,0.126972384,-0.04018692,0.158638,12.28483714
,,0.085537058,0.000442157,0.126990957,0.02729929,0.158738,12.14720976
,,0.085548132,-0.04896227,0.126991312,0.043815244,0.158838,12.1445066
,,0.085564683,0.134792614,0.126960906,0.009947658,0.158938,12.38176902
,,0.085550858,0.12612575,0.126931982,-0.072602574,0.159038,12.40483418
,,0.085511555,0.023925486,0.126946653,-0.021253603,0.159138,12.33081451
,,0.085542504,0.041897962,0.126958203,-0.107385502,0.159238,12.55729489
,,0.085509226,0.015924177,0.12691127,-0.183178217,0.159338,12.3990725
,,0.085457533,0.044719142,0.126901815,-0.052082666,0.159438,12.50772248
,,0.085497877,0.004275799,0.126898334,0.032953421,0.159538,12.64055634
,,0.085492072,-0.07311054,0.126866602,-0.113720406,0.159638,12.70945432
,,0.085458538,-0.206258386,0.126867467,0.015686272,0.159738,12.63999358
,,0.085482086,0.113962564,0.126846752,0.12315074,0.159838,12.80789371
,,0.085459751,-0.013512242,0.126848445,0.040730522,0.159938,12.59625001
,,0.085448567,0.014737054,0.126794422,0.143771709,0.160038,12.69528711
,,0.085483326,-0.002072565,0.126720944,-0.129875567,0.160138,12.8103321
,,0.085449599,-0.074678433,0.126723631,-0.00366207,0.160238,12.62205099
,,0.085452804,0.09992898,0.126683797,0.052391586,0.160338,12.87421404
,,0.08541947,0.04024132,0.126705885,0.080818488,0.160438,12.85145372
,,0.085436636,0.063703639,0.126686793,-0.075117239,0.160538,12.78517497
,,0.085403909,0.127586687,0.126686147,-0.117571033,0.160638,12.69848612
,,0.085412802,0.073945599,0.126676502,-0.01366074,0.160738,13.00192324
,,0.08537713,-0.217059194,0.126646484,0.054238655,0.160838,12.91439018
,,0.085393803,0.014503007,0.126622337,0.11038806,0.160938,13.01116629
,,0.085407204,0.002374954,0.12662147,-0.044955943,0.161038,12.96788476
,,0.085407333,-0.037841372,0.126600654,0.007868731,0.161138,13.03065451
,,0.085431724,0.124460878,0.126585552,0.059018635,0.161238,13.032317
,,0.085419842,0.066222272,0.126640241,0.150701324,0.161338,12.98813949
,,0.085398457,-0.076677464,0.126628474,0.140005414,0.161438,13.09487383
,,0.085382986,-0.135100671,0.126572216,-0.083760188,0.161538,13.17205169
,,0.085384083,-0.011263785,0.126585208,0.015515144,0.161638,13.13270682
,,0.085344587,0.0071589,0.126579784,-0.103261522,0.161738,13.27844338
,,0.085375201,0.127018507,0.126537194,-0.090527548,0.161838,13.28883347
,,0.085322155,0.13926685,0.126547899,-0.039356219,0.161938,13.32256172
,,0.085337309,0.148533533,0.126528208,0.016094635,0.162038,13.42628298
,,0.08532137,-0.038532488,0.126546087,-0.011563867,0.162138,13.43150806
,,0.085341801,0.177323993,0.126576261,0.099928289,0.162238,13.47897525
,,0.085336383,0.140974168,0.12646926,-0.265286471,0.162338,13.44560629
,,0.085362213,0.007471248,0.126446893,0.080772598,0.162438,13.2753455
,,0.085344899,0.011962868,0.12642397,-0.112272382,0.162538,13.41126494
,,0.085329672,-0.015158647,0.126439792,-0.015680005,0.162638,13.42151525
,,0.085316795,0.07117808,0.126459612,0.092869546,0.162738,13.45358283
,,0.085350034,0.124366025,0.126432959,-0.255188338,0.162838,13.54146598
,,0.085376475,0.12013001,0.126431526,0.002141654,0.162938,13.52964962
,,0.085317633,-0.001576376,0.126404758,-0.007566679,0.163038,13.5393553
,,0.085333116,0.065931198,0.126424844,0.090420325,0.163138,13.58159804
,,0.085347437,0.001743275,0.126420463,0.078086476,0.163238,13.70046021
,,0.085372583,-0.077647714,0.126381908,-0.038552482,0.163338,13.65678693
,,0.085370557,-0.100698495,0.126396541,-0.121329367,0.163438,13.69974032
,,0.085313403,-0.23837349,0.126388293,0.060185136,0.163538,13.88299981
,,0.085362733,0.033301459,0.126383501,-0.02157667,0.163638,13.84182571
,,0.085364637,-0.09023565,0.126341565,-0.156895764,0.163738,13.76485436
,,0.085327489,-0.120628525,0.126335613,-0.096407526,0.163838,13.88188808
,,0.085342728,0.003170728,0.126329089,-0.058585382,0.163938,13.99090544
,,0.085306579,-0.148016979,0.126303112,-0.119634396,0.164038,14.02985365
,,0.085324923,-0.060093852,0.126293586,-0.024983835,0.164138,14.13890466
,,0.085303698,0.095621357,0.126333447,0.051916466,0.164238,14.01707297
,,0.085319211,0.079320474,0.126286429,-0.064289618,0.164338,14.03065643
,,0.085336494,-0.034892576,0.126292145,-0.146595232,0.164438,14.06486368
,,0.085289076,-0.186951969,0.12627052,-0.049245939,0.164538,14.06237397
,,0.08523444,-0.130553468,0.126283816,0.064816302,0.164638,14.04869648
,,0.085279296,-0.056512659,0.126249113,-0.036636533,0.164738,14.16152242
,,0.085297622,0.010769911,0.126227995,0.062505151,0.164838,14.20377701
,,0.085327092,0.085062996,0.126194206,-0.034939306,0.164938,14.40101253
,,0.085258024,-0.008505907,0.126257521,0.112410269,0.165038,14.18534706
,,0.085258465,-0.029851209,0.126207191,0.105852074,0.165138,14.42703835
,,0.085275044,-0.162217055,0.126161548,0.06855185,0.165238,14.50769037
,,0.085306247,0.002296236,0.126141573,0.001151849,0.165338,14.38507824
,,0.085293045,-0.11208632,0.126130086,-0.031297601,0.165438,14.50964959
,,0.085310274,-0.230299188,0.126152987,0.199559778,0.165538,14.51656163
,,0.085341065,0.00242446,0.126100616,-0.029175156,0.165638,14.51306637
,,0.08530097,-0.021141367,0.126176462,0.034433867,0.165738,14.47354046
,,0.085248549,-0.039619921,0.126125836,-0.032091944,0.165838,14.55951045
,,0.08528391,0.126845546,0.126193938,0.166035652,0.165938,14.67998493
,,0.085298147,-0.106351224,0.126131121,-0.022892211,0.166038,14.58217274
,,0.08527932,-0.095932402,0.126126367,0.003572074,0.166138,14.55531434
,,0.085314411,-0.061957216,0.126120575,0.051227563,0.166238,14.72347444
,,0.085279096,0.101531833,0.12607311,-0.093637548,0.166338,14.67040989
,,0.085277839,-0.037386784,0.126103774,0.119042041,0.166438,14.70658724
,,0.085293526,0.009642924,0.126092385,-0.021241305,0.166538,14.80742578
,,0.085288421,-0.124111274,0.126055827,0.081854079,0.166638,14.87064837
,,0.0852744,0.084970981,0.126080669,0.199031113,0.166738,14.95863553
,,0.0852195,-0.101263118,0.126012142,0.048543449,0.166838,14.88054859
,,0.085235031,0.052599076,0.126030616,-0.011012313,0.166938,15.11626532
,,0.085236375,-0.167233938,0.126021223,0.023918479,0.167038,15.07113808
,,0.085258347,-0.145098636,0.126008383,0.020045134,0.167138,15.042875
,,0.085247177,0.082119455,0.125983281,-0.09575845,0.167238,14.9514637
,,0.085227382,0.062873245,0.126002425,0.043164966,0.167338,15.0628857
,,0.085243882,0.003614056,0.125959407,-0.037868613,0.167438,15.14701794
,,0.085309094,0.081775675,0.125991822,-0.064534784,0.167538,15.05714013
,,0.085311585,0.068015895,0.126007898,-0.027033663,0.167638,15.22296286
,,0.085186785,-0.066863973,0.125960938,0.095545074,0.167738,15.22561835
,,0.08519837,0.046248902,0.125938896,0.005745401,0.167838,15.3882415
,,0.085246047,-0.026938016,0.125894397,-0.031050671,0.167938,15.33124121
,,0.085237974,0.107323989,0.125817006,-0.056497088,0.168038,15.18402826
,,0.085160997,-0.135609191,0.125898846,0.106711892,0.168138,15.22141299
,,0.085235074,0.09745532,0.125838645,-0.176168778,0.168238,15.57287265
,,0.085196419,-0.03777992,0.125914911,0.089369004,0.168338,15.49856092
,,0.085249753,0.102286276,0.12586056,-0.033591011,0.168438,15.30547071
,,0.085204964,-0.00665327,0.12586817,0.073497958,0.168538,15.47777482
,,0.085187256,-0.076012999,0.125906744,-0.032927286,0.168638,15.54229894
,,0.085185637,0.005314874,0.125902775,-0.129666318,0.168738,15.61299851
,,0.085166482,0.023810633,0.125865272,-0.068929761,0.168838,15.68103196
,,0.08515773,0.159955061,0.125849645,-0.015730894,0.168938,15.93589576
,,0.085177214,0.234956921,0.12586475,-0.122627981,0.169038,15.70503527
,,0.085121873,-0.127812164,0.125873725,-0.072983058,0.169138,15.62390889
,,0.085159541,-0.09385636,0.125878249,0.044182592,0.169238,15.72023443
,,0.085177057,0.08932104,0.125835259,-0.086277003,0.169338,15.83277606
,,0.08512627,0.018455803,0.12588016,0.028036618,0.169438,15.81128002
,,0.085192458,0.097436537,0.125847106,-0.119855229,0.169538,15.7943987
,,0.085128724,0.093852401,0.125878108,0.067957696,0.169638,15.79424133
,,0.085088139,-0.158449537,0.125780254,-0.120422585,0.169738,15.88560536
,,0.085151217,0.134669215,0.125868308,0.102654815,0.169838,15.95335388
,,0.085112017,-0.044567051,0.125862818,0.056596947,0.169938,15.92840216
,,0.08515041,0.048807976,0.125790566,-0.135909054,0.170038,16.05191792
,,0.085097706,-0.122096007,0.125858095,0.21587553,0.170138,16.10175329
,,0.085144381,-0.009866962,0.125821595,-0.034769243,0.170238,15.95065909
,,0.085100095,-0.01527543,0.125778353,0.097421186,0.170338,15.91919265
,,0.085109391,-0.053031551,0.125812746,0.288809477,0.170438,16.03816473
,,0.085151424,0.01182373,0.125781882,0.113226811,0.170538,16.02886887
,,0.085123445,-0.146549179,0.125780094,0.047177048,0.170638,16.20705278
,,0.085163563,0.021054035,0.125758645,-0.089003331,0.170738,16.05289261
,,0.085152493,-0.102688189,0.125798763,0.000313485,0.170838,16.06605122
,,0.085147936,-0.116540118,0.125765069,0.046443948,0.170938,16.22877486
,,0.085148507,-0.151081011,0.125754866,-0.100949569,0.171038,16.06588137
,,0.085130594,-0.00863808,0.12580934,0.173827819,0.171138,16.1954844
,,0.085118091,0.051501932,0.125765762,0.077131934,0.171238,16.25191612
,,0.085067054,0.054015367,0.125719578,-0.054399697,0.171338,16.32693459
,,0.085066642,0.01643025,0.12574477,-0.024130615,0.171438,16.44568518
,,0.085092663,-0.012119455,0.125733179,-0.082295467,0.171538,16.3164401
,,0.085094566,-0.075854893,0.12575734,0.099949614,0.171638,16.42288892
,,0.085094355,-0.099007113,0.125768681,0.092018402,0.171738,16.39458258
,,0.085139778,0.079064929,0.12575049,0.021637473,0.171838,16.37353211
,,0.085098153,-0.060120011,0.125765171,0.003822217,0.171938,16.44746126
,,0.085115395,0.036967047,0.125747005,-0.060016293,0.17003562,4.713334404
,,0.085085547,-0.065846866,0.125783552,-0.005376641,0.166838283,2.480708996
,,0.085051583,-0.125555093,0.12573094,-0.099138966,0.165006705,1.282363166
,,0.08507939,-0.017664819,0.125733716,0.113234777,0.163753327,0.859656705
,,0.085124545,0.056937119,0.125756047,0.107262627,0.162737648,0.562337202
,,0.085091795,0.142993264,0.125740388,0.054529455,0.161847068,0.64403328
,,0.085064727,0.01963157,0.125720995,0.151272408,0.161036887,0.503032539
,,0.085094387,0.110657945,0.125691058,0.09020845,0.160313677,0.537580651
,,0.085012519,-0.133399351,0.125695193,0.050720215,0.159583251,0.319018836
,,0.085058762,-0.052644451,0.125636526,-0.002320424,0.158837982,0.283461542
,,0.085106266,0.186786195,0.125643853,-0.175719956,0.158156608,0.41350495
,,0.085038679,0.071027418,0.125731878,0.056483807,0.157452555,0.451266859
,,0.085018517,0.039226916,0.125663706,-0.238127368,0.156761945,0.376877926
,,0.085014466,-0.007517481,0.125645636,-0.134364923,0.156114854,0.44913594
,,0.085057398,0.082613775,0.125693795,0.183994685,0.155515978,0.374575097
,,0.085087798,0.021750465,0.125625671,-0.005542148,0.154917163,0.290000271
,,0.085075734,-0.044861901,0.125609733,0.121794029,0.154380257,0.231345677
,,0.085042517,0.003035987,0.125592067,0.149832437,0.153952396,0.099440688
,,0.085056866,0.090188655,0.125541026,0.022936268,0.153579016,0.16711786
,,0.085078607,0.022375645,0.125540084,0.075950275,0.153266617,0.157354352
,,0.084989969,-0.284115992,0.125563244,0.032899051,0.152964572,0.17304793
,,0.085098184,0.210239142,0.125535571,-0.00238059,0.152734614,-0.142659815
,,0.085016049,-0.004833421,0.125524163,-0.08569677,0.152543807,0.003936094
,,0.085039726,0.179415616,0.12553118,-0.094377296,0.152410793,-0.044810923
,,0.084972081,-0.064316149,0.125552209,0.055323937,0.152316462,0.090198701
,,0.085029655,0.102744619,0.125528927,0.00829408,0.152198499,0.026805534
,,0.084995924,-0.077583051,0.12555932,0.066796343,0.152180875,0.166529568
,,0.085027271,0.009515582,0.125553613,-0.094902124,0.152087875,-0.084584459
,,0.084995332,0.041165309,0.125615601,0.08856826,0.152051764,-0.083847368
,,0.084984918,0.058210304,0.125564114,0.054414583,0.151998096,-0.028845151
,,0.084992189,0.138448528,0.12557499,-0.070068618,0.151966656,-0.018338353
,,0.08498144,-0.046090198,0.125580948,0.160804715,0.15197753,-0.037731761
,,0.084970906,-0.082604313,0.125538278,-0.027110707,0.151936703,0.005895597
,,0.084981731,0.089756812,0.125545084,-0.08375761,0.151895241,0.006745214
,,0.084976859,-0.083169381,0.125550175,-0.085783169,0.151865107,-0.100455193
,,0.084999202,-0.04254343,0.125539391,0.04887226,0.151836068,0.074892213
,,0.085001534,0.092700685,0.125566942,0.031039022,0.15176862,-0.0733475
,,0.084978095,0.049101147,0.125498684,-0.026894182,0.151756825,0.020496421
,,0.08499113,0.054031702,0.125499496,0.156570269,0.151707992,0.038864124
,,0.084996436,0.087179677,0.125528424,0.001904749,0.151645353,-0.046850663
,,0.084953825,-0.048873047,0.125519834,-0.020747241,0.15159176,0.109254737
,,0.084978382,-0.050354024,0.125567248,0.225808949,0.151543685,0.136529779
,,0.084974106,0.03312933,0.125463851,-0.106461679,0.15144804,0.093245664
,,0.085009063,0.070419557,0.125547172,0.121370108,0.151331059,-0.03509278
,,0.084985386,-0.14108342,0.125517171,-0.04192425,0.151210306,-0.094166794
,,0.0850098,-0.018575016,0.125495406,-0.155791726,0.151070916,-0.053088143
,,0.084950828,0.024683744,0.125483323,-0.06697365,0.151060974,0.021866324
,,0.085012288,0.061327933,0.12549552,-0.007818102,0.150979456,0.065047792
,,0.084985183,-0.011564159,0.125507504,-0.014581488,0.150889783,0.000935693
,,0.084974638,0.209470535,0.12551739,-0.024368243,0.150821664,0.108784309
,,0.084889358,0.047270162,0.125499538,-0.006475104,0.150720714,0.031412847
,,0.084937462,0.044458079,0.125455938,-0.123492549,0.150622296,0.039352245
,,0.084943861,-0.033539533,0.12552294,0.011771969,0.150534851,-0.014897718
,,0.084979562,0.053388622,0.125490288,-0.10654525,0.150496393,0.060007489
,,0.084900309,-0.128198167,0.125509883,-0.048032058,0.150463918,-0.082409415
,,0.084909643,0.118611397,0.12546803,-0.084716875,0.150449904,-0.013967867
,,0.084915049,0.174245289,0.125474252,0.068887674,0.150375406,-0.113357663
,,0.084907268,-0.076056325,0.125459118,-0.013205862,0.150369437,-0.113330777
,,0.08488924,-0.126476596,0.125495268,0.022843678,0.150342909,0.018947024
,,0.084920351,-0.056470401,0.12546786,0.063528001,0.150312031,0.025947591
,,0.084895797,-0.257859539,0.125437476,0.058032447,0.150319947,0.050009755
,,0.084966405,0.153852651,0.125432959,-0.102117781,0.150330238,-0.029778266
,,0.084955832,0.179673525,0.125551989,0.316307813,0.150339081,0.035601024
,,0.084893395,-0.022555549,0.125445046,-0.145958501,0.150302931,-0.000977607
,,0.084940142,0.097429944,0.125418754,-0.073070846,0.150231235,-0.188283349
,,0.084923556,0.037119889,0.125423977,-0.112129966,0.150243401,-0.028190527
,,0.084858468,-0.038112039,0.125471259,0.046561351,0.150242176,0.102778305
,,0.084870725,-0.089519337,0.125456448,0.118306196,0.150171193,-0.006652967
,,0.084929845,0.065410353,0.125407754,0.005989197,0.150170666,0.004354515
,,0.084867476,-0.114764859,0.125472629,0.032484003,0.150126376,-0.048413764
,,0.084939584,0.209661919,0.125458433,0.114207263,0.150062654,-0.045927974
,,0.084889089,-0.022790462,0.125431945,0.096147848,0.150084015,0.113994674
,,0.084866458,0.036311836,0.125412551,-0.093098612,0.150045342,0.077789333
,,0.084849569,-0.097811731,0.125421447,0.029236745,0.149990101,-0.047228473
,,0.084820373,-0.054812896,0.125409263,0.115223989,0.149925167,-0.022717446
,,0.084856053,-0.027768125,0.125377425,0.009624617,0.149923388,0.091359514
,,0.084856533,-0.024373512,0.125409379,0.097181089,0.149865348,0.029207675
,,0.084812488,-0.165054014,0.12536474,-0.09961282,0.149854832,0.01375565
,,0.084851797,-0.074926899,0.125322673,-0.184485682,0.149819103,0.083895425
,,0.084828029,0.027265839,0.12536617,0.119253918,0.149736167,-0.021481149
,,0.084867353,0.023992088,0.125376882,0.119191359,0.14970773,0.197230054
,,0.084860148,0.039492536,0.125363305,-0.07538687,0.149617849,-0.015744218
,,0.084858759,0.013698807,0.125313183,0.001564044,0.149674713,0.148776372
,,0.08484356,0.043913295,0.125299468,-0.242552117,0.149612312,-0.058871168
,,0.08482238,0.099484993,0.125329383,-0.056653651,0.149657725,0.070791534
,,0.084825217,-0.006026858,0.125391787,0.135440848,0.149590208,0.049028682
,,0.084815821,0.014650976,0.125330627,0.00232342,0.149551808,0.003483489
,,0.084782037,-0.188364205,0.125332844,0.117261714,0.149519319,-0.032641719
,,0.084829476,-0.04880445,0.125303454,-0.230374967,0.149493531,-0.118855339
,,0.08482486,-0.01394073,0.12531451,-0.019849162,0.149441358,-0.065600504
,,0.084802205,0.032568006,0.125293843,-0.023311168,0.149527785,0.164780422
,,0.084833664,0.118854164,0.125296403,0.075711846,0.149433649,-0.050341442
,,0.084817822,0.008308334,0.125256738,0.105970062,0.149409252,-0.162532474
,,0.084837108,-0.125817867,0.125273676,0.010655192,0.149431752,-0.121892567
,,0.084868867,0.043646363,0.125280728,0.10895271,0.149412968,-0.028554947
,,0.084839767,-0.05982052,0.125239087,-0.068772696,0.149361722,-0.102735575
,,0.084796866,-0.097771866,0.125182832,-0.097006389,0.149353766,0.039608854
,,0.084804973,0.097406066,0.125241642,0.133385733,0.149344062,0.153446759
,,0.084761021,-0.135345347,0.125260492,0.075022865,0.149285717,0.106380711
,,0.084802565,-0.051455184,0.12525326,-0.000222874,0.149213502,-0.024558698
,,0.084738596,-0.196208843,0.125182317,-0.00870813,0.149258253,0.062587041
,,0.084781338,-0.043224188,0.125234758,0.196116117,0.149278469,0.080224227
,,0.084797702,0.033537078,0.12519421,-0.091052125,0.149256891,0.073900801
,,,,0.12526904,-0.023591448,0.149252174,-0.081426781
,,,,0.125224323,0.033361163,0.149218385,-0.15058117
,,,,0.125155467,-0.088126633,0.149161748,-0.124599844
,,,,0.125232296,-0.035950364,0.149200648,0.041541324
,,,,0.125221123,0.038592981,0.149147733,-0.022178756
,,,,0.125215658,0.080925255,0.149091722,0.048313608
,,,,0.125130623,-0.054207545,0.149081729,0.033639519
,,,,0.125147569,-0.005982123,0.149043084,0.005724036
,,,,0.125199642,-0.126472757,0.149089526,0.242231892
,,,,0.125174407,-0.183975872,0.149003649,-0.155829471
,,,,0.125144797,-0.027027252,0.149017532,-0.098614409
,,,,0.125100363,-0.080844874,0.149014623,0.009151969
,,,,0.125140414,-0.014804132,0.148920874,-0.038280728
,,,,0.125128462,0.030846901,0.148936107,0.018765377
,,,,0.125094767,-0.065727453,0.148933921,-0.041584565
,,,,0.125116313,0.106622508,0.148910906,-0.121848892
,,,,0.125142049,-0.048783703,0.148908541,-0.192347408
,,,,0.125152243,0.059408373,0.148933845,-0.031990916
,,,,0.125174454,0.109743935,0.148920632,-0.078872821
,,,,0.125096976,-0.121915294,0.148956717,0.32538475
,,,,0.125107505,0.024323773,0.148854183,0.143744779
,,,,0.125159004,0.139370505,0.148885326,0.022079965
,,,,0.125068633,-0.118452224,0.148837965,-0.173656032
,,,,0.125107999,0.011636692,0.148857105,-0.164127759
,,,,0.125098485,-0.26425078,0.148880801,-0.048728063
,,,,0.125112615,-0.090048576,0.148855272,-0.118783012
,,,,0.125144978,0.025722648,0.148820116,-0.049270417
,,,,0.125162491,0.075526537,0.148778367,-0.086817888
,,,,0.125114287,-0.019424399,0.148741055,-0.090810162
,,,,0.125156153,0.135642991,0.148683455,-0.122504764
,,,,0.125137361,-0.060614477,0.148760702,0.299214498
,,,,0.125144131,0.018312138,0.148741759,-0.038289163
,,,,0.125156885,0.259958079,0.148759409,0.118471837
,,,,0.125067758,-0.054369116,0.148733834,-0.122931172
,,,,0.125096245,0.100657982,0.148762195,0.065485957
,,,,0.125066359,0.159289166,0.148707901,0.022135818
,,,,0.125031059,0.057610469,0.148718818,0.178699852
,,,,0.125051906,0.093741127,0.148697028,0.120774333
,,,,0.125054457,-0.047854575,0.148675727,0.023233414
,,,,0.125072094,0.036083525,0.148598272,-0.162182491
,,,,0.125049138,0.118418043,0.148604256,0.096310785
,,,,0.125005504,-0.007158332,0.148627398,0.146044995
,,,,0.125036293,0.041209983,0.148607434,0.012303394
,,,,0.125031329,0.097487474,0.148590886,-0.007817566
,,,,0.125028212,0.023424596,0.148548852,-0.019083579
,,,,0.125016159,-0.029977637,0.148514635,-0.034379666
,,,,0.12499902,-0.093129018,0.148529037,0.193400495
,,,,0.125018292,-0.041569329,0.148422103,-0.003918248
,,,,0.125007556,0.053232904,0.148453675,0.027411488
,,,,0.124952351,-0.097930476,0.148376446,-0.131854102
,,,,0.124983171,0.107648757,0.14842592,-0.045894958
,,,,0.125043067,0.056282344,0.148421862,0.113329262
,,,,0.124995594,-0.033403223,0.148355581,-0.103810123
,,,,0.124990442,0.088265166,0.148383599,0.079005944
,,,,0.124998595,0.161877251,0.148348223,0.035231303
,,,,0.124982832,-0.049828268,0.148345464,0.111026664
,,,,0.124955195,-0.166172933,0.148312025,0.01625526
,,,,0.12495406,-0.089139052,0.148275931,-0.341669549
,,,,0.124984789,0.087061979,0.14836111,0.054836739
,,,,0.124934529,-0.11236899,0.148326983,0.023839327
,,,,0.125017597,0.01785169,0.14831176,0.041535536
,,,,0.124934717,-0.15964327,0.148329702,0.08123181
,,,,0.124945209,0.02333808,0.148270724,-0.150182447
,,,,0.124957923,0.050391927,0.148328251,0.01625423
,,,,0.124987488,0.123948304,0.148284381,-0.190166323
,,,,0.124921727,-0.117056661,0.148296036,-0.113561608
,,,,0.124989796,0.005344807,0.148281594,-0.115232903
,,,,0.124968743,-0.043397702,0.148255738,-0.117699742
,,,,0.124945338,0.15355784,0.148245331,0.099739115
,,,,0.124910708,-0.055373721,0.148191073,-0.196705051
,,,,0.124898109,-0.037751056,0.14821268,0.056416965
,,,,0.124895043,0.048410054,0.148163249,-0.063441434
,,,,0.124881585,-0.082864121,0.148236619,0.260130526
,,,,0.124929325,0.159419857,0.148185668,0.101455778
,,,,0.124892941,-0.116908021,0.148114122,-0.188249188
,,,,0.124890116,-0.060329136,0.148101666,0.01744922
,,,,0.12488605,-0.125543477,0.148059431,-0.040271201
,,,,0.124859405,-0.049570392,0.148091643,0.135623319
,,,,0.124879679,0.015321062,0.148041497,-0.073222817
,,,,0.124905694,0.052087519,0.148040507,-0.07878209
,,,,0.12486533,0.036673997,0.147984973,0.022877346
,,,,0.124883319,0.199470152,0.147994948,-0.005117453
,,,,0.124807948,-0.20532191,0.14797836,0.079615573
,,,,0.124850978,-0.012804269,0.14798304,0.050303469
,,,,0.124821573,-0.141428064,0.147967859,0.02890262
,,,,0.124837129,0.033102057,0.147984543,0.0249906
,,,,0.124799068,-0.176950061,0.147966711,0.06432072
,,,,0.124846537,0.09502047,0.147995922,0.206586867
,,,,0.124809479,-0.008402323,0.14795549,-0.033251246
,,,,0.124738282,-0.027860122,0.147928911,-0.033948506
,,,,0.124765445,0.041272113,0.147957254,0.001796448
,,,,0.124740768,0.014980086,0.147953087,-0.073609887
,,,,0.124709634,-0.137084091,0.147923291,-0.036377945
,,,,0.124804713,0.110975033,0.14790612,0.048904225
,,,,0.124737355,-0.172878584,0.147875276,-0.05809372
,,,,0.124794886,-0.05833464,0.147912341,0.064340045
,,,,0.124821126,0.065522411,0.147841384,-0.232065013
,,,,0.124800362,-0.020158629,0.147812974,-0.038603218
,,,,0.124786089,0.017598519,0.147824223,0.051057966
,,,,0.124715273,-0.230469926,0.147866597,0.147253571
,,,,0.124759892,0.013076805,0.147817734,-0.136444664
,,,,0.124743525,-0.107388736,0.147828604,0.055388547
,,,,0.124808084,-0.017971011,0.147846449,0.126011276
,,,,0.1247391,-0.132871623,0.147832795,-0.0090538
,,,,0.124764861,-0.001647581,0.147819646,0.049675909
,,,,0.124736865,-0.10207717,0.147828467,0.122875045
,,,,0.124737766,0.023123312,0.147778143,0.036204163
,,,,0.124745139,0.023918525,0.147770938,-0.205380817
,,,,0.124782125,0.102993756,0.147760421,-0.148200993
,,,,0.124763284,0.148315941,0.147720133,-0.00774652
,,,,0.124737288,-0.036742544,0.14765012,-0.04447508
,,,,0.124738461,-0.006167233,0.147635819,-0.101338376
,,,,0.124754141,0.126081271,0.147721608,0.103190608
,,,,0.124666517,-0.037156747,0.147660127,-0.042319565
,,,,0.124672042,0.003907732,0.147650561,-0.117548326
,,,,0.124632645,-0.165013462,0.147666693,-0.001225552
,,,,0.124705721,0.030055311,0.147674723,-0.026054733
,,,,0.124730975,0.028803621,0.147680045,-0.174428208
,,,,0.124706975,0.014657522,0.147695042,0.068939755
,,,,0.124723242,0.065352955,0.147621089,0.030604115
,,,,0.124657492,-0.159744548,0.147615781,0.065274643
,,,,0.124680132,-0.087834496,0.147574076,-0.057469331
,,,,0.12470648,0.005234673,0.147575507,0.027915988
,,,,0.124683946,0.072032645,0.147592466,0.128201737
,,,,0.12468809,-0.110675437,0.147595908,-0.022202611
,,,,0.124654512,-0.105410713,0.147567372,0.004293021
,,,,0.124642689,-0.028682005,0.147584001,0.18291894
,,,,0.124758008,0.145901586,0.147563118,-0.056371499
,,,,0.124674004,-0.002526936,0.147542891,-0.099515307
,,,,0.124706418,0.045396745,0.147512088,0.048941024
,,,,0.124711861,-0.04723237,0.147504386,0.232623049
,,,,0.12470897,-0.056979503,0.147491505,0.023505647
,,,,0.124653422,-0.036737132,0.147499022,0.050422273
,,,,0.124679415,0.050939159,0.147430247,-0.064729217
,,,,0.124634315,0.016925061,0.147437944,-0.00798652
,,,,0.124634227,0.027487987,0.147464179,0.144924749
,,,,0.124649426,-0.121479184,0.147417181,-0.106307368
,,,,0.12465107,-0.092981106,0.147429046,0.05609259
,,,,0.124636865,0.070820925,0.147367047,-0.024908713
,,,,0.124595529,-0.069913194,0.147355818,-0.071034265
,,,,0.124618728,0.111223745,0.147422365,0.087462776
,,,,0.124613729,0.19402266,0.147381763,-0.066981579
,,,,0.124626013,0.049875377,0.147377235,-0.050196747
,,,,0.124600745,0.125661465,0.147377597,0.125266108
,,,,0.124612533,0.160799779,0.147355385,0.029487022
,,,,0.124575285,0.132037916,0.147373908,-0.027047319
,,,,0.124569482,0.086309869,0.147373523,0.002357104
,,,,0.124600012,0.109579768,0.147317014,-0.005395378
,,,,0.124581977,0.034275583,0.147311772,-0.037653424
,,,,0.124548392,-0.073269538,0.147294938,-0.132391332
,,,,0.12455481,-0.001798805,0.147320704,0.014104739
,,,,0.124586775,0.065045721,0.147268161,-0.132952551
,,,,0.124533853,0.08790177,0.147328967,0.034995772
,,,,0.124557875,-0.012828861,0.147378536,0.092579054
,,,,0.124542956,-0.021818983,0.14731332,0.085205054
,,,,0.124570468,0.075600033,0.147322207,0.16358908
,,,,0.124534097,0.124904725,0.147259707,0.038972767
,,,,0.124517471,0.001881679,0.147238918,-0.107298
,,,,0.124519277,0.104664589,0.14725463,-0.112747678
,,,,0.124542588,0.11308265,0.147246474,-0.093693991
,,,,0.124528049,0.048618191,0.147222276,0.095607275
,,,,0.124542366,0.026343409,0.147233506,0.085279975
,,,,0.12447015,-0.105912886,0.147208678,-0.091860877
,,,,0.12452803,0.023509949,0.147206146,-0.075564304
,,,,0.124525428,-0.012788614,0.147214051,0.16423122
,,,,0.124498862,0.081105813,0.14715791,0.026991499
,,,,0.124520082,-0.128440624,0.147163176,0.013343649
,,,,0.124560798,-0.006756828,0.147238652,0.155472427
,,,,0.124544319,-0.087743976,0.147100248,-0.240023078
,,,,0.124542899,-0.093755894,0.14713602,0.001944498
,,,,0.124600526,0.204626324,0.147093162,-0.024435002
,,,,0.124486328,0.010975085,0.147110466,0.151953058
,,,,0.124502974,-0.00884202,0.147137604,0.162146552
,,,,0.124493544,0.107142763,0.147130584,0.076785773
,,,,0.124516709,0.087412355,0.147100401,0.069298045
,,,,0.124500349,0.077089024,0.147064484,0.072003794
,,,,0.124520048,0.047803839,0.147088078,0.003265622
,,,,0.124447084,-0.102514403,0.147069345,-0.012984383
,,,,0.124461828,0.138912759,0.147116391,0.173737425
,,,,0.124507743,0.126362067,0.147021039,-0.069517558
,,,,0.124474947,-0.000775314,0.147064369,0.057902997
,,,,0.124453974,-0.056322346,0.146992504,-0.07589392
,,,,0.124436758,-0.028202065,0.147016207,0.123508309
,,,,0.124417534,-0.174904147,0.14698286,-0.03843624
,,,,0.124421646,-0.167457474,0.146972387,-0.055496461
,,,,0.124448512,0.064569058,0.146986104,0.071314036
,,,,0.124433631,-0.0839672,0.14695204,-0.008817251
,,,,0.124436674,-0.190508967,0.146930078,-0.122482024
,,,,0.124461661,-0.071146451,0.146944902,-0.093804468
,,,,0.124440369,-0.019384949,0.146945353,0.026815683
,,,,0.124381779,-0.099872909,0.146915264,0.021914128
,,,,0.124428301,0.096979956,0.146938994,0.109752072
,,,,0.124440511,-0.109605162,0.146953053,0.163962271
,,,,0.124429211,-0.060427993,0.146898382,-0.035883811
,,,,0.124406881,-0.098883993,0.146950788,0.097824035
,,,,0.124415249,-0.085098539,0.146964458,0.049502772
,,,,0.124416075,0.052167793,0.146935447,-0.12044344
,,,,0.124389905,-0.152207177,0.146966508,-0.043979049
,,,,0.124422155,-0.127566613,0.146966828,-0.048227837
,,,,0.124403021,-0.027090715,0.14691731,-0.065390233
,,,,0.124386897,0.073456166,0.146923663,0.110877393
,,,,0.12439221,0.017987647,0.146889798,-0.005902444
,,,,0.124345555,-0.017345542,0.146874511,-0.099416137
,,,,0.124383309,0.23051125,0.146855541,0.026428214
,,,,0.124341238,-0.087522027,0.146890358,0.113109475
,,,,0.124384675,0.158060175,0.146851767,0.15290716
,,,,0.12432464,-0.048190744,0.146793282,-0.122666146
,,,,0.124376082,0.181194921,0.146792988,-0.089196972
,,,,0.124329359,-0.124504052,0.146768767,-0.087855402
,,,,0.12437529,-0.008805145,0.146808694,0.221431543
,,,,0.124369256,-0.138721843,0.146710818,0.042138363
,,,,0.124409036,-0.057557636,0.14672595,0.034693534
,,,,0.124331454,-0.184442018,0.146763756,-0.044141521
,,,,0.124324003,-0.062773618,0.146738131,-0.060793675
,,,,0.12434984,0.02248377,0.146727684,-0.075222641
,,,,0.124334965,-0.078589887,0.146721204,-0.160959692
,,,,0.124332889,-0.017247443,0.146737438,-0.085211815
,,,,0.124310377,-0.133323584,0.14678329,-0.12968698
,,,,0.124349048,-0.094308743,0.146790216,0.020006098
,,,,0.124326794,0.005219529,0.146751692,-0.05438436
,,,,0.124289301,-0.111383462,0.146757201,-0.04448885
,,,,0.124352846,0.051952351,0.146752119,-0.074384604
,,,,0.124351797,0.120262253,0.146749976,-0.044154663
,,,,0.12431806,-0.112927842,0.146768762,0.067475219
,,,,0.124323117,-0.094600032,0.14671085,-0.145694216
,,,,0.12429416,-0.142828926,0.146706587,-0.035787853
,,,,0.124323336,0.003730687,0.146750186,0.143640075
,,,,0.124308711,0.075211249,0.146755963,0.028690551
,,,,0.124327204,0.122308925,0.146713932,-0.086205621
,,,,0.124302637,-0.04319419,0.146705561,-0.088853147
,,,,0.124278486,-0.001324281,0.146735515,0.111922044
,,,,0.124322264,0.072873104,0.14671317,0.051789569
,,,,0.124383858,0.195183301,0.146686661,0.069572064
,,,,0.124353053,0.182805069,0.14668536,-0.157302612
,,,,0.124295521,0.001166104,0.146673553,4.09E-05
,,,,0.124339309,0.085179448,0.146665063,-0.067436254
,,,,0.124335886,0.095315532,0.146594933,-0.093284146
,,,,0.124288956,-0.032770846,0.146619456,0.105965815
,,,,0.124314195,0.103324402,0.146639847,0.096523515
,,,,0.12433116,0.026858116,0.146667538,0.072251242
,,,,0.124303721,0.125748366,0.146618661,0.070164493
,,,,0.12424279,-0.158378019,0.146619691,0.055801938
,,,,0.124301992,-0.061878646,0.146552736,-0.161603195
,,,,0.124304994,0.006144908,0.146597184,-0.052570563
,,,,0.124304015,-0.039808524,0.146577862,0.041449132
,,,,0.124338334,-0.029536627,0.146565583,0.098337654
,,,,0.124302681,-0.015430047,0.146520903,-0.044056081
,,,,0.124280753,-0.060784146,0.146584495,0.046204614
,,,,0.124247748,-0.0788021,0.146558904,-0.017456312
,,,,0.124257316,-0.089592663,0.146588895,0.158698698
,,,,0.124258212,0.0599405,0.146552247,0.072689325
,,,,0.124242073,-0.135987306,0.146552708,0.081644108
,,,,0.12430487,0.032360521,0.146516304,-0.099716534
,,,,0.124220783,-0.117851782,0.146548254,0.111134148
,,,,0.124260017,0.091765342,0.146552432,0.082432898
,,,,0.124248465,0.195977886,0.146508406,0.007385486
,,,,0.124200165,0.056881171,0.146519757,0.246040541
,,,,0.124256059,0.07024526,0.146540658,0.221401834
,,,,0.12419689,-0.005727438,0.146488684,-0.109370452
,,,,0.124196823,-0.120277287,0.146528206,-0.078315638
,,,,0.124199213,-0.264295692,0.146532141,-0.056856093
,,,,0.124211282,-0.166872777,0.146577806,0.084522445
,,,,0.124216791,-0.179584571,0.146492593,-0.060945498
,,,,0.124267578,0.080745981,0.1464673,-0.04273925
,,,,0.124238765,0.067721939,0.14647938,0.025704411
,,,,0.124188968,0.016414007,0.146478718,-0.006674932
,,,,0.124222857,0.081757077,0.146446798,-0.206551106
,,,,0.124237322,-0.018727217,0.146454657,0.068191723
,,,,0.124267636,0.183399303,0.146455538,0.074132037
,,,,0.124204233,-0.084059193,0.146466207,0.222653736
,,,,0.124236835,-0.091250393,0.146421003,0.06365781
,,,,0.124273591,0.053716211,0.146434107,0.01827063
,,,,0.124246715,-0.093252849,0.146439585,0.108683498
,,,,0.124296136,0.252030883,0.14643761,-0.047424281
,,,,0.124232245,0.282879261,0.146408527,-0.016631742
,,,,0.124171265,-0.004561729,0.146404762,-0.152647987
,,,,0.124212699,0.072208481,0.146438867,0.060488174
,,,,0.124167233,-0.081088792,0.146398731,-0.075333432
,,,,0.124128762,-0.035558785,0.146403435,-0.023289608
,,,,0.124178243,-0.000932188,0.146356405,-0.006563633
,,,,0.124150292,0.067262933,0.146344552,0.012606289
,,,,0.124155429,0.16430425,0.146358923,-0.000237047
,,,,0.124203281,0.008608316,0.146390682,-0.053077278
,,,,0.124170175,-0.055926289,0.146319578,-0.024742976
,,,,0.124199434,0.05629509,0.146321621,0.123687383
,,,,0.124194397,0.012081546,0.146323877,-0.158546506
,,,,0.12416218,-0.002718889,0.146296972,-0.082358167
,,,,0.124208624,-0.000335014,0.146280949,-0.128665369
,,,,0.124201151,0.119297193,0.146326176,0.104083716
,,,,0.12414042,-0.129100057,0.146310224,0.225700688
,,,,0.124170777,-0.035270407,0.14625569,0.037652263
,,,,0.124172735,-0.140677961,0.146250636,0.101076089
,,,,0.124238745,0.096402251,0.146226964,-0.068712545
,,,,0.124227214,0.032232933,0.146220369,0.125263678
,,,,0.124160847,0.016674906,0.146193426,-0.0408386
,,,,0.124132612,0.035653298,0.146201504,-0.027885239
,,,,0.124128419,0.046792439,0.146189846,-0.089826876
,,,,0.124083294,0.027030864,0.146203175,-0.021881966
,,,,0.124103831,0.012952088,0.146201251,0.016497878
,,,,0.124087083,-0.009062583,0.146178737,-0.020542801
,,,,0.124104722,0.14270508,0.146223513,0.164297828
,,,,0.124099836,0.090276082,0.146175767,-0.079163335
,,,,0.124110904,-0.009948142,0.146230691,0.085267169
,,,,0.124103738,-0.040788513,0.146231429,0.094161396
,,,,0.124067146,-0.149098781,0.146196872,0.035496709
,,,,0.124090441,0.077267255,0.146199451,0.057711784
,,,,0.124048687,-0.032089663,0.146182195,0.01384139
,,,,0.124039198,0.016558908,0.146195568,-0.052184697
,,,,0.12405444,0.051564445,0.146147189,-0.042710458
,,,,0.124076378,0.063601896,0.14615123,0.049749309
,,,,0.124081186,-0.090002137,0.146205595,0.207649416
,,,,0.124142163,-0.014104808,0.146178127,-0.000840907
,,,,0.124079553,-0.199921347,0.146154335,-0.071827598
,,,,0.124122126,0.057798208,0.14617369,0.058672991
,,,,0.124073349,0.015031744,0.146130564,0.072497256
,,,,0.124074327,0.085504817,0.146126125,0.070489653
,,,,0.124006381,-0.098837158,0.146117767,-0.179602778
,,,,0.124040493,-0.017174531,0.14611614,-0.155070412
,,,,0.124003105,-0.151503976,0.146089315,-0.161227314
,,,,0.124046428,-0.061578549,0.146050678,-0.112594276
,,,,0.12404613,0.05719366,0.146063057,0.013580469
,,,,0.12403536,-0.018933858,0.14606849,0.057354006
,,,,0.124005371,-0.058856776,0.146053379,-0.108522257
,,,,0.124000214,-0.095681401,0.146099445,0.01518749
,,,,0.124041193,0.21720766,0.145993761,-0.198026453
,,,,0.123977562,-0.025349489,0.146060771,0.138834337
,,,,0.123997509,-0.144510563,0.146009831,0.001607739
,,,,0.124058366,0.039486786,0.146011686,0.034998029
,,,,0.124019244,0.04174086,0.146006399,0.147730521
,,,,0.12402333,0.076740805,0.145997349,-0.071492554
,,,,0.124028625,0.035744346,0.146072112,0.039271764
,,,,0.124025314,0.037101952,0.146047849,-0.114501951
,,,,0.124011363,-0.076857976,0.146045617,-0.08128539
,,,,0.124036707,0.054213099,0.146047003,-0.016399214
,,,,0.124009918,-0.015319099,0.146034621,-0.019827806
,,,,0.124031787,0.019154508,0.146056722,0.158756687
,,,,0.124001974,-0.046502828,0.146048037,0.160908222
,,,,0.124001841,-0.112335065,0.146016579,0.150294948
,,,,0.123962913,-0.101745312,0.14599229,-0.116197502
,,,,0.123965451,-0.066064068,0.146047002,0.01589157
,,,,0.123960532,-0.034959187,0.145999509,-0.10845291
,,,,0.123929249,-0.065744827,0.145925093,-0.139545993
,,,,0.123921165,-0.102926352,0.145924087,-0.028664456
,,,,0.123929653,-0.095536277,0.145984571,0.186484727
,,,,0.123882939,-0.153805718,0.145957403,-0.140397512
,,,,0.123924419,-0.023829817,0.145982957,-0.013397099
,,,,0.123947619,0.077725425,0.145996197,0.014585911
,,,,0.123881865,-0.223569048,0.145998552,-0.155459861
,,,,0.123906657,-0.036720204,0.146027998,0.015066458
,,,,0.12396324,0.061743744,0.145974009,-0.141658158
,,,,0.123930167,-0.094145248,0.146008213,0.081566512
,,,,0.123950656,0.159250651,0.145986885,0.187991298
,,,,0.123910971,0.063945629,0.145954306,0.1299088
,,,,0.123953753,0.084510582,0.145990306,0.241459799
,,,,0.123981045,-0.021288786,0.145982486,0.029106484
,,,,0.123948647,-0.005538455,0.145938727,0.072161522
,,,,0.123946818,-0.138225657,0.145904191,0.186425707
,,,,0.123967297,-0.066224405,0.145941057,0.141312407
,,,,0.123952256,0.007634718,0.145937869,-0.058413193
,,,,0.123995333,-0.009619726,0.145905346,-0.110460072
,,,,0.12399532,0.014488161,0.145945442,0.067309757
,,,,0.123979972,-0.020534429,0.145998792,0.191769058
,,,,0.123995025,0.242768744,0.145972177,-0.040230417
,,,,0.123917091,0.071954451,0.145950249,-0.136047406
,,,,0.123924834,-0.076249422,0.145952544,0.021362291
,,,,0.123893891,-0.010027246,0.145896983,-0.235209384
,,,,0.123872437,-0.048170278,0.145981458,0.159170412
,,,,0.123909908,0.049173427,0.145876616,-0.007020603
,,,,0.123870359,-0.062283702,0.145919534,0.027684426
,,,,0.123915309,-0.126268903,0.145913123,0.169083429
,,,,0.123865007,-0.214829205,0.145914352,-0.04009901
,,,,0.123907498,-0.134177129,0.145876931,-0.058626973
,,,,0.123901698,-0.182970355,0.145881164,0.009996846
,,,,0.123929546,0.042510245,0.14590998,0.109550479
,,,,0.123941803,0.12417166,0.145877671,0.045123742
,,,,0.123911167,-0.002291224,0.14587059,0.015376627
,,,,0.123870969,-0.026469701,0.145808841,-0.115844616
,,,,0.123903964,-0.022944383,0.145855484,-0.12887149
,,,,0.123936441,0.146296165,0.145836347,0.005987124
,,,,0.1238975,0.076990016,0.145827421,0.217968348
,,,,0.123907198,0.109047536,0.145810308,-0.032155671
,,,,0.123865048,-0.08332558,0.145848948,-0.05590507
,,,,0.12389594,-0.064708126,0.14582911,0.054934115
,,,,0.123925843,0.115084415,0.145723708,-0.194066333
,,,,0.123880788,0.086373997,0.145795304,-0.040899275
,,,,0.123845635,0.008464468,0.145809137,0.047531666
,,,,0.123843017,-0.099339918,0.145804696,-0.198660114
,,,,0.123873892,-0.120742504,0.145803142,-0.147041316
,,,,0.123842201,-0.149896906,0.145808346,-0.054389658
,,,,0.123833452,-0.023561987,0.145801392,-0.027081467
,,,,0.123849696,0.032424455,0.145766928,-0.037267557
,,,,0.123869489,0.031781699,0.145839702,-0.035239853
,,,,0.123895019,-0.0166131,0.145786256,-0.124642346
,,,,0.123820424,-0.038108975,0.145756494,-0.084910453
,,,,0.123867402,-0.021262561,0.145807223,-0.122821555
,,,,0.123870165,-0.192478234,0.145821111,-0.00532713
,,,,0.123858687,-0.100196216,0.145791404,-0.036059821
,,,,0.123891557,0.106357907,0.145845221,0.102976332
,,,,0.123802047,-0.209536928,0.145811935,0.035251992
,,,,0.123894655,0.090477134,0.145852592,0.100271242
,,,,0.123903438,0.151451397,0.145812572,0.122257377
,,,,0.123829536,0.108510529,0.145785938,-0.123155652
,,,,0.123792027,-0.092023433,0.145779653,-0.031614911
,,,,0.123822529,-0.017978736,0.145724163,0.068364012
,,,,0.123800627,0.028670266,0.145726332,0.076905985
,,,,0.123868449,0.092945082,0.145742777,0.049209763
,,,,0.123826143,-0.028178229,0.145758063,0.077052274
,,,,0.123800308,-0.181264071,0.145758986,0.008531784
,,,,0.12383448,-0.055484193,0.145798386,0.090007621
,,,,0.123840975,0.20998729,0.145751347,0.098724128
,,,,0.123764289,-0.2773538,0.145722148,0.112113329
,,,,0.123868103,0.154690863,0.145717779,-0.099303959
,,,,0.123787382,-0.111707705,0.145751731,0.067729524
,,,,0.123815986,0.144894373,0.145727555,0.13265891
,,,,0.12380385,0.027194841,0.145720057,0.039537585
,,,,0.123833728,-0.015738195,0.145722109,-0.048848771
,,,,0.123797063,-0.157081197,0.145672723,-0.204579837
,,,,0.1238732,0.079762681,0.145659146,-0.157153551
,,,,,,0.145724613,0.121668886
,,,,,,0.145697404,0.019689107
,,,,,,0.145679762,-0.014337118
,,,,,,0.145715135,0.103051784
,,,,,,0.145663561,-0.014832863
,,,,,,0.145671695,0.018029029
,,,,,,0.145712192,-0.022766056
,,,,,,0.145651821,-0.00314878
,,,,,,0.145650666,-0.068607599
,,,,,,0.14571005,0.016641464
,,,,,,0.145669801,0.042898809
,,,,,,0.145624968,-0.065661754
,,,,,,0.145697367,0.097755994
,,,,,,0.145628749,0.003245745
,,,,,,0.145646446,0.016701047
,,,,,,0.145598209,-0.106503435
,,,,,,0.145664539,-0.008816032
,,,,,,0.145620217,0.000792849
,,,,,,0.145614406,0.115254056
,,,,,,0.145603489,0.076426843
,,,,,,0.145568368,-0.229977798
,,,,,,0.145623537,-0.020816805
,,,,,,0.145616556,0.043329517
,,,,,,0.145643259,0.232279268
,,,,,,0.145572138,-0.079470987
,,,,,,0.145593627,0.0786933
,,,,,,0.145547434,-0.195584721
,,,,,,0.14561178,0.131281283
,,,,,,0.145586842,0.081378012
,,,,,,0.145579093,0.057435359
,,,,,,0.145594983,0.026282153
,,,,,,0.145566246,0.102900166
,,,,,,0.145591494,0.213787789
,,,,,,0.145509306,0.03157827
,,,,,,0.145535502,0.123009547
,,,,,,0.145551899,0.151221922
,,,,,,0.145560157,0.062038503
,,,,,,0.145578514,0.025710859
,,,,,,0.145524454,-0.223515954
,,,,,,0.145503131,-0.032779961
,,,,,,0.145492877,-0.102771043
,,,,,,0.145521436,-0.098796923
,,,,,,0.145519235,-0.120678787
,,,,,,0.145539552,0.140969825
,,,,,,0.145526921,0.046088898
,,,,,,0.145517775,-0.065932615
,,,,,,0.145509974,0.097197622
,,,,,,0.145517413,-0.042921896
,,,,,,0.145505141,-0.101214662
,,,,,,0.145532741,0.052440255
,,,,,,0.145503485,-0.025769872
,,,,,,0.145515307,-0.048219702
,,,,,,0.145509469,0.082126564
,,,,,,0.145453664,-0.013176033
,,,,,,0.145452504,-0.048546427
,,,,,,0.145474111,0.051602999
,,,,,,0.145484406,-0.123662614
,,,,,,0.14549918,-0.022441225
,,,,,,0.145480959,-0.128625655
,,,,,,0.145486386,-0.089675231
,,,,,,0.145486141,0.012309305
,,,,,,0.145422265,0.049920583
,,,,,,0.145461708,0.212934927
,,,,,,0.145440967,0.169072991
,,,,,,0.145418759,-0.10995782
,,,,,,0.145423016,-0.053920347
,,,,,,0.145463967,0.205559096
,,,,,,0.145397163,0.027285638
,,,,,,0.145379075,0.013997758
,,,,,,0.145378434,-0.215969897
,,,,,,0.145402151,-0.072358787
,,,,,,0.145382894,-0.12873119
,,,,,,0.145351599,-0.139601137
,,,,,,0.145395546,0.019062964
,,,,,,0.145372563,0.184585963
,,,,,,0.145339155,-0.105886342
,,,,,,0.145338932,-0.066780144
,,,,,,0.145316226,-0.093328977
,,,,,,0.145317377,-0.005648572
,,,,,,0.145391949,0.117570799
,,,,,,0.145347112,-0.046456642
,,,,,,0.145354166,0.003149281
,,,,,,0.145303888,-0.064484575
,,,,,,0.145339782,0.165775664
,,,,,,0.145324373,0.012438211
,,,,,,0.145322946,0.092518003
,,,,,,0.145257499,-0.063781677
,,,,,,0.145308514,0.006556896
,,,,,,0.145285902,-0.017153428
,,,,,,0.145251151,0.024736361
,,,,,,0.145250073,0.120481382
,,,,,,0.145241011,0.007358622
,,,,,,0.14527173,0.122896187
,,,,,,0.145245251,0.036918934
,,,,,,0.14522254,-0.032778287
,,,,,,0.145219062,5.50E-05
,,,,,,0.145248291,0.109104751
,,,,,,0.145211735,-0.063097598
,,,,,,0.145198544,-0.011513378
,,,,,,0.145252812,0.165766512
,,,,,,0.14523999,0.202898854
,,,,,,0.145214795,0.123585629
,,,,,,0.145209836,-0.051948617
,,,,,,0.145261713,-0.014693865
,,,,,,0.145262984,-0.066072419
,,,,,,0.145211871,-0.053366095
,,,,,,0.145188845,-0.018459643
,,,,,,0.145246787,0.014806015
,,,,,,0.145213115,0.152097504
,,,,,,0.145188695,0.079238163
,,,,,,0.145149388,0.005848779
,,,,,,0.145215436,0.075063475
,,,,,,0.1451495,-0.088821718
,,,,,,0.145151949,-0.029434296
,,,,,,0.145115166,-0.027712642
,,,,,,0.145141821,-0.006270366
,,,,,,0.145181131,-0.010624029
,,,,,,0.145134989,-0.017489122
,,,,,,0.145149053,0.003131224
,,,,,,0.145188195,0.094056995
,,,,,,0.145182814,0.013999097
,,,,,,0.145134786,0.055107443
,,,,,,0.145120148,0.037662745
,,,,,,0.145168191,-0.071146887
,,,,,,0.145190655,0.12778957
,,,,,,0.145182198,0.041365705
,,,,,,0.14517212,0.088529136
,,,,,,0.145171142,0.074501585
,,,,,,0.145162219,-0.07255446
,,,,,,0.145174859,-0.018732463
,,,,,,0.145155774,0.059836819
,,,,,,0.145161098,0.002506714
,,,,,,0.145116809,0.017010714
,,,,,,0.145069408,-0.174207026
,,,,,,0.145112373,-0.157636702
,,,,,,0.145139179,-0.003422171
,,,,,,0.145091837,-0.096649127
,,,,,,0.145098534,0.015389913
,,,,,,0.145126774,0.086402793
,,,,,,0.145098373,0.006480734
,,,,,,0.145067424,0.128581521
,,,,,,0.145040929,-0.042080676
,,,,,,0.145059371,-0.111319948
,,,,,,0.145088604,0.097139986
,,,,,,0.145053029,0.069406441
,,,,,,0.145023949,-0.044282223
,,,,,,0.145055667,0.022941755
,,,,,,0.145024167,-0.052459635
,,,,,,0.145030636,0.235232482
,,,,,,0.144994852,0.040482336
,,,,,,0.145025656,-0.074583678
,,,,,,0.145041369,-0.1103154
,,,,,,0.145041912,0.088251825
,,,,,,0.145067256,0.129630901
,,,,,,0.145049371,-0.09175328
,,,,,,0.14501775,0.002594659
,,,,,,0.145048355,-0.018502309
,,,,,,0.145021805,-0.178178226
,,,,,,0.145039254,0.023174038
,,,,,,0.145009533,-0.225072605
,,,,,,0.145079226,0.039747329
,,,,,,0.145038685,-0.126643633
,,,,,,0.145015784,0.008479352
,,,,,,0.144993022,0.050192574
,,,,,,0.145020936,0.067352831
,,,,,,0.144994531,0.083849605
,,,,,,0.145011222,0.028228014
,,,,,,0.144952843,-0.142976831
,,,,,,0.144951048,-0.024644189
,,,,,,0.144926729,-0.023650433
,,,,,,0.144949028,0.101386592
,,,,,,0.144878811,-0.09649313
,,,,,,0.144939417,0.152149509
,,,,,,0.144908223,-0.019172766
,,,,,,0.144888386,-0.111358092
,,,,,,0.144981918,-0.004943429
,,,,,,0.144951913,-0.131303425
,,,,,,0.14494732,0.122612594
,,,,,,0.144904191,-0.097765357
,,,,,,0.144974249,0.201079506
,,,,,,0.144934615,0.066518558
,,,,,,0.144946709,0.08667618
,,,,,,0.144864447,-0.105335652
,,,,,,0.144929044,0.16924145
,,,,,,0.144896418,0.027112071
,,,,,,0.144923087,0.152274032
,,,,,,0.144881491,0.007585794
,,,,,,0.144953166,0.101353365
,,,,,,0.14489496,-0.044453985
,,,,,,0.144924734,0.093025618
,,,,,,0.144953085,0.107684102
,,,,,,0.144882578,-0.067884909
,,,,,,0.14489461,-0.021799175
,,,,,,0.144943011,0.169202901
,,,,,,0.144886302,0.000899372
,,,,,,0.144877651,-0.017535059
,,,,,,0.144896452,0.025978007
,,,,,,0.144930996,0.009097248
,,,,,,0.144876181,0.016652992
,,,,,,0.144859808,-0.111285349
,,,,,,0.144891995,0.10243516
,,,,,,0.144856839,0.018624129
,,,,,,0.144863981,-0.047965566
,,,,,,0.144901988,0.085178443
,,,,,,0.14490813,0.142210553
,,,,,,0.144846654,-0.00583561
,,,,,,0.144874225,0.043175198
,,,,,,0.144875532,-0.092537661
,,,,,,0.144884617,-0.026907048
,,,,,,0.14483714,-0.152452988
,,,,,,0.144863192,-0.010200119
,,,,,,0.144782946,-0.03436979
,,,,,,0.144855738,0.023575076
,,,,,,0.144880215,0.12646261
,,,,,,0.144893018,0.026634393
,,,,,,0.144900782,0.068562124
,,,,,,0.144914096,0.065040124
,,,,,,0.1449044,0.148296348
,,,,,,0.144893548,-0.076700248
,,,,,,0.144835535,-0.058601192
,,,,,,0.14483328,-0.126727426
,,,,,,0.144917873,0.112765724
,,,,,,0.144855482,-0.083860356
,,,,,,0.144878568,0.131217383
,,,,,,0.144848453,0.013699687
,,,,,,0.144863838,0.156581544
,,,,,,0.144850811,0.044478808
,,,,,,0.144847849,-0.022314203
,,,,,,0.144862106,0.008826139
,,,,,,0.144869281,-0.005837086
,,,,,,0.144817186,-0.168115646
,,,,,,0.144856034,-0.026064503
,,,,,,0.144850394,0.004892356
,,,,,,0.144802131,0.006617482
,,,,,,0.144813486,-0.199464231
,,,,,,0.14489129,0.151107224
,,,,,,0.144894759,0.129410855
,,,,,,0.144860772,0.10989099
,,,,,,0.144844546,0.033048858
,,,,,,0.14484421,0.045189866
,,,,,,0.144864434,0.004441653
,,,,,,0.144849629,0.212168235
,,,,,,0.144833674,0.121621134
,,,,,,0.144830788,0.061092034
,,,,,,0.144796288,-0.038731137
,,,,,,0.144812812,0.122286289
,,,,,,0.144751802,0.030172337
,,,,,,0.144779168,-0.04240154
,,,,,,0.144831012,0.005568584
,,,,,,0.144835685,0.089108618
,,,,,,0.144820819,0.098880547
,,,,,,0.144840211,0.063615395
,,,,,,0.144816709,0.077900841
,,,,,,0.144855464,0.046384356
,,,,,,0.144890666,0.082198062
,,,,,,0.144849484,-0.121106161
,,,,,,0.144802858,-0.008066661
,,,,,,0.144836506,-0.016737927
,,,,,,0.144831512,0.023440743
,,,,,,0.144798406,-0.096603187
,,,,,,0.144812627,-0.171323311
,,,,,,0.14480205,-0.017602864
,,,,,,0.144831352,0.0976055
,,,,,,0.14476954,-0.102918554
,,,,,,0.144784673,-0.045424482
,,,,,,0.144841263,0.123895142
,,,,,,0.14486255,0.023209921
,,,,,,0.144825023,-0.02737906
,,,,,,0.144769326,0.037196415
,,,,,,0.144775124,0.106405765
,,,,,,0.144706192,-0.168042568
,,,,,,0.144767686,0.060471047
,,,,,,0.144784574,-0.074538339
,,,,,,0.144821097,0.007138282
,,,,,,0.144800042,-0.121826744
,,,,,,0.144763945,-0.030644307
,,,,,,0.144745153,0.006987976
,,,,,,0.1447857,0.007805029
,,,,,,0.144756357,0.027957336
