7.80E-05,-85.66904868,7.60E-05,-85.80453669,6.60E-05,-79.76783665,3.80E-05,-78.59817312
0.000178,-82.43239478,0.000176,-83.68567943,0.000166,-77.25571163,0.000138,-69.77727919
0.000278,-78.30109751,0.000276,-83.67634855,0.000266,-77.45992812,0.000238,-54.93654742
0.000378,-74.02496537,0.000376,-82.65057435,0.000366,-76.90427653,0.000338,-46.13975993
0.000478,-69.15051409,0.000476,-81.52104343,0.000466,-75.77166449,0.000438,-39.50972726
0.000578,-63.76549294,0.000576,-80.16396705,0.000566,-74.83130287,0.000538,-31.24249114
0.000678,-60.239226,0.000676,-77.79839259,0.000666,-73.07586996,0.000638,-25.36124645
0.000778,-57.23811667,0.000776,-75.91467273,0.000766,-71.69919909,0.000738,-21.35872926
0.000878,-54.86090203,0.000876,-73.44834209,0.000866,-70.42831638,0.000838,-18.56298317
0.000978,-52.67571332,0.000976,-70.8673893,0.000966,-69.17845281,0.000938,-16.16477859
0.001078,-50.1375057,0.001076,-68.56517932,0.001066,-67.88598857,0.001038,-13.98813716
0.001178,-47.16068116,0.001176,-66.25905611,0.001166,-66.41596844,0.001138,-11.85236048
0.001278,-44.30323996,0.001276,-64.22195046,0.001266,-65.04027987,0.001238,-9.943203097
0.001378,-41.24549848,0.001376,-62.52890613,0.001366,-63.56536635,0.001338,-8.326077541
0.001478,-38.05793123,0.001476,-60.89153306,0.001466,-62.01959796,0.001438,-6.870042287
0.001578,-35.22908668,0.001576,-59.21347731,0.001566,-60.56800126,0.001538,-5.619695697
0.001678,-32.72023398,0.001676,-57.37364384,0.001666,-59.37220078,0.001638,-4.671686035
0.001778,-30.64823014,0.001776,-55.58880755,0.001766,-58.16800423,0.001738,-3.830354821
0.001878,-28.94302272,0.001876,-53.97331773,0.001866,-56.97578955,0.001838,-2.996228996
0.001978,-26.99782594,0.001976,-52.5212343,0.001966,-55.8054761,0.001938,-2.260741122
0.002078,-24.92630232,0.002076,-51.02744746,0.002066,-54.65453679,0.002038,-1.765566379
0.002178,-22.84258988,0.002176,-49.64995121,0.002166,-53.52767184,0.002138,-1.211832846
0.002278,-20.85910779,0.002276,-48.2212769,0.002266,-52.47466563,0.002238,-0.826706002
0.002378,-18.81750641,0.002376,-46.63143324,0.002366,-51.5098185,0.002338,-0.453397211
0.002478,-16.70147709,0.002476,-45.21236165,0.002466,-50.57653873,0.002438,-0.175597798
0.002578,-14.62151426,0.002576,-43.75978597,0.002566,-49.64708071,0.002538,0.103540169
0.002678,-12.42620924,0.002676,-42.44469987,0.002666,-48.72697234,0.002638,0.247086973
0.002778,-10.3762843,0.002776,-41.17978667,0.002766,-47.82302631,0.002738,0.376523875
0.002878,-8.47656869,0.002876,-39.84217585,0.002866,-46.92199563,0.002838,0.543825313
0.002978,-6.866578723,0.002976,-38.62606489,0.002966,-45.98028159,0.002938,0.633359754
0.003078,-5.317148911,0.003076,-37.31798587,0.003066,-45.16440635,0.003038,0.655469948
0.003178,-4.076917465,0.003176,-36.09885761,0.003166,-44.29288873,0.003138,0.652374909
0.003278,-2.964315608,0.003276,-34.7812856,0.003266,-43.45874995,0.003238,0.57906216
0.003378,-1.876795388,0.003376,-33.57160869,0.003366,-42.6430785,0.003338,0.615151707
0.003478,-0.98510497,0.003476,-32.36680646,0.003466,-41.83018971,0.003438,0.631606136
0.003578,-0.33517843,0.003576,-31.22153608,0.003566,-40.99230669,0.003538,0.563242532
0.003678,0.154940488,0.003676,-30.23963418,0.003666,-40.14317357,0.003638,0.481900033
0.003778,0.55453236,0.003776,-29.30657096,0.003766,-39.37790364,0.003738,0.435832765
0.003878,0.847432289,0.003876,-28.45840445,0.003866,-38.57209113,0.003838,0.443377617
0.003978,1.19273848,0.003976,-27.70917975,0.003966,-37.78630939,0.003938,0.363664573
0.004078,1.402450888,0.004076,-26.99581463,0.004066,-36.97137753,0.004038,0.355480811
0.004178,1.526556101,0.004176,-26.27042804,0.004166,-36.21961683,0.004138,0.319106779
0.004278,1.53515092,0.004276,-25.50876402,0.004266,-35.50943466,0.004238,0.286145067
0.004378,1.587896877,0.004376,-24.81245144,0.004366,-34.76139423,0.004338,0.233841643
0.004478,1.553184456,0.004476,-23.98476511,0.004466,-34.09896068,0.004438,0.218964256
0.004578,1.517949165,0.004576,-23.2053716,0.004566,-33.35896799,0.004538,0.22588575
0.004678,1.482931381,0.004676,-22.32130122,0.004666,-32.75057915,0.004638,0.222297389
0.004778,1.403135152,0.004776,-21.41432344,0.004766,-32.06279378,0.004738,0.253978711
0.004878,1.405070972,0.004876,-20.44060309,0.004866,-31.40860817,0.004838,0.231001204
0.004978,1.258072075,0.004976,-19.42160865,0.004966,-30.78678272,0.004938,0.141944688
0.005078,1.121563978,0.005076,-18.36544488,0.005066,-30.05828604,0.005038,0.214505673
0.005178,1.051725695,0.005176,-17.3505141,0.005166,-29.49806786,0.005138,0.172928405
0.005278,0.870865813,0.005276,-16.30283956,0.005266,-28.92497043,0.005238,0.080221778
0.005378,0.679293279,0.005376,-15.21450438,0.005366,-28.35740233,0.005338,0.184759043
0.005478,0.491657987,0.005476,-14.21395021,0.005466,-27.80891416,0.005438,0.124541326
0.005578,0.432392391,0.005576,-13.2101118,0.005566,-27.20277343,0.005538,0.190658174
0.005678,0.354930963,0.005676,-12.12789871,0.005666,-26.69553762,0.005638,0.26291248
0.005778,0.245292715,0.005776,-11.1139648,0.005766,-26.22050663,0.005738,0.22358125
0.005878,0.334579087,0.005876,-10.16307114,0.005866,-25.72078561,0.005838,0.190767336
0.005978,0.286180801,0.005976,-9.22549304,0.005966,-25.22294569,0.005938,0.16902844
0.006078,0.353635713,0.006076,-8.295927225,0.006066,-24.76380653,0.006038,0.194527491
0.006178,0.385973822,0.006176,-7.371988393,0.006166,-24.22108165,0.006138,0.101660003
0.006278,0.388215245,0.006276,-6.507119354,0.006266,-23.65981283,0.006238,0.14043723
0.006378,0.356646382,0.006376,-5.700262873,0.006366,-23.16449364,0.006338,0.146462022
0.006478,0.421193517,0.006476,-4.958648769,0.006466,-22.68325205,0.006438,0.087699105
0.006578,0.494897889,0.006576,-4.186966956,0.006566,-22.09997935,0.006538,0.114743206
0.006678,0.45783377,0.006676,-3.475178635,0.006666,-21.47587453,0.006638,0.092087715
0.006778,0.465755844,0.006776,-2.817044746,0.006766,-20.98267678,0.006738,0.099104505
0.006878,0.593430691,0.006876,-2.08791718,0.006866,-20.46278459,0.006838,0.059405915
0.006978,0.531668986,0.006976,-1.489617929,0.006966,-19.93544,0.006938,0.098439157
0.007078,0.635116352,0.007076,-0.857789851,0.007066,-19.38762009,0.007038,0.072556099
0.007178,0.612826069,0.007176,-0.281257065,0.007166,-18.92841688,0.007138,0.117991584
0.007278,0.651504882,0.007276,0.312713701,0.007266,-18.39044537,0.007238,0.186565853
0.007378,0.517063608,0.007376,0.854644111,0.007366,-17.93340646,0.007338,0.109156803
0.007478,0.730850522,0.007476,1.221135718,0.007466,-17.42361498,0.007438,0.111767711
0.007578,0.545439395,0.007576,1.728597716,0.007566,-17.02413682,0.007538,0.085205315
0.007678,0.616947165,0.007676,1.838210614,0.007666,-16.49583406,0.007638,0.11546397
0.007778,0.685325351,0.007776,1.959222099,0.007766,-16.02273323,0.007738,0.050169626
0.007878,0.688534582,0.007876,1.961476548,0.007866,-15.53416541,0.007838,0.099814809
0.007978,0.66822995,0.007976,1.843380202,0.007966,-15.15027835,0.007938,0.104572911
0.008078,0.657762106,0.008076,1.738746944,0.008066,-14.62791514,0.008038,0.161036874
0.008178,0.529684691,0.008176,1.613140524,0.008166,-14.14142102,0.008138,0.080454163
0.008278,0.546572942,0.008276,1.46136581,0.008266,-13.65405719,0.008238,0.084617075
0.008378,0.508358903,0.008376,1.26278955,0.008366,-13.24441181,0.008338,0.069756193
0.008478,0.467644304,0.008476,1.102321013,0.008466,-12.73340393,0.008438,0.124798801
0.008578,0.593705698,0.008576,0.775910578,0.008566,-12.20755993,0.008538,0.197480797
0.008678,0.715011049,0.008676,0.557031942,0.008666,-11.66875741,0.008638,0.114502748
0.008778,0.646165009,0.008776,0.341917373,0.008766,-11.24213976,0.008738,0.14745706
0.008878,0.718338457,0.008876,0.098279335,0.008866,-10.73437443,0.008838,0.139494638
0.008978,0.797499698,0.008976,-0.045882036,0.008966,-10.31904811,0.008938,0.185731093
0.009078,0.767428736,0.009076,-0.0662986,0.009066,-9.884904511,0.009038,0.094595454
0.009178,0.675323832,0.009176,-0.219012586,0.009166,-9.454608692,0.009138,0.179646778
0.009278,0.873494494,0.009276,-0.079952434,0.009266,-8.9987323,0.009238,0.245893577
0.009378,0.711127644,0.009376,-0.136509015,0.009366,-8.525379806,0.009338,0.190630066
0.009478,0.868502103,0.009476,-0.115889212,0.009466,-8.067760344,0.009438,0.269908422
0.009578,0.937941807,0.009576,-0.049548989,0.009566,-7.646139626,0.009538,0.263346841
0.009678,0.968658248,0.009676,-0.020632706,0.009666,-7.207359632,0.009638,0.220724796
0.009778,0.940702942,0.009776,0.013599311,0.009766,-6.871324595,0.009738,0.244708189
0.009878,0.967976543,0.009876,0.064765736,0.009866,-6.368992805,0.009838,0.267436204
0.009978,0.922268188,0.009976,0.170247112,0.009966,-5.908531953,0.009938,0.250151424
0.010078,1.048647588,0.010076,0.19924555,0.010066,-5.467487525,0.010038,0.355540672
0.010178,1.080580907,0.010176,0.123237635,0.010166,-5.018070161,0.010138,0.329251956
0.010278,1.007291691,0.010276,0.075577733,0.010266,-4.562287959,0.010238,0.347814394
0.010378,1.12577236,0.010376,0.020765381,0.010366,-4.087875762,0.010338,0.285819397
0.010478,1.105434901,0.010476,0.040812951,0.010466,-3.481991921,0.010438,0.286851953
0.010578,1.14931449,0.010576,0.056419321,0.010566,-2.798740912,0.010538,0.325263058
0.010678,1.087619648,0.010676,0.132584584,0.010666,-1.997325494,0.010638,0.333976003
0.010778,1.036951764,0.010776,0.238347939,0.010766,-1.338163911,0.010738,0.388575598
0.010878,1.07190826,0.010876,0.174153634,0.010866,-0.700876808,0.010838,0.369010821
0.010978,1.002861799,0.010976,0.15045243,0.010966,-0.239684184,0.010938,0.381078428
0.011078,1.001669321,0.011076,0.179594376,0.011066,0.174137408,0.011038,0.387845732
0.011178,1.031729441,0.011176,0.178984836,0.011166,0.295422865,0.011138,0.324524866
0.011278,1.122683786,0.011276,0.127325361,0.011266,0.435881673,0.011238,0.333073881
0.011378,1.018588537,0.011376,0.218599841,0.011366,0.452934629,0.011338,0.313170859
0.011478,1.111527073,0.011476,0.065298767,0.011466,0.451242906,0.011438,0.242787879
0.011578,1.14322333,0.011576,0.095308697,0.011566,0.528688595,0.011538,0.212167517
0.011678,1.213135511,0.011676,0.016191686,0.011666,0.452963344,0.011638,0.166232213
0.011778,1.165456308,0.011776,-0.020437781,0.011766,0.370763449,0.011738,0.194231235
0.011878,1.222991492,0.011876,0.02550887,0.011866,0.290921192,0.011838,0.16427001
0.011978,1.273649195,0.011976,-0.025006303,0.011966,0.216479509,0.011938,0.061878255
0.012078,1.290907781,0.012076,-0.051895884,0.012066,0.228322339,0.012038,0.174936041
0.012178,1.363394005,0.012176,-0.10236343,0.012166,0.211837817,0.012138,0.282835215
0.012278,1.371603662,0.012276,-0.036534687,0.012266,0.181526768,0.012238,0.338292659
0.012378,1.17625653,0.012376,-0.015438995,0.012366,0.160796347,0.012338,0.341469697
0.012478,1.273282512,0.012476,0.0068093,0.012466,0.078770388,0.012438,0.458758339
0.012578,1.413392083,0.012576,-0.080747345,0.012566,0.166403125,0.012538,0.355069659
0.012678,1.400351397,0.012676,-0.136096313,0.012666,0.277485184,0.012638,0.371442848
0.012778,1.327124465,0.012776,-0.164120819,0.012766,0.289692643,0.012738,0.322769809
0.012878,1.347409187,0.012876,-0.002605135,0.012866,0.279137362,0.012838,0.290474921
0.012978,1.35031965,0.012976,-0.148786,0.012966,0.208063872,0.012938,0.193478289
0.013078,1.324277839,0.013076,-0.095758171,0.013066,0.271869018,0.013038,0.122164398
0.013178,1.500742285,0.013176,-0.024398695,0.013166,0.239049096,0.013138,-0.010086064
0.013278,1.488006584,0.013276,0.020914015,0.013266,0.281967613,0.013238,0.004608212
0.013378,1.45032649,0.013376,0.079357346,0.013366,0.126982526,0.013338,-0.017459953
0.013478,1.515995966,0.013476,0.171511212,0.013466,0.10887638,0.013438,5.41E-02
0.013578,1.524318685,0.013576,0.042635159,0.013566,0.117053867,0.013538,-0.023410362
0.013678,1.54895741,0.013676,0.167212043,0.013666,-0.006318198,0.013638,0.165602647
0.013778,1.615134105,0.013776,0.062461829,0.013766,-0.024272649,0.013738,0.102263022
0.013878,1.606127527,0.013876,0.08982835,0.013866,0.012899871,0.013838,0.295638695
0.013978,1.659484099,0.013976,0.044795368,0.013966,0.213183764,0.013938,0.304416662
0.014078,1.578396684,0.014076,0.061769292,0.014066,0.023152919,0.014038,0.20834929
0.014178,1.589211402,0.014176,0.125653805,0.014166,0.092966294,0.014138,0.312368985
0.014278,1.535318549,0.014276,0.142748012,0.014266,0.078695571,0.014238,0.277244063
0.014378,1.629395541,0.014376,0.026854264,0.014366,0.151678941,0.014338,0.342464781
0.014478,1.611694926,0.014476,-0.051374646,0.014466,0.144288017,0.014438,0.260006242
0.014578,1.719027456,0.014576,0.021535629,0.014566,0.117177419,0.014538,0.222361717
0.014678,1.575011053,0.014676,0.024893222,0.014666,0.077785939,0.014638,0.20324493
0.014778,1.617256351,0.014776,-0.016574671,0.014766,0.067618128,0.014738,0.130102732
0.014878,1.55168544,0.014876,0.10218523,0.014866,0.016396306,0.014838,0.06190162
0.014978,1.74091546,0.014976,-0.023457764,0.014966,0.056157222,0.014938,-0.047353192
0.015078,1.587099804,0.015076,-0.059018264,0.015066,-0.060087212,0.015038,-0.055055388
0.015178,1.620037927,0.015176,0.012427328,0.015166,0.028609116,0.015138,-0.128925001
0.015278,1.662302017,0.015276,-0.038207416,0.015266,0.102174544,0.015238,-0.121291905
0.015378,1.63967308,0.015376,-0.015913898,0.015366,0.244960191,0.015338,-0.127898637
0.015478,1.565636732,0.015476,0.034929411,0.015466,0.20596195,0.015438,-0.130564311
0.015578,1.673740665,0.015576,-0.010135335,0.015566,0.265626945,0.015538,0.004013339
0.015678,1.572473829,0.015676,-0.000875848,0.015666,0.234229214,0.015638,0.04122869
0.015778,1.647260261,0.015776,0.018823475,0.015766,0.219161406,0.015738,-0.034585532
0.015878,1.646678689,0.015876,0.086817923,0.015866,0.052637309,0.015838,0.056329848
0.015978,1.590016963,0.015976,0.110373526,0.015966,0.050169286,0.015938,-0.066718294
0.016078,1.6324578,0.016076,0.106023178,0.016066,-0.003868884,0.016038,0.016872332
0.016178,1.66815716,0.016176,0.177523625,0.016166,-0.067255924,0.016138,-0.076294706
0.016278,1.601644045,0.016276,0.182841994,0.016266,-0.042862692,0.016238,-0.040992094
0.016378,1.659549468,0.016376,0.209199985,0.016366,-0.075649508,0.016338,-0.015037105
0.016478,1.714250191,0.016476,0.293276343,0.016466,0.058380004,0.016438,0.066685878
0.016578,1.649716024,0.016576,0.234884306,0.016566,0.054179358,0.016538,0.184480539
0.016678,1.681607242,0.016676,0.236173696,0.016666,0.020970561,0.016638,0.162140352
0.016778,1.742356701,0.016776,0.06806086,0.016766,0.068113166,0.016738,0.049291003
0.016878,1.741458289,0.016876,0.062129403,0.016866,0.129714846,0.016838,0.043571127
0.016978,1.818483252,0.016976,0.142495647,0.016966,0.181527567,0.016938,0.038802509
0.017078,1.783782097,0.017076,0.083579927,0.017066,0.303969398,0.017038,0.068282163
0.017178,1.875757977,0.017176,0.126554354,0.017166,0.233632357,0.017138,-0.012647228
0.017278,1.818482076,0.017276,0.050314498,0.017266,0.242746148,0.017238,-0.03507098
0.017378,1.75244436,0.017376,0.316965585,0.017366,0.152138216,0.017338,0.073962092
0.017478,1.892699411,0.017476,0.293789235,0.017466,0.175167242,0.017438,0.011980332
0.017578,1.846576134,0.017576,0.176319596,0.017566,0.240578593,0.017538,-0.006155971
0.017678,1.804583702,0.017676,0.188155709,0.017666,0.30750757,0.017638,-0.024257305
0.017778,1.777862786,0.017776,0.128005451,0.017766,0.219588973,0.017738,0.010298666
0.017878,1.808872157,0.017876,0.265305717,0.017866,0.431997289,0.017838,-0.014728714
0.017978,1.819811199,0.017976,0.108037945,0.017966,0.437150275,0.017938,0.014449808
0.018078,1.854187275,0.018076,0.10838194,0.018066,0.520282787,0.018038,0.153550052
0.018178,1.789957456,0.018176,0.179992085,0.018166,0.428925693,0.018138,0.025418796
0.018278,1.836071338,0.018276,0.218629484,0.018266,0.404164415,0.018238,0.060964357
0.018378,1.944869477,0.018376,0.176122654,0.018366,0.374283599,0.018338,-0.044618176
0.018478,1.848322437,0.018476,0.12739915,0.018466,0.226189606,0.018438,0.012614121
0.018578,1.933358132,0.018576,0.154489492,0.018566,0.208707883,0.018538,0.093522256
0.018678,1.963971224,0.018676,0.239855653,0.018666,0.140125499,0.018638,0.083129675
0.018778,1.935492167,0.018776,0.172019299,0.018766,0.084986643,0.018738,0.001805091
0.018878,2.073945057,0.018876,0.111798426,0.018866,-0.120010513,0.018838,-0.011575983
0.018978,2.092071393,0.018976,0.27594993,0.018966,-0.105721869,0.018938,-0.079614074
0.019078,2.054847143,0.019076,0.245108871,0.019066,-0.040772844,0.019038,0.080371011
0.019178,2.216071883,0.019176,0.290938659,0.019166,-0.028335332,0.019138,0.124648541
0.019278,2.23509746,0.019276,0.295921429,0.019266,0.136164177,0.019238,0.011141329
0.019378,2.39129913,0.019376,0.139713733,0.019366,0.13996188,0.019338,0.109644002
0.019478,2.320433775,0.019476,0.185395397,0.019466,0.283535399,0.019438,-0.089004706
0.019578,2.510761528,0.019576,0.258645771,0.019566,0.217922247,0.019538,-0.055374803
0.019678,2.549895204,0.019676,0.361207936,0.019666,0.069879726,0.019638,0.00226639
0.019778,2.663946254,0.019776,0.341845876,0.019766,0.078616309,0.019738,-0.053611437
0.019878,2.74064357,0.019876,0.301674675,0.019866,0.1573819,0.019838,0.073534192
0.019978,2.894138864,0.019976,0.224954477,0.019966,0.352485833,0.019938,0.085923083
0.020078,2.897815575,0.020076,0.157068614,0.020066,0.142695309,0.020038,-0.01339336
0.020178,3.008362381,0.020176,0.201158484,0.020166,0.128362307,0.020138,0.011080899
0.020278,3.131558045,0.020276,0.139892102,0.020266,0.06281454,0.020238,-0.016108144
0.020378,3.036446084,0.020376,-0.063027566,0.020366,0.084650642,0.020338,0.043338825
0.020478,2.990167265,0.020476,-0.218111859,0.020466,0.081691831,0.020438,0.033285936
0.020578,3.100547413,0.020576,-0.062946557,0.020566,0.025528696,0.020538,0.015380004
0.020678,3.137178024,0.020676,-0.126065554,0.020666,0.143323049,0.020638,0.015087274
0.020778,3.269761095,0.020776,-0.172761887,0.020766,0.024512512,0.020738,0.012838547
0.020878,3.204098381,0.020876,-0.156713995,0.020866,0.104308132,0.020838,0.145729199
0.020978,3.216541597,0.020976,-0.22971357,0.020966,-0.040062736,0.020938,0.164985496
0.021078,3.102492626,0.021076,-0.138038208,0.021066,-0.024354416,0.021038,0.027307001
0.021178,3.319912394,0.021176,-0.10932669,0.021166,0.124121925,0.021138,0.023581579
0.021278,3.238006215,0.021276,0.015983526,0.021266,-0.017055485,0.021238,0.059609693
0.021378,3.220138112,0.021376,0.058565289,0.021366,-0.018527913,0.021338,-0.003642018
0.021478,3.32469718,0.021476,-0.128485919,0.021466,-0.022871837,0.021438,0.069381897
0.021578,3.327619753,0.021576,-0.067839333,0.021566,-0.021575635,0.021538,0.067349982
0.021678,3.247730952,0.021676,0.083734407,0.021666,-0.032301657,0.021638,-0.007323054
0.021778,3.356430479,0.021776,-0.040475401,0.021766,0.035671151,0.021738,0.018187593
0.021878,3.506825135,0.021876,0.164565076,0.021866,-0.012115019,0.021838,0.131549478
0.021978,3.408905671,0.021976,0.090616233,0.021966,-0.053091084,0.021938,-0.008752665
0.022078,3.386256012,0.022076,0.067036188,0.022066,0.129898798,0.022038,-0.025197503
0.022178,3.495507918,0.022176,0.109755226,0.022166,0.146571402,0.022138,-0.086559469
0.022278,3.516976433,0.022276,-0.013786584,0.022266,0.141296223,0.022238,0.026114889
0.022378,3.635482513,0.022376,0.063753823,0.022366,0.029458467,0.022338,-0.137444307
0.022478,3.579668199,0.022476,-0.021171018,0.022466,0.064422051,0.022438,-0.031774483
0.022578,3.787564122,0.022576,0.085641864,0.022566,0.026846861,0.022538,0.009261522
0.022678,3.793360491,0.022676,0.175186031,0.022666,0.089974498,0.022638,-0.086487969
0.022778,3.704834743,0.022776,-0.049695656,0.022766,-0.038797742,0.022738,0.070466294
0.022878,3.821468832,0.022876,-0.041875757,0.022866,0.007429023,0.022838,-0.066731291
0.022978,4.013737609,0.022976,-0.055513078,0.022966,0.085161438,0.022938,0.004424706
0.023078,3.969596123,0.023076,-0.036458403,0.023066,0.074641942,0.023038,-0.005868143
0.023178,3.993049038,0.023176,-0.094654081,0.023166,-0.095250111,0.023138,0.117512996
0.023278,3.820056974,0.023276,-0.10847998,0.023266,-0.060897805,0.023238,0.022278906
0.023378,3.953140514,0.023376,-0.069302777,0.023366,0.14317443,0.023338,0.105804347
0.023478,3.987668643,0.023476,-0.097665478,0.023466,0.069870875,0.023438,0.127410981
0.023578,4.02562611,0.023576,-0.201916827,0.023566,-0.030924371,0.023538,0.116305257
0.023678,3.901445427,0.023676,-0.249775686,0.023666,0.018603445,0.023638,0.007014726
0.023778,3.715552101,0.023776,-0.088563639,0.023766,-0.008278929,0.023738,0.033494434
0.023878,3.66040343,0.023876,0.060664524,0.023866,-0.020551515,0.023838,-0.024157885
0.023978,3.438566599,0.023976,-0.032394852,0.023966,0.019824675,0.023938,-0.037871704
0.024078,3.39291309,0.024076,0.113621091,0.024066,-0.047989161,0.024038,-0.02460585
0.024178,3.240469071,0.024176,0.281797365,0.024166,-0.048412436,0.024138,-0.1148691
0.024278,3.232064123,0.024276,0.221371218,0.024266,0.020634779,0.024238,0.008389361
0.024378,2.896009062,0.024376,0.264995831,0.024366,-0.035607012,0.024338,-0.202940905
0.024478,2.821324363,0.024476,0.186302784,0.024466,0.015782759,0.024438,-0.021012462
0.024578,2.747207859,0.024576,0.210220875,0.024566,-0.00676588,0.024538,-0.028403301
0.024678,2.582965905,0.024676,0.087022706,0.024666,0.030284903,0.024638,0.061595056
0.024778,2.590481259,0.024776,0.305121648,0.024766,-0.010014409,0.024738,0.088285384
0.024878,2.55172347,0.024876,0.047714641,0.024866,0.093998199,0.024838,0.088269895
0.024978,2.614258458,0.024976,0.115053414,0.024966,0.094351571,0.024938,-0.039414076
0.025078,2.523973594,0.025076,-0.002835753,0.025066,-0.015226879,0.025038,-0.077593907
0.025178,2.361453743,0.025176,0.082421901,0.025166,-0.010006022,0.025138,-0.03825397
0.025278,2.436171953,0.025276,0.064317633,0.025266,-0.132974593,0.025238,0.072850721
0.025378,2.314767824,0.025376,-0.024562725,0.025366,0.015163407,0.025338,0.060503105
0.025478,2.230624169,0.025476,0.012681923,0.025466,0.064100144,0.025438,0.069678322
0.025578,2.355744551,0.025576,-0.065153727,0.025566,0.035823746,0.025538,0.125849862
0.025678,2.170930171,0.025676,0.025495001,0.025666,-0.016188066,0.025638,-0.046868416
0.025778,2.196939869,0.025776,-0.018289264,0.025766,-0.11210826,0.025738,0.09570318
0.025878,2.259790364,0.025876,0.087644687,0.025866,0.009200019,0.025838,0.052208841
0.025978,2.386416309,0.025976,0.069756432,0.025966,0.104729687,0.025938,0.070483937
0.026078,2.264166669,0.026076,0.089061689,0.026066,0.019431398,0.026038,-0.022927295
0.026178,2.373327947,0.026176,0.127817923,0.026166,0.152684316,0.026138,0.035176872
0.026278,2.235955344,0.026276,0.234134777,0.026266,0.137391861,0.026238,0.052375942
0.026378,2.313036432,0.026376,0.154232943,0.026366,0.019475185,0.026338,0.019645593
0.026478,2.285687737,0.026476,0.308021738,0.026466,0.009530953,0.026438,-0.003753116
0.026578,2.364511219,0.026576,0.388676899,0.026566,0.11021265,0.026538,0.040588872
0.026678,2.417007516,0.026676,0.290021603,0.026666,0.043661112,0.026638,-0.053253919
0.026778,2.517505793,0.026776,0.345778527,0.026766,0.016448551,0.026738,-0.006236026
0.026878,2.472629469,0.026876,0.176007752,0.026866,-0.065490088,0.026838,0.130591138
0.026978,2.411083672,0.026976,0.383596338,0.026966,-0.003557726,0.026938,-0.037903875
0.027078,2.523479009,0.027076,0.34856436,0.027066,-0.089889659,0.027038,-0.011240973
0.027178,2.463189082,0.027176,0.372950454,0.027166,-0.132806182,0.027138,-0.067032488
0.027278,2.531139956,0.027276,0.330897067,0.027266,-0.21587071,0.027238,0.005992765
0.027378,2.53924288,0.027376,0.207973543,0.027366,-0.134503784,0.027338,0.055264786
0.027478,2.694442369,0.027476,0.18058703,0.027466,-0.078488841,0.027438,0.141232783
0.027578,2.739069627,0.027576,0.361668446,0.027566,0.096327216,0.027538,0.070578561
0.027678,2.724322788,0.027676,0.31840169,0.027666,-0.053595238,0.027638,0.107872081
0.027778,2.848198748,0.027776,0.340270258,0.027766,0.095961286,0.027738,-0.163648568
0.027878,2.929419101,0.027876,0.27986247,0.027866,-0.067402676,0.027838,0.000673792
0.027978,3.085029114,0.027976,0.253445517,0.027966,-0.009075928,0.027938,0.064320053
0.028078,2.780837979,0.028076,0.334597269,0.028066,0.043028883,0.028038,0.055442171
0.028178,3.121931928,0.028176,0.155012828,0.028166,0.050762201,0.028138,0.056201421
0.028278,3.031908705,0.028276,0.228021875,0.028266,-0.01667508,0.028238,0.037838918
0.028378,3.130842628,0.028376,0.216874612,0.028366,0.131800575,0.028338,-0.033472932
0.028478,3.155949356,0.028476,0.111367397,0.028466,0.017390733,0.028438,0.065555033
0.028578,3.217303006,0.028576,0.214160896,0.028566,0.106108037,0.028538,0.079852878
0.028678,3.203988429,0.028676,0.319582751,0.028666,0.120777375,0.028638,0.02965378
0.028778,3.257121177,0.028776,0.249585037,0.028766,0.098547282,0.028738,-0.058733591
0.028878,3.423740479,0.028876,0.260531656,0.028866,0.090005292,0.028838,-0.046299157
0.028978,3.391100723,0.028976,0.311242245,0.028966,-0.070819697,0.028938,0.034480978
0.029078,3.394083746,0.029076,0.146023027,0.029066,0.014422973,0.029038,-0.092027635
0.029178,3.313669326,0.029176,0.386384369,0.029166,0.077767397,0.029138,-0.027142661
0.029278,3.593382403,0.029276,0.489926522,0.029266,0.01847702,0.029238,-0.010048692
0.029378,3.671571348,0.029376,0.360484117,0.029366,-0.041913157,0.029338,0.032529845
0.029478,3.676468984,0.029476,0.492532895,0.029466,-0.010135471,0.029438,0.041634636
0.029578,3.792369661,0.029576,0.346070526,0.029566,0.02782578,0.029538,0.035592838
0.029678,3.805578511,0.029676,0.309981103,0.029666,8.36E-05,0.029638,-0.001848325
0.029778,3.814965347,0.029776,0.336339678,0.029766,0.085345555,0.029738,0.068492392
0.029878,3.900302165,0.029876,0.356271198,0.029866,-0.026391053,0.029838,0.005687491
0.029978,4.050840635,0.029976,0.388614339,0.029966,0.010114545,0.029938,0.089148739
0.030078,4.172966085,0.030076,0.277821961,0.030066,0.045323903,0.030038,0.057559321
0.030178,4.068060638,0.030176,0.254427781,0.030166,0.111174486,0.030138,-0.053005075
0.030278,4.193734459,0.030276,0.116858552,0.030266,-0.087875066,0.030238,0.059548427
0.030378,4.448880117,0.030376,0.146461184,0.030366,-0.016460718,0.030338,0.00547958
0.030478,4.519075423,0.030476,0.207207851,0.030466,0.019912237,0.030438,0.002295111
0.030578,4.427380583,0.030576,0.188366548,0.030566,-0.022493343,0.030538,-0.034333312
0.030678,4.760035197,0.030676,0.166983535,0.030666,0.040358801,0.030638,-0.040447334
0.030778,4.658846415,0.030776,0.181897159,0.030766,-0.083478323,0.030738,0.013456132
0.030878,4.800237695,0.030876,0.067114633,0.030866,-0.145066058,0.030838,-0.014976832
0.030978,4.762771256,0.030976,-0.018825342,0.030966,-0.038962397,0.030938,0.035463871
0.031078,4.895558844,0.031076,-0.118393171,0.031066,0.109941589,0.031038,0.032164478
0.031178,4.933786125,0.031176,0.032802522,0.031166,0.049342924,0.031138,0.051420492
0.031278,4.810815454,0.031276,-0.008958776,0.031266,0.022838504,0.031238,0.072981225
0.031378,5.067344532,0.031376,-0.040344532,0.031366,0.043813803,0.031338,-0.054886701
0.031478,4.965699521,0.031476,-0.182028243,0.031466,0.065523635,0.031438,0.032821902
0.031578,4.961529029,0.031576,-0.121932391,0.031566,0.16182141,0.031538,0.020744851
0.031678,5.062750935,0.031676,-0.125492153,0.031666,0.050294148,0.031638,0.048027654
0.031778,5.12018298,0.031776,-0.247079473,0.031766,0.098392451,0.031738,0.071712812
0.031878,5.191645223,0.031876,-0.184717481,0.031866,0.055515025,0.031838,0.03409317
0.031978,5.337611005,0.031976,-0.153504173,0.031966,0.006476016,0.031938,0.064168731
0.032078,5.403875416,0.032076,-0.087600141,0.032066,0.070598372,0.032038,0.076519433
0.032178,5.398151817,0.032176,-0.115797626,0.032166,-0.004198391,0.032138,-0.008440872
0.032278,5.394212017,0.032276,-0.012526285,0.032266,0.015511024,0.032238,0.020786522
0.032378,5.654549223,0.032376,-0.094972731,0.032366,-0.050256201,0.032338,0.083395216
0.032478,5.654933521,0.032476,-0.220248551,0.032466,-0.000820748,0.032438,0.173699053
0.032578,5.751057102,0.032576,-0.094341962,0.032566,-0.092481313,0.032538,-0.070266015
0.032678,5.65620096,0.032676,-0.166442993,0.032666,-0.095966107,0.032638,0.058399095
0.032778,5.951252322,0.032776,-0.178461099,0.032766,0.014682911,0.032738,0.06015982
0.032878,5.799664686,0.032876,-0.152334029,0.032866,-0.052928661,0.032838,0.063340494
0.032978,5.760019151,0.032976,-0.252254715,0.032966,-0.148644742,0.032938,0.023779772
0.033078,5.865465592,0.033076,-0.133976819,0.033066,-0.088588409,0.033038,0.042951481
0.033178,5.962205844,0.033176,-0.27907011,0.033166,0.03602369,0.033138,0.062412362
0.033278,6.294397775,0.033276,-0.30526435,0.033266,-0.068023896,0.033238,0.085407618
0.033378,6.251021848,0.033376,-0.366009789,0.033366,-0.016746641,0.033338,0.023022499
0.033478,6.248064048,0.033476,-0.313776773,0.033466,-0.109250005,0.033438,-0.107836923
0.033578,6.224246093,0.033576,-0.247393311,0.033566,0.018469637,0.033538,-0.098780705
0.033678,6.445371815,0.033676,-0.402908373,0.033666,0.091365041,0.033638,0.056467427
0.033778,6.528884579,0.033776,-0.264769257,0.033766,-0.011457507,0.033738,0.068255019
0.033878,6.506036724,0.033876,-0.454500236,0.033866,0.028447554,0.033838,0.006853105
0.033978,6.61821116,0.033976,-0.3921299,0.033966,0.098489584,0.033938,-0.036841171
0.034078,6.820657189,0.034076,-0.508532846,0.034066,0.105063825,0.034038,-0.153757144
0.034178,6.73751965,0.034176,-0.423880207,0.034166,0.040690624,0.034138,0.019333146
0.034278,6.79412135,0.034276,-0.534384581,0.034266,0.05425682,0.034238,-0.037089589
0.034378,6.861773183,0.034376,-0.405312821,0.034366,0.016139611,0.034338,0.03980905
0.034478,6.878798675,0.034476,-0.39946881,0.034466,0.139482104,0.034438,0.069548336
0.034578,7.023876847,0.034576,-0.521090627,0.034566,0.074970819,0.034538,0.008802467
0.034678,6.979304675,0.034676,-0.51450731,0.034666,0.063469844,0.034638,-0.001861844
0.034778,7.111772907,0.034776,-0.39571681,0.034766,0.009453535,0.034738,-0.005669773
0.034878,7.225696645,0.034876,-0.378913459,0.034866,0.133156873,0.034838,0.027056491
0.034978,7.31452862,0.034976,-0.335263637,0.034966,-0.030008396,0.034938,0.143693268
0.035078,7.345651305,0.035076,-0.448436612,0.035066,0.037315937,0.035038,0.031392939
0.035178,7.465143213,0.035176,-0.506318035,0.035166,0.033795477,0.035138,-0.046954369
0.035278,7.418222843,0.035276,-0.162649205,0.035266,-0.068242523,0.035238,0.003971285
0.035378,7.502227958,0.035376,-0.236652756,0.035366,-0.026788878,0.035338,-0.0836362
0.035478,7.47249904,0.035476,-0.320094536,0.035466,0.058924572,0.035438,-0.060409407
0.035578,7.595455406,0.035576,-0.389094632,0.035566,0.093556967,0.035538,0.02598228
0.035678,7.469852738,0.035676,-0.235751621,0.035666,0.17768885,0.035638,-0.034605269
0.035778,7.583747522,0.035776,-0.221937853,0.035766,-0.041617557,0.035738,-0.060889734
0.035878,7.663715735,0.035876,-0.267070328,0.035866,0.116184657,0.035838,-0.015768411
0.035978,7.798229793,0.035976,-0.207590229,0.035966,0.128038365,0.035938,-0.119268578
0.036078,7.776305459,0.036076,-0.23177751,0.036066,0.125617669,0.036038,0.018335726
0.036178,7.912520391,0.036176,-0.220024841,0.036166,0.092435588,0.036138,-0.082841044
0.036278,7.980394893,0.036276,-0.235249743,0.036266,0.062815115,0.036238,0.055645699
0.036378,8.08862018,0.036376,-0.17062386,0.036366,0.060928062,0.036338,0.056148866
0.036478,8.178790317,0.036476,-0.299620007,0.036466,0.13133164,0.036438,0.017778558
0.036578,7.976981618,0.036576,-0.057604933,0.036566,0.182963293,0.036538,0.019699275
0.036678,8.121594812,0.036676,-0.010398405,0.036666,0.108613766,0.036638,0.014120897
0.036778,8.184626548,0.036776,0.047788608,0.036766,-0.023114987,0.036738,0.057286793
0.036878,8.426766053,0.036876,0.057394753,0.036866,-0.107665113,0.036838,0.026643477
0.036978,8.328974547,0.036976,0.064297072,0.036966,0.030173822,0.036938,0.077235141
0.037078,8.536463964,0.037076,0.08349468,0.037066,-0.08877777,0.037038,0.081895491
0.037178,8.494545216,0.037176,0.069224939,0.037166,0.006171836,0.037138,0.110061345
0.037278,8.343932256,0.037276,0.057121734,0.037266,-0.004578408,0.037238,0.07092472
0.037378,8.68385721,0.037376,0.027233955,0.037366,-0.060883446,0.037338,-0.12646436
0.037478,8.49526814,0.037476,0.143174076,0.037466,-0.008251505,0.037438,0.082382188
0.037578,8.719643014,0.037576,0.130223878,0.037566,-0.017768119,0.037538,0.072186605
0.037678,8.869176722,0.037676,0.238703168,0.037666,0.021936045,0.037638,-0.016910442
0.037778,8.769262374,0.037776,0.273400734,0.037766,0.084691665,0.037738,-0.024534762
0.037878,8.811306149,0.037876,0.329190453,0.037866,0.026012372,0.037838,-0.123407707
0.037978,9.026209892,0.037976,0.370100514,0.037966,0.136237363,0.037938,-0.046940121
0.038078,9.006214142,0.038076,0.492151282,0.038066,0.160629743,0.038038,0.012373148
0.038178,8.928432499,0.038176,0.518976421,0.038166,0.219057594,0.038138,0.167773734
0.038278,9.006634655,0.038276,0.456836793,0.038266,0.239313044,0.038238,0.025335368
0.038378,9.11013647,0.038376,0.567544165,0.038366,0.113784405,0.038338,0.098647585
0.038478,9.263738678,0.038476,0.598440142,0.038466,0.219330503,0.038438,-0.017401444
0.038578,9.162730817,0.038576,0.609043408,0.038566,0.189469337,0.038538,0.059098652
0.038678,9.398551266,0.038676,0.447081591,0.038666,0.142599877,0.038638,0.051218053
0.038778,9.269567176,0.038776,0.659617065,0.038766,0.212544852,0.038738,-0.032251583
0.038878,9.393625757,0.038876,0.569647494,0.038866,0.031632217,0.038838,-0.127896383
0.038978,9.276314094,0.038976,0.635754155,0.038966,0.153034223,0.038938,-0.019252784
0.039078,9.377393067,0.039076,0.545739734,0.039066,0.131287424,0.039038,0.103560391
0.039178,9.575870047,0.039176,0.638729744,0.039166,-0.002048574,0.039138,0.013910843
0.039278,9.444658856,0.039276,0.58705305,0.039266,-0.097563952,0.039238,0.160535287
0.039378,9.535851606,0.039376,0.753122583,0.039366,-0.080345137,0.039338,-0.032631194
0.039478,9.671721181,0.039476,0.800557481,0.039466,0.018827599,0.039438,-0.079388943
0.039578,9.620033297,0.039576,0.559213415,0.039566,-0.007790748,0.039538,-0.003744436
0.039678,9.652946545,0.039676,0.716787664,0.039666,-0.070466258,0.039638,-0.012493014
0.039778,9.757920992,0.039776,0.787219638,0.039766,0.103160807,0.039738,-0.020681124
0.039878,9.71828875,0.039876,0.824593833,0.039866,0.047902618,0.039838,0.052845003
0.039978,9.890870213,0.039976,0.902994387,0.039966,0.02306282,0.039938,0.040038118
0.040078,9.801657083,0.040076,0.866065899,0.040066,-0.073496067,0.040038,0.003035723
0.040178,9.913089624,0.040176,0.915961235,0.040166,0.117671929,0.040138,0.089766383
0.040278,9.943576308,0.040276,0.932619998,0.040266,0.062815212,0.040238,0.029765874
0.040378,9.894803894,0.040376,1.066456088,0.040366,0.018090057,0.040338,-0.067144586
0.040478,9.839309749,0.040476,1.059536632,0.040466,0.015081475,0.040438,-0.095754754
0.040578,9.928505241,0.040576,1.112502665,0.040566,0.067380981,0.040538,0.118907349
0.040678,9.803984482,0.040676,0.993687914,0.040666,-0.029889491,0.040638,-0.020926239
0.040778,9.920631089,0.040776,1.021788049,0.040766,0.031676085,0.040738,0.121468799
0.040878,9.707314425,0.040876,1.088914141,0.040866,-0.051161861,0.040838,0.057702701
0.040978,9.770617516,0.040976,1.225729371,0.040966,-0.068018934,0.040938,0.026847196
0.041078,9.843058577,0.041076,1.373164154,0.041066,-0.01222142,0.041038,-0.06248779
0.041178,9.748166755,0.041176,1.295404623,0.041166,0.071298707,0.041138,-0.036351421
0.041278,9.886070277,0.041276,1.221987028,0.041266,-0.185360883,0.041238,-0.020137099
0.041378,9.960518848,0.041376,1.153278581,0.041366,-0.06815831,0.041338,0.063815232
0.041478,9.927953538,0.041476,1.279818621,0.041466,-0.206562815,0.041438,-0.000924765
0.041578,9.850167347,0.041576,1.430600561,0.041566,-0.002172516,0.041538,0.006517258
0.041678,10.06270187,0.041676,1.354196917,0.041666,-0.173324472,0.041638,0.001300103
0.041778,9.799062167,0.041776,1.356829407,0.041766,-0.070568084,0.041738,-0.012675543
0.041878,9.826778299,0.041876,1.392813452,0.041866,0.054158269,0.041838,-0.011256719
0.041978,9.739680197,0.041976,1.281570056,0.041966,0.031112833,0.041938,-0.093655629
0.042078,9.74328936,0.042076,1.560234127,0.042066,0.046547019,0.042038,-0.012020935
0.042178,9.627437969,0.042176,1.593522128,0.042166,0.036674491,0.042138,-0.073941977
0.042278,9.626906994,0.042276,1.605103002,0.042266,0.004198522,0.042238,0.019686517
0.042378,9.759393852,0.042376,1.451820418,0.042366,-0.072035647,0.042338,0.070215453
0.042478,9.794847281,0.042476,1.527324588,0.042466,0.10892503,0.042438,0.063333605
0.042578,9.671896629,0.042576,1.520828622,0.042566,-0.047831535,0.042538,0.131916045
0.042678,9.598322276,0.042676,1.52640746,0.042666,0.040821235,0.042638,0.06380186
0.042778,9.460335265,0.042776,1.770751089,0.042766,-0.127164985,0.042738,0.057621234
0.042878,9.488257203,0.042876,1.670022631,0.042866,0.057824081,0.042838,0.079149251
0.042978,9.523077964,0.042976,1.390979255,0.042966,-0.073655683,0.042938,0.141666103
0.043078,9.454307967,0.043076,1.489612555,0.043066,-0.001479638,0.043038,0.088775099
0.043178,9.299808343,0.043176,1.462278877,0.043166,0.01591402,0.043138,0.038626896
0.043278,9.383398445,0.043276,1.527170186,0.043266,-0.04786601,0.043238,0.010210211
0.043378,9.401456404,0.043376,1.517524928,0.043366,-0.065099936,0.043338,-0.053381807
0.043478,9.433412123,0.043476,1.535694819,0.043466,-0.001405118,0.043438,-0.047687447
0.043578,9.514886145,0.043576,1.496593945,0.043566,-0.064502325,0.043538,0.167028911
0.043678,9.523691156,0.043676,1.4951516,0.043666,-0.00892276,0.043638,-0.008106908
0.043778,9.432653684,0.043776,1.452683431,0.043766,0.010635086,0.043738,-0.056702332
0.043878,9.434048962,0.043876,1.571364423,0.043866,-0.056686804,0.043838,-0.117205035
0.043978,9.539758309,0.043976,1.525842521,0.043966,-0.040939751,0.043938,-0.027495608
0.044078,9.411439907,0.044076,1.580384145,0.044066,-0.023542367,0.044038,-0.064456481
0.044178,9.433145842,0.044176,1.521993758,0.044166,-0.026347233,0.044138,0.011700127
0.044278,9.313257808,0.044276,1.594098196,0.044266,-0.007533032,0.044238,0.082604475
0.044378,9.460108864,0.044376,1.453761925,0.044366,0.053721216,0.044338,0.065923925
0.044478,9.506064678,0.044476,1.514460688,0.044466,-0.077278122,0.044438,-0.105896788
0.044578,9.441885791,0.044576,1.516563984,0.044566,-0.175843438,0.044538,0.013485283
0.044678,9.40363543,0.044676,1.393705209,0.044666,-0.095157838,0.044638,0.082408133
0.044778,9.346698273,0.044776,1.531835816,0.044766,-0.09996897,0.044738,0.061026645
0.044878,9.359652294,0.044876,1.504636768,0.044866,-0.039037255,0.044838,0.051513226
0.044978,9.378617459,0.044976,1.426689588,0.044966,-0.172229141,0.044938,0.112190647
0.045078,9.502344029,0.045076,1.429761074,0.045066,-0.060576448,0.045038,0.185170664
0.045178,9.322681346,0.045176,1.46986166,0.045166,-0.229725355,0.045138,-0.084804362
0.045278,9.38439313,0.045276,1.561177981,0.045266,-0.142091623,0.045238,-0.119947698
0.045378,9.440453117,0.045376,1.499161764,0.045366,-0.026014483,0.045338,-0.075232708
0.045478,9.430190864,0.045476,1.474061424,0.045466,-0.218722082,0.045438,0.021745059
0.045578,9.494001252,0.045576,1.276178837,0.045566,-0.129283784,0.045538,-0.025423588
0.045678,9.382691005,0.045676,1.44390152,0.045666,0.105044931,0.045638,-0.07094371
0.045778,9.531644422,0.045776,1.327179625,0.045766,-0.128707006,0.045738,0.016410003
0.045878,9.50959772,0.045876,1.403532697,0.045866,0.024692287,0.045838,0.036547556
0.045978,9.406636942,0.045976,1.344791206,0.045966,-0.128346606,0.045938,-0.034514211
0.046078,9.511737316,0.046076,1.389104218,0.046066,-0.09299003,0.046038,-0.083221427
0.046178,9.564604712,0.046176,1.178014288,0.046166,0.142094708,0.046138,-0.055291767
0.046278,9.664443875,0.046276,1.198841865,0.046266,0.07227658,0.046238,0.033509291
0.046378,9.446287683,0.046376,1.076253908,0.046366,0.212728127,0.046338,-0.004424687
0.046478,9.645589275,0.046476,0.952376444,0.046466,-0.025323483,0.046438,0.062583585
0.046578,9.6125154,0.046576,1.172175676,0.046566,0.181321047,0.046538,-0.029384018
0.046678,9.570168934,0.046676,0.953853587,0.046666,0.162892819,0.046638,-0.073492423
0.046778,9.591590326,0.046776,1.058678064,0.046766,-0.036433571,0.046738,0.044735219
0.046878,9.605515187,0.046876,1.005967195,0.046866,0.03503835,0.046838,0.147853132
0.046978,9.632463054,0.046976,0.924672068,0.046966,0.090940217,0.046938,0.051851268
0.047078,9.532894414,0.047076,1.076048699,0.047066,0.073307974,0.047038,0.097901708
0.047178,9.6235073,0.047176,0.908573835,0.047166,0.102042487,0.047138,-0.028765701
0.047278,9.579411481,0.047276,0.969725357,0.047266,0.094560647,0.047238,0.01953071
0.047378,9.619331073,0.047376,0.882844711,0.047366,0.043413178,0.047338,-0.032261839
0.047478,9.559532605,0.047476,0.772305593,0.047466,0.100942115,0.047438,-0.012268245
0.047578,9.593008254,0.047576,0.834154179,0.047566,0.056026924,0.047538,-0.021731335
0.047678,9.505804597,0.047676,0.824592333,0.047666,0.209171604,0.047638,0.056443033
0.047778,9.558760872,0.047776,0.838629008,0.047766,0.059679215,0.047738,0.037083161
0.047878,9.73690436,0.047876,0.715081728,0.047866,0.158315635,0.047838,-0.016790898
0.047978,9.467537343,0.047976,0.766655468,0.047966,0.057048117,0.047938,0.077970226
0.048078,9.544418393,0.048076,0.701478937,0.048066,0.083899466,0.048038,-0.114280637
0.048178,9.805100824,0.048176,0.680731117,0.048166,-0.028833931,0.048138,-0.069994165
0.048278,9.81714741,0.048276,0.590477936,0.048266,0.096337494,0.048238,-0.133294482
0.048378,9.711550969,0.048376,0.557818582,0.048366,0.053838902,0.048338,-0.034625376
0.048478,9.969141938,0.048476,0.679380775,0.048466,0.196832749,0.048438,0.043334152
0.048578,10.02509777,0.048576,0.61332647,0.048566,0.291389317,0.048538,0.026065681
0.048678,9.898308799,0.048676,0.613412059,0.048666,0.14885524,0.048638,0.006309886
0.048778,10.0180504,0.048776,0.646928053,0.048766,0.263730903,0.048738,-0.054612454
0.048878,9.918545167,0.048876,0.604307981,0.048866,0.301492326,0.048838,0.013764569
0.048978,10.2043223,0.048976,0.513064688,0.048966,0.24412852,0.048938,0.073461604
0.049078,10.08750572,0.049076,0.634893727,0.049066,0.160801785,0.049038,0.078697952
0.049178,10.22499033,0.049176,0.699819398,0.049166,0.320073685,0.049138,-0.016590839
0.049278,10.255623,0.049276,0.579226109,0.049266,0.316427559,0.049238,0.10926296
0.049378,10.25874259,0.049376,0.612372369,0.049366,0.187754459,0.049338,-0.053261976
0.049478,10.38661054,0.049476,0.651521562,0.049466,0.402101214,0.049438,-0.015622807
0.049578,10.29995171,0.049576,0.412070189,0.049566,0.247699294,0.049538,0.093187406
0.049678,10.37208795,0.049676,0.425729167,0.049666,0.397140548,0.049638,-0.013856867
0.049778,10.35494205,0.049776,0.487800648,0.049766,0.380028559,0.049738,0.076998627
0.049878,10.48264616,0.049876,0.516189228,0.049866,0.518490852,0.049838,-0.018403827
0.049978,10.3602371,0.049976,0.48608153,0.049966,0.40833142,0.049938,-0.013486861
0.050078,10.59458123,0.050076,0.366441255,0.050066,0.463623509,0.050038,-0.060188005
0.050178,10.54860448,0.050176,0.346649946,0.050166,0.442897277,0.050138,-0.110269199
0.050278,10.57724656,0.050276,0.438844892,0.050266,0.396174805,0.050238,0.103509653
0.050378,10.59906153,0.050376,0.465539001,0.050366,0.428924311,0.050338,0.094661114
0.050478,10.549997,0.050476,0.363875441,0.050466,0.537848923,0.050438,-0.153653422
0.050578,10.56825867,0.050576,0.4306086,0.050566,0.600425498,0.050538,-0.051602135
0.050678,10.71297945,0.050676,0.489851473,0.050666,0.511595808,0.050638,-0.033321072
0.050778,10.79104122,0.050776,0.440110352,0.050766,0.475178259,0.050738,0.011549168
0.050878,10.6885676,0.050876,0.405332112,0.050866,0.342090857,0.050838,0.091600517
0.050978,10.85563004,0.050976,0.551818758,0.050966,0.42761805,0.050938,-0.086647704
0.051078,10.79486575,0.051076,0.583162113,0.051066,0.43086697,0.051038,0.007125777
0.051178,10.92410555,0.051176,0.804009501,0.051166,0.435869837,0.051138,-0.093703429
0.051278,10.97516923,0.051276,0.856393167,0.051266,0.483211395,0.051238,0.075713386
0.051378,11.04286596,0.051376,0.732737467,0.051366,0.54977813,0.051338,-0.024239468
0.051478,10.90678204,0.051476,0.797947636,0.051466,0.565748969,0.051438,-0.024508523
0.051578,11.0340912,0.051576,0.770762377,0.051566,0.4461125,0.051538,0.011677696
0.051678,10.8433615,0.051676,0.757873557,0.051666,0.53812239,0.051638,-0.034804833
0.051778,10.96947391,0.051776,1.002370464,0.051766,0.389573117,0.051738,-0.083074583
0.051878,10.95443535,0.051876,0.769626508,0.051866,0.45962935,0.051838,-0.078380297
0.051978,10.93722257,0.051976,0.8287635,0.051966,0.471022162,0.051938,0.117480126
0.052078,11.08059732,0.052076,0.823553489,0.052066,0.557110648,0.052038,0.017404199
0.052178,11.32654392,0.052176,0.999728516,0.052166,0.63761616,0.052138,-0.00520721
0.052278,11.32903169,0.052276,0.981028788,0.052266,0.514741112,0.052238,-0.049592541
0.052378,11.44565812,0.052376,0.881726674,0.052366,0.556113485,0.052338,0.10106786
0.052478,11.35589727,0.052476,1.084254655,0.052466,0.533576865,0.052438,-0.055561683
0.052578,11.32222652,0.052576,1.014490432,0.052566,0.448350305,0.052538,-0.026934306
0.052678,11.68145323,0.052676,1.021798418,0.052666,0.523133598,0.052638,0.083335603
0.052778,11.56570045,0.052776,1.110499236,0.052766,0.364422159,0.052738,0.079137119
0.052878,11.73621839,0.052876,0.973614608,0.052866,0.343439186,0.052838,0.036755371
0.052978,11.80720237,0.052976,1.175032399,0.052966,0.528415431,0.052938,0.08218957
0.053078,11.76639492,0.053076,1.026261607,0.053066,0.461101993,0.053038,-0.002340555
0.053178,11.88109988,0.053176,1.14803281,0.053166,0.523252052,0.053138,0.04110796
0.053278,11.91222227,0.053276,1.064334426,0.053266,0.383715318,0.053238,-0.090071207
0.053378,11.89935186,0.053376,1.218443076,0.053366,0.324657561,0.053338,0.032100409
0.053478,12.18319469,0.053476,1.125620776,0.053466,0.32058642,0.053438,0.189707584
0.053578,12.09462662,0.053576,1.258281733,0.053566,0.439084004,0.053538,0.030761186
0.053678,12.23182758,0.053676,1.410826887,0.053666,0.47551218,0.053638,0.085008317
0.053778,12.28530242,0.053776,1.501366548,0.053766,0.383290175,0.053738,-0.163609308
0.053878,12.34671325,0.053876,1.345943862,0.053866,0.596049195,0.053838,-0.024602304
0.053978,12.38489587,0.053976,1.391952113,0.053966,0.367706795,0.053938,0.035443616
0.054078,12.60522962,0.054076,1.32276314,0.054066,0.329805538,0.054038,0.022720401
0.054178,12.6598745,0.054176,1.567551407,0.054166,0.47310938,0.054138,-0.102334647
0.054278,12.76460122,0.054276,1.581368532,0.054266,0.434466472,0.054238,-0.073229207
0.054378,12.67603587,0.054376,1.323414452,0.054366,0.488004798,0.054338,-0.021328843
0.054478,12.98715664,0.054476,1.730508723,0.054466,0.440733158,0.054438,0.082867844
0.054578,12.95567176,0.054576,1.524747003,0.054566,0.414967809,0.054538,-0.092573974
0.054678,13.05775959,0.054676,1.574082731,0.054666,0.352631797,0.054638,-0.004418789
0.054778,13.19931461,0.054776,1.606993098,0.054766,0.465092479,0.054738,0.072644682
0.054878,13.3514269,0.054876,1.587765915,0.054866,0.468814274,0.054838,0.005445325
0.054978,13.44364124,0.054976,1.6541915,0.054966,0.448831733,0.054938,-0.053937274
0.055078,13.31095283,0.055076,1.736692904,0.055066,0.371833811,0.055038,0.035936727
0.055178,13.68078985,0.055176,1.82789687,0.055166,0.238524254,0.055138,-0.117317707
0.055278,13.66310932,0.055276,1.925458832,0.055266,0.251962294,0.055238,-0.106933741
0.055378,13.94983302,0.055376,1.948428271,0.055366,0.14550893,0.055338,-0.118047457
0.055478,13.79370422,0.055476,1.777235247,0.055466,0.308935864,0.055438,-0.077123429
0.055578,14.13075521,0.055576,2.042075223,0.055566,0.132927833,0.055538,-0.052008499
0.055678,13.87690424,0.055676,1.928182816,0.055666,0.364457569,0.055638,-0.038645176
0.055778,14.01347245,0.055776,2.097056678,0.055766,0.193829395,0.055738,0.054370141
0.055878,14.22025985,0.055876,2.281538758,0.055866,0.163857735,0.055838,0.089823881
0.055978,14.38513678,0.055976,2.133754183,0.055966,0.023380056,0.055938,-0.026886246
0.056078,14.40917758,0.056076,2.014931123,0.056066,-0.057905928,0.056038,0.136029003
0.056178,14.63820577,0.056176,2.013643062,0.056166,-0.097435387,0.056138,0.064240816
0.056278,14.70454296,0.056276,2.240901029,0.056266,-0.114590196,0.056238,0.182042314
0.056378,14.586275,0.056376,2.254525892,0.056366,-0.085786153,0.056338,0.079624201
0.056478,14.63358412,0.056476,2.329629659,0.056466,-0.247983694,0.056438,0.130753527
0.056578,14.94005181,0.056576,2.202190654,0.056566,-0.239487981,0.056538,-0.016578308
0.056678,14.92145747,0.056676,2.409942243,0.056666,-0.18286563,0.056638,-0.04779975
0.056778,15.26492994,0.056776,2.409148004,0.056766,-0.227718393,0.056738,-0.134773349
0.056878,15.40203217,0.056876,2.396949321,0.056866,-0.29460903,0.056838,0.037385196
0.056978,15.44380734,0.056976,2.559555053,0.056966,-0.405193964,0.056938,-0.032102928
0.057078,15.43214481,0.057076,2.509964477,0.057066,-0.50108281,0.057038,-0.141202805
0.057178,15.5167394,0.057176,2.61431306,0.057166,-0.532205283,0.057138,-0.166548995
0.057278,15.67096276,0.057276,2.560429656,0.057266,-0.39969003,0.057238,-0.091206325
0.054016787,4.311561275,0.057376,2.652140474,0.057366,-0.69885494,0.057338,-0.035571285
0.051452824,2.311040558,0.057476,2.633249228,0.057466,-0.690189249,0.057438,-0.055418894
0.049926582,1.077248807,0.057576,2.549618965,0.057566,-0.601966397,0.057538,-0.041348539
0.048948993,0.519634567,0.057676,2.792202189,0.057666,-0.527064589,0.057638,-0.022076766
0.048316942,0.301770332,0.057776,2.705271133,0.057766,-0.712458041,0.057738,0.048241601
0.047825602,-0.003285251,0.057876,2.818412413,0.057866,-0.718605841,0.057838,0.085724198
0.047526376,0.120087464,0.057976,2.888525088,0.057966,-0.641153425,0.057938,0.068530594
0.04729105,0.046106878,0.058076,2.756380049,0.058066,-0.461102646,0.058038,0.13458684
0.047083146,0.0961588,0.058176,2.795039222,0.058166,-0.539137684,0.058138,0.237469092
0.046876554,-0.003624965,0.058276,2.732347722,0.058266,-0.505320225,0.058238,0.101795164
0.046737451,-0.01363247,0.058376,2.854532232,0.058366,-0.577662168,0.058338,0.153721834
0.046599008,0.111021349,0.058476,2.873412198,0.058466,-0.62213235,0.058438,0.08377711
0.046489653,0.113615666,0.058576,2.901461159,0.058566,-0.524897863,0.058538,0.134289281
0.046398225,0.144591333,0.058676,2.844633397,0.058666,-0.422478753,0.058638,0.141199084
0.046238043,-0.059185378,0.058776,2.927607518,0.058766,-0.391973908,0.058738,0.119700294
0.046122027,0.183934877,0.058876,2.910526661,0.058866,-0.288729346,0.058838,-0.012748679
0.04602575,-0.142845516,0.058976,3.00267277,0.058966,-0.354672041,0.058938,-0.091349812
0.045932798,-0.09482826,0.059076,3.074155043,0.059066,-0.280552195,0.059038,-0.029892423
0.045934801,-0.044845906,0.059176,3.234095419,0.059166,-0.326027085,0.059138,-0.138086161
0.045939159,0.106823689,0.059276,3.212944854,0.059266,-0.181683131,0.059238,-0.031958854
0.045796239,-0.107838776,0.059376,3.205715256,0.059366,-0.106569904,0.059338,-0.136060548
0.04575782,0.010154483,0.059476,3.249979001,0.059466,-0.067679849,0.059438,-0.063975788
0.045713087,-0.048618388,0.059576,3.212392687,0.059566,-0.213725821,0.059538,-0.024577816
0.045650164,0.143548242,0.059676,3.238863825,0.059666,-0.202398755,0.059638,0.044117257
0.045540443,-0.087670785,0.059776,3.428071784,0.059766,0.008592683,0.059738,0.090749966
0.045471753,-0.092603508,0.059876,3.157404317,0.059866,-0.038354451,0.059838,0.093452268
0.045416925,0.155163919,0.059976,3.418740875,0.059966,-0.087263706,0.059938,0.10323882
0.045355244,-0.01548413,0.060076,3.240710282,0.060066,-0.198525924,0.060038,0.15625307
0.045361492,0.006846841,0.060176,3.44160095,0.060166,-0.134531612,0.060138,0.09058764
0.045342924,0.236755274,0.060276,3.357286078,0.060266,-0.051175381,0.060238,0.105160945
0.045149348,-0.224858841,0.060376,3.298282413,0.060366,-0.016187226,0.060338,0.085588889
0.045118935,-0.164364477,0.060476,3.539560374,0.060466,-0.022136024,0.060438,0.177492085
0.045062429,-0.163120496,0.060576,3.727195839,0.060566,-0.085504657,0.060538,0.11346299
0.045026522,-0.002270178,0.060676,3.43968417,0.060666,0.120199364,0.060638,0.191668875
0.045022949,-0.008030519,0.060776,3.673330396,0.060766,0.25232553,0.060738,0.034180778
0.044942539,-0.189226833,0.060876,3.690504371,0.060866,0.209954949,0.060838,0.055284472
0.044938525,0.002012209,0.060976,3.652773921,0.060966,0.290239453,0.060938,0.142793948
0.044907023,0.053323511,0.061076,3.79674968,0.061066,0.296817103,0.061038,0.273221492
0.044874563,0.106213241,0.061176,3.856150933,0.061166,0.348942798,0.061138,0.111919449
0.044919525,0.239825253,0.061276,3.874463586,0.061266,0.456013125,0.061238,0.023544415
0.044827794,-0.096673174,0.061376,3.761495976,0.061366,0.458646713,0.061338,-0.065664173
0.044783312,0.035326257,0.061476,3.928795986,0.061466,0.457167394,0.061438,-0.029024286
0.04476844,-0.127801395,0.061576,4.192090754,0.061566,0.435643207,0.061538,0.114394534
0.044788158,0.077052199,0.061676,3.93267903,0.061666,0.571517895,0.061638,0.029702182
0.044740526,-0.013284234,0.061776,4.027307934,0.061766,0.544297946,0.061738,0.173549126
0.044620524,-0.178034742,0.061876,3.844496151,0.061866,0.570422733,0.061838,-0.107503393
0.044621847,0.043189485,0.061976,4.037839465,0.061966,0.627632459,0.061938,-0.141495498
0.044535162,-0.007338951,0.062076,4.083850797,0.062066,0.594821602,0.062038,0.027265549
0.04455402,0.111438836,0.062176,4.077273848,0.062166,0.660025045,0.062138,-0.046920075
0.044521029,-0.056506162,0.062276,4.128602813,0.062266,0.69492897,0.062238,0.127186735
0.044520819,0.047878721,0.062376,4.217404009,0.062366,0.818793101,0.062338,0.136047956
0.044516155,0.19836696,0.062476,4.092477277,0.062466,0.575470636,0.062438,0.120429499
0.04445663,0.009955593,0.062576,4.363088754,0.062566,0.84573455,0.062538,-0.057533067
0.044394186,0.130199216,0.062676,4.175331561,0.062666,0.724523572,0.062638,0.116833123
0.044360528,0.036061402,0.062776,4.342183931,0.062766,0.748359088,0.062738,0.092722593
0.044291975,-0.001147274,0.062876,4.250047425,0.062866,0.933145479,0.062838,0.073129573
0.044252304,0.106690253,0.062976,4.291036832,0.062966,0.868490018,0.062938,0.08339688
0.044248275,-0.068520479,0.063076,4.278021157,0.063066,0.950513017,0.063038,0.123503747
0.044229579,-0.128392365,0.063176,4.347042201,0.063166,0.875776209,0.063138,0.091123219
0.044186697,0.021790299,0.063276,4.335655738,0.063266,0.891248391,0.063238,0.071412465
0.04417077,0.125582202,0.063376,4.317669002,0.063366,0.958788528,0.063338,-0.049547384
0.044111845,-0.008470454,0.063476,4.395237817,0.063466,1.030215421,0.063438,0.120394649
0.044090414,-0.057314342,0.063576,4.256952245,0.063566,1.026043839,0.063538,0.111302501
0.044137412,0.097408373,0.063676,4.421399778,0.063666,1.006847401,0.063638,0.027114334
0.044100228,0.01933955,0.063776,4.303423039,0.063766,0.908621251,0.063738,0.05086959
0.044108215,0.115345459,0.063876,4.453684506,0.063866,0.948847824,0.063838,0.117560471
0.044041718,-0.023621973,0.063976,4.350721799,0.063966,1.013345076,0.063938,0.087191454
0.044015469,0.072819819,0.064076,4.530197975,0.064066,0.929770591,0.064038,0.003709321
0.044062879,0.091209372,0.064176,4.673905389,0.064166,0.976045335,0.064138,0.069962711
0.04403687,-0.023990481,0.064276,4.391136756,0.064266,1.116292656,0.064238,0.01492617
0.044047825,-0.059156772,0.064376,4.571195556,0.064366,1.072131941,0.064338,-0.072208885
0.044067393,-0.067921525,0.064476,4.429076751,0.064466,1.102278643,0.064438,0.04244937
0.044035947,0.021299782,0.064576,4.409516464,0.064566,1.133551672,0.064538,0.169223315
0.043900688,-0.067588084,0.064676,4.434576101,0.064666,1.234774107,0.064638,0.063135351
0.04393698,0.13698303,0.064776,4.444790805,0.064766,1.148316718,0.064738,0.178222703
0.043899011,-0.051034137,0.064876,4.410962739,0.064866,1.123860123,0.064838,0.131060825
0.04384974,-0.126590745,0.064976,4.75591429,0.064966,1.265009963,0.064938,0.134598849
0.043844219,0.0115283,0.065076,4.650440991,0.065066,1.397200388,0.065038,-0.129436907
0.043804156,-0.056720885,0.065176,4.540816368,0.065166,1.371530666,0.065138,-0.044767552
0.043780519,-0.097471189,0.065276,4.509656367,0.065266,1.352433057,0.065238,0.026618236
0.043781071,0.00123897,0.065376,4.688174671,0.065366,1.379342349,0.065338,0.081876844
0.043774858,-0.123127116,0.065476,4.537020334,0.065466,1.511464766,0.065438,0.035848187
0.043816491,0.146700892,0.065576,4.779538383,0.065566,1.406140055,0.065538,0.008129551
0.043763443,-0.107445093,0.065676,4.500471511,0.065666,1.446558246,0.065638,0.080755806
0.043754434,-0.016233271,0.065776,4.356655485,0.065766,1.601618143,0.065738,-0.047867816
0.043708471,0.005563389,0.065876,4.501491607,0.065866,1.646551149,0.065838,-0.0188955
0.043632889,0.124118342,0.065976,4.527305294,0.065966,1.551691696,0.065938,-0.002192346
0.043628027,0.073876306,0.066076,4.531965594,0.066066,1.574973728,0.066038,-0.144967346
0.043658792,0.137439757,0.066176,4.529471123,0.066166,1.489077164,0.066138,-0.080385308
0.0435732,-0.135093718,0.066276,4.264843147,0.066266,1.538709032,0.066238,-0.116910297
0.043576858,0.025066393,0.066376,4.408876901,0.066366,1.631438261,0.066338,-0.063423978
0.04358608,0.042371488,0.066476,4.252944976,0.066466,1.664375775,0.066438,-0.095736117
0.043567605,-0.021483088,0.066576,4.315404595,0.066566,1.742917931,0.066538,-0.130028931
0.043578073,0.061452985,0.066676,4.251038596,0.066666,1.587645969,0.066638,-0.020776477
0.043585634,0.223183433,0.066776,4.227676872,0.066766,1.671530351,0.066738,-0.134535242
0.043506748,0.118884532,0.066876,4.297642785,0.066866,1.65695903,0.066838,-0.058014932
0.043434523,-0.092951112,0.066976,4.325419592,0.066966,1.815849954,0.066938,-0.225740173
0.043503273,0.103430103,0.067076,4.110635412,0.067066,1.752465273,0.067038,-0.122524958
0.043457582,-0.217043234,0.067176,4.321274554,0.067166,1.783160569,0.067138,-0.123091421
0.043500356,-0.025884565,0.067276,4.127335727,0.067266,1.858504672,0.067238,-0.07164654
0.043341921,-0.1715188,0.067376,4.146515938,0.067366,1.859928386,0.067338,-0.077464199
0.043320649,-0.005283332,0.067476,4.051069791,0.067466,1.890175723,0.067438,0.03250341
0.043326089,-0.076325943,0.067576,4.088112636,0.067566,1.847275823,0.067538,-0.024763827
0.043354219,0.016927298,0.067676,4.028294009,0.067666,1.739505676,0.067638,-0.05904536
0.043320833,0.021570028,0.067776,3.910662585,0.067766,1.909188489,0.067738,-0.076951805
0.043302473,0.135589638,0.067876,3.91053277,0.067866,1.603880277,0.067838,-0.147645052
0.043243473,-0.084470071,0.067976,3.929901534,0.067966,1.797707132,0.067938,-0.078229004
0.043250173,-0.03179035,0.068076,3.847426341,0.068066,1.755456739,0.068038,-0.130928319
0.043259777,0.075892406,0.068176,3.937503896,0.068166,1.637133151,0.068138,-0.094965238
0.043226384,0.052613638,0.068276,3.718552661,0.068266,1.774033637,0.068238,-0.091755709
0.043249815,0.015385549,0.068376,3.74819487,0.068366,1.831704472,0.068338,-0.260122552
0.043243166,0.033158905,0.068476,3.467950767,0.068466,1.844528892,0.068438,-0.242780776
0.043210818,0.082356801,0.068576,3.421885259,0.068566,1.6811298,0.068538,-0.191349732
0.043239288,-0.066291154,0.068676,3.285829041,0.068666,1.944478205,0.068638,-0.102089863
0.043194249,-0.064083009,0.068776,3.255099373,0.068766,1.818462135,0.068738,0.034002798
0.043138523,-0.104824969,0.068876,3.238996253,0.068866,1.734061375,0.068838,-0.05678057
0.043177857,0.068492596,0.068976,2.913217341,0.068966,1.644682925,0.068938,-0.180955487
0.04317837,0.229870201,0.069076,3.097822596,0.069066,1.755124711,0.069038,-0.265145866
0.043137329,0.052172425,0.069176,2.981584405,0.069166,1.807344217,0.069138,-0.223316104
0.043122465,-0.015283225,0.069276,2.897213505,0.069266,1.71553747,0.069238,-0.274766539
0.043096898,0.172182799,0.069376,3.066109127,0.069366,1.630148263,0.069338,-0.169561694
0.043051482,-0.030380697,0.069476,2.899410438,0.069466,1.74380583,0.069438,-0.183446426
0.043074529,0.036653114,0.069576,2.953856821,0.069566,1.682969329,0.069538,-0.252673214
0.043046993,-0.057081842,0.069676,2.811902485,0.069666,1.601882237,0.069638,-0.123796493
0.043033668,-0.026734917,0.069776,2.754712936,0.069766,1.641272314,0.069738,-0.132090272
0.043033481,0.159067177,0.069876,2.934760499,0.069866,1.693969024,0.069838,-0.196786668
0.043017782,0.042997856,0.069976,2.674231644,0.069966,1.589699139,0.069938,-0.077425318
0.043066562,-0.019562733,0.070076,2.728274556,0.070066,1.619088307,0.070038,-0.082118692
0.043033663,-0.039585061,0.070176,2.835223191,0.070166,1.704225283,0.070138,-0.035052952
0.042998266,0.102626962,0.070276,2.998783026,0.070266,1.521472967,0.070238,0.11559649
0.042918976,-0.035489876,0.070376,2.695554127,0.070366,1.691802124,0.070338,0.118785266
0.042944556,-0.038687659,0.070476,2.743671944,0.070466,1.61281156,0.070438,0.07668884
0.042952034,0.148736135,0.070576,2.798118549,0.070566,1.495171468,0.070538,-0.111929638
0.042859179,-0.171554095,0.070676,2.74536198,0.070666,1.424964254,0.070638,0.002176169
0.042852342,-0.116226201,0.070776,2.643115658,0.070766,1.481210832,0.070738,-0.09015452
0.042900329,-0.038060927,0.070876,2.765023799,0.070866,1.450732762,0.070838,-0.053882241
0.042931326,0.244088991,0.070976,2.627859576,0.070966,1.451396684,0.070938,-0.094574966
0.042819748,-0.06973667,0.071076,2.595913723,0.071066,1.515892207,0.071038,-0.083320927
0.042836877,0.043380816,0.071176,2.66588167,0.071166,1.229000088,0.071138,-0.005304288
0.042811132,0.044987772,0.071276,2.66885799,0.071266,1.308128088,0.071238,-0.034280846
0.042841094,0.053152612,0.071376,2.639616435,0.071366,1.219392445,0.071338,-0.251657658
0.042839887,-0.006375571,0.071476,2.760076498,0.071466,1.232481809,0.071438,-0.059193508
0.042825125,-0.165100568,0.071576,2.766068303,0.071566,1.336534711,0.071538,-0.185224698
0.042800975,-0.11119134,0.071676,2.967830241,0.071666,1.141666305,0.071638,-0.226803592
0.042844075,0.155264083,0.071776,2.942873338,0.071766,1.18417951,0.071738,-0.113208674
0.042800677,-0.034740979,0.071876,2.914308187,0.071866,0.953269495,0.071838,0.20583563
0.042780574,0.142187861,0.071976,2.866203252,0.071966,1.070181757,0.071938,0.099089284
0.042812937,0.046173097,0.072076,2.854506303,0.072066,0.829371037,0.072038,-0.049501312
0.042790978,-0.044633716,0.072176,3.030633004,0.072166,0.793716376,0.072138,-0.018986044
0.042753144,0.125532036,0.072276,3.03345644,0.072266,0.899412551,0.072238,0.05170422
0.042698346,-0.249579669,0.072376,3.243701329,0.072366,0.720498844,0.072338,0.278168698
0.042750603,0.216174881,0.072476,3.165938894,0.072466,0.56006957,0.072438,0.094413268
0.042701021,0.003005096,0.072576,3.186079097,0.072566,0.457157217,0.072538,0.210151494
0.042665065,-0.064850558,0.072676,3.356985864,0.072666,0.464540288,0.072638,0.126227543
0.042624954,-0.036803366,0.072776,3.315874387,0.072766,0.393214165,0.072738,0.286153662
0.042637451,-0.113955618,0.072876,3.357693268,0.072866,0.224313726,0.072838,0.258090964
0.042735046,0.011000823,0.072976,3.509411668,0.072966,0.182246301,0.072938,0.259807304
0.042714403,0.007920025,0.073076,3.680831973,0.073066,0.113254702,0.073038,0.106262815
0.042675787,-0.015146849,0.073176,3.713439756,0.073166,0.303994324,0.073138,0.22586389
0.042646484,0.010758573,0.073276,3.716875631,0.073266,0.173002125,0.073238,0.24433586
0.042642316,-0.010935508,0.073376,3.839816157,0.073366,0.056014469,0.073338,0.25266987
0.042617998,-0.036808695,0.073476,3.895491938,0.073466,0.037593656,0.073438,0.173718825
0.042631854,0.007723597,0.073576,4.047119838,0.073566,-0.059446322,0.073538,0.134740233
0.042623296,0.081360015,0.073676,3.952687575,0.073666,-0.063882319,0.073638,0.169929232
0.042602624,0.084015224,0.073776,4.042297752,0.073766,0.007891006,0.073738,0.355577572
0.042584602,-0.006941502,0.073876,4.039803825,0.073866,0.090731631,0.073838,0.210670334
0.042508867,-0.023990079,0.073976,4.232289284,0.073966,-0.033693083,0.073938,0.114360623
0.042468497,-0.205655593,0.074076,4.29790905,0.074066,-0.242382534,0.074038,0.198877535
0.04254372,0.182766872,0.074176,4.39688033,0.074166,-0.070206048,0.074138,0.33301248
0.042538684,0.056229893,0.074276,4.506613433,0.074266,-0.051759072,0.074238,0.377661911
0.04253757,-0.038009637,0.074376,4.442576251,0.074366,0.041897116,0.074338,0.34809813
0.042523264,-0.060590335,0.074476,4.650282663,0.074466,-0.01178494,0.074438,0.37211993
0.042479399,-0.046659659,0.074576,4.552782575,0.074566,0.054560057,0.074538,0.343508824
0.042507215,0.065308508,0.074676,4.596263527,0.074666,-0.032460924,0.074638,0.52290687
0.042456153,-0.151846623,0.074776,4.676733074,0.074766,-0.206494021,0.074738,0.527592314
0.042503064,0.201921065,0.074876,4.904099341,0.074866,0.006178248,0.074838,0.615612147
0.042423664,-0.023160583,0.074976,4.826552233,0.074966,-0.289613704,0.074938,0.568916718
0.042450118,0.037567318,0.075076,5.01707646,0.075066,-0.105747188,0.075038,0.672732786
0.04245862,-0.012157347,0.075176,5.134663347,0.075166,-0.004351937,0.075138,0.54989211
0.042474433,0.071157861,0.075276,4.998610701,0.075266,-0.167996391,0.075238,0.726884022
0.042429467,-0.05916387,0.075376,5.084572374,0.075366,-0.160101424,0.075338,0.721327314
0.042377744,-0.067952424,0.075476,5.170625619,0.075466,-0.055476792,0.075438,0.733534656
0.042400218,-0.017051512,0.075576,5.134457067,0.075566,-0.258173236,0.075538,0.750532314
0.042388637,-0.043010501,0.075676,5.151178018,0.075666,-0.265203446,0.075638,0.738366644
0.042367226,-0.043738185,0.075776,5.41346461,0.075766,-0.316936803,0.075738,0.820146765
0.042336315,-0.095209388,0.075876,5.428467948,0.075866,-0.245646267,0.075838,0.801401273
0.042363843,-0.030337363,0.075976,5.264188143,0.075966,-0.138965689,0.075938,0.811789399
0.04232376,-0.054258643,0.076076,5.370016177,0.076066,-0.182921561,0.076038,0.710869708
0.042320803,0.087389226,0.076176,5.555328447,0.076166,-0.067735641,0.076138,0.565602867
0.04231358,0.080011676,0.076276,5.523838723,0.076266,-0.046181464,0.076238,0.639473876
0.042338701,0.036553914,0.076376,5.660982732,0.076366,0.028837051,0.076338,0.554653242
0.042382685,0.173599332,0.076476,5.604883072,0.076466,0.03622857,0.076438,0.616093645
0.042301319,-0.1053253,0.076576,5.570905438,0.076566,-0.028844368,0.076538,0.415913942
0.042308209,0.051370244,0.076676,5.612578066,0.076666,0.221003594,0.076638,0.521898774
0.042309391,0.025371057,0.076776,5.783858388,0.076766,0.260486393,0.076738,0.45593862
0.042245036,0.004773524,0.076876,5.597734994,0.076866,0.222112048,0.076838,0.446072622
0.042204906,0.051676856,0.076976,5.722116786,0.076966,0.375905129,0.076938,0.43620609
0.042245693,-0.007302941,0.077076,5.766776493,0.077066,0.416665866,0.077038,0.354324777
0.042295304,0.09319567,0.077176,5.980491465,0.077166,0.347303243,0.077138,0.377643983
0.042236439,-0.017208366,0.077276,5.991903783,0.077266,0.45353147,0.077238,0.532657289
0.042247968,-0.096029035,0.077376,5.893425574,0.077366,0.382350843,0.077338,0.511017418
0.042313419,0.05282356,0.077476,5.881614082,0.077466,0.260433585,0.077438,0.50915128
0.042222403,-0.044661284,0.077576,6.105550591,0.077566,0.565385978,0.077538,0.690487847
0.042114761,-0.213606955,0.077676,6.160537261,0.077666,0.540478606,0.077638,0.500594759
0.042206512,0.176457574,0.077776,6.132554501,0.077766,0.666555284,0.077738,0.679629894
0.042205046,0.102685779,0.077876,6.266529814,0.077866,0.659782994,0.077838,0.525957243
0.042162908,-0.016131481,0.077976,6.249093679,0.077966,0.749720085,0.077938,0.600183303
0.042174188,-0.048459764,0.078076,6.437207991,0.078066,0.733708668,0.078038,0.712044507
0.042185406,0.02496567,0.078176,6.392968938,0.078166,0.630994995,0.078138,0.644014946
0.042105575,-0.198436951,0.078276,6.325421655,0.078266,0.653807176,0.078238,0.677365328
0.042182565,0.065503775,0.078376,6.547543975,0.078366,0.970347738,0.078338,0.704002333
0.04212821,-0.13212457,0.078476,6.617040376,0.078466,0.865374539,0.078438,0.570610493
0.042195026,0.107256284,0.078576,6.792228988,0.078566,1.025287076,0.078538,0.428412246
0.04215192,-0.046847632,0.078676,6.682443219,0.078666,1.067274628,0.078638,0.412704453
0.042096988,-0.043068201,0.078776,6.796785943,0.078766,1.055991789,0.078738,0.524051821
0.04213426,-0.071772321,0.078876,6.762678434,0.078866,1.270742543,0.078838,0.550646351
0.042122985,0.078604863,0.078976,6.846670914,0.078966,1.049708314,0.078938,0.589791745
0.042110389,0.023701412,0.079076,6.921596311,0.079066,1.326971754,0.079038,0.560882999
0.04208714,-0.0671157,0.079176,6.936010656,0.079166,1.339189339,0.079138,0.541494065
0.042092539,0.10814079,0.079276,7.116426909,0.079266,1.396777805,0.079238,0.586559545
0.042062221,-0.048144061,0.079376,6.958098705,0.079366,1.483009109,0.079338,0.5260439
0.042052135,0.163188524,0.079476,7.16949898,0.079466,1.674675158,0.079438,0.476228308
0.041971601,0.04387347,0.079576,7.179236892,0.079566,1.506647009,0.079538,0.459233259
0.042048395,0.013035228,0.079676,7.278902022,0.079666,1.626458694,0.079638,0.528732364
0.042080681,0.165207764,0.079776,7.302392001,0.079766,1.926543239,0.079738,0.566780925
0.041973469,0.064742616,0.079876,7.151329345,0.079866,1.994507483,0.079838,0.407690805
0.0419593,0.055466943,0.079976,7.306998659,0.079966,1.955748513,0.079938,0.57277254
0.041974594,0.063138561,0.080076,7.102322759,0.080066,1.817484022,0.080038,0.500792069
0.042011255,0.089957179,0.080176,7.223663391,0.080166,1.806475635,0.080138,0.443188742
0.042019516,0.117943264,0.080276,7.251263578,0.080266,2.031219209,0.080238,0.394499867
0.041946102,-0.092361223,0.080376,7.465013212,0.080366,2.043388768,0.080338,0.423306302
0.04200744,0.176739197,0.080476,7.375676534,0.080466,2.070459212,0.080438,0.319692965
0.042067702,-0.0217146,0.080576,7.33442195,0.080566,2.121994741,0.080538,0.551803862
0.042004037,-0.07429573,0.080676,7.470791672,0.080666,2.217860889,0.080638,0.445019333
0.041976572,-0.05486426,0.080776,7.283976286,0.080766,2.353940907,0.080738,0.309463687
0.041947748,-0.098027337,0.080876,7.590354773,0.080866,2.354729402,0.080838,0.301157803
0.041978143,-0.092508251,0.080976,7.496142079,0.080966,2.482811798,0.080938,0.297496265
0.041963017,-0.094580941,0.081076,7.579558235,0.081066,2.55184078,0.081038,0.205775067
0.04193633,0.02856745,0.081176,7.469974649,0.081166,2.549910426,0.081138,0.422772818
0.04199193,0.148895311,0.081276,7.57050458,0.081266,2.690254698,0.081238,0.261914458
0.04197333,-0.025575361,0.081376,7.620835724,0.081366,2.588083444,0.081338,0.323905403
0.04189979,-0.069294598,0.081476,7.867091575,0.081466,2.845982525,0.081438,0.230667543
0.041844377,-0.147433473,0.081576,7.613551978,0.081566,2.936571112,0.081538,0.311802297
0.041890404,0.052814033,0.081676,7.722021392,0.081666,2.91346351,0.081638,0.232895311
0.04190601,-0.050388415,0.081776,7.859463623,0.081766,2.895714069,0.081738,0.189540513
0.041892371,0.117654367,0.081876,7.934531607,0.081866,3.014578017,0.081838,0.171941797
0.041868884,0.085962857,0.081976,7.660784466,0.081966,2.947013836,0.081938,0.117795916
0.041861689,-0.040478326,0.082076,7.805279207,0.082066,2.87476031,0.082038,-0.007554789
0.041888408,-0.123079111,0.082176,7.651847949,0.082166,3.087653826,0.082138,0.238522124
0.041843873,-0.198163381,0.082276,7.926728632,0.082266,3.066077393,0.082238,0.203594427
0.041937785,-0.011831223,0.082376,7.84907722,0.082366,2.995433308,0.082338,0.106486385
0.041960428,0.164895379,0.082476,7.857352255,0.082466,3.103271638,0.082438,0.138391115
0.041844241,-0.212779219,0.082576,7.822133924,0.082566,3.102220509,0.082538,0.021237381
0.041891729,-0.025578899,0.082676,7.698664331,0.082666,3.10597927,0.082638,0.066130169
0.04190286,-0.014127184,0.082776,7.876587659,0.082766,3.220394324,0.082738,0.120155797
0.041832747,-0.24516184,0.082876,7.904916207,0.082866,3.214848125,0.082838,0.045286059
0.041803041,-0.104688383,0.082976,8.253227804,0.082966,3.376070219,0.082938,-0.047056647
0.041863903,0.22584952,0.083076,8.053526957,0.083066,3.526857799,0.083038,-0.000875719
0.04178753,-0.037767828,0.083176,7.987226207,0.083166,3.665655668,0.083138,-0.166321378
0.041774736,-0.047864252,0.083276,8.145032537,0.083266,3.382481567,0.083238,-0.12876511
0.041884651,0.094095888,0.083376,8.239177601,0.083366,3.462606308,0.083338,-0.137236851
0.041841068,0.009010343,0.083476,8.186985736,0.083466,3.623425786,0.083438,-0.218641526
0.041754656,-0.047550618,0.083576,8.243614426,0.083566,3.680118859,0.083538,-0.324484755
0.041731554,-0.144900581,0.083676,8.299436278,0.083666,3.769046122,0.083638,-0.224833135
0.041777882,0.142921122,0.083776,8.338118163,0.083766,3.670431125,0.083738,-0.44557817
0.041752147,0.034956009,0.083876,8.183636327,0.083866,3.776862572,0.083838,-0.523535476
0.041729867,-0.10944465,0.083976,8.099294292,0.083966,3.847986151,0.083938,-0.568478594
0.041754998,0.071260655,0.084076,8.358726773,0.084066,3.923968613,0.084038,-0.589376008
0.041738604,-0.095190002,0.084176,8.431374016,0.084166,3.861644213,0.084138,-0.45353283
0.041800624,0.1010509,0.084276,8.132619087,0.084266,3.938715848,0.084238,-0.449711914
0.041696184,-0.033944987,0.084376,8.322580703,0.084366,3.97410121,0.084338,-0.526789855
0.041681467,-0.041973538,0.084476,8.428862168,0.084466,3.944148001,0.084438,-0.261933963
0.041782738,0.154570027,0.084576,8.366440112,0.084566,4.092505797,0.084538,-0.544399719
0.041692341,-0.141728767,0.084676,8.405590139,0.084666,3.9485349,0.084638,-0.415660558
0.041730376,0.04278986,0.084776,8.482717854,0.084766,4.248790237,0.084738,-0.487156986
0.041771172,0.214931599,0.084876,8.528469339,0.084866,3.965698376,0.084838,-0.366344936
0.041673863,-0.172202078,0.084976,8.486420879,0.084966,4.08320157,0.084938,-0.362778955
0.041719592,0.127956739,0.085076,8.356399497,0.085066,4.118598391,0.085038,-0.350455628
0.04172348,0.025642483,0.085176,8.545364221,0.085166,4.009925017,0.085138,-0.410276208
0.041681907,-0.168548509,0.085276,8.528920724,0.085266,4.296931805,0.085238,-0.394498418
0.041696218,-0.073477829,0.085376,8.55326855,0.085366,4.169419325,0.085338,-0.582432246
0.041691882,0.08003553,0.085476,8.585221377,0.085466,4.131159284,0.085438,-0.369035493
0.04172349,0.078362727,0.085576,8.653337452,0.085566,4.205961034,0.085538,-0.371288463
0.041713449,-0.097844691,0.085676,8.741771977,0.085666,4.175862788,0.085638,-0.33418323
0.041692068,-0.022514449,0.085776,8.733725692,0.085766,4.362467213,0.085738,-0.345092808
0.041687181,-0.053742805,0.085876,8.76465932,0.085866,4.32944963,0.085838,-0.195964204
0.04168848,-0.043996466,0.085976,8.661938942,0.085966,4.427896349,0.085938,-0.27356024
0.041706264,0.072258919,0.086076,8.87100637,0.086066,4.387100449,0.086038,-0.106521677
0.04163529,-0.065189683,0.086176,8.922574375,0.086166,4.351932584,0.086138,-0.287918204
0.041591188,-0.159304653,0.086276,9.023468425,0.086266,4.405524935,0.086238,-0.100818145
0.041622805,0.164432618,0.086376,8.767810953,0.086366,4.381221639,0.086338,-0.033453125
0.041553039,-0.082440551,0.086476,8.885513033,0.086466,4.267940921,0.086438,0.053590636
0.041580367,-0.042427174,0.086576,9.031708837,0.086566,4.279319406,0.086538,0.152296257
0.041594882,-0.070056287,0.086676,8.772477003,0.086666,4.378436216,0.086638,0.125940602
0.041612752,-0.057092934,0.086776,8.93501744,0.086766,4.296172829,0.086738,0.06536453
0.041598126,-0.180187855,0.086876,8.846356446,0.086866,4.274478131,0.086838,0.137810835
0.04160289,-0.055789029,0.086976,8.670472188,0.086966,4.187173303,0.086938,0.08867575
0.04156823,0.020836917,0.087076,9.052119375,0.087066,4.089518681,0.087038,0.080571451
0.041583637,-0.04506657,0.087176,8.900550219,0.087166,4.090063839,0.087138,0.104214871
0.041601363,0.14667313,0.087276,8.95575484,0.087266,4.399069065,0.087238,0.207319519
0.041541601,-0.119770345,0.087376,9.067088552,0.087366,4.175963346,0.087338,0.258368949
0.0416171,0.077774932,0.087476,8.958161563,0.087466,4.337717616,0.087438,0.328431417
0.041620604,-0.085308701,0.087576,8.907969787,0.087566,4.213144797,0.087538,0.264051942
0.041650272,0.185971824,0.087676,8.883907575,0.087666,4.24384025,0.087638,0.292195472
0.041591398,0.000636139,0.087776,8.823126906,0.087766,4.271319608,0.087738,0.278059436
0.041565552,0.021884627,0.087876,8.966790832,0.087866,4.235302002,0.087838,0.419107375
0.041606618,0.208453814,0.087976,8.938377062,0.087966,4.15567921,0.087938,0.358361471
0.041538277,-0.157139186,0.088076,9.085185559,0.088066,4.233824021,0.088038,0.412011894
0.041559794,-0.090968676,0.088176,9.107630333,0.088166,4.101005364,0.088138,0.422693105
0.041549154,-0.075485783,0.088276,9.030327011,0.088266,4.069141037,0.088238,0.487322268
0.041529412,-0.04083767,0.088376,9.121105662,0.088366,4.204468142,0.088338,0.432006971
0.041547152,-0.04235997,0.088476,9.276570158,0.088466,4.233737173,0.088438,0.497218015
0.041490038,0.019529404,0.088576,9.060794733,0.088566,4.241223564,0.088538,0.696530071
0.041484067,-0.037666701,0.088676,9.342256805,0.088666,4.198839361,0.088638,0.677259743
0.04153316,-0.012010043,0.088776,9.192885771,0.088766,3.983440249,0.088738,0.70215711
0.041509054,0.080963894,0.088876,9.15342787,0.088866,4.179291217,0.088838,0.742594645
0.041440257,-0.084973738,0.088976,9.310421395,0.088966,4.15983591,0.088938,0.79038968
0.041498221,0.106586539,0.089076,9.244812215,0.089066,4.000476894,0.089038,0.640210212
0.041463757,-0.161645318,0.089176,9.463244267,0.089166,4.099954463,0.089138,0.722086221
0.041441782,-0.061856532,0.089276,9.156801429,0.089266,4.015918536,0.089238,0.921661029
0.041367072,-0.166701461,0.089376,9.352312538,0.089366,3.994199749,0.089338,0.92672563
0.041410236,-0.063680372,0.089476,9.280089361,0.089466,4.108934713,0.089438,1.039568629
0.041459042,0.19264945,0.089576,9.473676178,0.089566,3.905180895,0.089538,1.035109476
0.041403065,0.134355776,0.089676,9.417057653,0.089666,4.115050168,0.089638,0.946546441
0.041369333,-0.030727937,0.089776,9.402162442,0.089766,3.822012746,0.089738,0.991731209
0.041399036,-0.02917566,0.089876,9.391322322,0.089866,4.063458525,0.089838,1.053072695
0.04138313,0.009791875,0.089976,9.543178339,0.089966,3.90806638,0.089938,1.12044807
0.041403627,0.033598886,0.090076,9.453650553,0.090066,4.053122531,0.090038,1.238092645
0.041439415,0.328465577,0.090176,9.566668777,0.090166,4.204863016,0.090138,1.29992288
0.041350109,-0.201159747,0.090276,9.650442791,0.090266,3.860511444,0.090238,1.070358088
0.041373643,-0.037733129,0.090376,9.496114511,0.090366,4.063753456,0.090338,1.34375017
0.041398225,-0.01474616,0.090476,9.597820202,0.090466,4.017631552,0.090438,1.372226414
0.041382504,-0.010536639,0.090576,9.751848892,0.090566,4.077343533,0.090538,1.48200379
0.041353698,-0.22493176,0.090676,9.78607429,0.090666,3.950794874,0.090638,1.495779351
0.041383251,0.005482626,0.090776,9.74954627,0.090766,3.852928307,0.090738,1.537244271
0.041371928,0.189524261,0.090876,9.90012312,0.090866,3.795763901,0.090838,1.568709122
0.041291472,-0.155734581,0.090976,9.841149722,0.090966,3.857239222,0.090938,1.566013473
0.041319833,-0.074142178,0.091076,9.634049087,0.091066,3.784911864,0.091038,1.590446952
0.041379064,-0.096387316,0.091176,9.873943589,0.091166,3.846518332,0.091138,1.625108375
0.041412706,0.003170725,0.091276,9.982388011,0.091266,3.844850912,0.091238,1.796927971
0.041359071,3.72E-05,0.091376,10.07366927,0.091366,3.842219374,0.091338,1.806105779
0.041328793,-0.159081352,0.091476,9.963321746,0.091466,3.682641371,0.091438,1.893775809
0.041397921,0.019873929,0.091576,10.02630696,0.091566,3.744875516,0.091538,1.880241511
0.041355443,0.029172448,0.091676,10.24947252,0.091666,3.439261419,0.091638,1.919706932
0.041282863,-0.039225868,0.091776,10.33391419,0.091766,3.532594959,0.091738,1.977461037
0.041317609,0.059651135,0.091876,9.940917488,0.091866,3.460407491,0.091838,2.074126075
0.0413309,0.01454478,0.091976,10.43514046,0.091966,3.583306022,0.091938,1.92070099
0.041287315,-0.193130464,0.092076,10.22224265,0.092066,3.425186838,0.092038,1.924894609
0.041323436,0.010081199,0.092176,10.27504209,0.092166,3.462744303,0.092138,2.089666616
0.041307993,-0.00190345,0.092276,10.31885388,0.092266,3.536791051,0.092238,2.006251973
0.041236887,-0.066172499,0.092376,10.26052611,0.092366,3.420987991,0.092338,2.208429119
0.041238896,-0.002428738,0.092476,10.32725632,0.092466,3.398177174,0.092438,2.107503286
0.041207183,-0.00936726,0.092576,10.31844347,0.092566,3.363937362,0.092538,1.985007526
0.041263669,-0.024699902,0.092676,10.28777038,0.092666,3.234436143,0.092638,2.161936368
0.041326691,0.049952893,0.092776,10.37244329,0.092766,3.438538059,0.092738,2.151325448
0.041234851,-0.120862964,0.092876,10.50202587,0.092866,3.347114141,0.092838,2.314455002
0.041160706,-0.303924032,0.092976,10.41258493,0.092966,3.471837152,0.092938,2.241256553
0.0413096,0.119492208,0.093076,10.51508562,0.093066,3.435200897,0.093038,2.264535364
0.041309499,0.120443505,0.093176,10.33883208,0.093166,3.585516857,0.093138,2.305875444
0.04119378,-0.121853258,0.093276,10.56307943,0.093266,3.325963896,0.093238,2.390210914
0.041209484,-0.032303041,0.093376,10.51327816,0.093366,3.410001692,0.093338,2.286808245
0.041231705,0.258145738,0.093476,10.49561502,0.093466,3.470740339,0.093438,2.439999446
0.041171635,-0.201567414,0.093576,10.51368068,0.093566,3.485047464,0.093538,2.356871659
0.041276478,0.095033902,0.093676,10.74007287,0.093666,3.508021698,0.093638,2.530308042
0.041285795,0.003183589,0.093776,10.63251252,0.093766,3.524876906,0.093738,2.573729362
0.041197507,-0.170729553,0.093876,10.60061018,0.093866,3.716629868,0.093838,2.57952826
0.041204247,-0.07459394,0.093976,10.50289093,0.093966,3.644221702,0.093938,2.376867015
0.041249403,0.160780814,0.094076,10.62072105,0.094066,3.703268061,0.094038,2.364008063
0.041198235,-0.066262335,0.094176,10.60685382,0.094166,3.683582857,0.094138,2.466200126
0.041241684,0.181956418,0.094276,10.80242039,0.094266,3.613670917,0.094238,2.651060805
0.041234559,-0.220878009,0.094376,10.6580693,0.094366,3.785405208,0.094338,2.355459467
0.041278165,-0.081406237,0.094476,10.75753144,0.094466,3.762770858,0.094438,2.511286148
0.041281774,0.160157082,0.094576,10.77501665,0.094566,3.744504687,0.094538,2.497265198
0.041253208,0.072064779,0.094676,11.04238508,0.094666,3.885461049,0.094638,2.404399586
0.041260975,-0.02116663,0.094776,11.07180892,0.094766,3.684362988,0.094738,2.437807939
0.041209108,-0.055885195,0.094876,11.00854015,0.094866,4.014585476,0.094838,2.239654653
0.04119543,0.097213339,0.094976,10.98333956,0.094966,3.81170725,0.094938,2.267762983
0.041232622,0.166211642,0.095076,11.28674273,0.095066,4.158551832,0.095038,2.094708198
0.041247308,-0.061834944,0.095176,11.3374925,0.095166,3.846116424,0.095138,2.195107191
0.041191788,-0.137577159,0.095276,11.26150173,0.095266,3.912253048,0.095238,2.009674462
0.041211564,-0.060875541,0.095376,11.36166374,0.095366,3.928585787,0.095338,2.076159092
0.041218191,-0.05078099,0.095476,11.57692815,0.095466,4.124122545,0.095438,1.992936144
0.041248247,0.017987852,0.095576,11.63629446,0.095566,3.870331819,0.095538,2.042161776
0.04125223,0.019884402,0.095676,11.65227362,0.095666,3.950111945,0.095638,1.984852575
0.041205839,-0.02333477,0.095776,11.71077464,0.095766,3.893398079,0.095738,1.968106152
0.04124793,0.018297132,0.095876,11.62317409,0.095866,4.063335034,0.095838,1.922124322
0.041256746,0.020827618,0.095976,11.5852027,0.095966,3.991318921,0.095938,1.972879792
0.041195544,0.01355215,0.096076,11.83262212,0.096066,4.007170978,0.096038,1.894746647
0.041224513,0.078664967,0.096176,11.94739443,0.096166,3.982286808,0.096138,1.937128415
0.041186331,-0.10297981,0.096276,11.86090711,0.096266,3.871210005,0.096238,1.817310051
0.041168081,0.041655102,0.096376,11.98076297,0.096366,3.924600865,0.096338,1.774804888
0.04114371,-0.115002676,0.096476,12.06650106,0.096466,3.989294644,0.096438,1.710611169
0.041159486,-0.02665662,0.096576,12.06673578,0.096566,4.005268759,0.096538,1.982227231
0.041197044,0.018413062,0.096676,11.92425818,0.096666,4.151487098,0.096638,1.818180062
0.041184699,-0.008664035,0.096776,12.20420428,0.096766,4.025616183,0.096738,1.709786278
0.041128583,-0.065056642,0.096876,12.22343085,0.096866,3.961287889,0.096838,1.701028107
0.041122272,0.004833428,0.096976,12.37174959,0.096966,4.053172248,0.096938,1.849739214
0.041127047,-0.139395761,0.097076,12.28818695,0.097066,4.021276347,0.097038,1.646888153
0.041141491,-0.04832873,0.097176,12.41773114,0.097166,4.200430517,0.097138,1.597502569
0.041172967,0.044594235,0.097276,12.2603898,0.097266,4.222297093,0.097238,1.666799969
0.041162443,-0.138767413,0.097376,12.62476369,0.097366,4.318537488,0.097338,1.543861398
0.041147164,-0.054742558,0.097476,12.63352491,0.097466,4.159637377,0.097438,1.39419987
0.041173266,0.051999107,0.097576,12.53567437,0.097566,4.277982518,0.097538,1.402322332
0.04115928,-0.121378021,0.097676,12.58277759,0.097666,4.476139522,0.097638,1.327844979
0.041198167,0.025063508,0.097776,12.76423796,0.097766,4.381070171,0.097738,1.084986267
0.041190739,-0.033550904,0.097876,12.46914131,0.097866,4.468891558,0.097838,1.1470234
0.04123699,0.157216341,0.097976,12.82056091,0.097966,4.510273374,0.097938,1.039716696
0.04114678,-0.141796492,0.098076,12.63748289,0.098066,4.361473274,0.098038,1.063922236
0.041163375,-0.087145072,0.098176,12.94483806,0.098166,4.414368295,0.098138,1.029933701
0.041147848,-0.104989053,0.098276,12.81457747,0.098266,4.327691346,0.098238,0.975359585
0.041147609,-0.080597549,0.098376,13.00385586,0.098366,4.273670278,0.098338,0.846608432
0.041154355,-0.007750141,0.098476,13.07006366,0.098466,4.32766688,0.098438,0.818342988
0.041100159,-0.139844418,0.098576,13.04341689,0.098566,4.342735486,0.098538,0.810507533
0.041146048,0.04022427,0.098676,13.01628766,0.098666,4.332177673,0.098638,0.670545717
0.041166511,-0.039680806,0.098776,13.1121472,0.098766,4.47353393,0.098738,0.559710622
0.041153222,-0.072220949,0.098876,13.14994289,0.098866,4.368416113,0.098838,0.59954812
0.041164181,0.066520518,0.098976,13.30335796,0.098966,4.601282523,0.098938,0.461185182
0.041133216,0.083095303,0.099076,13.15912999,0.099066,4.576999124,0.099038,0.543777208
0.041087449,-0.074551401,0.099176,13.34131746,0.099166,4.357321173,0.099138,0.48566769
0.041125697,0.181070503,0.099276,13.55671219,0.099266,4.5780368,0.099238,0.504180579
0.041127657,-0.038622952,0.099376,13.36179371,0.099366,4.446196878,0.099338,0.496825861
0.041148292,-0.018528733,0.099476,13.4841697,0.099466,4.551294035,0.099438,0.373135565
0.041074249,-0.132726312,0.099576,13.61022458,0.099566,4.64493802,0.099538,0.514969345
0.041052279,-0.123516453,0.099676,13.68075172,0.099666,4.752764804,0.099638,0.397399968
0.041064158,-0.042418533,0.099776,13.72967043,0.099766,4.719256683,0.099738,0.254602906
0.041074765,0.206148863,0.099876,13.90465103,0.099866,4.79923571,0.099838,0.317220729
0.041023367,-0.050713795,0.099976,13.78864267,0.099966,4.704607718,0.099938,0.245990369
0.04106524,-0.014620993,0.100076,14.04299379,0.100066,4.729602647,0.100038,0.232620895
0.04105541,0.105922948,0.100176,14.01594854,0.100166,4.748131272,0.100138,0.157773448
0.041065474,-0.120131598,0.100276,13.99359409,0.100266,4.659209712,0.100238,0.278964537
0.041119439,-0.00596256,0.100376,13.88987508,0.100366,4.555647657,0.100338,0.453686941
0.0410623,-0.007549288,0.100476,14.20981022,0.100466,4.796878488,0.100438,0.283226035
0.041071612,-0.00113868,0.100576,14.07158875,0.100566,4.98204369,0.100538,0.490287837
0.041100905,0.155330361,0.100676,14.34653207,0.100666,4.618054263,0.100638,0.394616742
0.041055875,-0.057725964,0.100776,14.32302517,0.100766,4.61464123,0.100738,0.483625022
0.041064374,0.030364642,0.100876,14.16979776,0.100866,4.73208729,0.100838,0.494064702
0.041092999,0.196359239,0.100976,14.29004454,0.100966,4.701300544,0.100938,0.45836318
0.041013031,0.005760754,0.101076,14.29165995,0.101066,4.58604039,0.101038,0.559559037
0.041053106,0.062526695,0.101176,14.49751352,0.101166,4.638171133,0.101138,0.746507306
0.041049578,-0.019072801,0.101276,14.63877603,0.101266,4.727923537,0.101238,0.733254932
0.040994464,-0.297043263,0.101376,14.59282332,0.101366,4.804954516,0.101338,0.781681813
0.041047404,-0.077412577,0.101476,14.68265999,0.101466,4.710074026,0.101438,0.699111213
0.041026785,-0.150477741,0.101576,14.60132464,0.101566,4.609158152,0.101538,0.814381559
0.04102401,-0.03863444,0.101676,14.68469639,0.101666,4.776825076,0.101638,0.784932208
0.041097094,0.123053009,0.101776,14.90614505,0.101766,4.708241129,0.101738,0.926551977
0.041033138,0.043217372,0.101876,14.8720254,0.101866,4.844517223,0.101838,1.007995128
0.040991758,-0.103955993,0.101976,14.92570609,0.101966,4.907960718,0.101938,1.145347549
0.041042038,0.022063809,0.102076,15.04431464,0.102066,4.946675129,0.102038,1.355979432
0.041021199,0.026295297,0.102176,15.26172844,0.102166,5.022806275,0.102138,1.12149481
0.041014167,0.197345544,0.102276,14.95679572,0.102266,5.007860679,0.102238,1.235828691
0.040989122,-0.059919722,0.099395991,3.875236543,0.102366,5.165926813,0.102338,1.458610764
0.041064868,0.09349837,0.096978719,2.016984228,0.102466,5.346507458,0.102438,1.401667258
0.041007828,-0.035478921,0.095566014,0.851345272,0.102566,5.295152121,0.102538,1.433823436
0.040971581,-0.142339436,0.094627709,0.604437362,0.102666,5.348576299,0.102638,1.643838447
0.041035278,0.228395536,0.093989583,0.316900866,0.102766,5.366499873,0.102738,1.592280822
0.041032588,0.031280249,0.093481247,0.215516949,0.102866,5.442707575,0.102838,1.700460622
0.041054727,0.072331773,0.093071791,0.207344143,0.102966,5.400050251,0.102938,1.976611248
0.04109917,0.210806036,0.092717741,0.285391804,0.103066,5.512101912,0.103038,1.832274659
0.040981727,-0.006251832,0.092400203,0.296650853,0.103166,5.351182723,0.103138,1.784513193
0.040936732,-0.16823052,0.092043173,0.027465861,0.103266,5.360704695,0.103238,1.788727443
0.041026189,-0.002519344,0.091771317,0.037813581,0.103366,5.416283776,0.103338,1.810264948
0.041048985,0.054108314,0.09153533,0.1789963,0.103466,5.36968233,0.103438,1.961158514
0.040986636,-0.070520058,0.09126413,0.136003897,0.103566,5.269435476,0.103538,2.005921956
0.041003447,-0.126930717,0.091067461,-0.025874467,0.103666,5.390961812,0.103638,2.14927114
0.041023964,-0.003710475,0.090860949,0.124117246,0.103766,5.479259184,0.103738,2.165775963
0.041037961,-0.020805802,0.090669796,0.035840601,0.103866,5.410014537,0.103838,2.124311938
0.040943148,-0.180582259,0.090592317,0.011167403,0.103966,5.466749036,0.103938,2.065681879
0.040976564,0.154717711,0.090531691,0.082670021,0.104066,5.482246797,0.104038,2.259103701
0.040978931,-0.000194507,0.090452712,-0.179123793,0.104166,5.623856822,0.104138,2.067509887
0.040981353,0.158181469,0.090422484,0.079057528,0.104266,5.573514119,0.104238,2.262814441
0.040902559,0.058483661,0.090383348,-0.052992168,0.104366,5.67434987,0.104338,2.374489298
0.04090433,0.079904646,0.090420264,0.124281298,0.104466,5.750175751,0.104438,2.560540719
0.040923852,0.117972536,0.090345898,-0.221733702,0.104566,5.738123274,0.104538,2.351599675
0.040932221,0.019856953,0.09038188,0.122893978,0.104666,5.712011408,0.104638,2.496250955
0.040951323,-0.032680539,0.090341875,-0.044079655,0.104766,5.882321333,0.104738,2.60871428
0.040951331,0.00754755,0.090316318,0.117140758,0.104866,5.849944154,0.104838,2.680102423
0.040950423,-0.064823329,0.090259803,0.003556917,0.104966,5.71723855,0.104938,2.742959011
0.04094904,0.082632618,0.090173158,0.049195054,0.105066,5.830416166,0.105038,2.671537176
0.040931241,0.061755817,0.090082167,-0.014746503,0.105166,5.926211979,0.105138,2.768955079
0.040913933,-0.232150025,0.090028425,-0.186331666,0.105266,5.863115037,0.105238,2.918945215
0.040959411,3.33E-05,0.090030458,0.145554545,0.105366,5.951360267,0.105338,2.877872128
0.040976956,0.13014886,0.08989224,-0.1447328,0.105466,5.961481447,0.105438,3.091191901
0.040907503,-0.120017935,0.089828383,0.095934461,0.105566,6.09407386,0.105538,2.973807871
0.04092762,0.031248771,0.089779146,0.104895368,0.105666,5.921274729,0.105638,3.080264575
0.040976781,0.083619576,0.089715242,0.069186134,0.105766,5.947258954,0.105738,3.037824661
0.040936728,0.039844401,0.089696428,0.244704437,0.105866,5.988395679,0.105838,3.139493334
0.040901145,-0.067993942,0.089620466,-0.095595803,0.105966,5.901684186,0.105938,3.257680167
0.040908037,-0.140535705,0.089620604,0.181679067,0.106066,5.885671054,0.106038,3.046623512
0.040902777,0.064486371,0.089532802,-0.278615184,0.106166,5.966980992,0.106138,3.098801094
0.040918167,0.081342094,0.089456852,-0.080404165,0.106266,6.070723891,0.106238,3.276065486
0.04090441,-0.020731315,0.089400734,0.020130979,0.106366,6.087200298,0.106338,3.356554541
0.040844066,-0.283429468,0.089384932,-0.130472132,0.106466,6.062612067,0.106438,3.254236125
0.040855444,0.138184385,0.089441367,0.127643728,0.106566,6.155583065,0.106538,3.379381111
0.040933564,0.055984173,0.08938971,0.099810993,0.106666,6.116986668,0.106638,3.332496066
0.040939777,0.101933829,0.089330147,-0.194894234,0.106766,5.865911961,0.106738,3.386094426
0.040869533,-0.048424468,0.089359682,0.086506201,0.106866,6.211927885,0.106838,3.229720302
0.04091122,0.039318489,0.089312115,-0.075252722,0.106966,6.094763747,0.106938,3.291254197
0.04088751,0.129166498,0.089281963,0.130223841,0.107066,6.163869001,0.107038,3.240169779
0.040839863,-0.178224692,0.089211557,-0.010638697,0.107166,6.195610743,0.107138,3.35895877
0.040904943,0.137762129,0.089155163,0.010525375,0.107266,6.149682582,0.107238,3.543632144
0.040881272,-0.072874349,0.089112539,-0.051289494,0.107366,6.135899947,0.107338,3.533980737
0.040857002,-0.062770338,0.089061972,-0.031002438,0.107466,6.206632887,0.107438,3.662449555
0.040852108,-0.107213592,0.089012589,-0.127113438,0.107566,6.102111647,0.107538,3.650390287
0.040877236,0.059957327,0.089010226,0.025782902,0.107666,6.122220746,0.107638,3.627597797
0.040793482,-0.067997047,0.089033612,0.263703635,0.107766,6.233158355,0.107738,3.602524513
0.040806464,-0.011460733,0.088972125,0.121554031,0.107866,6.234928876,0.107838,3.690274626
0.04082811,0.030334057,0.08895173,0.099199755,0.107966,6.383979429,0.107938,3.781652788
0.040878468,-0.019702407,0.088917067,0.091228842,0.108066,6.334863479,0.108038,3.788025198
0.040898351,0.095983384,0.088810857,-0.111314219,0.108166,6.385594044,0.108138,3.817245044
0.040788418,-0.162847474,0.088835619,0.041766674,0.108266,6.432525614,0.108238,3.761727107
0.04081789,-0.006884125,0.088856192,-0.050409466,0.108366,6.527294509,0.108338,3.881399006
0.040865865,0.107327561,0.088800819,0.024972338,0.108466,6.337251034,0.108438,3.757455701
0.040841729,0.030466317,0.088797696,0.069292231,0.108566,6.468197638,0.108538,3.801215245
0.040780689,-0.241414875,0.088771321,0.193666581,0.108666,6.379513974,0.108638,3.908922317
0.040797098,-0.078251083,0.088722875,0.024842058,0.108766,6.357004067,0.108738,3.970922907
0.040850509,0.08069263,0.088697083,0.179842556,0.108866,6.4938184,0.108838,3.91312857
0.040834188,0.166604307,0.088665081,-0.018350791,0.108966,6.481020026,0.108938,4.013564148
0.040836148,-0.024750763,0.088662735,0.056848944,0.109066,6.474472399,0.109038,4.03465541
0.040841754,-0.019556968,0.088675188,0.121224155,0.109166,6.771270704,0.109138,3.986033376
0.040812606,0.017376285,0.088645621,0.210760372,0.109266,6.812312369,0.109238,4.081866649
0.040758469,-0.215476175,0.088502555,0.022523627,0.109366,6.907762034,0.109338,4.104804479
0.040833926,0.001824937,0.088501087,0.021441514,0.109466,6.813406924,0.109438,4.091470223
0.040794933,-0.227244464,0.088533301,-0.058712656,0.109566,7.041902926,0.109538,4.149506888
0.040817645,0.210167493,0.088529705,0.19344259,0.109666,6.734817985,0.109638,4.153213145
0.040782905,0.067554381,0.088437072,-0.073441488,0.109766,6.65176753,0.109738,4.05150933
0.040722719,0.011000433,0.088412285,-0.066202982,0.109866,6.987269661,0.109838,4.017586542
0.040728404,-0.117279842,0.088390232,-0.055478005,0.109966,6.873071874,0.109938,3.91805425
0.040804694,-0.043312658,0.088377303,0.018252021,0.110066,6.949033598,0.110038,3.961947353
0.040783136,-0.026879211,0.088412141,0.156141925,0.110166,6.984699473,0.110138,4.179847091
0.04076152,0.022565779,0.088354878,-0.048956043,0.110266,6.885351748,0.110238,4.274089673
0.040873219,0.343291922,0.088360743,0.229228195,0.110366,6.978696332,0.110338,4.456749138
0.040815095,-0.059137744,0.088325558,-0.064367459,0.110466,7.059357434,0.110438,4.183450601
0.040789298,0.042977504,0.088355826,-0.033090296,0.110566,7.093191962,0.110538,4.109075082
0.04075606,-0.144192122,0.088311283,0.061021069,0.110666,7.278211041,0.110638,4.34219659
0.040807038,-0.036566056,0.088266643,-0.117863814,0.110766,7.117637539,0.110738,4.118115946
0.040808411,0.077876529,0.088312767,-0.027690289,0.110866,6.963707878,0.110838,4.028801138
0.040722898,0.050186635,0.088342967,0.276739652,0.110966,7.300630038,0.110938,4.037690847
0.04067771,-0.136987583,0.088286436,0.143351176,0.111066,7.248192078,0.111038,3.965181429
0.040736836,-0.072399947,0.088266542,0.023404313,0.111166,7.346819201,0.111138,4.129134551
0.04074596,-0.071498709,0.088251168,0.005878448,0.111266,7.428268534,0.111238,4.016296369
0.040762336,-0.110843467,0.088218538,-0.002452564,0.111366,7.278348533,0.111338,4.33811489
0.040790584,0.053817317,0.088166152,-0.064944178,0.111466,7.382051783,0.111438,4.236964578
0.040733239,0.01836902,0.088127896,-0.189769597,0.111566,7.370601185,0.111538,4.119642967
0.040735186,0.056372049,0.088190626,0.192811346,0.111666,7.472141781,0.111638,4.104162171
0.04069039,-0.098783066,0.088178886,-0.066590805,0.111766,7.504028958,0.111738,4.239304478
0.040635463,-0.046685555,0.088145604,-0.03937102,0.111866,7.630922416,0.111838,4.219707261
0.040686791,0.020313469,0.088178657,0.238324008,0.111966,7.528028166,0.111938,4.180965297
0.040727411,0.115306141,0.088106739,-0.190890591,0.112066,7.652648906,0.112038,4.271219527
0.040743633,0.094264341,0.088095894,-0.01777874,0.112166,7.642703627,0.112138,4.241827076
0.040694222,-0.088659552,0.08804211,-0.059967755,0.112266,7.715652443,0.112238,4.004572078
0.040678193,-0.139507143,0.088010597,0.045247816,0.112366,7.796938362,0.112338,4.200290407
0.040701565,0.119841999,0.087952361,-0.12320036,0.112466,7.762571669,0.112438,4.197578938
0.040714096,0.042800101,0.087984534,-0.03347648,0.112566,7.72342936,0.112538,4.327263419
0.040739366,0.097965612,0.087981076,0.055225471,0.112666,7.75908279,0.112638,4.16389366
0.040728337,0.014110046,0.08798401,0.012617274,0.112766,7.607515814,0.112738,4.079844024
0.040730808,0.015707247,0.087988178,0.024058527,0.112866,7.792508205,0.112838,4.057969436
0.040642764,-0.086469196,0.087988082,0.081724123,0.112966,7.747908228,0.112938,4.119392729
0.040698232,-0.010354518,0.087883292,-0.029743028,0.113066,7.830107543,0.113038,4.021250411
0.040751044,-0.030565265,0.087829876,-0.200203274,0.113166,7.776031138,0.113138,4.230734404
0.040713199,-0.029922626,0.087901379,0.079538502,0.113266,7.843217751,0.113238,3.990311314
0.040696115,0.055149146,0.087827443,0.134593244,0.113366,8.019177788,0.113338,3.978550956
0.040688175,-0.055007027,0.087864816,0.079270257,0.113466,8.101350954,0.113438,3.987842684
0.040694586,-0.045226738,0.087903101,0.12882218,0.113566,7.897312771,0.113538,3.782530779
0.040712328,-0.025123007,0.087808751,-0.071389756,0.113666,8.11242906,0.113638,3.811072059
0.040737897,0.069890403,0.087860871,0.211145564,0.113766,8.093703016,0.113738,3.705059421
0.040690695,0.039364704,0.087810496,0.02601074,0.113866,8.023941077,0.113838,3.708889025
0.040654149,-0.093412422,0.087846008,0.043546557,0.113966,8.072299317,0.113938,3.786255532
0.040705888,-0.052563848,0.087834205,0.098744805,0.114066,8.212738414,0.114038,3.856304062
0.040702668,-0.001389694,0.087774053,0.140977992,0.114166,8.204137429,0.114138,3.796434761
0.040664874,0.051104834,0.087742691,-0.04886397,0.114266,8.270897102,0.114238,3.599457642
0.040627391,-0.184345027,0.087771416,0.073479539,0.114366,8.253164139,0.114338,3.672622962
0.040650108,0.019143029,0.087764715,-0.04874828,0.114466,8.148985162,0.114438,3.510868658
0.040672592,-0.021508911,0.087807235,0.089351678,0.114566,8.306077907,0.114538,3.537157962
0.040710189,-0.093805753,0.0878121,0.109611156,0.114666,8.24292966,0.114638,3.50488158
0.040679705,-0.243303593,0.087669523,-0.371016253,0.114766,8.388696702,0.114738,3.461303854
0.040775178,0.133857645,0.087740028,-0.053384688,0.114866,8.268653859,0.114838,3.474944858
0.040692745,0.024817957,0.087700623,-0.171252692,0.114966,8.500865109,0.114938,3.286831807
0.040604733,-0.108540284,0.087698367,-0.007134752,0.115066,8.432609714,0.115038,3.228881286
0.040641961,0.050704553,0.08769964,-0.022439984,0.115166,8.544300962,0.115138,3.317760386
0.040682669,-0.128059281,0.087683841,0.052042633,0.115266,8.464530151,0.115238,3.420609057
0.040745803,0.097432173,0.087555254,-0.104765658,0.115366,8.655460526,0.115338,3.208757604
0.040710268,0.033028949,0.08759072,0.001909725,0.115466,8.409127315,0.115438,3.301824917
0.040671293,-0.159995684,0.087627669,-0.003726184,0.115566,8.699050004,0.115538,3.228399042
0.040716298,0.015956176,0.087567976,-0.02764789,0.115666,8.470390925,0.115638,3.289091633
0.040706299,0.044771422,0.087556914,0.030538438,0.115766,8.49707116,0.115738,3.31014378
0.040643479,-0.021240497,0.087560265,-0.027164271,0.115866,8.593067734,0.115838,3.258995512
0.040676797,0.055067958,0.087546154,-0.103066323,0.115966,8.476138991,0.115938,3.270855263
0.040669118,-0.006958948,0.087536883,0.121992035,0.116066,8.256421505,0.116038,3.195646599
0.040660601,0.011328306,0.087500529,0.013457011,0.116166,8.536821074,0.116138,3.050113011
0.040613985,-0.008011886,0.087472463,0.127814577,0.116266,8.385767699,0.116238,3.214513466
0.040612181,-0.014334805,0.087483272,0.085386518,0.116366,8.671712544,0.116338,3.12552481
0.040570832,-0.082321651,0.087408162,-0.276227249,0.116466,8.555471753,0.116438,3.027017119
0.040605409,0.064670853,0.087437967,0.14087837,0.116566,8.606346144,0.116538,3.126850863
0.040621212,-0.086578108,0.0873629,0.03001975,0.116666,8.437546293,0.116638,3.200236819
0.04063012,-0.069549782,0.087385683,0.245939465,0.116766,8.560110552,0.116738,3.112425572
0.040584772,0.014857565,0.087343534,-0.150883423,0.116866,8.589862135,0.116838,3.270229943
0.040616282,0.139569624,0.087389369,-0.007427059,0.116966,8.513269235,0.116938,3.165566527
0.040655016,0.087096619,0.087335031,-0.062960599,0.117066,8.782181945,0.117038,3.217879369
0.040610697,-0.04669042,0.087359073,0.159321891,0.117166,8.604956753,0.117138,3.118280469
0.040600834,0.083607356,0.087391221,0.152508557,0.117266,8.598032518,0.117238,3.189459123
0.040640374,0.046184882,0.08736954,0.06212504,0.117366,8.683484204,0.117338,3.247700741
0.040578659,-0.13717153,0.087352861,0.109848209,0.117466,8.684867168,0.117438,3.253707483
0.040607873,-0.193109419,0.087350562,0.051439798,0.117566,8.630455397,0.117538,3.155122446
0.040696466,0.043672536,0.087304769,0.006933565,0.117666,8.772198422,0.117638,3.275068108
0.040614626,0.064408308,0.087284857,-0.090525126,0.117766,8.951621117,0.117738,3.108269859
0.040586599,0.004427123,0.087305572,0.100930957,0.117866,8.909842338,0.117838,3.116199434
0.040651237,0.129001659,0.087298148,-0.028575508,0.117966,8.925172804,0.117938,3.170118153
0.04062713,0.019325571,0.087233754,-0.056362462,0.118066,8.958793757,0.118038,3.257841956
0.040607295,0.086505329,0.087229386,0.09006681,0.118166,8.86408575,0.118138,3.330795566
0.040577758,0.009071239,0.0872712,-0.10588455,0.118266,8.916130558,0.118238,3.202131995
0.040596566,0.0296558,0.087304912,0.084553922,0.118366,8.83348596,0.118338,3.232296702
0.040629056,0.00958337,0.087234835,-0.056392816,0.118466,9.132736913,0.118438,3.241669565
0.040604743,0.03710673,0.087234716,0.005829233,0.118566,9.019182892,0.118538,3.236792066
0.040556958,-0.155849336,0.087285014,0.171537855,0.118666,9.208487648,0.118638,3.48718355
0.040611819,0.074101428,0.087221153,-0.036587417,0.118766,9.147254467,0.118738,3.377472992
0.040561843,-0.116262948,0.087165323,-0.028396771,0.118866,9.248029279,0.118838,3.30021045
0.040585668,0.125015804,0.087152536,0.016316973,0.118966,9.367820813,0.118938,3.438976551
0.040560138,-0.059378217,0.087168835,0.088155332,0.119066,9.324705254,0.119038,3.524585937
0.0405763,0.221066948,0.08714357,-0.004067833,0.119166,9.353816676,0.119138,3.475650178
0.040566542,-0.061221734,0.08714853,0.05836044,0.119266,9.465508501,0.119238,3.276115776
0.040631163,0.076437797,0.087154318,0.012632145,0.119366,9.528881813,0.119338,3.559342316
0.040587006,-0.034211909,0.087087499,-0.047075389,0.119466,9.448192214,0.119438,3.564574423
0.040662036,0.074402272,0.087070237,0.01706578,0.119566,9.636272952,0.119538,3.601912725
0.040614637,-0.059077967,0.087155271,0.1493144,0.119666,9.504089649,0.119638,3.374194747
0.040539752,-0.120655364,0.087098684,-0.092606496,0.119766,9.706867273,0.119738,3.449891212
0.04052466,-0.087078154,0.087098938,0.039023915,0.119866,9.703367288,0.119838,3.672957609
0.040553561,0.104399262,0.087068292,-0.051740268,0.119966,9.676923815,0.119938,3.471663018
0.040532477,-0.039197255,0.087086788,0.051982804,0.120066,9.471637876,0.120038,3.702988907
0.040587159,0.181753653,0.087056881,-0.097179169,0.120166,9.69232039,0.120138,3.695602306
0.040517973,-0.100343013,0.086999324,-0.092876472,0.120266,9.833593642,0.120238,3.769311571
0.04053124,-0.080341881,0.087049389,0.026763458,0.120366,9.829508335,0.120338,3.89392017
0.040587022,-0.069879573,0.086975274,-0.104821777,0.120466,9.626739449,0.120438,3.900954504
0.040587044,-0.045066415,0.086912958,0.016296819,0.120566,9.601045289,0.120538,3.832636927
0.040519998,-0.013373252,0.086971074,-0.181959545,0.120666,9.998942856,0.120638,3.850854399
0.040514206,0.031720928,0.087015463,0.037365647,0.120766,9.855091959,0.120738,3.842017463
0.040536014,0.112460645,0.086999353,0.125663327,0.120866,9.97471112,0.120838,3.922491795
0.040527569,-0.0775976,0.086933915,-0.123177044,0.120966,9.970996839,0.120938,3.820378479
0.040526049,0.016163493,0.086942173,0.01728969,0.121066,10.01127801,0.121038,3.917412003
0.040553238,0.009463803,0.086972151,-0.085896331,0.121166,10.14637946,0.121138,3.743011365
0.040556088,-0.079143656,0.087002212,0.326780359,0.121266,9.964391519,0.121238,3.78703544
0.040586814,0.279668674,0.086884319,0.060017852,0.121366,10.05609023,0.121338,3.939537041
0.040493289,-0.095175966,0.086847934,-0.048992028,0.121466,10.28955775,0.121438,3.981022995
0.040516056,-0.051592086,0.086864245,-0.016533351,0.121566,10.30342533,0.121538,3.867859681
0.040555658,0.116660492,0.086861593,0.110276908,0.121666,10.36363674,0.121638,4.04613287
0.040533946,-0.033236129,0.086872606,0.160350818,0.121766,10.23760522,0.121738,3.951259777
0.040528826,-0.076101783,0.086867822,0.131893532,0.121866,10.27431266,0.121838,4.013421485
0.040583195,0.103166812,0.086781009,-0.138955028,0.121966,10.20780154,0.121938,3.952646896
0.040511619,-0.069432062,0.08683096,0.017138777,0.122066,10.29721472,0.122038,4.068698989
0.040511269,-0.080952774,0.086845014,0.052178641,0.122166,10.5542098,0.122138,4.094548608
0.040521632,0.101862952,0.086848171,0.139803516,0.122266,10.50522814,0.122238,4.054691634
0.040518626,0.007821279,0.086806335,-0.129252227,0.122366,10.40941306,0.122338,4.195867769
0.040470955,0.120366405,0.086772012,-0.144710798,0.122466,10.43269209,0.122438,4.07259865
0.040472702,-0.012395062,0.086772137,0.133411232,0.122566,10.30490111,0.122538,4.063877261
0.040499714,0.058672119,0.086754804,0.134242851,0.122666,10.38579125,0.122638,4.122053658
0.040449355,-0.106072925,0.086759658,-0.002381856,0.122766,10.38339047,0.122738,4.148756284
0.040498988,0.158729497,0.086746107,-0.167494725,0.122866,10.56838293,0.122838,4.366649418
0.04046012,-0.095226261,0.086801575,0.082328552,0.122966,10.62416195,0.122938,4.268329608
0.04046671,0.089786104,0.08679011,-0.037072852,0.123066,10.45438481,0.123038,4.201132393
0.040400839,-0.032415001,0.08675359,-0.128816146,0.123166,10.50783717,0.123138,4.171539835
0.040525801,0.250502469,0.086765934,0.142791636,0.123266,10.63500843,0.123238,4.22715117
0.040552215,0.012778296,0.086789758,0.032864962,0.123366,10.31591615,0.123338,4.405078752
0.040501802,-0.111012428,0.086786057,-0.04153122,0.123466,10.41497614,0.123438,4.386889278
0.040469237,0.070172156,0.086761893,-0.111222891,0.123566,10.49744191,0.123538,4.474923943
0.040493844,0.06070913,0.086755826,-0.050197121,0.123666,10.65184563,0.123638,4.4539044
0.040514737,-0.085203165,0.08677263,0.10653172,0.123766,10.56311037,0.123738,4.535307248
0.040477087,-0.019689759,0.086672837,-0.057454623,0.123866,10.6876954,0.123838,4.549749795
0.040410335,-0.172924041,0.086634669,-0.104789556,0.123966,10.50686106,0.123938,4.567410927
0.040442,0.024400587,0.086712472,0.118108451,0.124066,10.51390782,0.124038,4.613563921
0.040476588,0.060245838,0.086675676,-0.011560695,0.124166,10.7090446,0.124138,4.590240856
0.040491591,-0.059810569,0.086682084,-0.048904958,0.124266,10.63857046,0.124238,4.468813711
0.040539767,0.24471288,0.086744649,0.137345714,0.124366,10.79148247,0.124338,4.530101818
0.040417026,-0.10559821,0.086685145,0.027588822,0.124466,10.78084766,0.124438,4.700757886
0.04037193,-0.323789744,0.086706219,0.073031983,0.124566,10.81224848,0.124538,4.648863198
0.040461029,0.191179547,0.086671708,-0.095542238,0.124666,10.82622962,0.124638,4.689628895
0.040420277,-0.05954649,0.086685513,-0.181302368,0.124766,10.82633623,0.124738,4.627961933
0.040442302,0.005810923,0.08672887,0.147030233,0.124866,10.77260914,0.124838,4.68814085
0.040427875,0.019266874,0.086676777,0.077901044,0.124966,10.82211706,0.124938,4.55819192
0.040461565,0.168361752,0.086561251,-0.226567084,0.125066,10.94988193,0.125038,4.780976017
0.040457727,-0.123047027,0.086549605,-0.011290262,0.125166,10.98974246,0.125138,4.702699016
0.040461889,0.206178207,0.08660347,-0.00357847,0.125266,10.98900391,0.125238,4.761374405
0.04036675,-0.127528343,0.086607292,0.045696136,0.125366,11.10061721,0.125338,4.825073827
0.040423712,-0.075319172,0.086577979,-0.029630963,0.125466,11.164692,0.125438,4.842660045
0.040471116,0.017585859,0.086588155,0.1229385,0.125566,11.11876141,0.125538,4.986102802
0.040420283,-0.0557658,0.08654617,0.058172948,0.125666,11.11125348,0.125638,4.882651169
0.040390345,-0.072613239,0.086550612,-0.060611271,0.125766,11.27850595,0.125738,4.943820529
0.040421056,0.165634387,0.086554273,0.184115106,0.125866,11.15273877,0.125838,4.989457436
0.040432282,-0.04671902,0.08653515,0.054351944,0.125966,11.33669101,0.125938,4.968382834
0.040431032,-0.092290649,0.086519882,-0.029271565,0.126066,11.23105719,0.126038,5.096078039
0.040432261,-0.186346946,0.086507314,-0.027565414,0.126166,11.35487978,0.126138,5.190679671
0.040472277,0.143715662,0.086526247,0.028885144,0.126266,11.36285836,0.126238,5.255299182
0.040337019,-0.244134028,0.086488241,-0.071696281,0.126366,11.32594819,0.126338,5.121119811
0.040319596,-0.198005995,0.086459548,0.000561936,0.126466,11.19478757,0.126438,5.312606629
0.040429749,0.203065377,0.086429177,-0.062256724,0.126566,11.41312611,0.126538,5.119450672
0.040323822,-0.082841325,0.086444103,-0.082309867,0.126666,11.43971077,0.126638,5.135746489
0.040397216,0.22091622,0.086476176,0.03170107,0.126766,11.50868606,0.126738,5.24985964
0.040386038,-0.156281201,0.086426139,-0.025976192,0.126866,11.52618138,0.126838,5.199329109
0.040361704,0.017716044,0.086414368,-0.09691621,0.126966,11.46542154,0.126938,5.249186125
0.040388793,0.321136869,0.086464957,0.061418789,0.127066,11.50703461,0.127038,5.371130824
0.040374112,0.122372663,0.086404103,-0.062567173,0.127166,11.64858602,0.127138,5.238797933
0.040342176,-0.123755378,0.08638763,-0.12886207,0.127266,11.69254661,0.127238,5.106659141
0.04041608,0.278782878,0.086440499,-0.032236327,0.127366,11.57031379,0.127338,5.359930727
0.04036835,0.052493517,0.086495991,0.311044665,0.127466,11.76301463,0.127438,5.36700717
0.040393406,0.117470811,0.086368476,-0.197607864,0.127566,11.87689973,0.127538,5.495172968
0.040401116,-0.062979022,0.086472674,0.113554645,0.127666,11.65190515,0.127638,5.350054747
0.040393073,-0.102423298,0.086470562,-0.135238615,0.127766,11.65853427,0.127738,5.513498998
0.04045806,0.047937617,0.086421864,-0.03062808,0.127866,11.64855594,0.127838,5.555090647
0.040353398,-0.201785443,0.086351599,-0.107932945,0.127966,11.78098008,0.127938,5.459123813
0.040412091,0.030169879,0.086369414,-0.203825698,0.128066,11.64005832,0.128038,5.526527783
0.040383174,-0.143743984,0.086458429,0.093722909,0.128166,11.89367374,0.128138,5.596926279
0.040400959,0.085740748,0.086374266,-0.005545679,0.128266,11.68743415,0.128238,5.754777126
0.040360365,-0.177854817,0.08633572,-0.058567203,0.128366,11.81919287,0.128338,5.883205834
0.040414973,0.008970473,0.086359961,0.057433862,0.128466,11.81060558,0.128438,5.793454332
0.040415184,0.054395845,0.086394117,0.022741732,0.128566,11.81892552,0.128538,5.693212161
0.04037224,-0.013845043,0.086378508,-0.072394026,0.128666,11.89487932,0.128638,5.817573403
0.040392779,-0.052773749,0.086370356,-0.002981063,0.128766,11.75215515,0.128738,5.806687442
0.040487921,-0.022224934,0.086390299,0.005975417,0.128866,11.83793678,0.128838,5.930030241
0.040448007,-0.052842763,0.086355634,-0.032166306,0.128966,11.98786695,0.128938,5.770021048
0.04035291,-0.149037366,0.086323721,0.000609342,0.129066,11.96154665,0.129038,5.891968256
0.04040065,0.064586485,0.08632815,-0.13962815,0.129166,12.10110362,0.129138,6.002311916
0.04034095,-0.02395139,0.086357885,0.004649988,0.129266,12.03610157,0.129238,6.152813736
0.040369612,-0.001737332,0.086323864,-0.14425044,0.129366,12.3978056,0.129338,5.960434892
0.040401571,0.099040813,0.086282397,-0.190264262,0.129466,12.068095,0.129438,5.991741364
0.040345337,-0.179744901,0.086314464,-0.055739809,0.129566,12.44088678,0.129538,6.153899739
0.040349317,-0.024405523,0.08642254,0.275113507,0.129666,12.21755906,0.129638,5.993181046
0.040343524,0.022460864,0.086360005,-0.069976828,0.129766,12.40114655,0.129738,6.383199953
0.040388482,0.180833779,0.086349186,0.086656534,0.129866,12.53368411,0.129838,6.343820558
0.040337395,-0.14767867,0.08626238,-0.011773869,0.129966,12.61952222,0.129938,6.440896065
0.040356575,0.193013069,0.086257771,-0.062923257,0.130066,12.7054406,0.130038,6.222133658
0.040368269,0.048053813,0.086306639,0.150208106,0.130166,12.44744644,0.130138,6.335926662
0.040342249,-0.224680149,0.086208611,-0.147094735,0.130266,12.67611914,0.130238,6.314591085
0.04030788,-0.130246411,0.086286456,0.085222011,0.130366,12.63085799,0.130338,6.384122634
0.040293428,0.024906045,0.086279584,-0.031503976,0.130466,12.55996697,0.130438,6.469110745
0.040262755,0.053508734,0.086350035,0.221570591,0.130566,12.73215413,0.130538,6.704587788
0.040268017,-0.125416928,0.086280197,0.090790518,0.130666,12.59900522,0.130638,6.362989728
0.040333294,-0.061953052,0.086206092,-0.083038075,0.130766,12.67998179,0.130738,6.429947211
0.04035768,0.169029918,0.086214352,0.051866518,0.130866,12.67315802,0.130838,6.529877687
0.040263775,0.041674165,0.086211138,-0.075375652,0.130966,12.59253884,0.130938,6.500288452
0.040279265,-0.071619577,0.086213362,-0.019230118,0.131066,12.77567648,0.131038,6.490319603
0.040268466,-0.020643756,0.086224987,0.036033844,0.131166,12.86003997,0.131138,6.563166728
0.040290161,0.042742066,0.086221833,-0.027017737,0.131266,12.88348399,0.131238,6.753940287
0.040320829,-0.061229999,0.086216948,-0.01082452,0.131366,13.00859117,0.131338,6.707826672
0.040299347,0.00449034,0.086194863,0.120543428,0.131466,13.00400833,0.131438,6.692503078
0.040282053,0.138128904,0.086101329,-0.150506574,0.131566,13.13984876,0.131538,6.780115529
0.040332938,0.274337431,0.086149845,0.065120402,0.131666,13.19021848,0.131638,6.824923892
0.040305988,-0.013695999,0.086172499,0.102993606,0.131766,13.32336491,0.131738,6.942288101
0.040287766,0.019517867,0.086103525,-0.124644633,0.131866,13.19102213,0.131838,6.865277637
0.040308298,-0.021973556,0.086129958,-0.064888388,0.131966,13.46319746,0.131938,6.906484439
0.040288685,-0.097135311,0.086197628,0.216360893,0.132066,13.33702569,0.132038,6.870302402
0.040266927,-0.184670989,0.086149184,-0.186020416,0.132166,13.40366824,0.132138,7.05185378
0.040274568,-0.087633373,0.086171662,0.095153305,0.132266,13.53823153,0.132238,6.858031383
0.040274051,0.038287808,0.086114845,-0.060063748,0.132366,13.67050069,0.132338,7.036214382
0.040253955,-0.010030938,0.086135456,-0.023182977,0.132466,13.72758981,0.132438,6.98224545
0.040344511,0.231163876,0.086172327,0.126996236,0.132566,13.74242978,0.132538,6.945142413
0.040263705,0.00926506,0.086151713,0.037579185,0.132666,13.63228998,0.132638,6.961792824
0.040299197,0.057142634,0.08617579,-0.02449442,0.132766,13.85960833,0.132738,7.009322268
0.04030708,-0.034596198,0.086181204,-0.098769344,0.132866,14.10168956,0.132838,7.135138325
0.040278092,0.07681609,0.08615501,0.086578301,0.132966,14.02404109,0.132938,7.298460167
0.040237995,-0.131984024,0.086148438,0.012831774,0.133066,13.91478184,0.133038,7.310299833
0.040280684,0.1800303,0.086140348,-0.005721115,0.133166,13.86000461,0.133138,7.13053373
0.040254474,-0.092063454,0.086161674,-0.062229694,0.133266,14.03092505,0.133238,7.203121354
0.040321301,0.16733671,0.086163718,-0.057003587,0.133366,13.96178305,0.133338,7.161452994
0.040288714,0.067360534,0.086185267,0.00585256,0.133466,14.16631534,0.133438,7.175265999
0.040242331,-0.073413027,0.086071786,-0.093693967,0.133566,14.12952104,0.133538,7.228391712
0.040299925,0.089132424,0.086009326,-0.156524492,0.133666,14.44269522,0.133638,7.371526103
0.040309666,-0.049297512,0.086072229,-0.044177348,0.133766,14.32991485,0.133738,7.338743994
0.040332074,0.049612068,0.086107015,0.051533172,0.133866,14.21981616,0.133838,7.385124852
0.040311486,-0.064742273,0.086088056,-0.202094019,0.133966,14.47004289,0.133938,7.77096078
0.04027499,-0.072649493,0.086117351,-0.099380924,0.134066,14.49815478,0.134038,7.589794663
0.040269894,-0.113869457,0.086175265,0.083880747,0.134166,14.18919368,0.134138,7.714385044
0.040271488,-0.039930754,0.086129201,-0.073928797,0.134266,14.36710178,0.134238,7.598577583
0.040255066,-0.0186179,0.086094507,-0.08338924,0.134366,14.6140485,0.134338,7.743116418
0.040251036,-0.041867395,0.086106152,0.030908973,0.134466,14.48229945,0.134438,7.698522942
0.040280386,0.15353545,0.086119779,-0.07280671,0.134566,14.62613118,0.134538,7.620924996
0.040191649,-0.134899419,0.086074633,-0.143463346,0.134666,14.52768929,0.134638,7.91300622
0.040249639,0.18453472,0.086081115,-0.00295858,0.134766,14.65168406,0.134738,7.9896756
0.040275978,0.017318925,0.086062693,0.009297919,0.134866,14.6976869,0.134838,7.932527753
0.040272882,-0.14470464,0.086094182,0.125578945,0.134966,14.59630371,0.134938,7.854486488
0.040252294,0.060673292,0.086049812,-0.018150327,0.135066,14.95519647,0.135038,7.893633045
0.040232104,-0.097512999,0.08608762,0.108575619,0.135166,14.9243002,0.135138,7.837926861
0.040339202,0.17516162,0.086084435,0.048902013,0.135266,14.75197153,0.135238,8.141079129
0.040275245,-0.034364331,0.086126491,-0.062467609,0.135366,14.91654522,0.135338,8.030022854
0.040211287,-0.010767458,0.08607618,0.010854792,0.135466,14.99873375,0.135438,8.250421543
0.040255989,-0.016980943,0.086036377,-0.075888767,0.135566,15.07400514,0.135538,8.204010544
0.040244536,-0.070368222,0.086037157,0.082441413,0.135666,15.06085859,0.135638,8.132474584
0.040265507,0.065917362,0.086043449,0.053436212,0.135766,15.01884524,0.135738,8.404739284
0.040261502,0.029793959,0.086049641,-0.014518054,0.135866,15.0422339,0.135838,8.487900205
0.040280075,0.066974369,0.086072954,0.075011735,0.135966,15.05919275,0.135938,8.517908969
0.040244778,0.028754648,0.086060448,-0.002589655,0.136066,15.11794183,0.136038,8.497511608
0.04022505,-0.119996638,0.086046359,-0.085475195,0.136166,15.0012562,0.136138,8.332141052
0.040270678,0.018181583,0.086044847,0.036568448,0.136266,15.17056113,0.136238,8.414144299
0.040251573,-0.021247509,0.085961573,0.011845145,0.136366,15.30658827,0.136338,8.432616147
0.040203101,-0.209112324,0.085970664,0.099347478,0.136466,15.4209351,0.136438,8.539779113
0.040290487,0.151348215,0.085986147,0.167252688,0.136566,15.40041933,0.136538,8.49276969
0.040243581,0.067861701,0.085925891,-0.186386369,0.136666,15.3514433,0.136638,8.520448391
0.040250974,0.021282273,0.085984744,0.097202745,0.136766,15.60679816,0.136738,8.586816675
0.040210503,-0.031307456,0.085938746,0.003296497,0.136866,15.48907942,0.136838,8.633092457
0.040224075,0.0856876,0.085956956,0.090581915,0.136966,15.70444363,0.136938,8.538457123
0.040248763,0.037919171,0.085957637,-0.030440872,0.137066,15.60539038,0.137038,8.50267277
0.04024767,-0.064631346,0.085960247,0.190106209,0.137166,15.61062832,0.137138,8.66675767
0.040207608,0.058843556,0.085937413,0.028368497,0.137266,15.58703378,0.137238,8.542631059
,,0.085922128,-0.031300417,0.137366,15.70036909,0.137338,8.609123932
,,0.085908488,-0.011774124,0.137466,15.8778416,0.137438,8.595270778
,,0.085906911,0.061100705,0.137566,15.9187153,0.137538,8.676829507
,,0.085845538,-0.191055432,0.137666,15.90308626,0.137638,8.74893005
,,0.08590314,-0.053731678,0.137766,16.03347199,0.137738,8.654639746
,,0.085914748,-0.16974134,0.137866,15.96629273,0.137838,8.755401549
,,0.085908995,-0.023476689,0.137966,16.06266507,0.137938,8.89125148
,,0.085893551,-0.015183014,0.138066,16.17969651,0.138038,8.897657277
,,0.08589557,0.164366286,0.138166,16.20076577,0.138138,8.965188432
,,0.085822152,-0.072586776,0.138266,16.35608739,0.138238,8.869570338
,,0.085856398,-0.024216512,0.138366,16.27945463,0.138338,8.957850649
,,0.085883595,0.036490002,0.138466,16.37393552,0.138438,9.19034839
,,0.085888549,0.049542478,0.138566,16.52961507,0.138538,9.256908254
,,0.085889528,0.003769654,0.138666,16.55852193,0.138638,9.357532938
,,0.085874564,-0.188063229,0.138766,16.53463292,0.138738,9.229733838
,,0.085891161,-0.180341378,0.138866,16.61728311,0.138838,9.239514634
,,0.085905062,0.087340526,0.138966,16.72948839,0.138938,9.492059215
,,0.085852631,0.058385267,0.139066,16.96431118,0.139038,9.377377712
,,0.085866694,0.132282565,0.139166,16.65726322,0.139138,9.434178186
,,0.085892933,-0.084394555,0.139266,16.84392329,0.139238,9.465891415
,,0.085924257,0.258651944,0.139366,16.80979104,0.139338,9.409626618
,,0.085840708,-0.113430782,0.139466,16.89139622,0.139438,9.399502727
,,0.085886466,0.176366609,0.139566,16.93356657,0.139538,9.569987935
,,0.085951987,0.17583015,0.139666,17.18321177,0.139638,9.38818227
,,0.08586345,-0.178682179,0.139766,16.96992875,0.139738,9.708145575
,,0.085799707,-0.085467571,0.139866,17.15752911,0.139838,9.633683139
,,0.085781597,-0.049941096,0.139966,17.02471746,0.139938,9.579516812
,,0.085799004,-0.109934076,0.140066,17.05429834,0.140038,9.664338755
,,0.085842366,-0.021036244,0.140166,17.29708402,0.140138,9.603426394
,,0.085831611,0.007572598,0.140266,17.30509171,0.140238,9.763097814
,,0.085806251,0.038720534,0.140366,17.24141407,0.140338,9.645175666
,,0.08571014,-0.13101248,0.140466,17.3015595,0.140438,9.727229121
,,0.085809295,0.321321066,0.140566,17.52718675,0.140538,9.712337933
,,0.085772654,0.002640139,0.140666,17.30207344,0.140638,9.697133
,,0.085773765,-0.02662973,0.140766,17.41360664,0.140738,9.748445079
,,0.08576101,-0.258833865,0.140866,17.47477692,0.140838,9.868756964
,,0.08575519,0.040086223,0.140966,17.19866703,0.140938,9.894777532
,,0.085731846,0.007141977,0.141066,17.45186233,0.141038,9.862069615
,,0.085843647,0.166163454,0.141166,17.35368249,0.141138,10.03245239
,,0.085846373,0.091276899,0.141266,17.44851756,0.141238,10.02607636
,,0.085761112,-0.02982605,0.141366,17.53633712,0.141338,10.07010171
,,0.08581281,0.08710305,0.141466,17.67614875,0.141438,10.00263671
,,0.085823591,-0.058277688,0.141566,17.7721649,0.141538,9.908882177
,,0.085845161,0.070367426,0.141666,17.70886827,0.141638,10.23150894
,,0.085758893,-0.042697782,0.141766,17.47658969,0.141738,9.845771005
,,0.085738625,0.013610689,0.141866,17.75184406,0.141838,10.10492083
,,0.085767569,0.027567082,0.141966,17.64150165,0.141938,9.876922965
,,0.085786381,0.108555283,0.142066,18.04879237,0.142038,10.2061507
,,0.085782018,0.041615416,0.142166,17.78816859,0.142138,10.12077155
,,0.085847144,-0.037236958,0.142266,17.99209253,0.142238,10.0575041
,,0.085863824,0.141425447,0.142366,18.04013237,0.142338,10.19862683
,,0.085782938,-0.180292171,0.142466,18.0818266,0.142438,9.975181972
,,0.085801042,0.21034627,0.142566,18.1983208,0.142538,10.11441082
,,0.08579641,0.002894332,0.142666,18.02381583,0.142638,10.26670464
,,0.085836484,0.077852379,0.142766,18.2292829,0.142738,10.1415513
,,0.085772093,-0.127487482,0.142866,18.05383991,0.142838,10.35221879
,,0.085777459,0.137596744,0.142966,18.37514354,0.142938,10.29432291
,,0.085744038,-0.101215382,0.143066,18.17737889,0.143038,10.33674043
,,0.085747969,-0.070133582,0.143166,18.25935074,0.143138,10.29879011
,,0.085789005,0.265513525,0.143266,18.51539505,0.143238,10.37449907
,,0.085767637,0.215934957,0.143366,18.42951056,0.143338,10.48442024
,,0.085668044,-0.160305913,0.143466,18.48651911,0.143438,10.38208902
,,0.085686269,-0.233168144,0.143566,18.41041882,0.143538,10.44234241
,,0.085713494,0.043437752,0.143666,18.61287209,0.143638,10.54560623
,,0.085699823,0.042204134,0.143766,18.859789,0.143738,10.50272995
,,0.085668469,-0.113387511,0.143866,18.76745488,0.143838,10.57429414
,,0.085695566,-0.065160237,0.143966,18.86193176,0.143938,10.73262062
,,0.085708767,0.112175373,0.144066,18.78977249,0.144038,10.44891705
,,0.085642419,-0.112090799,0.141413866,5.599093498,0.144138,10.71572026
,,0.085691912,0.154522639,0.138827214,3.027773895,0.144238,10.68389144
,,0.085649711,0.108486156,0.137200238,1.496302091,0.144338,10.55996728
,,0.085634755,-0.210645226,0.136089261,0.942889479,0.144438,10.64822277
,,0.085711767,-0.023638334,0.13525868,0.812271461,0.144538,10.6194033
,,0.085647185,-0.107697672,0.134567141,0.533134918,0.144638,10.60842478
,,0.085688101,0.088399365,0.134004832,0.429015534,0.144738,10.75787193
,,0.085651221,-0.172979398,0.133398909,0.400409086,0.144838,10.76980465
,,0.085656733,0.086326702,0.13288967,0.269892517,0.144938,10.81757036
,,0.085628074,0.075502245,0.132465691,0.336806586,0.145038,1.06E+01
,,0.085604359,-0.106238605,0.132035586,0.208885211,0.145138,10.74798454
,,0.085682357,0.036290135,0.131598471,0.209227789,0.145238,10.91384896
,,0.085667214,-0.004210175,0.131206157,0.224335888,0.145338,10.86155209
,,0.085623537,-0.068282445,0.130839858,0.192430067,0.145438,10.87329846
,,0.085580205,0.044977767,0.130533925,0.228573539,0.145538,10.9756029
,,0.085537715,0.112941542,0.130231463,-0.227748534,0.145638,10.97586826
,,0.085641567,0.059796098,0.130025629,-0.110397611,0.145738,10.98762838
,,0.085669993,-0.078055896,0.129876085,0.107780501,0.145838,11.10010526
,,0.085614023,-0.039044435,0.129723579,0.09183631,0.145938,11.1193696
,,0.085571103,-0.298186142,0.12963622,-0.071042167,0.146038,11.2104232
,,0.085643253,0.232690953,0.129600612,0.019129867,0.146138,11.18418815
,,0.085609027,-0.170155331,0.129588834,0.081577608,0.146238,11.07600625
,,0.085626653,-0.081603064,0.129491683,0.020907725,0.146338,11.00891793
,,0.085570173,-0.020982855,0.129418505,-0.036928963,0.146438,11.21955215
,,0.085623992,-0.013570726,0.129460526,0.14139234,0.146538,11.31546242
,,0.08562372,-0.038032754,0.129436454,0.088293673,0.146638,11.24417878
,,0.085581092,-0.23234577,0.129414309,0.101957652,0.146738,11.29214982
,,0.085601716,0.043602188,0.129339722,-0.208330123,0.146838,11.10815961
,,0.085572816,0.061196454,0.129334518,0.097138944,0.146938,11.35256752
,,0.085546687,-0.088979644,0.129287449,0.266279906,0.147038,11.30410927
,,0.085557431,-0.013890965,0.129156533,-0.058540004,0.147138,11.55721897
,,0.085533391,0.010023082,0.129145835,0.24168225,0.147238,11.49676179
,,0.085572762,0.09889488,0.129047344,-0.243400178,0.147338,11.42765795
,,0.085560576,0.045268774,0.128963592,0.04117381,0.147438,11.33699168
,,0.085525229,0.012188791,0.128859484,-0.026644747,0.147538,11.33924437
,,0.085587547,0.150829612,0.12886081,0.173059612,0.147638,11.45050923
,,0.085631179,0.018160155,0.128740644,-0.086731154,0.147738,11.51888218
,,0.085543902,-0.028415374,0.12870623,0.08682289,0.147838,11.55323499
,,0.085500471,-0.141631823,0.128599116,0.009574228,0.147938,11.44375854
,,0.085569776,0.031475359,0.128536722,-0.046740204,0.148038,11.67974223
,,0.085567725,0.094459913,0.128506311,0.09733396,0.148138,11.89539497
,,0.085537406,-0.006690213,0.128458266,-0.039003784,0.148238,11.94171815
,,0.085497138,-0.086682226,0.128389672,-0.156275499,0.148338,11.91312447
,,0.085538925,-0.026483183,0.128313863,0.217024575,0.148438,11.80008973
,,0.085536749,-0.03960885,0.128275612,0.131000143,0.148538,11.95087032
,,0.08553938,0.049059862,0.128258924,0.14563715,0.148638,11.9916734
,,0.085562505,0.081210422,0.128156803,0.170350709,0.148738,12.09852067
,,0.085518461,-0.015860835,0.12810187,0.022685531,0.148838,12.2285178
,,0.085531093,-0.11613184,0.128067117,-0.040243513,0.148938,12.19174969
,,0.085521205,0.071162553,0.128060862,0.001219118,0.149038,12.70801308
,,0.085468365,0.128535114,0.128012064,-0.168341507,0.149138,12.42523615
,,0.085504866,0.128120379,0.128021927,0.023277652,0.149238,12.31023144
,,0.085501286,0.015295304,0.127948837,-0.040340373,0.149338,12.58578993
,,0.085432548,-0.289425683,0.127954554,0.163158577,0.149438,12.37861057
,,0.085549175,0.198941925,0.127887042,0.08449097,0.149538,12.32574084
,,0.085547032,0.107720898,0.127838618,-0.054084113,0.149638,12.56170266
,,0.085531183,0.159243369,0.127838943,-0.072267018,0.149738,12.34965981
,,0.085437294,-0.127905832,0.127846593,-0.124199137,0.149838,12.42482173
,,0.085511484,-0.060625199,0.127807877,0.074489617,0.149938,12.57010075
,,0.085581686,0.122107567,0.127802852,0.145326205,0.150038,12.69413683
,,0.085534538,0.020083633,0.127728291,-0.194710291,0.150138,12.58444796
,,0.085504896,0.055056955,0.127755767,-0.121674824,0.150238,12.57764104
,,0.085467706,-0.174170865,0.127693343,-0.226304505,0.150338,12.41487505
,,0.085554405,-0.021561273,0.127658345,0.047074387,0.150438,12.72843036
,,0.085526297,-0.034214522,0.127636887,0.389868335,0.150538,12.69472559
,,0.085429703,-0.086143551,0.127513572,0.02891067,0.150638,12.79479269
,,0.085456753,0.146427116,0.127531761,-0.067532714,0.150738,12.82025118
,,0.085524659,0.063848208,0.127578504,0.132859943,0.150838,12.82623064
,,0.085537805,0.038202765,0.127501761,-0.107915655,0.150938,13.00914678
,,0.085470791,-0.11008869,0.127497478,0.192194732,0.151038,12.92310598
,,0.085469805,0.062102474,0.127430654,-0.205451575,0.151138,12.95512757
,,0.085391524,-0.050207688,0.127423792,0.015262561,0.151238,13.00050319
,,0.085343986,-0.12695154,0.127372015,-0.123940081,0.151338,12.94144568
,,0.085419229,-0.056599751,0.12733485,-0.071065397,0.151438,13.0105997
,,0.085524205,0.121533138,0.127296514,-0.100156451,0.151538,12.96142572
,,0.08546599,0.012195723,0.127246851,0.136188378,0.151638,13.08346646
,,0.08543039,-0.090022095,0.127239305,0.076549239,0.151738,13.23399099
,,0.085455053,-0.059810356,0.127181211,-0.046143424,0.151838,13.27769977
,,0.085390063,-0.124286021,0.127199688,-0.086030768,0.151938,13.19602913
,,0.08534135,-0.081300624,0.127211086,-0.091493498,0.152038,13.33155405
,,0.085391137,0.103325212,0.127185437,0.112905947,0.152138,13.23252286
,,0.085398944,-0.029655704,0.127097691,-0.046539263,0.152238,13.28605344
,,0.08543226,0.074568442,0.127102545,0.035154534,0.152338,13.54220083
,,0.085402586,0.069106699,0.127079998,-0.04092452,0.152438,13.34876718
,,0.0854397,0.235478034,0.127032186,-0.050525738,0.152538,13.64005283
,,0.085433509,0.060697905,0.127031763,-0.026572875,0.152638,13.69802619
,,0.085425904,-0.097535376,0.127028674,-0.050056185,0.152738,13.53582668
,,0.085436585,0.166986418,0.127019836,-0.015237255,0.152838,13.49794151
,,0.085338053,-0.134184572,0.127028001,0.153258884,0.152938,13.53600892
,,0.085367077,0.099193353,0.126943915,-0.103663875,0.153038,13.59129413
,,0.085318359,0.109859971,0.126920556,-0.003773557,0.153138,13.77103222
,,0.085293531,-0.111961258,0.126877469,-0.134847835,0.153238,13.73642758
,,0.085350191,0.037941297,0.126927899,0.102900824,0.153338,13.77733531
,,0.085374559,0.110563452,0.126942362,-0.076253048,0.153438,13.8543661
,,0.085345651,0.022715531,0.126965922,0.11269423,0.153538,13.82202319
,,0.085348635,-0.096559132,0.126889902,0.097725715,0.153638,13.89989403
,,0.085398432,0.100663678,0.126793818,0.061895094,0.153738,14.01914805
,,0.085358804,0.0219464,0.126790863,-0.067095168,0.153838,13.98451403
,,0.08529408,-0.17524971,0.126766347,0.076069419,0.153938,14.03422744
,,0.085351192,0.013239503,0.126730128,0.128732343,0.154038,14.12745586
,,0.085336805,-0.055342722,0.126721231,-0.090271973,0.154138,14.21399289
,,0.08533368,-0.160289572,0.126694369,-0.203784601,0.154238,14.29102933
,,0.08541657,0.210782933,0.126704779,-0.011199953,0.154338,14.1701926
,,0.085314094,-0.290437005,0.126656006,0.029402099,0.154438,14.13655231
,,0.085309218,-0.092268458,0.126620681,-0.102973534,0.154538,14.25055087
,,0.085312624,0.036655413,0.126602938,-0.034422814,0.154638,14.30161766
,,0.085306613,-0.025102308,0.126601835,-0.054540409,0.154738,14.51787634
,,0.085248548,-0.194482159,0.126599137,-0.05878899,0.154838,14.37299608
,,0.085345804,0.110523883,0.126588498,0.040409252,0.154938,14.39986223
,,0.085397793,-0.029692007,0.12655137,-0.069360465,0.155038,14.44471454
,,0.085317798,-0.04597521,0.126492341,-0.181686051,0.155138,14.52352818
,,0.08526722,-0.142708961,0.126547362,0.154173746,0.155238,14.56324573
,,0.085332364,0.103810222,0.126504849,-0.049905712,0.155338,14.44493292
,,0.085359717,0.03093725,0.126527497,-0.027200689,0.155438,14.46513238
,,0.085327224,0.036615896,0.126464926,-0.073587745,0.155538,14.56975049
,,0.085300321,-0.124985369,0.126461809,0.10311255,0.155638,14.61169295
,,0.085364159,0.169893773,0.126408398,-0.094499338,0.155738,14.5863856
,,0.085365737,-0.025997604,0.126381111,0.082263768,0.155838,14.76726188
,,0.08535641,0.117845025,0.126347317,-0.034893339,0.155938,14.7098693
,,0.085265403,-0.220757112,0.126336852,-0.040829611,0.156038,14.92521948
,,0.085295026,-0.102242345,0.126310087,-0.091639047,0.156138,14.71067423
,,0.08534484,0.072536169,0.126292973,-0.063537395,0.156238,14.97071439
,,0.085317162,-0.032718156,0.126333364,0.196873623,0.156338,15.1203576
,,0.085310646,0.055065331,0.126256285,-0.075262802,0.156438,15.02633538
,,0.085314519,0.187464152,0.126323275,0.235837204,0.156538,14.99590225
,,0.085258886,0.028278404,0.12626877,-0.058375538,0.156638,15.20681176
,,0.085218413,-0.137667002,0.126250232,-0.14109604,0.156738,15.17420985
,,0.085272887,0.165520146,0.126245816,-0.04220178,0.156838,15.25082141
,,0.085294781,0.104106493,0.126200284,-0.053099628,0.156938,15.31744672
,,0.08528893,0.188213311,0.126233715,0.021496825,0.157038,15.34056507
,,0.085243535,-0.054986103,0.126280504,-0.047511887,0.157138,15.43608517
,,0.085285142,0.090861216,0.126260761,0.161383363,0.157238,15.3856403
,,0.085216045,0.056707225,0.126113755,-0.077405647,0.157338,15.38020785
,,0.085221557,0.059383352,0.126130342,-0.093831715,0.157438,15.62404865
,,0.085254172,-0.013615499,0.126243019,0.130582125,0.157538,15.56936964
,,0.085258398,0.019307688,0.126175979,-0.015206789,0.157638,15.73881362
,,0.085265302,-0.099673815,0.126177824,-0.154332728,0.157738,15.50500047
,,0.085333234,0.192757646,0.126158525,-0.060905746,0.157838,15.71724746
,,0.085270054,-0.093101515,0.126120771,-0.001066349,0.157938,15.77680804
,,0.085255851,-0.016629028,0.126109993,0.026396102,0.158038,15.76682379
,,0.085288075,0.10947539,0.126050387,-0.111167358,0.158138,15.84037571
,,0.085247831,-0.208225476,0.126051497,0.037579044,0.158238,15.95470476
,,0.085290085,0.059414634,0.12601418,0.209579153,0.158338,15.84351891
,,0.085240438,0.08852053,0.125934891,-0.010460891,0.158438,15.91653483
,,0.085242887,0.101659103,0.125928003,-0.069494808,0.158538,15.89021082
,,0.085214664,0.045779387,0.125919344,0.035609703,0.158638,15.93098428
,,0.085214367,0.053758864,0.125906714,-0.024079527,0.158738,15.82161727
,,0.085263327,0.037390375,0.125873789,-0.105417,0.158838,15.96002085
,,0.085278796,0.08595627,0.125869723,0.204515416,0.158938,16.03343513
,,0.085252551,0.004134277,0.125890761,0.142962562,0.159038,16.28885163
,,0.085260008,-0.126054189,0.125890431,-0.036231799,0.159138,16.31238051
,,0.085272355,0.081042457,0.125943386,0.059642012,0.159238,16.20834731
,,0.085237747,-0.081500553,0.125864751,-0.111924066,0.159338,16.07698554
,,0.08522951,0.094891862,0.125827062,0.027037308,0.159438,16.38476574
,,0.085246841,-0.034799174,0.125867924,0.020686944,0.159538,16.21945323
,,0.085302293,0.050768553,0.125842931,-0.02489208,0.159638,16.19898931
,,0.085215842,-0.145541683,0.125779897,0.015572921,0.159738,16.30279889
,,0.085222851,-0.074954456,0.125811953,0.097347067,0.159838,16.29526526
,,0.0851985,-0.030899286,0.125731371,-0.180095458,0.159938,16.46037249
,,0.08518253,0.152829223,0.125699504,-0.096996771,0.160038,16.40106751
,,0.085187754,-0.005248018,0.125683427,-0.08739419,0.160138,16.5373816
,,0.085191417,0.168344681,0.125739207,0.089625643,0.160238,16.4658627
,,0.085188553,0.094996339,0.125716608,0.011793734,0.160338,16.54354608
,,0.08519536,-0.172935086,0.125690433,0.028030857,0.160438,16.68653905
,,0.085186663,0.088211102,0.125705427,0.107276814,0.160538,16.51071732
,,0.085111484,-0.037595019,0.125672211,-0.054783699,0.160638,16.48287681
,,0.085136388,-0.06687575,0.125593942,-0.176742215,0.160738,16.75267668
,,0.0851524,0.160850186,0.125561778,-0.049150902,0.160838,16.8396863
,,0.085165089,-0.02531008,0.125611457,0.163727721,0.160938,16.68385534
,,0.085197788,-0.073497523,0.125587177,-0.092392706,0.161038,16.82658366
,,0.085196944,0.06094782,0.125566664,-0.093556937,0.161138,16.98273295
,,0.085199857,-0.041488391,0.125572596,0.007304884,0.161238,17.01046853
,,0.085163198,-0.065665772,0.125560415,-0.154416857,0.161338,16.9877376
,,0.085160306,0.289952648,0.125583081,-0.067902952,0.161438,16.80618
,,0.085131714,0.029814007,0.125494633,-0.18308934,0.161538,16.66560602
,,0.085167964,-0.033332213,0.125553436,0.181105242,0.161638,16.66589265
,,0.085166142,-0.082074725,0.125476347,0.004263616,0.161738,16.98748705
,,0.085141451,0.042801997,0.125454226,0.018975382,0.161838,16.86451774
,,0.085122667,-0.005527301,0.125438543,0.038753215,0.161938,17.07672765
,,0.085141961,0.075784903,0.125432295,-0.128412185,0.162038,16.98228634
,,0.085210203,0.095750696,0.125457714,-0.030630856,0.162138,17.0189509
,,0.085217174,0.026782006,0.125463913,0.032568751,0.162238,17.27158256
,,0.08517893,0.001969889,0.125407409,-0.23014498,0.162338,17.04981159
,,0.085170422,0.010995675,0.125379526,-0.238889463,0.162438,17.15827024
,,0.085133632,-0.135419189,0.125423321,0.095180273,0.162538,17.26572964
,,0.08514311,-0.076455811,0.125417628,0.02237188,0.162638,17.09695379
,,0.085200181,0.079054901,0.125433273,0.075781966,0.162738,17.28271029
,,0.085166606,-0.132971008,0.125288054,-0.250285201,0.162838,17.34777214
,,0.085183017,0.02844456,0.125269282,0.044344963,0.162938,17.19888115
,,0.085130192,-0.019010617,0.125280831,-0.05247531,0.163038,17.28886361
,,0.085122367,-0.025627648,0.125315898,0.177598063,0.163138,17.37685509
,,0.085160219,0.027100787,0.125348,0.070582578,0.163238,17.35516366
,,0.085103829,0.01643268,0.125341314,-0.037803458,0.163338,17.53669404
,,0.085045186,-0.083435385,0.125344609,0.060149955,0.163438,17.47351546
,,0.085078031,-0.071772656,0.12530187,-0.20044339,0.163538,17.39605449
,,0.085087553,0.051547909,0.125337716,0.092920672,0.163638,17.39640672
,,0.085037907,0.081305754,0.125258163,0.114756559,0.163738,17.47757075
,,0.085098179,0.023136519,0.125269972,0.090661778,0.163838,17.59835395
,,0.085141791,0.144155222,0.125270039,0.028780975,0.163938,17.44650744
,,0.085098779,-0.075174483,0.125249933,-0.146247898,0.164038,17.51417748
,,0.085049209,-0.158328498,0.125293663,0.097989007,0.164138,17.63635589
,,0.085070552,-0.022029834,0.125251766,0.146182576,0.164238,17.38425455
,,0.085114797,0.137569942,0.12520648,0.025603995,0.164338,17.54590865
,,0.085077386,-0.19025618,0.125250385,-0.056216228,0.164438,17.60677879
,,0.085081479,-0.081497777,0.125266609,-0.078687047,0.164538,17.51164156
,,0.085089514,-0.133248507,0.125255202,0.06585845,0.164638,17.55278266
,,0.085055828,-0.050738037,0.125252001,0.096202594,0.164738,17.62874759
,,0.085044447,0.015614497,0.125209934,-0.045060742,0.164838,17.66969786
,,0.085058176,-0.088201991,0.125176828,0.01710298,0.164938,17.72908573
,,0.085073557,-0.040012214,0.125198587,-0.100932071,0.165038,17.89833533
,,0.085063877,-0.252733325,0.125215044,0.102112161,0.165138,17.97315294
,,0.08508207,0.022878479,0.125129182,-0.039334131,0.165238,17.83363936
,,0.08504577,-0.033502109,0.125134239,0.118620527,0.165338,17.84760957
,,0.085031016,-0.018433114,0.125089474,-0.029163124,0.165438,17.91752408
,,0.085071056,-0.071094119,0.125171989,0.000632269,0.165538,17.91118872
,,0.085122453,0.223658294,0.125146843,0.004475493,0.165638,17.89557292
,,0.085071302,-0.113556642,0.125100021,0.155154852,0.165738,18.21800353
,,0.085065714,-0.064019353,0.125038297,-0.129088114,0.165838,18.20522326
,,0.0851063,0.206384998,0.125013387,-0.143630227,0.165938,18.16933205
,,0.085053153,0.01162106,0.125042123,-0.199968112,0.166038,18.23506136
,,0.085087785,0.028666609,0.125082601,0.15941562,0.166138,18.21365812
,,0.085003586,-0.322479866,0.125046475,0.074234484,0.166238,18.21531556
,,0.085085844,-0.023764686,0.125056146,0.073591991,0.166338,18.13904626
,,0.085127101,0.15876966,0.125048409,-0.030145609,0.166438,18.41108802
,,0.085042144,0.054314727,0.125044737,-0.009221686,0.166538,18.58913843
,,0.085058494,0.137110616,0.125012589,-0.076730791,0.166638,18.35683914
,,0.08506085,-0.0381743,0.125080833,0.094765398,0.166738,18.42317863
,,0.085093674,0.002745679,0.125080072,-0.021468505,0.166838,18.41217171
,,0.085028555,-0.153434432,0.125013752,-0.00460356,0.166938,18.4405576
,,0.08502675,-0.107723575,0.12502584,-0.04741673,0.167038,18.34569094
,,0.085060633,0.025933502,0.125102335,0.193638064,0.167138,18.62509693
,,0.085068389,-0.045791462,0.125015526,-0.065904474,0.167238,18.81410331
,,0.085120419,0.02272892,0.125009724,0.087925419,0.167338,18.46174879
,,0.08506101,0.197661161,0.124992076,-0.132919777,0.167438,18.60679272
,,0.084981869,-0.095340245,0.125004154,-0.072543358,0.167538,18.62751915
,,0.085053218,0.01016769,0.124993084,0.011600586,0.167638,18.69459553
,,0.085058841,-0.015217424,0.124936819,-0.082210352,0.167738,18.73484045
,,0.085025464,0.054456353,0.124968957,0.030505714,0.167838,18.90351448
,,0.085020736,0.008503067,0.124945212,0.027080258,0.167938,19.0738829
,,0.085049481,0.077428698,0.124894741,0.044842805,0.168038,18.89322809
,,0.085062861,0.017541588,0.124915693,0.088755544,0.168138,19.07657613
,,0.085029457,-0.096088269,0.124935834,0.02075565,0.168238,19.11541183
,,0.084998067,-0.031762891,0.124928772,-0.063805605,0.168338,19.18491631
,,0.085024372,-0.213642724,0.124941943,0.016259689,0.168438,19.20284797
,,0.085153263,0.248453196,0.124943702,0.141505689,0.168538,19.27742621
,,0.085008143,0.025055468,0.124875038,-0.128955512,0.168638,19.22250651
,,0.08493573,-0.063692138,0.12495958,0.249171964,0.168738,19.32979273
,,0.085018569,0.106733143,0.124910748,0.227029932,0.168838,19.34417473
,,0.085027913,0.117737585,0.124822479,-0.277929779,0.168938,19.15921913
,,0.085026465,0.070797864,0.124921309,0.322854414,0.169038,19.35938428
,,0.084976815,-0.029338048,0.124851709,-0.115259852,0.169138,19.55491442
,,0.085020478,0.023922483,0.124844892,0.022057748,0.169238,19.35686415
,,0.085047275,0.025984488,0.124850912,-0.062198729,0.169338,19.60177033
,,0.085023666,0.096836799,0.124842719,0.045591673,0.169438,19.51257572
,,0.08497797,-0.091656987,0.124858374,-0.071655596,0.169538,19.53663924
,,0.084993278,0.062946058,0.124849767,0.034944665,0.169638,19.59376884
,,0.085068144,0.184731619,0.124835007,-0.012286594,0.169738,19.41263577
,,0.084989781,-0.047564289,0.124811612,0.059829463,0.169838,19.64739163
,,0.085004126,0.031849054,0.124779234,-0.099545626,0.169938,19.55726686
,,0.084999948,-0.051772069,0.124804553,0.064244201,0.170038,19.66526335
,,0.085018635,0.028479762,0.124785587,-0.015606441,0.170138,19.82834921
,,0.08498286,-0.03152804,0.124746598,-0.18368791,0.170238,19.69238043
,,0.085048353,0.201492338,0.124700275,-0.172856715,0.170338,19.78142792
,,0.08499466,-0.100674189,0.124751,0.235147274,0.170438,19.75352907
,,0.085030998,0.116354886,0.124633504,-0.030802299,0.170538,19.85204591
,,0.085009557,-0.01994949,0.124634319,0.196124938,0.170638,20.0120737
,,0.084998289,-0.081019594,0.124651585,-0.092600828,0.170738,19.8758517
,,0.084982434,0.096691807,0.124776373,0.138328955,0.170838,20.08232031
,,0.084987217,0.103803353,0.124739799,0.11670422,0.170938,20.10526797
,,0.084956592,-0.074912335,0.124676039,0.082833884,0.171038,20.1347324
,,0.084969499,0.036315938,0.124650631,-0.005498675,0.171138,20.19300235
,,0.084903511,-0.064810433,0.124621268,0.024407755,0.171238,20.36532754
,,0.084909109,0.078734381,0.124612719,0.034733697,0.171338,20.23847986
,,0.084886689,-0.055826365,0.124586969,-0.103666147,0.171438,20.29206378
,,0.084954909,0.299761474,0.124618768,0.096805392,0.171538,20.3145992
,,0.08489786,-0.063277604,0.124599865,-0.125175787,0.171638,20.36899386
,,0.084853913,-0.09013456,0.124634993,0.018818611,0.171738,20.43059713
,,0.084879024,-0.035631628,0.124633517,0.075048774,0.171838,20.60309637
,,0.084954909,0.188505632,0.124616232,-0.006683862,0.171938,20.50865877
,,0.084927119,0.000249408,0.124590595,-0.026100329,0.170161664,9.296413044
,,0.084882319,-0.146364009,0.124609374,0.169038186,0.166689179,4.716610104
,,0.084868075,-0.123868823,0.124559356,0.038586726,0.164510609,2.804143997
,,0.084927667,0.106577874,0.124560536,-0.052115551,0.162955108,1.836932686
,,0.084935983,0.027266924,0.124514032,-0.165026074,0.16168265,1.289486047
,,0.084959673,0.057508877,0.124521627,0.034028742,0.160653512,1.058246389
,,0.084961328,-0.026471485,0.124483942,-0.083447854,0.159763636,0.878659462
,,0.084896121,-0.223016246,0.124435044,-0.015225354,0.158946895,0.737548341
,,0.084925522,-0.107251529,0.1244692,-0.086806816,0.158204681,0.669284821
,,0.084912097,-0.075286764,0.124537748,0.056674607,0.157507941,0.452100173
,,0.084897251,-0.045328451,0.124446238,-0.069676657,0.156813758,0.694893617
,,0.084931989,0.06463232,0.124364249,-0.104040758,0.156110877,0.576948191
,,0.084868447,-0.056512225,0.124450134,0.160744834,0.155379225,0.631247871
,,0.084873908,-0.050650514,0.124474735,-0.011915554,0.154657523,0.467250459
,,0.084900627,-0.036264304,0.124451101,-0.109239177,0.153976557,0.468564087
,,0.084903298,-0.018901344,0.124434532,0.115486964,0.153356667,0.382622503
,,0.084896664,-0.145849059,0.124447194,0.019146822,0.152792966,0.39106152
,,0.084947555,0.099683648,0.12444422,-0.015769909,0.152271551,0.331368301
,,0.084923993,0.110919704,0.124403867,-0.028517769,0.151842226,0.061475067
,,0.084878005,0.066765973,0.124443484,0.011890233,0.151443503,0.215476721
,,0.084862926,0.080409273,0.124446832,-0.019451898,0.151093287,0.049671702
,,0.084861184,-0.011002353,0.124456423,0.028251991,0.150838356,0.183338703
,,0.084937109,0.048726613,0.124504221,0.204314556,0.150576521,0.097225346
,,0.084898863,0.055434061,0.124447357,0.033156411,0.150399505,0.140224338
,,0.08486407,-0.049833118,0.124437421,0.024022372,0.150245253,-0.114678518
,,0.084962142,0.0684284,0.124428603,-0.06212056,0.150186715,0.191641154
,,0.08490218,-0.026787147,0.124398159,-0.015689563,0.150081369,0.24269527
,,0.084866503,0.049593294,0.124387905,-0.062842971,0.149975126,-0.137543463
,,0.084909978,0.111993238,0.124420178,0.116717784,0.149985372,0.069056903
,,0.084902113,0.053796721,0.124414933,0.054904094,0.149955135,0.036188951
,,0.084910464,-0.064787074,0.124386862,-0.048285552,0.149913759,-0.096612286
,,0.084898448,-0.022484491,0.124354172,-0.077130317,0.149895557,-0.048435328
,,0.084876142,-0.00366839,0.124344499,-0.037115761,0.149887079,-0.057153962
,,0.084920412,0.196498661,0.124374888,0.084507281,0.149883025,0.079433896
,,0.084842625,-0.176819659,0.124422706,0.053581549,0.14990242,-0.094488894
,,0.08488768,-0.142966812,0.124335506,-0.022626604,0.14997409,-0.098266059
,,0.084928365,0.005993449,0.124299754,-0.1428846,0.149933029,-0.129012335
,,0.084901972,-0.132041369,0.124403978,0.159047065,0.149902002,0.189950332
,,0.084931494,0.246856352,0.124304685,-0.203692724,0.149784217,-0.168504542
,,0.084886697,0.038773522,0.124269713,-0.101906001,0.149747666,0.168588506
,,0.084870946,0.002323556,0.124358185,0.061204868,0.149649378,-0.005072272
,,0.084891615,0.113570993,0.124335941,0.009253945,0.149596316,-0.16761725
,,0.084855145,0.066601965,0.124308994,0.034418419,0.149620085,0.098670965
,,0.084834896,0.042167184,0.124303636,-0.119797987,0.149562878,0.155037044
,,0.08485263,0.080808462,0.124331417,-0.031494242,0.149391413,0.062420328
,,0.084877795,-0.024245335,0.12429117,-0.173593813,0.14923182,0.095158098
,,0.084871851,-0.095885878,0.124287073,-0.061399844,0.149129265,-0.022900874
,,0.084914338,-0.067327007,0.124294987,0.022023711,0.149048257,-0.112746968
,,0.084936745,0.116179401,0.124322556,0.094862598,0.148997116,0.280993851
,,0.084852251,0.081147787,0.124262553,-0.214184105,0.14888077,0.028342517
,,0.084852756,-0.010094081,0.124318098,0.036758495,0.148749587,0.00700359
,,0.084891626,-0.035337359,0.124332159,0.13171049,0.148656676,-0.049365062
,,0.08489917,0.050342999,0.124310268,0.006715461,0.148591489,0.104179709
,,0.084895895,0.055269741,0.124257153,-0.058631306,0.14850449,0.118456336
,,0.084816242,-0.145523331,0.12421555,0.004967348,0.148460516,0.036653662
,,0.084890357,0.209500417,0.124244638,0.170731492,0.148448156,0.0692804
,,0.084804614,-0.084209483,0.124229413,-0.080377046,0.148348704,-0.03368918
,,0.084872318,0.060863257,0.124242908,0.041685265,0.148327803,0.084393538
,,0.084894092,-0.094398472,0.124218623,-0.064761041,0.14829436,0.13502799
,,0.084888053,0.092215421,0.124226904,-0.113208194,0.148302745,0.116492056
,,0.084814637,-0.163104927,0.124229164,0.152616833,0.148272287,-0.013700263
,,0.084878058,-0.047361237,0.124187579,-0.159281415,0.148252349,-0.209863229
,,0.084893973,-0.101938966,0.124211045,0.131241971,0.148285415,-0.118738447
,,0.084870478,0.02143094,0.124174464,0.024714083,0.14831766,0.038264238
,,0.084823882,0.040559421,0.124108142,-0.107132224,0.148316666,0.081675376
,,0.084813087,0.036486064,0.124132505,0.185210855,0.148257345,-0.082498593
,,0.084808811,0.037043018,0.124133381,0.104266942,0.148281496,0.029894548
,,0.084787608,-0.045537265,0.124128159,0.015839626,0.148249944,0.049159987
,,0.084798168,-0.013565198,0.124148249,0.039437484,0.148212762,0.06730518
,,0.084783404,-0.127201185,0.124154222,-0.01956927,0.148234202,0.097607489
,,0.084823006,0.064614636,0.124151547,-0.014218214,0.148144527,-0.12048645
,,0.08482658,-0.035867691,0.124103172,-0.116396922,0.148114072,0.072953477
,,0.084801031,-0.108005637,0.124077797,0.245779792,0.148081617,-0.067169074
,,0.084790039,-0.113484022,0.123990481,-0.181032349,0.148094581,0.07338301
,,0.084820167,-0.028112392,0.124118256,0.10577966,0.148094342,0.084470456
,,0.084844241,-0.109685703,0.124108251,0.034965087,0.148023998,0.006380836
,,0.084839321,0.052092853,0.124068684,-0.03991096,0.147975478,0.205228909
,,0.084806434,0.208556391,0.124123838,0.130993987,0.147930325,0.01188811
,,0.084757287,0.047908872,0.124057894,-0.097488768,0.147889536,0.096414137
,,0.084814465,0.064915604,0.124050543,-0.190442831,0.147821932,0.099965503
,,0.084841205,0.138514126,0.124098921,0.037578277,0.147720645,-0.086299451
,,0.084812094,-0.055061761,0.1241051,0.180142608,0.147754248,0.247730034
,,0.08477774,-0.143841099,0.124000436,-0.117174853,0.147666083,-0.167762863
,,0.084831378,0.063782475,0.123989397,0.017864757,0.147573288,-0.130723326
,,0.084809879,-0.01662037,0.123989393,-0.034017656,0.147637191,0.198046082
,,0.08478631,-0.029733627,0.124018697,0.057974423,0.147568588,-0.049982742
,,0.084761229,-0.052818276,0.123992357,-0.044502048,0.147572709,0.06670999
,,0.084783257,0.20150988,0.124013299,0.286765466,0.147467721,-0.049285829
,,0.084731996,-0.041595094,0.12395564,-0.03295909,0.147474735,-0.086558891
,,0.084737733,-0.05898075,0.123938662,0.096920876,0.147507437,0.274395613
,,0.084829028,0.15767564,0.123974182,0.070563819,0.147428878,-0.037317298
,,0.084823893,0.153018723,0.12403309,0.109921217,0.147437628,0.114048003
,,0.084706574,-0.126409468,0.124019706,0.051273903,0.147420791,0.132012361
,,0.08466249,-0.218873425,0.124003058,0.104455989,0.147361127,-0.071266609
,,0.084746954,0.002120494,0.12397785,0.153321869,0.147284989,-0.063569255
,,0.084768387,0.127826151,0.123952159,-0.104387405,0.147228393,-0.040255876
,,0.084736771,-0.11929793,0.123982489,-0.063258425,0.147262849,0.091727852
,,0.08473089,-0.10065495,0.124004207,-0.084631784,0.147265183,0.153505259
,,0.08467805,0.026421858,0.124034548,-0.065153686,0.147204086,-0.037597335
,,0.084703449,0.03284489,0.124034534,0.040380964,0.147215531,-0.087694578
,,0.084703706,-0.020657356,0.123980694,-0.059957147,0.147271777,0.113199904
,,0.084735538,0.232984857,0.123972396,0.045538917,0.147213142,-0.058049477
,,0.084664269,-0.063924106,0.1239947,-0.030723708,0.147231998,0.181624106
,,,,0.124014127,0.015838619,0.147179602,-0.001008528
,,,,0.124021525,0.121644496,0.147092498,0.026556708
,,,,0.123895872,-0.057199707,0.147014267,0.050171914
,,,,0.123898887,-0.118190121,0.146989116,-0.080019823
,,,,0.123967373,0.020826715,0.14697306,-0.250610933
,,,,0.123955687,-0.062770798,0.146922222,-0.144460773
,,,,0.123927593,-0.077606061,0.146972826,0.185421616
,,,,0.123863931,-0.145599905,0.147000433,0.004309034
,,,,0.123847448,0.03802621,0.146921793,-0.009763007
,,,,0.123881759,-0.032163288,0.146872693,0.110342836
,,,,0.123875648,-0.01126248,0.146841215,0.00157119
,,,,0.123810684,-0.004418971,0.146844688,-0.070772639
,,,,0.123846022,0.021098809,0.146842662,0.305997178
,,,,0.123832582,0.006338078,0.146671466,-0.151285605
,,,,0.123837435,0.006753389,0.146722163,0.013239135
,,,,0.123843696,0.150209708,0.146636649,-0.047063291
,,,,0.123807781,-0.021577653,0.146678911,0.169567859
,,,,0.123844306,-0.204933732,0.146674111,0.086835819
,,,,0.123896566,0.061663456,0.146579077,-0.05088081
,,,,0.123864961,0.145133291,0.146598817,0.094155281
,,,,0.12386527,0.12899202,0.146648896,-0.009473374
,,,,0.123806327,0.116435573,0.146591771,-0.111133454
,,,,0.123819347,0.069834302,0.146509264,-0.073422743
,,,,0.123782355,0.068858925,0.146477854,0.040246182
,,,,0.123741225,-0.160694577,0.146461851,0.050211994
,,,,0.123855714,0.2557568,0.146480809,-0.04834647
,,,,0.12377967,0.014735689,0.146470732,-0.026379202
,,,,0.123800177,0.167537652,0.146490203,0.156731445
,,,,0.123775403,-0.114613151,0.146434373,-0.110470383
,,,,0.123783419,-0.003491682,0.146448871,0.179476359
,,,,0.123792149,0.113355303,0.146349072,-0.170970559
,,,,0.123823989,-0.055477401,0.146378592,-0.016300685
,,,,0.123793961,-0.101512239,0.146386865,0.060872418
,,,,0.123796306,0.182820468,0.146380941,-0.01657281
,,,,0.123801449,-0.009388048,0.146376686,-0.033366262
,,,,0.123760892,-0.153366464,0.146373007,0.035065191
,,,,0.123745868,-0.092471332,0.146395301,0.169244062
,,,,0.123751769,0.12296587,0.146333166,-0.198699777
,,,,0.123725071,-0.175338843,0.146336448,-0.063372853
,,,,0.123790564,0.052146602,0.14630459,-0.004559236
,,,,0.123739479,-0.189857913,0.146283565,-0.038065993
,,,,0.123717041,0.023114234,0.14622342,-0.198630024
,,,,0.123691447,-0.041567587,0.146285008,0.088098553
,,,,0.123756865,0.060464764,0.146239492,0.016852485
,,,,0.123751967,-0.066914002,0.146216151,0.097758342
,,,,0.123715319,-0.141082402,0.146204274,0.142893317
,,,,0.123750207,-0.043143516,0.146160557,-0.049323222
,,,,0.123764431,-0.10636007,0.146095903,-0.151147016
,,,,0.123749089,0.08674347,0.146183811,0.139964861
,,,,0.123705071,0.014267882,0.146126199,-0.124114235
,,,,0.123686673,-0.022290067,0.146134258,0.19973197
,,,,0.123713514,-0.022635105,0.146030179,-0.152689158
,,,,0.123735782,-0.047063491,0.14598948,0.016944248
,,,,0.123725617,-0.02435631,0.14594685,-0.125634821
,,,,0.12369704,0.15854098,0.145966741,-0.047341601
,,,,0.123585786,-0.090268244,0.146042676,0.045906396
,,,,0.123635461,0.123508569,0.146049146,0.071578921
,,,,0.123597894,0.024683067,0.146016764,0.003001108
,,,,0.123619373,-0.050494737,0.145985894,-0.05217814
,,,,0.123675971,0.11443506,0.145989372,-0.152950898
,,,,0.123641,0.067344513,0.146065324,0.25197016
,,,,0.12368315,0.287762252,0.145998447,0.099744297
,,,,0.123661404,-0.136019202,0.14592353,-0.121217068
,,,,0.123697847,0.186405145,0.145941783,-0.083435314
,,,,0.123657505,0.017481138,0.145912558,0.157158666
,,,,0.123655447,-0.052721384,0.145835568,-0.064181098
,,,,0.123682953,-0.10422894,0.145818557,-0.070549744
,,,,0.123686532,-0.068998006,0.145850584,0.049080195
,,,,0.123667623,-0.028161275,0.145830109,-0.08579534
,,,,0.123638948,-0.03738856,0.145873191,0.121213724
,,,,0.123605602,-0.055463463,0.14584388,-0.10875212
,,,,0.123597977,0.090273824,0.145858162,-0.021718987
,,,,0.123563392,-0.057017948,0.145852726,0.165007553
,,,,0.123589449,0.147842588,0.145758408,-0.024661125
,,,,0.123557092,-0.026597866,0.145713053,-0.118718996
,,,,0.123579456,0.168626602,0.145741274,0.134296488
,,,,0.123543758,-0.077043259,0.145700358,0.011999756
,,,,0.123515342,-0.090187353,0.145710694,-0.070089218
,,,,0.123544931,-0.145960581,0.145776713,0.113919161
,,,,0.123591803,0.022311524,0.145747109,-0.087901239
,,,,0.123521351,-0.181744937,0.145751032,0.069726148
,,,,0.123601339,0.161285672,0.145680167,-0.08529446
,,,,0.12356018,0.033932353,0.145691624,0.073494512
,,,,0.123584984,0.042725855,0.14563333,-0.100270105
,,,,0.123551718,-0.027071888,0.145635917,-0.083340802
,,,,0.12353626,0.027171935,0.145681313,0.125190421
,,,,0.123571199,0.086879223,0.145664984,0.086389446
,,,,0.123545429,-0.050565173,0.145611335,-0.004717297
,,,,0.123524139,-0.114866583,0.145572598,0.093200912
,,,,0.123542402,-0.050159984,0.145582198,-0.072456123
,,,,0.123537416,-0.043061846,0.145581772,0.050880741
,,,,0.123580534,-0.023558531,0.145578417,0.015938533
,,,,0.123584788,-0.008906543,0.145593205,0.05544798
,,,,0.123546614,-0.020924873,0.145546962,-0.124031431
,,,,0.123526186,-0.021831009,0.145484818,0.012760557
,,,,0.12346232,-0.017990977,0.145438224,-0.224683541
,,,,0.123434255,-0.052196499,0.14544737,-0.026468724
,,,,0.123457081,-0.171454654,0.145464339,0.219494431
,,,,0.123474348,-0.06351575,0.145484948,0.078599211
,,,,0.12347592,0.047674442,0.145450619,0.007650102
,,,,0.12344745,-0.091163155,0.145384138,-0.008176622
,,,,0.123508449,-0.082453707,0.145339872,-0.144127551
,,,,0.123467678,-0.031678286,0.14536379,-0.019501902
,,,,0.123397163,0.095924987,0.145371547,0.110418165
,,,,0.123463141,0.213770188,0.145317427,0.010044418
,,,,0.123406643,0.021804136,0.145262076,-0.007371475
,,,,0.123391597,-0.084489778,0.145231211,-0.031085266
,,,,0.123428189,0.20114088,0.145265988,0.05628234
,,,,0.123383869,-0.152416319,0.145205527,-0.148084335
,,,,0.123429006,0.169442563,0.145241769,-0.035186502
,,,,0.123380828,-0.008961274,0.145314883,0.179754828
,,,,0.123396592,-0.042316461,0.145313731,-0.163828632
,,,,0.123369468,-0.108971471,0.145266462,-0.069045205
,,,,0.123345387,-0.212241634,0.145231802,-0.04999881
,,,,0.123331005,-0.080588523,0.145254599,0.014242366
,,,,0.123360303,0.045834556,0.145219731,0.070787656
,,,,0.123364753,0.003446515,0.145190455,0.001041959
,,,,0.123381119,0.038550123,0.145222502,0.112960087
,,,,0.123379956,0.04897921,0.145219453,-0.043679071
,,,,0.123426376,-0.00161376,0.145238212,0.025228892
,,,,0.123409042,-0.089959938,0.14522003,0.035890484
,,,,0.123352939,-0.009900895,0.145190687,-0.065885122
,,,,0.12333566,-0.028518026,0.145215978,0.002661273
,,,,0.123419881,0.167191298,0.145199598,0.048092337
,,,,0.123381701,0.068847601,0.145157313,0.023894871
,,,,0.123337953,-0.064531728,0.14513499,-0.041405294
,,,,0.123381846,0.088816944,0.145067171,-0.242230428
,,,,0.123390225,0.185133502,0.145120912,0.105493369
,,,,0.123274134,-0.127869043,0.145112464,0.131734281
,,,,0.123342122,0.093384526,0.145046209,-0.170787154
,,,,0.123313576,-0.076605575,0.145049823,-0.112315397
,,,,0.123377426,0.069578422,0.145063653,-0.076204413
,,,,0.123412827,0.098936114,0.145052071,0.095859424
,,,,0.123378769,0.030880811,0.145030928,0.072265282
,,,,0.123310981,-0.064223618,0.144982098,-0.150030046
,,,,0.123311913,-0.087140139,0.144992103,0.035350079
,,,,0.123362377,-0.0816411,0.144992917,0.150783925
,,,,0.123369872,0.06050972,0.144938351,0.034723959
,,,,0.123333345,-0.16734106,0.144931284,-0.108491469
,,,,0.123319393,-0.239769773,0.144944976,0.031426635
,,,,0.123350201,0.025812026,0.144906032,-0.099224317
,,,,0.123310614,-0.047034903,0.144961831,0.001555577
,,,,0.123313208,0.039864662,0.144934529,-0.098399031
,,,,0.123349662,0.12765353,0.144978865,0.069643388
,,,,0.123275096,-0.054394051,0.144959754,0.038448088
,,,,0.123299532,0.148419182,0.144950366,0.062994967
,,,,0.123327364,-0.050054706,0.144894357,-0.116320072
,,,,0.123314656,0.087538078,0.144924487,0.090696681
,,,,0.123266982,0.051779614,0.144899074,-0.110521299
,,,,0.123270335,-0.06930912,0.144889742,0.007691055
,,,,0.123249154,0.074633163,0.14484481,-0.052424506
,,,,0.123263028,0.241294794,0.144897157,0.12044219
,,,,0.123303049,-0.069530983,0.144848176,-0.032789545
,,,,0.123293745,0.151851872,0.144838758,-0.030546724
,,,,0.123286688,0.27165728,0.144834716,0.221924132
,,,,0.123185491,-0.157404989,0.144753712,-0.106924733
,,,,0.123245144,0.027270842,0.144740249,-0.155953532
,,,,0.123244563,0.050667295,0.14473867,-0.098602204
,,,,0.123284048,-0.077223787,0.144765451,0.092906928
,,,,0.123347614,-0.076326954,0.144698582,-0.187924044
,,,,0.123292744,-0.19181985,0.144744296,0.132484828
,,,,0.123358826,-0.029425433,0.144685205,-0.112900857
,,,,0.123378367,0.266503954,0.144696599,-0.068436297
,,,,0.123224228,-0.122338164,0.144678805,0.003853482
,,,,0.123280849,0.104446008,0.144733764,0.233674101
,,,,0.123238988,-0.063899282,0.144636773,-0.176494938
,,,,0.123232665,-0.152071346,0.144606747,0.043828628
,,,,0.123267844,0.131794265,0.144645142,-0.073439971
,,,,0.123225696,-0.182782674,0.144708728,0.04350709
,,,,0.123267919,-0.029309939,0.144782351,0.238014491
,,,,0.12327041,-0.10560449,0.144623706,-0.270840886
,,,,0.123280477,0.120040502,0.144631001,-0.019348733
,,,,0.123309472,0.197547122,0.144652424,0.056516912
,,,,0.123294809,0.058463516,0.144669045,0.153243323
,,,,0.12328043,0.06583324,0.14460563,-0.008590189
,,,,0.123238392,-0.052916725,0.144568573,0.07504709
,,,,0.123247139,-0.01245188,0.144560237,-0.058464818
,,,,0.123293157,-0.045641973,0.144567106,-0.091141668
,,,,0.1233234,0.187163558,0.144589099,-0.074754641
,,,,0.123176342,-0.19311628,0.144571087,-0.139653248
,,,,0.123221384,-0.045329732,0.144636378,0.08814308
,,,,0.123217233,0.057253298,0.144591882,-0.227071101
,,,,0.12315347,0.094160646,0.144584884,-0.032751314
,,,,0.123112148,-0.123018324,0.144565364,-0.094814039
,,,,0.123147082,-0.049114304,0.144554956,0.023787539
,,,,0.123161717,0.192267086,0.144557285,0.080093575
,,,,0.123082422,-0.048724811,0.14454232,-0.030267585
,,,,0.123190284,0.184387906,0.144604419,0.027526075
,,,,0.123163608,-0.051429156,0.144526515,-0.065541363
,,,,0.123141137,0.10671621,0.144470591,-0.135386448
,,,,0.123138525,-0.058801497,0.144541544,-0.026059304
,,,,0.123124204,-0.15822622,0.14454495,0.055271454
,,,,0.123113649,-0.072902126,0.144535016,0.205209425
,,,,0.123100345,-0.016242868,0.14450528,-0.000528768
,,,,0.123113046,-0.085380696,0.144510063,-0.039366056
,,,,0.123112399,0.021231978,0.144479256,-0.0484878
,,,,0.123096774,0.066421087,0.144418687,-0.147505593
,,,,0.123146465,0.202385053,0.144421099,0.051508061
,,,,0.12314123,0.188509825,0.144429869,-0.05054849
,,,,0.12307337,-0.059960846,0.14441655,-0.011814564
,,,,0.123099088,0.143561562,0.144377483,0.056592777
,,,,0.123120972,0.072153091,0.144339729,-0.040328228
,,,,0.1230798,-0.111970282,0.144407431,0.157084464
,,,,0.12312809,-0.026219235,0.144371007,-0.109123075
,,,,0.123170938,0.078674878,0.144397297,0.009592767
,,,,0.123156848,0.052349516,0.144399615,0.036467786
,,,,0.123119911,-0.02540494,0.144363407,0.022999065
,,,,0.123151281,0.136887143,0.144377194,0.085243814
,,,,0.123084408,0.005100049,0.14436836,0.019804047
,,,,0.123058693,-0.050412569,0.14441433,-0.027568211
,,,,0.123061845,0.017491689,0.144401661,-0.012107843
,,,,0.123043827,-0.106385205,0.144325098,-0.137728279
,,,,0.123083078,-0.17368799,0.144318313,-0.007618343
,,,,0.123134664,0.080524833,0.144352627,-0.09356697
,,,,0.123051718,0.035510733,0.144400585,-0.080808349
,,,,0.123061085,-0.067356891,0.144414398,0.101434216
,,,,0.123117521,0.100906206,0.144408699,0.075287947
,,,,0.123064724,0.036906919,0.144348106,0.091961441
,,,,0.123053624,0.058792528,0.144342708,0.078582893
,,,,0.123056041,0.061523808,0.144408674,0.041950879
,,,,0.123040491,-0.115678776,0.144352985,-0.124346642
,,,,0.123068078,0.038792815,0.144298637,-0.018118585
,,,,0.123042122,-0.02773702,0.144345605,0.103451061
,,,,0.12307101,0.006271997,0.144302673,-0.155177392
,,,,0.123037572,0.034407972,0.144330729,0.092138177
,,,,0.123025617,-0.085283125,0.144334517,-0.006825752
,,,,0.123018502,-0.089249856,0.144282004,-0.140793312
,,,,0.12305731,0.007525834,0.144264156,0.042168763
,,,,0.123024384,-0.102752974,0.144308789,0.048163421
,,,,0.12303262,0.044857624,0.144321246,-0.011300961
,,,,0.123021576,-0.136290739,0.144298357,0.010265101
,,,,0.123089908,0.143135826,0.144251925,0.05575038
,,,,0.123051253,-0.131887312,0.144231817,-0.101758249
,,,,0.123033544,-0.015194619,0.14425459,0.060840184
,,,,0.123023018,0.059358642,0.144228198,-0.096629117
,,,,0.122995924,-0.078219159,0.144287735,0.074423545
,,,,0.123036827,0.012698882,0.144225324,-0.151329531
,,,,0.12307461,0.049510175,0.144259221,0.081839123
,,,,0.12306893,0.065799385,0.144282533,0.071702694
,,,,0.122995892,-0.037549483,0.144226321,0.049111772
,,,,0.123102288,0.285861702,0.144191642,-0.056536594
,,,,0.123054937,-0.094050188,0.14417024,-0.083418652
,,,,0.123048836,-0.084216173,0.144188074,0.107508928
,,,,0.123018547,-0.085669726,0.144252002,0.211052068
,,,,0.122995842,-0.056063833,0.144231864,-0.119118849
,,,,0.123034075,-0.050410519,0.144257123,-0.030041403
,,,,0.123020491,-0.039467727,0.144284719,0.133346611
,,,,0.12297167,-0.13821363,0.144190002,0.014577653
,,,,0.122989684,-0.056568848,0.144127229,-0.051246906
,,,,0.123031888,0.114033565,0.144189039,0.003558391
,,,,0.122999552,0.02175327,0.1441851,0.100104843
,,,,0.122963411,-0.178365065,0.144120347,-0.122969448
,,,,0.123040857,0.033902725,0.144168879,0.068530258
,,,,0.122973353,-0.023978338,0.144138045,0.017318112
,,,,0.122941868,-0.113549176,0.144100643,-0.071008429
,,,,0.122947407,0.051534545,0.144083153,-0.176399101
,,,,0.122957983,0.115379574,0.144126246,0.057841243
,,,,0.122965432,-0.080034885,0.144098906,0.054087713
,,,,0.122998271,0.09572177,0.14410717,0.038563544
,,,,0.122944834,-0.103192863,0.14409967,-0.159296349
,,,,0.123007721,-0.052806217,0.144128221,0.046778662
,,,,0.122961277,-0.132959681,0.144087246,-0.003593798
,,,,0.122975652,0.170549185,0.14408814,0.026778773
,,,,0.122994328,0.019794658,0.144098811,-0.029010703
,,,,0.123002308,-0.059929063,0.144104052,0.102539063
,,,,0.122987228,0.020435639,0.144090349,0.082944196
,,,,0.122956138,0.051509525,0.144123084,0.08284238
,,,,0.122951695,-0.031227316,0.144124647,0.212407633
,,,,0.12303702,0.203710184,0.144043677,0.072905902
,,,,0.122983803,-0.067753227,0.14401639,-0.10697063
,,,,0.122971333,-0.103734783,0.144057345,-0.055208827
,,,,0.122927892,-0.081319442,0.144071144,-0.024812835
,,,,0.122888719,-0.080364678,0.144062074,0.15636252
,,,,0.122932995,-0.137504232,0.143992144,-0.229855098
,,,,0.122999991,0.133054051,0.144022982,0.020522398
,,,,0.12290855,-0.244820021,0.143983876,-0.075162371
,,,,0.122995614,-0.007440763,0.144004685,0.086183887
,,,,0.122942223,-0.059458888,0.144023669,0.076234151
,,,,0.122926012,0.315613231,0.143972226,0.120375143
,,,,0.12287039,0.013202629,0.143918266,-0.130175036
,,,,0.122873182,0.003662976,0.143928792,-0.216825345
,,,,0.122904382,-0.044154153,0.143947112,0.041356298
,,,,0.122904284,-0.066130142,0.143951628,-0.039110906
,,,,0.122907428,-0.027361693,0.143961869,0.045065426
,,,,0.12287788,-0.097436466,0.143958114,-0.044004132
,,,,0.122869771,0.040514624,0.143955338,-0.087319097
,,,,0.122847874,-0.183331935,0.143903015,-0.144453381
,,,,0.122890427,-0.027077939,0.143928412,0.022463419
,,,,0.122868264,0.001157531,0.14382971,-0.347825566
,,,,0.12279867,-0.12246017,0.143936117,0.201668301
,,,,0.122871431,0.38883666,0.143927465,0.051710191
,,,,0.122811518,-0.037240757,0.143861125,-0.007489053
,,,,0.122883497,0.091133021,0.143809152,-0.405348917
,,,,0.122902933,0.048456819,0.143930851,0.12181852
,,,,0.122915436,0.033649031,0.143915006,0.006968314
,,,,0.122886262,-0.016296175,0.143888839,-0.245444565
,,,,0.122871506,0.021975045,0.143911665,0.139692064
,,,,0.12291229,0.106731895,0.143877285,0.039614719
,,,,0.12288664,0.056037803,0.143898185,-0.023458191
,,,,0.122826474,-0.010933985,0.143874591,0.015760287
,,,,0.12281945,0.171759654,0.143854722,0.100599062
,,,,0.12282087,0.059178384,0.143854144,0.089931389
,,,,0.12283499,-0.020403236,0.143876501,0.0519424
,,,,0.122821582,0.00087514,0.14381866,-0.149847569
,,,,0.122838401,0.124583573,0.143837081,0.197889461
,,,,0.122765517,-0.045094767,0.143827525,0.046238661
,,,,0.122825456,0.068555172,0.143853971,-0.056465589
,,,,0.12286363,0.153352807,0.143885092,0.193778953
,,,,0.122807993,-0.273319046,0.143784908,-0.220042951
,,,,0.122948733,0.264369298,0.143839509,0.075111468
,,,,0.122876743,-0.114317922,0.143801475,-0.052714644
,,,,0.122850436,-0.069527836,0.143809997,0.306680372
,,,,0.122792188,-0.067480263,0.143823512,0.009764165
,,,,0.122801684,0.067690851,0.143825741,0.026700685
,,,,0.122801942,0.122480423,0.143805717,0.119172928
,,,,0.122792969,-0.007894001,0.143801487,0.125875545
,,,,0.122800693,-0.014026398,0.143801725,0.070773764
,,,,0.122784385,0.101111256,0.143828088,-0.044570657
,,,,0.122726558,-0.088184341,0.143846894,-0.004392956
,,,,0.122786934,0.083276192,0.143772957,-0.045743563
,,,,0.122876396,0.108639141,0.143688053,0.1838671
,,,,0.122831315,-0.143482764,0.143665999,-0.1673855
,,,,0.122747999,-0.126271644,0.143769759,0.006658349
,,,,0.122769133,0.113014179,0.14374994,-0.140812607
,,,,0.122737902,-0.107220859,0.143808378,0.007239522
,,,,0.122789806,0.02469587,0.14379054,0.067043177
,,,,0.122862237,0.032218091,0.143764471,0.066522054
,,,,0.12278619,-0.056497072,0.143710286,-0.081350173
,,,,0.122757517,-0.08329585,0.143757657,0.141753983
,,,,0.122769876,-0.081205923,0.143730517,-0.016552028
,,,,0.122747089,0.059144432,0.143735985,0.131308748
,,,,0.122785366,0.128451248,0.143717691,-0.057524309
,,,,0.122722038,-0.206948795,0.143679609,-0.039234572
,,,,0.122768624,-0.069578868,0.143653496,-0.024938208
,,,,0.122791757,0.139247151,0.143747261,0.125700489
,,,,0.122709401,-0.139404562,0.1437305,-0.171922257
,,,,0.122730716,0.01751683,0.143766228,-0.095851127
,,,,0.122741679,-0.120823277,0.1438481,0.041533251
,,,,0.122772482,-0.004359331,0.14371597,-0.165282967
,,,,0.122796575,0.091553186,0.143724435,0.183261599
,,,,0.122781573,0.126102329,0.143688715,-0.010798871
,,,,0.12270824,0.0804476,0.143719014,0.026243955
,,,,0.122722298,0.048534315,0.143766323,0.011403649
,,,,0.122775577,-0.010310154,0.143772842,0.15494988
,,,,0.122704948,-0.080097234,0.143759532,-0.16018698
,,,,0.122700344,0.027674166,0.143802952,0.023676606
,,,,0.122696694,-0.034035111,0.143721571,-0.144491812
,,,,0.122761983,0.257306879,0.143723827,-0.018829194
,,,,0.122726012,0.032604933,0.143695297,-0.081630687
,,,,0.122744248,-0.0182752,0.143686735,-0.136299658
,,,,0.122764622,0.002045106,0.143714292,0.122574439
,,,,0.12279978,0.131844783,0.143613146,-0.195259955
,,,,0.122698106,-0.228846765,0.143632345,0.033439372
,,,,0.122795118,0.25540568,0.143642852,-0.101679872
,,,,0.122655337,-0.215891444,0.143623063,-0.018793101
,,,,0.122683157,0.0857394,0.143631365,0.010658597
,,,,0.12270208,0.193004684,0.143614686,0.036474634
,,,,0.122662871,-0.115602322,0.143571314,0.12294792
,,,,0.122686344,-0.171690506,0.143614948,0.156695333
,,,,0.122728932,-0.250966546,0.143591464,0.09452828
,,,,0.122751523,-0.023915113,0.143477368,-0.161988432
,,,,0.122735187,0.0073464,0.14350453,-0.100597124
,,,,0.122694478,0.08754698,0.143533914,0.006553564
,,,,0.122687391,-0.069439619,0.143499186,-0.012046944
,,,,0.122646135,-0.023403977,0.143490809,-0.138225462
,,,,0.122625812,-0.111589439,0.143586612,-0.080619008
,,,,0.122686046,-0.079565996,0.1436259,0.190492013
,,,,0.122693692,-0.130475827,0.143583806,-0.005530605
,,,,0.12275201,0.172652842,0.143569136,-0.325734961
,,,,0.122632762,-0.101204953,0.143577879,0.061857631
,,,,0.122658869,-0.093917088,0.143561933,0.082242102
,,,,0.122669633,-0.015081472,0.143524057,0.016815295
,,,,0.122629663,-0.001507376,0.143484647,-0.203879064
,,,,0.122694132,0.127975183,0.14357993,0.055848276
,,,,0.122691254,-0.061030144,0.143617884,0.132751166
,,,,0.12266005,-0.071642905,0.143523625,-0.146020761
,,,,0.122637447,-0.035537394,0.143498856,-0.058123788
,,,,0.122645665,0.1037347,0.143540756,0.209047662
,,,,0.122602769,-0.41879138,0.143540768,0.055736121
,,,,0.12268794,0.114955496,0.143509733,0.047135408
,,,,0.122668483,-0.009992625,0.143458542,-0.014972285
,,,,0.122659209,0.042057202,0.143472885,0.059863696
,,,,0.122587024,-0.185392429,0.143463247,-0.104902298
,,,,0.122580185,-0.009854891,0.143498449,0.05711051
,,,,0.12264913,0.030210465,0.143470873,0.02283624
,,,,0.122631311,-0.014343193,0.143479608,0.008581691
,,,,0.122658077,0.105759875,0.143445321,0.041514752
,,,,0.122585431,-0.269356992,0.143416446,-0.225041052
,,,,0.122584244,0.030633614,0.143463672,0.15533276
,,,,0.122614803,0.13306797,0.143407632,-0.03623071
,,,,0.122597637,0.010796835,0.143415445,-0.159000919
,,,,0.122621315,0.03490255,0.143463882,0.013013039
,,,,0.122621839,0.144593664,0.143505788,0.103032427
,,,,0.122548908,-0.125095861,0.143485561,-0.217664883
,,,,0.122667638,0.150770558,0.143504649,0.138623134
,,,,0.122611634,0.085929762,0.143452537,-0.110765011
,,,,0.122570564,0.046761181,0.14347984,0.119606898
,,,,0.122610716,0.008449046,0.14348378,-0.234731732
,,,,0.122626283,-0.092762064,0.143491294,-0.082467579
,,,,0.122591563,-0.013824443,0.143406644,-0.000320011
,,,,0.122589511,0.050766739,0.143461208,0.174990309
,,,,0.122586588,-0.038054234,0.143461988,0.133973563
,,,,0.122632033,0.055840562,0.143430647,0.022944418
,,,,0.12259765,-0.205719593,0.143472743,0.174284104
,,,,0.122581016,0.029861116,0.143461839,0.006460482
,,,,0.122549056,-0.126416465,0.143377376,-0.024841592
,,,,0.122592415,-0.028466807,0.143397581,0.005051624
,,,,0.122615172,0.0405678,0.143354933,-0.111150655
,,,,0.122587293,0.145539711,0.143330309,-0.096118548
,,,,0.122486896,0.03358833,0.143361411,0.248279167
,,,,0.122490715,0.187769681,0.14332484,0.008498037
,,,,0.122466257,-0.001970991,0.143377684,0.012519245
,,,,0.122569058,0.159765312,0.143412335,0.121958923
,,,,0.122561422,-0.127273585,0.143395439,-0.072091007
,,,,0.122528602,-0.016821524,0.143325915,-0.109242757
,,,,0.122496158,-0.045286682,0.143285376,-0.043858558
,,,,0.122504556,-0.021829824,0.143305029,0.098562058
,,,,0.12246781,-0.246792056,0.143251723,0.091543399
,,,,,,0.143240649,-0.173675246
,,,,,,0.143312369,0.079237006
,,,,,,0.143300633,-0.064718966
,,,,,,0.143296245,-0.234259435
,,,,,,0.14330575,0.157064651
,,,,,,0.14327029,-0.035001408
,,,,,,0.143303422,0.095211962
,,,,,,0.143283044,-0.008232005
,,,,,,0.143220846,-0.033516342
,,,,,,0.1432441,0.053874465
,,,,,,0.143280225,0.043545278
,,,,,,0.143246129,-0.149966513
,,,,,,0.143268269,0.0319279
,,,,,,0.143278589,0.002696293
,,,,,,0.143272137,0.044657726
,,,,,,0.143300328,-0.032926105
,,,,,,0.143296975,0.09247041
,,,,,,0.143196408,-0.207034848
,,,,,,0.143242753,-0.137192462
,,,,,,0.143258249,0.143273847
,,,,,,0.143157083,-0.236670061
,,,,,,0.143186783,0.114642926
,,,,,,0.143221361,0.173573612
,,,,,,0.143241319,0.048829112
,,,,,,0.143242179,-0.004195431
,,,,,,0.143245389,-0.062876873
,,,,,,0.143219473,-0.008978352
,,,,,,0.143211498,-0.058350437
,,,,,,0.143176308,-0.064687023
,,,,,,0.143130213,-0.104419208
,,,,,,0.143192115,0.104189732
,,,,,,0.143179725,-0.055670202
,,,,,,0.143203512,0.110540849
,,,,,,0.143149738,-0.115508703
,,,,,,0.143176905,0.010265237
,,,,,,0.143212421,0.174696514
,,,,,,0.143161757,-0.11461553
,,,,,,0.143148495,0.054347174
,,,,,,0.143139188,0.06518392
,,,,,,0.143123286,0.011235173
,,,,,,0.143098167,-0.024146421
,,,,,,0.143081877,-0.026319813
,,,,,,0.143051211,-0.1976213
,,,,,,0.143191253,-0.000770483
,,,,,,0.143155503,0.000891379
,,,,,,0.143070419,-0.092881038
,,,,,,0.143124053,0.183150095
,,,,,,0.143106639,0.046305083
,,,,,,0.143085149,-0.163634342
,,,,,,0.143150098,0.191476919
,,,,,,0.143140709,-0.035585103
,,,,,,0.143110659,-0.146600446
,,,,,,0.143124954,0.145066053
,,,,,,0.143080563,0.025686845
,,,,,,0.14303876,-0.106537574
,,,,,,0.143034311,-0.246202811
,,,,,,0.143050091,-0.032364821
,,,,,,0.143052917,0.064989573
,,,,,,0.143104529,0.009753279
,,,,,,0.143081933,-0.080465987
,,,,,,0.143037782,-0.020548672
,,,,,,0.143014746,-0.013893037
,,,,,,0.143040943,0.097841073
,,,,,,0.143097628,0.201048436
,,,,,,0.143023593,0.016701928
,,,,,,0.142963168,0.142944173
,,,,,,0.142907029,-0.026902042
,,,,,,0.143007478,0.062223712
,,,,,,0.143047843,0.209018365
,,,,,,0.142914388,-0.011840972
,,,,,,0.142910143,-0.07252742
,,,,,,0.142953109,0.07831426
,,,,,,0.142976896,0.163643409
,,,,,,0.142935393,-0.126708262
,,,,,,0.142979114,0.081550199
,,,,,,0.142911654,-0.024514917
,,,,,,0.142903704,0.019123117
,,,,,,0.142879255,-0.064048589
,,,,,,0.142936392,-0.022959175
,,,,,,0.142928281,0.044260753
,,,,,,0.142866641,-0.060405649
,,,,,,0.142921594,0.159087915
,,,,,,0.142943121,-0.106129791
,,,,,,0.14300096,0.048944483
,,,,,,0.142963341,-0.054880564
,,,,,,0.142923426,-0.03818445
,,,,,,0.142819905,-0.368215642
,,,,,,0.142946895,0.031894507
,,,,,,0.142980059,0.094422566
,,,,,,0.143022349,0.160896537
,,,,,,0.142974481,-0.118644876
,,,,,,0.143011793,0.035220349
,,,,,,0.143055456,0.209332722
,,,,,,0.142969912,-0.093552303
,,,,,,0.142979397,-0.083477202
,,,,,,0.142935824,-0.029696547
,,,,,,0.142937766,-0.040693804
,,,,,,0.142956612,0.060451337
,,,,,,0.142965113,0.128335847
,,,,,,0.142938625,-0.03391739
,,,,,,0.142896927,-0.187287944
,,,,,,0.142907802,0.057301136
,,,,,,0.142899661,0.009045456
,,,,,,0.142900406,0.158568853
,,,,,,0.142821924,-0.240487544
,,,,,,0.142894283,0.172937743
,,,,,,0.142886767,0.179132876
,,,,,,0.142878143,0.080654561
,,,,,,0.142871602,0.049340065
,,,,,,0.142856464,-0.071501726
,,,,,,0.142890631,-0.071773424
,,,,,,0.142894897,0.130301623
,,,,,,0.142853656,-0.058047989
,,,,,,0.142881702,0.057719683
,,,,,,0.142827731,-0.100628782
,,,,,,0.142860581,0.19254691
,,,,,,0.142854683,-0.006296161
,,,,,,0.142902352,0.074626283
,,,,,,0.142943293,0.287077618
,,,,,,0.142821969,-0.330010073
,,,,,,0.142841581,-0.109431411
,,,,,,0.142881349,0.101246414
,,,,,,0.142873938,0.040539613
,,,,,,0.142841493,-0.092687801
,,,,,,0.14284113,0.070044244
,,,,,,0.142814327,-0.129652434
,,,,,,0.142792061,-0.083580834
,,,,,,0.142856113,0.169065751
,,,,,,0.142838075,-0.047719871
,,,,,,0.142805795,-0.00012044
,,,,,,0.142710808,-0.038234066
,,,,,,0.142695039,-0.153414532
,,,,,,0.142649633,-0.139890968
,,,,,,0.142691861,0.088364279
,,,,,,0.142722773,0.062103519
,,,,,,0.142714031,-0.050507665
,,,,,,0.142794094,0.231034118
,,,,,,0.142717545,-0.078431047
,,,,,,0.142645189,-0.169476497
,,,,,,0.142667114,0.00559315
,,,,,,0.142675162,0.174159406
,,,,,,0.142671857,0.08315461
,,,,,,0.142657271,0.084802456
,,,,,,0.142588743,-0.122848169
,,,,,,0.142639972,0.03279161
,,,,,,0.142654646,-0.185544156
,,,,,,0.142703868,-0.109245388
,,,,,,0.142766689,-0.104157292
,,,,,,0.142719783,-0.146285936
,,,,,,0.142706788,-0.099247782
,,,,,,0.142716101,0.109051747
,,,,,,0.142690427,-0.142016811
,,,,,,0.142726775,0.174730958
,,,,,,0.142674641,0.057089561
,,,,,,0.142733405,-0.061649838
,,,,,,0.142684061,-0.258859552
,,,,,,0.142677996,0.037850481
,,,,,,0.142730108,0.110913354
,,,,,,0.14274004,0.253803219
,,,,,,0.142648451,-0.023701377
,,,,,,0.142621903,-0.212541376
,,,,,,0.142778167,0.220819529
,,,,,,0.142672041,-0.15182068
,,,,,,0.142700166,0.035562365
,,,,,,0.14271238,0.010825092
,,,,,,0.142695722,-0.108304758
,,,,,,0.142677075,-0.03826706
,,,,,,0.14264483,0.034599423
,,,,,,0.142647397,-0.030454026
,,,,,,0.142673101,-0.028759032
,,,,,,0.142652722,0.053349961
,,,,,,0.142635202,-0.039415083
,,,,,,0.142609737,-0.041367424
,,,,,,0.14258548,-0.105732506
,,,,,,0.142596242,-0.047559896
,,,,,,0.142590856,0.058993418
,,,,,,0.142575076,0.158653228
,,,,,,0.142541718,-0.10729993
,,,,,,0.142598764,0.187074782
,,,,,,0.142584475,0.007891001
,,,,,,0.142582042,0.035896123
,,,,,,0.142521207,-0.003147863
,,,,,,0.142528477,0.244429632
,,,,,,0.142498056,-0.206965066
,,,,,,0.142596654,0.095386853
,,,,,,0.142563563,-0.080767949
,,,,,,0.142528671,-0.179764627
,,,,,,0.142534944,0.025260388
,,,,,,0.142520137,-0.084215106
,,,,,,0.142577381,0.177108954
,,,,,,0.142541134,-0.115989399
,,,,,,0.142580566,-0.000574118
,,,,,,0.142627568,-0.022330201
,,,,,,0.142558111,-0.064107948
,,,,,,0.142535815,-0.119162878
,,,,,,0.142637342,0.127108295
,,,,,,0.142588521,-0.079871857
,,,,,,0.142588878,-0.022234353
,,,,,,0.142571035,-6.31E-06
,,,,,,0.142565907,-0.047061857
,,,,,,0.142640559,0.191683565
,,,,,,0.14266342,0.037899048
,,,,,,0.142719559,0.122317446
,,,,,,0.142711065,0.072626652
,,,,,,0.142602657,-0.094084963
,,,,,,0.14264487,0.011647237
,,,,,,0.142683421,0.009459196
,,,,,,0.142647947,-0.075474833
,,,,,,0.142585398,-0.104774575
,,,,,,0.142631596,0.125244961
,,,,,,0.142601265,-0.043178291
,,,,,,0.142567145,-0.063645384
,,,,,,0.142559439,0.095763289
,,,,,,0.142562275,0.025066931
,,,,,,0.142534715,-0.011643293
,,,,,,0.142509222,0.140682483
,,,,,,0.142505025,0.051129539
,,,,,,0.142477121,-0.114299856
,,,,,,0.142527303,0.041803175
,,,,,,0.142511127,0.081138333
,,,,,,0.142520961,-0.027861378
,,,,,,0.14252887,-0.001236404
,,,,,,0.142501871,-0.026336321
,,,,,,0.142564338,0.065327532
,,,,,,0.142549993,-0.062428374
,,,,,,0.142490437,-0.109220341
,,,,,,0.142477349,-0.079055072
,,,,,,0.142589667,0.288381837
,,,,,,0.142567105,-0.055153972
,,,,,,0.142596191,0.043106434
,,,,,,0.142527192,-0.039600937
,,,,,,0.142564608,0.169849703
,,,,,,0.142586127,0.051650464
,,,,,,0.142494476,-0.17328281
,,,,,,0.142534141,-0.036879673
,,,,,,0.142532297,-0.076063482
,,,,,,0.142552763,0.073981707
,,,,,,0.142518423,-0.029085538
,,,,,,0.14252299,-0.098993361
,,,,,,0.142526286,-0.15010193
,,,,,,0.142517659,-0.097696904
,,,,,,0.142544058,0.077575136
,,,,,,0.142548148,0.104818884
,,,,,,0.142535208,0.081508932
,,,,,,0.142506732,0.058181492
,,,,,,0.142536303,0.032819385
,,,,,,0.142518099,0.094715186
,,,,,,0.142514778,0.006705992
,,,,,,0.142501323,-0.122705321
,,,,,,0.142505119,-0.005052274
,,,,,,0.142516611,-0.055918183
,,,,,,0.142514138,0.129129934
,,,,,,0.142435861,0.082285179
,,,,,,0.142412876,-0.297815938
,,,,,,0.142522854,0.083057653
,,,,,,0.142516894,0.270124332
,,,,,,0.142378348,-0.152524127
,,,,,,0.142412186,0.03891432
,,,,,,0.142482533,-0.032897276
,,,,,,0.142488221,-0.123880027
,,,,,,0.142523179,0.123782573
,,,,,,0.142484148,0.101587498
,,,,,,0.142424497,-0.201457715
,,,,,,0.142399055,-0.250205024
,,,,,,0.142394658,0.162513727
,,,,,,0.142464315,0.216213923
,,,,,,0.142463611,-0.208144605
,,,,,,0.142483906,-0.044937121
,,,,,,0.142543575,0.272736657
,,,,,,0.142477449,-0.0442737
,,,,,,0.142524449,-0.048247348
,,,,,,0.142593045,0.235110817
,,,,,,0.142488189,-0.212210357
,,,,,,0.142508027,0.109396604
,,,,,,0.142463994,0.147786201
,,,,,,0.142412968,0.040491052
,,,,,,0.142430364,0.109473482
,,,,,,0.142453442,0.162364066
,,,,,,0.142463396,-0.110862133
