6.60E-05,-80.15408793,6.60E-05,-79.88305016,6.60E-05,-79.76783665,6.60E-05,-79.56463117,6.60E-05,-79.49611494
0.000166,-77.53921382,0.000166,-77.35739474,0.000166,-77.25571163,0.000166,-77.074501,0.000166,-77.10307448
0.000266,-76.96617917,0.000266,-77.1513261,0.000266,-77.45992812,0.000266,-77.6986351,0.000266,-77.8395329
0.000366,-77.104405,0.000366,-77.00282269,0.000366,-76.90427653,0.000366,-76.77289613,0.000366,-76.63446284
0.000466,-75.8521698,0.000466,-75.78927879,0.000466,-75.77166449,0.000466,-75.7110154,0.000466,-75.65890539
0.000566,-75.21315608,0.000566,-75.10399537,0.000566,-74.83130287,0.000566,-74.51230543,0.000566,-74.24231206
0.000666,-73.7002161,0.000666,-73.41446833,0.000666,-73.07586996,0.000666,-72.84213789,0.000666,-72.60460931
0.000766,-72.32757027,0.000766,-72.03568459,0.000766,-71.69919909,0.000766,-71.35940826,0.000766,-71.07205911
0.000866,-71.03262166,0.000866,-70.75766061,0.000866,-70.42831638,0.000866,-70.0528965,0.000866,-69.6802779
0.000966,-69.88724963,0.000966,-69.52682064,0.000966,-69.17845281,0.000966,-68.79234549,0.000966,-68.31842295
0.001066,-68.73799436,0.001066,-68.35267024,0.001066,-67.88598857,0.001066,-67.25765426,0.001066,-66.67773275
0.001166,-67.53836844,0.001166,-66.96338555,0.001166,-66.41596844,0.001166,-65.80540585,0.001166,-65.15992742
0.001266,-66.20823082,0.001266,-65.6687661,0.001266,-65.04027987,0.001266,-64.35286944,0.001266,-63.45791115
0.001366,-65.0401182,0.001366,-64.35133657,0.001366,-63.56536635,0.001366,-62.6878465,0.001366,-61.76805318
0.001466,-63.74063109,0.001466,-62.87878001,0.001466,-62.01959796,0.001466,-61.1190634,0.001466,-60.18572263
0.001566,-62.33109476,0.001566,-61.4460596,0.001566,-60.56800126,0.001566,-59.71848973,0.001566,-58.87150982
0.001666,-60.92266111,0.001666,-60.09093309,0.001666,-59.37220078,0.001666,-58.49708102,0.001666,-57.54380152
0.001766,-59.7286042,0.001766,-58.98192391,0.001766,-58.16800423,0.001766,-57.25885,0.001766,-56.18296623
0.001866,-58.69527827,0.001866,-57.88415408,0.001866,-56.97578955,0.001866,-55.99646853,0.001866,-54.87004834
0.001966,-57.63982285,0.001966,-56.73374809,0.001966,-55.8054761,0.001966,-54.82656365,0.001966,-53.637615
0.002066,-56.55528429,0.002066,-55.63159621,0.002066,-54.65453679,0.002066,-53.60001732,0.002066,-52.44895229
0.002166,-55.50715036,0.002166,-54.57249051,0.002166,-53.52767184,0.002166,-52.48844565,0.002166,-51.35204102
0.002266,-54.49908307,0.002266,-53.49184642,0.002266,-52.47466563,0.002266,-51.44768099,0.002266,-50.23629254
0.002366,-53.52386957,0.002366,-52.48964652,0.002366,-51.5098185,0.002366,-50.45642809,0.002366,-49.24285644
0.002466,-52.52855625,0.002466,-51.51795996,0.002466,-50.57653873,0.002466,-49.47095376,0.002466,-48.25029572
0.002566,-51.62610691,0.002566,-50.64470906,0.002566,-49.64708071,0.002566,-48.52021579,0.002566,-47.17858759
0.002666,-50.75456074,0.002666,-49.79194657,0.002666,-48.72697234,0.002666,-47.59475951,0.002666,-46.20197281
0.002766,-49.9649375,0.002766,-48.94736487,0.002766,-47.82302631,0.002766,-46.61495222,0.002766,-45.26541407
0.002866,-49.13904546,0.002866,-48.05608191,0.002866,-46.92199563,0.002866,-45.63141665,0.002866,-44.3372396
0.002966,-48.3171971,0.002966,-47.19305076,0.002966,-45.98028159,0.002966,-44.72984635,0.002966,-43.28426912
0.003066,-47.51740134,0.003066,-46.37665146,0.003066,-45.16440635,0.003066,-43.85868328,0.003066,-42.38255147
0.003166,-46.73333294,0.003166,-45.527733,0.003166,-44.29288873,0.003166,-42.98227058,0.003166,-41.48897001
0.003266,-45.86768264,0.003266,-44.68760467,0.003266,-43.45874995,0.003266,-42.15811538,0.003266,-40.51335834
0.003366,-45.05879917,0.003366,-43.95796468,0.003366,-42.6430785,0.003366,-41.28636377,0.003366,-39.62075034
0.003466,-44.30204156,0.003466,-43.16509669,0.003466,-41.83018971,0.003466,-40.39677209,0.003466,-38.67665015
0.003566,-43.54513163,0.003566,-42.3664105,0.003566,-40.99230669,0.003566,-39.48674641,0.003566,-37.79769881
0.003666,-42.8682017,0.003666,-41.55490684,0.003666,-40.14317357,0.003666,-38.71015508,0.003666,-37.00642583
0.003766,-42.13080432,0.003766,-40.78355694,0.003766,-39.37790364,0.003766,-37.80382582,0.003766,-36.14127084
0.003866,-41.45750396,0.003866,-40.00822461,0.003866,-38.57209113,0.003866,-36.95476249,0.003866,-35.31186212
0.003966,-40.72988795,0.003966,-39.27381433,0.003966,-37.78630939,0.003966,-36.13308555,0.003966,-34.44558034
0.004066,-39.95191991,0.004066,-38.46787805,0.004066,-36.97137753,0.004066,-35.37652465,0.004066,-33.71333135
0.004166,-39.17515753,0.004166,-37.75312305,0.004166,-36.21961683,0.004166,-34.6522786,0.004166,-32.91366673
0.004266,-38.42725698,0.004266,-37.04061099,0.004266,-35.50943466,0.004266,-33.89127629,0.004266,-32.148427
0.004366,-37.75426905,0.004366,-36.31326793,0.004366,-34.76139423,0.004366,-33.15788782,0.004366,-31.3902539
0.004466,-37.05539595,0.004466,-35.5984061,0.004466,-34.09896068,0.004466,-32.41752098,0.004466,-30.64936621
0.004566,-36.42194934,0.004566,-34.95977868,0.004566,-33.35896799,0.004566,-31.74417466,0.004566,-29.92884824
0.004666,-35.76184946,0.004666,-34.2222482,0.004666,-32.75057915,0.004666,-31.06596067,0.004666,-29.19775713
0.004766,-35.127532,0.004766,-33.6104234,0.004766,-32.06279378,0.004766,-30.38541703,0.004766,-28.50376437
0.004866,-34.49095164,0.004866,-33.01676683,0.004866,-31.40860817,0.004866,-29.74581011,0.004866,-27.84369665
0.004966,-33.86961259,0.004966,-32.42490716,0.004966,-30.78678272,0.004966,-29.07337085,0.004966,-27.19357876
0.005066,-33.23975964,0.005066,-31.81789573,0.005066,-30.05828604,0.005066,-28.41424995,0.005066,-26.71400692
0.005166,-32.70717413,0.005166,-31.17205015,0.005166,-29.49806786,0.005166,-27.81144991,0.005166,-26.06864077
0.005266,-32.06036911,0.005266,-30.58199163,0.005266,-28.92497043,0.005266,-27.25797548,0.005266,-25.48147365
0.005366,-31.50193804,0.005366,-29.96327729,0.005366,-28.35740233,0.005366,-26.73128073,0.005366,-24.91444705
0.005466,-30.941896,0.005466,-29.4566294,0.005466,-27.80891416,0.005466,-26.13564272,0.005466,-24.27712412
0.005566,-30.40464963,0.005566,-28.87519661,0.005566,-27.20277343,0.005566,-25.54933063,0.005566,-23.69651395
0.005666,-29.81085095,0.005666,-28.37243185,0.005666,-26.69553762,0.005666,-24.98088419,0.005666,-23.00742842
0.005766,-29.3059245,0.005766,-27.78716217,0.005766,-26.22050663,0.005766,-24.42234513,0.005766,-22.4487712
0.005866,-28.78959725,0.005866,-27.26573161,0.005866,-25.72078561,0.005866,-23.86998671,0.005866,-21.80224878
0.005966,-28.28798957,0.005966,-26.80668169,0.005966,-25.22294569,0.005966,-23.24888846,0.005966,-21.21544915
0.006066,-27.81192434,0.006066,-26.34917266,0.006066,-24.76380653,0.006066,-22.68720705,0.006066,-20.65194626
0.006166,-27.35807346,0.006166,-25.83866299,0.006166,-24.22108165,0.006166,-22.08913466,0.006166,-19.97435132
0.006266,-26.86154563,0.006266,-25.40225387,0.006266,-23.65981283,0.006266,-21.65363967,0.006266,-19.40804987
0.006366,-26.43309873,0.006366,-24.8891862,0.006366,-23.16449364,0.006366,-21.03299815,0.006366,-18.77839121
0.006466,-25.94775721,0.006466,-24.35114057,0.006466,-22.68325205,0.006466,-20.51395221,0.006466,-18.14977103
0.006566,-25.50197141,0.006566,-23.91625469,0.006566,-22.09997935,0.006566,-19.92094698,0.006566,-17.61180682
0.006666,-25.02873265,0.006666,-23.48553387,0.006666,-21.47587453,0.006666,-19.37652707,0.006666,-17.00063476
0.006766,-24.63840755,0.006766,-23.01204495,0.006766,-20.98267678,0.006766,-18.8388511,0.006766,-16.48142621
0.006866,-24.22712343,0.006866,-22.48562322,0.006866,-20.46278459,0.006866,-18.23308568,0.006866,-15.81398761
0.006966,-23.76168226,0.006966,-21.99458285,0.006966,-19.93544,0.006966,-17.78243437,0.006966,-15.27208671
0.007066,-23.36862134,0.007066,-21.55699463,0.007066,-19.38762009,0.007066,-17.25391088,0.007066,-14.73833354
0.007166,-22.87506405,0.007166,-21.07476615,0.007166,-18.92841688,0.007166,-16.57880512,0.007166,-14.14463027
0.007266,-22.45680617,0.007266,-20.54033894,0.007266,-18.39044537,0.007266,-16.13278699,0.007266,-13.52779265
0.007366,-22.04942149,0.007366,-20.10572333,0.007366,-17.93340646,0.007366,-15.65795273,0.007366,-12.96590976
0.007466,-21.52931796,0.007466,-19.57978254,0.007466,-17.42361498,0.007466,-15.0940163,0.007466,-12.34041202
0.007566,-21.04814429,0.007566,-19.10306016,0.007566,-17.02413682,0.007566,-14.53180526,0.007566,-11.80447871
0.007666,-20.67635024,0.007666,-18.6256422,0.007666,-16.49583406,0.007666,-13.99933048,0.007666,-11.23861188
0.007766,-20.2234114,0.007766,-18.1513801,0.007766,-16.02273323,0.007766,-13.50784048,0.007766,-10.57513929
0.007866,-19.74920234,0.007866,-17.69593681,0.007866,-15.53416541,0.007866,-13.0254292,0.007866,-10.06791112
0.007966,-19.33523096,0.007966,-17.26957024,0.007966,-15.15027835,0.007966,-12.47800889,0.007966,-9.470753174
0.008066,-18.94980604,0.008066,-16.82668614,0.008066,-14.62791514,0.008066,-12.00021373,0.008066,-8.841898194
0.008166,-18.48724775,0.008166,-16.37585261,0.008166,-14.14142102,0.008166,-11.45902671,0.008166,-8.289170542
0.008266,-18.09136672,0.008266,-15.85922126,0.008266,-13.65405719,0.008266,-10.87382065,0.008266,-7.696918048
0.008366,-17.59064065,0.008366,-15.42146645,0.008366,-13.24441181,0.008366,-10.37975964,0.008366,-7.13143507
0.008466,-17.18684343,0.008466,-15.02261468,0.008466,-12.73340393,0.008466,-9.903323981,0.008466,-6.470228008
0.008566,-16.75889226,0.008566,-14.61743834,0.008566,-12.20755993,0.008566,-9.322334735,0.008566,-5.851361353
0.008666,-16.37310543,0.008666,-14.23798807,0.008666,-11.66875741,0.008666,-8.843129568,0.008666,-5.112073824
0.008766,-15.8892794,0.008766,-13.76849868,0.008766,-11.24213976,0.008766,-8.376605409,0.008766,-4.395141814
0.008866,-15.52737353,0.008866,-13.32397477,0.008866,-10.73437443,0.008866,-7.818875704,0.008866,-3.43252655
0.008966,-15.0629866,0.008966,-12.86310323,0.008966,-10.31904811,0.008966,-7.345179727,0.008966,-2.627352532
0.009066,-14.69106955,0.009066,-12.44017776,0.009066,-9.884904511,0.009066,-6.85690461,0.009066,-1.533477423
0.009166,-14.29800398,0.009166,-11.9269811,0.009166,-9.454608692,0.009166,-6.32447299,0.009166,-0.444133884
0.009266,-13.83622914,0.009266,-11.53491592,0.009266,-8.9987323,0.009266,-5.826344352,0.009266,0.317868812
0.009366,-13.39777107,0.009366,-11.12319249,0.009366,-8.525379806,0.009366,-5.198417085,0.009366,0.875156332
0.009466,-13.0666608,0.009466,-10.6969389,0.009466,-8.067760344,0.009466,-4.616414324,0.009466,1.214844895
0.009566,-12.60929829,0.009566,-10.24375347,0.009566,-7.646139626,0.009566,-3.933763899,0.009566,1.370822936
0.009666,-12.24544573,0.009666,-9.796780484,0.009666,-7.207359632,0.009666,-3.260017441,0.009666,1.321183382
0.009766,-11.88382214,0.009766,-9.403257539,0.009766,-6.871324595,0.009766,-2.444828052,0.009766,1.217678393
0.009866,-11.41734315,0.009866,-9.02045672,0.009866,-6.368992805,0.009866,-1.603447309,0.009866,1.08306516
0.009966,-11.05669587,0.009966,-8.600721498,0.009966,-5.908531953,0.009966,-0.725651328,0.009966,1.040480519
0.010066,-10.66852009,0.010066,-8.20151874,0.010066,-5.467487525,0.010066,-0.052058037,0.010066,0.91333606
0.010166,-10.27176992,0.010166,-7.830702111,0.010166,-5.018070161,0.010166,0.378204762,0.010166,0.712828524
0.010266,-9.860625701,0.010266,-7.372357172,0.010266,-4.562287959,0.010266,0.688454745,0.010266,0.482221033
0.010366,-9.561694506,0.010366,-7.007266866,0.010366,-4.087875762,0.010366,0.806717482,0.010366,0.35198957
0.010466,-9.147071116,0.010466,-6.647507415,0.010466,-3.481991921,0.010466,0.945361958,0.010466,0.03440492
0.010566,-8.722498486,0.010566,-6.297344276,0.010566,-2.798740912,0.010566,0.985294052,0.010566,-0.143019247
0.010666,-8.372940975,0.010666,-5.88363666,0.010666,-1.997325494,0.010666,0.919203806,0.010666,-0.185656116
0.010766,-8.075912269,0.010766,-5.486703907,0.010766,-1.338163911,0.010766,0.875222607,0.010766,-0.079311114
0.010866,-7.721529172,0.010866,-5.1551851,0.010866,-0.700876808,0.010866,0.706767155,0.010866,-0.112518772
0.010966,-7.320052307,0.010966,-4.815623042,0.010966,-0.239684184,0.010966,0.486410611,0.010966,-0.09082763
0.011066,-7.014558222,0.011066,-4.445433576,0.011066,0.174137408,0.011066,0.463070617,0.011066,-0.139767838
0.011166,-6.764064682,0.011166,-4.085415931,0.011166,0.295422865,0.011166,0.33847388,0.011166,-0.142610354
0.011266,-6.399958189,0.011266,-3.681455735,0.011266,0.435881673,0.011266,0.143632034,0.011266,0.097980268
0.011366,-6.055945323,0.011366,-3.277478783,0.011366,0.452934629,0.011366,-0.00053185,0.011366,0.138431189
0.011466,-5.721189874,0.011466,-2.781576301,0.011466,0.451242906,0.011466,-0.067389804,0.011466,0.153310337
0.011566,-5.395502616,0.011566,-2.348807086,0.011566,0.528688595,0.011566,-0.11984237,0.011566,0.165673967
0.011666,-5.153402881,0.011666,-1.788847514,0.011666,0.452963344,0.011666,-0.016912358,0.011666,0.065160025
0.011766,-4.863819963,0.011766,-1.324307136,0.011766,0.370763449,0.011766,-0.060587663,0.011766,0.089203459
0.011866,-4.512593498,0.011866,-0.897114557,0.011866,0.290921192,0.011866,0.000340717,0.011866,0.006195731
0.011966,-4.303782523,0.011966,-0.554518306,0.011966,0.216479509,0.011966,0.109702343,0.011966,0.115974269
0.012066,-4.088708088,0.012066,-0.339984365,0.012066,0.228322339,0.012066,0.183446305,0.012066,0.164328693
0.012166,-3.740082131,0.012166,-0.068674421,0.012166,0.211837817,0.012166,0.324207623,0.012166,0.211988962
0.012266,-3.446262742,0.012266,0.042597948,0.012266,0.181526768,0.012266,0.269252288,0.012266,0.215787623
0.012366,-3.175233597,0.012366,0.065579837,0.012366,0.160796347,0.012366,0.181326018,0.012366,0.371854307
0.012466,-2.903969492,0.012466,0.195029989,0.012466,0.078770388,0.012466,0.174488357,0.012466,0.342894339
0.012566,-2.622115571,0.012566,0.276861382,0.012566,0.166403125,0.012566,0.044666144,0.012566,0.238049841
0.012666,-2.380989629,0.012666,0.267520111,0.012666,0.277485184,0.012666,0.006836675,0.012666,0.236623253
0.012766,-2.007971419,0.012766,0.25990763,0.012766,0.289692643,0.012766,0.010953609,0.012766,0.191982705
0.012866,-1.738490432,0.012866,0.298438193,0.012866,0.279137362,0.012866,0.019171836,0.012866,0.18825055
0.012966,-1.37539612,0.012966,0.248553466,0.012966,0.208063872,0.012966,0.088482817,0.012966,0.050137797
0.013066,-1.149132793,0.013066,0.149041241,0.013066,0.271869018,0.013066,0.031665657,0.013066,0.066442145
0.013166,-0.996957258,0.013166,0.202714852,0.013166,0.239049096,0.013166,0.08749068,0.013166,-0.066016545
0.013266,-0.763609953,0.013266,0.093357024,0.013266,0.281967613,0.013266,0.124383176,0.013266,-0.049603891
0.013366,-0.581623234,0.013366,0.142005138,0.013366,0.126982526,0.013366,0.209156516,0.013366,-0.05066377
0.013466,-0.392528647,0.013466,0.10240935,0.013466,0.10887638,0.013466,0.269924387,0.013466,-0.119395163
0.013566,-0.220003098,0.013566,0.237101829,0.013566,0.117053867,0.013566,0.24104508,0.013566,-0.013304373
0.013666,-0.177326899,0.013666,0.203944693,0.013666,-0.006318198,0.013666,0.237751154,0.013666,-0.062909848
0.013766,-0.173717309,0.013766,0.26969159,0.013766,-0.024272649,0.013766,0.238018263,0.013766,0.035502861
0.013866,-0.111277242,0.013866,0.277223792,0.013866,0.012899871,0.013866,0.139358015,0.013866,0.05115277
0.013966,0.011292447,0.013966,0.281036268,0.013966,0.213183764,0.013966,0.10559297,0.013966,0.223924356
0.014066,-0.023884901,0.014066,0.266393234,0.014066,0.023152919,0.014066,0.094343959,0.014066,0.332137861
0.014166,0.049588304,0.014166,0.235051886,0.014166,0.092966294,0.014166,0.145453406,0.014166,0.352197393
0.014266,0.028690232,0.014266,0.22872814,0.014266,0.078695571,0.014266,0.121628727,0.014266,0.36751643
0.014366,0.186988692,0.014366,0.020131487,0.014366,0.151678941,0.014366,0.065750998,0.014366,0.389491226
0.014466,0.107819052,0.014466,0.017699992,0.014466,0.144288017,0.014466,0.176250983,0.014466,0.329828397
0.014566,0.192971306,0.014566,0.052885536,0.014566,0.117177419,0.014566,0.180056952,0.014566,0.314561248
0.014666,0.239429408,0.014666,0.043750005,0.014666,0.077785939,0.014666,0.325967031,0.014666,0.332907003
0.014766,0.335523562,0.014766,0.020397678,0.014766,0.067618128,0.014766,0.393507699,0.014766,0.292321427
0.014866,0.373488399,0.014866,0.150805825,0.014866,0.016396306,0.014866,0.423420298,0.014866,0.344703964
0.014966,0.381461608,0.014966,0.117439309,0.014966,0.056157222,0.014966,0.341984299,0.014966,0.339939946
0.015066,0.38784261,0.015066,0.141684136,0.015066,-0.060087212,0.015066,0.296968255,0.015066,0.448648336
0.015166,0.327833068,0.015166,0.203901717,0.015166,0.028609116,0.015166,0.143894094,0.015166,0.463178026
0.015266,0.26327881,0.015266,0.32269848,0.015266,0.102174544,0.015266,0.285446608,0.015266,0.476773189
0.015366,0.206550975,0.015366,0.30501452,0.015366,0.244960191,0.015366,0.197167117,0.015366,0.312160307
0.015466,0.258705693,0.015466,0.205845704,0.015466,0.20596195,0.015466,0.131097987,0.015466,0.274472684
0.015566,0.218803748,0.015566,0.181296009,0.015566,0.265626945,0.015566,0.242386107,0.015566,0.218773837
0.015666,0.17473761,0.015666,0.173634964,0.015666,0.234229214,0.015666,0.270054557,0.015666,0.139470199
0.015766,0.061006583,0.015766,0.038521861,0.015766,0.219161406,0.015766,0.141820065,0.015766,0.095014758
0.015866,0.124664093,0.015866,0.078756653,0.015866,0.052637309,0.015866,0.31012736,0.015866,-0.011391442
0.015966,0.224098436,0.015966,0.169089937,0.015966,0.050169286,0.015966,0.231638522,0.015966,-0.043058472
0.016066,0.157764075,0.016066,0.040154194,0.016066,-0.003868884,0.016066,0.387928833,0.016066,-0.185128002
0.016166,0.195487583,0.016166,0.054843238,0.016166,-0.067255924,0.016166,0.40853736,0.016166,-0.191955175
0.016266,0.238036031,0.016266,0.007713836,0.016266,-0.042862692,0.016266,0.337892718,0.016266,-0.23554988
0.016366,0.313615873,0.016366,-0.021100603,0.016366,-0.075649508,0.016366,0.157433126,0.016366,-0.287596987
0.016466,0.291835348,0.016466,0.07971311,0.016466,0.058380004,0.016466,0.122035786,0.016466,-0.075762316
0.016566,0.260645718,0.016566,0.022324063,0.016566,0.054179358,0.016566,-0.073361406,0.016566,0.02841197
0.016666,0.190913749,0.016666,-0.006995719,0.016666,0.020970561,0.016666,-0.017225432,0.016666,0.089184897
0.016766,0.139831877,0.016766,0.120621006,0.016766,0.068113166,0.016766,0.043265664,0.016766,0.107619634
0.016866,0.128723429,0.016866,-0.005465133,0.016866,0.129714846,0.016866,-0.06062447,0.016866,0.056384243
0.016966,0.173658758,0.016966,0.04699401,0.016966,0.181527567,0.016966,0.045445123,0.016966,0.10964136
0.017066,0.154870752,0.017066,0.092366863,0.017066,0.303969398,0.017066,-0.021235087,0.017066,-0.046184831
0.017166,0.150040993,0.017166,0.096162372,0.017166,0.233632357,0.017166,0.060524617,0.017166,0.155094821
0.017266,0.201588795,0.017266,0.004119015,0.017266,0.242746148,0.017266,0.010006255,0.017266,-0.046861954
0.017366,0.157551168,0.017366,-0.01464183,0.017366,0.152138216,0.017366,0.147808576,0.017366,-0.045953076
0.017466,0.242513774,0.017466,0.121381629,0.017466,0.175167242,0.017466,0.163757003,0.017466,0.031849729
0.017566,0.185973714,0.017566,0.087306072,0.017566,0.240578593,0.017566,0.087503057,0.017566,-0.070001487
0.017666,0.18312289,0.017666,0.131300223,0.017666,0.30750757,0.017666,0.170949494,0.017666,0.039614159
0.017766,0.175302807,0.017766,0.306444168,0.017766,0.219588973,0.017766,0.121342402,0.017766,0.115978868
0.017866,0.252423819,0.017866,0.244944136,0.017866,0.431997289,0.017866,0.045952946,0.017866,0.030442313
0.017966,0.13511818,0.017966,0.117658943,0.017966,0.437150275,0.017966,0.024343483,0.017966,0.121843752
0.018066,0.090295726,0.018066,0.120059881,0.018066,0.520282787,0.018066,-0.01634447,0.018066,0.057102892
0.018166,0.134326321,0.018166,0.234609926,0.018166,0.428925693,0.018166,0.093319828,0.018166,-0.055622412
0.018266,0.016447142,0.018266,0.152618183,0.018266,0.404164415,0.018266,0.138157244,0.018266,-0.03233446
0.018366,0.034840383,0.018366,0.229696966,0.018366,0.374283599,0.018366,0.034237492,0.018366,-0.190100135
0.018466,0.098800293,0.018466,0.068286555,0.018466,0.226189606,0.018466,0.003241624,0.018466,-0.178002562
0.018566,0.134771939,0.018566,0.015641043,0.018566,0.208707883,0.018566,0.099751423,0.018566,-0.236064242
0.018666,0.159345212,0.018666,0.007738064,0.018666,0.140125499,0.018666,0.061726512,0.018666,-0.162850749
0.018766,0.186424048,0.018766,-0.00853999,0.018766,0.084986643,0.018766,0.112606824,0.018766,-0.151409207
0.018866,0.180699767,0.018866,0.018773533,0.018866,-0.120010513,0.018866,-0.010118833,0.018866,-0.027249589
0.018966,0.181685257,0.018966,0.093974742,0.018966,-0.105721869,0.018966,-0.093764115,0.018966,-0.013244415
0.019066,0.211118321,0.019066,0.0800293,0.019066,-0.040772844,0.019066,-0.031185342,0.019066,0.113642967
0.019166,0.248602251,0.019166,0.168093186,0.019166,-0.028335332,0.019166,-0.074235589,0.019166,0.069184083
0.019266,0.169833055,0.019266,0.249002322,0.019266,0.136164177,0.019266,-0.257159273,0.019266,0.15094645
0.019366,0.212401745,0.019366,0.165191461,0.019366,0.13996188,0.019366,-0.196314634,0.019366,0.282982253
0.019466,0.133796513,0.019466,0.325661724,0.019466,0.283535399,0.019466,-0.139892548,0.019466,0.216401654
0.019566,0.130810802,0.019566,0.246391161,0.019566,0.217922247,0.019566,-0.065708275,0.019566,0.206369341
0.019666,0.038174512,0.019666,0.291969102,0.019666,0.069879726,0.019666,-0.182795517,0.019666,0.083759403
0.019766,0.016851272,0.019766,0.226538225,0.019766,0.078616309,0.019766,-0.098029996,0.019766,0.059608654
0.019866,0.078250201,0.019866,0.300460901,0.019866,0.1573819,0.019866,-0.056144529,0.019866,-0.011870051
0.019966,0.006184754,0.019966,0.37040035,0.019966,0.352485833,0.019966,-0.043416941,0.019966,0.037909941
0.020066,0.117857335,0.020066,0.383058865,0.020066,0.142695309,0.020066,0.079638549,0.020066,0.013093748
0.020166,0.079481496,0.020166,0.443373553,0.020166,0.128362307,0.020166,0.086530166,0.020166,-0.060248673
0.020266,0.159110155,0.020266,0.391239832,0.020266,0.06281454,0.020266,0.072179457,0.020266,0.062822342
0.020366,0.098754665,0.020366,0.433759726,0.020366,0.084650642,0.020366,0.174186874,0.020366,-0.013720526
0.020466,0.090394729,0.020466,0.458060077,0.020466,0.081691831,0.020466,0.113085757,0.020466,0.074976556
0.020566,0.126511927,0.020566,0.552464565,0.020566,0.025528696,0.020566,0.07380042,0.020566,-0.015935684
0.020666,0.07941202,0.020666,0.483954224,0.020666,0.143323049,0.020666,0.062973062,0.020666,-0.045714115
0.020766,0.054384056,0.020766,0.339175345,0.020766,0.024512512,0.020766,-0.079722647,0.020766,-0.08889499
0.020866,0.116302297,0.020866,0.33687999,0.020866,0.104308132,0.020866,0.107698895,0.020866,-0.022261778
0.020966,0.013562781,0.020966,0.358743337,0.020966,-0.040062736,0.020966,0.101109399,0.020966,-0.091859499
0.021066,0.048213133,0.021066,0.121125688,0.021066,-0.024354416,0.021066,0.170903468,0.021066,-0.16515493
0.021166,0.090312019,0.021166,0.170963803,0.021166,0.124121925,0.021166,0.003834965,0.021166,-0.097549987
0.021266,0.054223497,0.021266,0.108570633,0.021266,-0.017055485,0.021266,0.001067524,0.021266,-0.024531319
0.021366,0.148732339,0.021366,0.124351624,0.021366,-0.018527913,0.021366,-0.01851557,0.021366,-0.0402939
0.021466,0.15864045,0.021466,0.059885653,0.021466,-0.022871837,0.021466,-0.036239617,0.021466,0.103012864
0.021566,0.179690341,0.021566,0.069690228,0.021566,-0.021575635,0.021566,-0.003974083,0.021566,-0.024830557
0.021666,0.114703086,0.021666,0.015272195,0.021666,-0.032301657,0.021666,-0.043281382,0.021666,0.075073519
0.021766,0.141451941,0.021766,0.162094852,0.021766,0.035671151,0.021766,0.06220562,0.021766,0.080618973
0.021866,0.146816234,0.021866,0.164531309,0.021866,-0.012115019,0.021866,-0.140703715,0.021866,0.113045206
0.021966,0.086509021,0.021966,0.086326429,0.021966,-0.053091084,0.021966,-0.179727532,0.021966,0.07789669
0.022066,0.084080774,0.022066,0.010374157,0.022066,0.129898798,0.022066,-0.140900297,0.022066,0.114454699
0.022166,0.117537447,0.022166,-0.020129241,0.022166,0.146571402,0.022166,-0.106311625,0.022166,0.153435724
0.022266,0.101222036,0.022266,0.133755435,0.022266,0.141296223,0.022266,-0.098219556,0.022266,0.097882813
0.022366,-0.001468824,0.022366,0.084440515,0.022366,0.029458467,0.022366,-0.059279678,0.022366,0.194126417
0.022466,0.11375,0.022466,0.139461084,0.022466,0.064422051,0.022466,0.036288522,0.022466,0.077897311
0.022566,0.066053302,0.022566,0.013707901,0.022566,0.026846861,0.022566,0.008121548,0.022566,-0.037463572
0.022666,0.120944051,0.022666,0.156792496,0.022666,0.089974498,0.022666,0.084893609,0.022666,-0.034220878
0.022766,0.115108254,0.022766,0.266766309,0.022766,-0.038797742,0.022766,0.130249638,0.022766,0.007302362
0.022866,0.124652684,0.022866,0.270717592,0.022866,0.007429023,0.022866,0.069916427,0.022866,-0.026495593
0.022966,0.164603583,0.022966,0.183113766,0.022966,0.085161438,0.022966,0.062928851,0.022966,-0.034000135
0.023066,0.086312088,0.023066,0.183341141,0.023066,0.074641942,0.023066,0.16844404,0.023066,-0.0900103
0.023166,0.053979611,0.023166,0.068215462,0.023166,-0.095250111,0.023166,0.193506053,0.023166,0.065572459
0.023266,0.019206781,0.023266,0.040306354,0.023266,-0.060897805,0.023266,0.043519198,0.023266,-0.063483438
0.023366,0.077677362,0.023366,0.068873399,0.023366,0.14317443,0.023366,0.029651092,0.023366,-0.045354704
0.023466,0.058205978,0.023466,0.091196356,0.023466,0.069870875,0.023466,-0.20345502,0.023466,-0.035960117
0.023566,0.023225363,0.023566,-0.122143564,0.023566,-0.030924371,0.023566,-0.102844862,0.023566,-0.052711111
0.023666,0.035020536,0.023666,-0.136442861,0.023666,0.018603445,0.023666,-0.014536828,0.023666,-0.15919537
0.023766,0.181611544,0.023766,-0.035742247,0.023766,-0.008278929,0.023766,0.039656635,0.023766,-0.055254951
0.023866,0.161709283,0.023866,-0.037905472,0.023866,-0.020551515,0.023866,0.035358042,0.023866,-0.07403413
0.023966,0.209178023,0.023966,-0.033128432,0.023966,0.019824675,0.023966,0.026512412,0.023966,-0.034413293
0.024066,0.225652647,0.024066,-0.051747258,0.024066,-0.047989161,0.024066,-0.004963096,0.024066,0.016017134
0.024166,0.207425205,0.024166,0.031546995,0.024166,-0.048412436,0.024166,0.040308265,0.024166,-0.019209174
0.024266,0.270451449,0.024266,-0.009650068,0.024266,0.020634779,0.024266,0.025347304,0.024266,0.020318063
0.024366,0.284117984,0.024366,0.137120375,0.024366,-0.035607012,0.024366,0.061326714,0.024366,0.032709763
0.024466,0.308354966,0.024466,0.119734967,0.024466,0.015782759,0.024466,-0.01500978,0.024466,-0.129264145
0.024566,0.233550736,0.024566,0.080594446,0.024566,-0.00676588,0.024566,-0.042199783,0.024566,0.074365795
0.024666,0.299549414,0.024666,0.11102877,0.024666,0.030284903,0.024666,-0.025277274,0.024666,0.054565675
0.024766,0.27650853,0.024766,0.249827444,0.024766,-0.010014409,0.024766,-0.07297479,0.024766,0.007275941
0.024866,0.354107349,0.024866,0.103334126,0.024866,0.093998199,0.024866,0.062700505,0.024866,0.088569941
0.024966,0.464840992,0.024966,-0.05482254,0.024966,0.094351571,0.024966,-0.059638605,0.024966,0.164791544
0.025066,0.335316264,0.025066,0.039475095,0.025066,-0.015226879,0.025066,-0.085269689,0.025066,0.131150631
0.025166,0.392541472,0.025166,0.020379191,0.025166,-0.010006022,0.025166,0.041660185,0.025166,0.042968336
0.025266,0.396073693,0.025266,-0.032274499,0.025266,-0.132974593,0.025266,-0.022037838,0.025266,-0.013972483
0.025366,0.379991139,0.025366,-0.008189425,0.025366,0.015163407,0.025366,0.061356729,0.025366,-0.160811244
0.025466,0.296417679,0.025466,-0.007943728,0.025466,0.064100144,0.025466,0.112581428,0.025466,0.076252024
0.025566,0.28240518,0.025566,0.025066951,0.025566,0.035823746,0.025566,0.101590894,0.025566,0.066513274
0.025666,0.267803019,0.025666,0.129960961,0.025666,-0.016188066,0.025666,-0.038914658,0.025666,0.082659358
0.025766,0.345759946,0.025766,0.136640571,0.025766,-0.11210826,0.025766,-0.050801278,0.025766,0.030345062
0.025866,0.299597368,0.025866,0.005258434,0.025866,0.009200019,0.025866,0.042496563,0.025866,-0.068827742
0.025966,0.32189129,0.025966,0.031817245,0.025966,0.104729687,0.025966,-0.121606647,0.025966,0.007168341
0.026066,0.354036843,0.026066,0.135110453,0.026066,0.019431398,0.026066,-2.96E-05,0.026066,-0.042999574
0.026166,0.294738828,0.026166,0.104693013,0.026166,0.152684316,0.026166,0.07899296,0.026166,-0.065990457
0.026266,0.272291796,0.026266,0.077353581,0.026266,0.137391861,0.026266,-0.009066146,0.026266,0.100020631
0.026366,0.371349869,0.026366,-0.039324769,0.026366,0.019475185,0.026366,0.10236368,0.026366,-0.115589148
0.026466,0.303528369,0.026466,-0.046449362,0.026466,0.009530953,0.026466,-0.018334435,0.026466,-0.100890437
0.026566,0.355489078,0.026566,-0.113667785,0.026566,0.11021265,0.026566,0.031768547,0.026566,-0.175127622
0.026666,0.34864528,0.026666,0.049949389,0.026666,0.043661112,0.026666,0.015963544,0.026666,-0.163199706
0.026766,0.318479158,0.026766,0.049953408,0.026766,0.016448551,0.026766,0.105303513,0.026766,-0.022887718
0.026866,0.306117311,0.026866,0.066553882,0.026866,-0.065490088,0.026866,0.142054481,0.026866,-0.017909253
0.026966,0.197076007,0.026966,-0.078980341,0.026966,-0.003557726,0.026966,0.1005429,0.026966,0.057276179
0.027066,0.231746613,0.027066,0.192306045,0.027066,-0.089889659,0.027066,0.023237763,0.027066,0.005924554
0.027166,0.189622289,0.027166,0.030036521,0.027166,-0.132806182,0.027166,-0.063226983,0.027166,0.127623355
0.027266,0.149635483,0.027266,-0.008693827,0.027266,-0.21587071,0.027266,-0.101866835,0.027266,0.132682433
0.027366,0.163628809,0.027366,0.048144523,0.027366,-0.134503784,0.027366,-0.166438516,0.027366,0.01579191
0.027466,0.187537639,0.027466,0.003358139,0.027466,-0.078488841,0.027466,-0.033426863,0.027466,-0.021982509
0.027566,0.194149471,0.027566,-0.070797666,0.027566,0.096327216,0.027566,0.032268697,0.027566,0.031331329
0.027666,0.102060032,0.027666,-0.04704973,0.027666,-0.053595238,0.027666,-0.064475334,0.027666,0.074512577
0.027766,0.152914675,0.027766,-0.042289019,0.027766,0.095961286,0.027766,-0.019939093,0.027766,0.173389729
0.027866,0.245526636,0.027866,0.096332617,0.027866,-0.067402676,0.027866,-0.047718083,0.027866,0.089156012
0.027966,0.312757601,0.027966,0.064672307,0.027966,-0.009075928,0.027966,0.067076351,0.027966,0.017298015
0.028066,0.284180905,0.028066,0.009297131,0.028066,0.043028883,0.028066,0.055350699,0.028066,0.041795316
0.028166,0.246469271,0.028166,0.059055808,0.028166,0.050762201,0.028166,0.075410706,0.028166,0.031497866
0.028266,0.145269341,0.028266,0.139740822,0.028266,-0.01667508,0.028266,0.058139405,0.028266,-0.067640979
0.028366,0.176117456,0.028366,0.0768969,0.028366,0.131800575,0.028366,0.003079656,0.028366,0.032953391
0.028466,0.229659283,0.028466,0.079507635,0.028466,0.017390733,0.028466,0.045358349,0.028466,0.028104016
0.028566,0.185279675,0.028566,0.079549338,0.028566,0.106108037,0.028566,0.123723973,0.028566,0.03354201
0.028666,0.178485934,0.028666,0.080361708,0.028666,0.120777375,0.028666,0.134790823,0.028666,-0.063897223
0.028766,0.196295409,0.028766,-0.054611849,0.028766,0.098547282,0.028766,0.018952728,0.028766,0.030294423
0.028866,0.082326197,0.028866,0.01141206,0.028866,0.090005292,0.028866,0.103419287,0.028866,-0.035400761
0.028966,0.114061688,0.028966,-0.030546379,0.028966,-0.070819697,0.028966,0.077039221,0.028966,0.017837074
0.029066,0.177895171,0.029066,0.046667479,0.029066,0.014422973,0.029066,0.125212816,0.029066,0.124758169
0.029166,0.06592737,0.029166,-0.054539113,0.029166,0.077767397,0.029166,0.129734292,0.029166,-0.091933569
0.029266,0.120416938,0.029266,-0.015213984,0.029266,0.01847702,0.029266,0.158554342,0.029266,0.033884083
0.029366,0.109183783,0.029366,-0.062295117,0.029366,-0.041913157,0.029366,0.179605544,0.029366,-0.086516256
0.029466,0.112959915,0.029466,0.023217096,0.029466,-0.010135471,0.029466,0.051893321,0.029466,-0.077829165
0.029566,0.100453019,0.029566,0.095534249,0.029566,0.02782578,0.029566,0.051898358,0.029566,-0.128641411
0.029666,0.112511417,0.029666,0.077068517,0.029666,8.36E-05,0.029666,-0.157837727,0.029666,0.003170741
0.029766,0.080930212,0.029766,0.062959389,0.029766,0.085345555,0.029766,-0.039088803,0.029766,-0.0397779
0.029866,0.031606013,0.029866,0.111571605,0.029866,-0.026391053,0.029866,-0.112941265,0.029866,-0.005915459
0.029966,0.085216824,0.029966,0.037030391,0.029966,0.010114545,0.029966,-0.166660924,0.029966,-0.005858231
0.030066,0.076522048,0.030066,0.035229357,0.030066,0.045323903,0.030066,-0.118339853,0.030066,-0.070010474
0.030166,0.090681688,0.030166,0.06263588,0.030166,0.111174486,0.030166,0.073219,0.030166,-0.067787111
0.030266,0.067039439,0.030266,0.060496769,0.030266,-0.087875066,0.030266,-0.000988335,0.030266,-0.041279867
0.030366,-0.000209314,0.030366,0.040915109,0.030366,-0.016460718,0.030366,-0.048244041,0.030366,0.052788983
0.030466,0.098990559,0.030466,-0.007644992,0.030466,0.019912237,0.030466,0.027789117,0.030466,0.194866541
0.030566,0.097589654,0.030566,0.025569174,0.030566,-0.022493343,0.030566,-0.054629223,0.030566,0.173272944
0.030666,0.065743379,0.030666,-0.00964205,0.030666,0.040358801,0.030666,0.018559354,0.030666,0.099874185
0.030766,0.084137414,0.030766,-0.042793383,0.030766,-0.083478323,0.030766,0.09891129,0.030766,-0.051871162
0.030866,0.049696569,0.030866,0.031918656,0.030866,-0.145066058,0.030866,0.056532363,0.030866,0.095248845
0.030966,0.091912674,0.030966,0.027810655,0.030966,-0.038962397,0.030966,0.046279036,0.030966,0.116746649
0.031066,0.031119454,0.031066,0.033544932,0.031066,0.109941589,0.031066,0.108491431,0.031066,0.079832205
0.031166,0.148926138,0.031166,-0.020236029,0.031166,0.049342924,0.031166,0.082672601,0.031166,0.098488592
0.031266,-0.007650303,0.031266,-0.022504933,0.031266,0.022838504,0.031266,0.110843449,0.031266,0.129602748
0.031366,-0.002486271,0.031366,0.069284446,0.031366,0.043813803,0.031366,0.111129394,0.031366,-0.013761989
0.031466,0.005906783,0.031466,0.017130789,0.031466,0.065523635,0.031466,0.105573673,0.031466,-0.090158345
0.031566,0.0291531,0.031566,0.149580827,0.031566,0.16182141,0.031566,-0.072529533,0.031566,-0.05265108
0.031666,0.113773796,0.031666,0.032157503,0.031666,0.050294148,0.031666,-0.077047742,0.031666,-0.166402653
0.031766,0.072305564,0.031766,-0.012355128,0.031766,0.098392451,0.031766,-0.049473467,0.031766,-0.052535661
0.031866,0.120569142,0.031866,0.075510948,0.031866,0.055515025,0.031866,-0.045957522,0.031866,-0.129726652
0.031966,0.127930805,0.031966,0.032151873,0.031966,0.006476016,0.031966,-0.024321884,0.031966,-0.058784995
0.032066,0.061589538,0.032066,0.054486388,0.032066,0.070598372,0.032066,-0.067154859,0.032066,-0.044237638
0.032166,0.16239043,0.032166,0.0965027,0.032166,-0.004198391,0.032166,-0.112060887,0.032166,-0.101592806
0.032266,0.0177699,0.032266,0.108778853,0.032266,0.015511024,0.032266,-0.056551322,0.032266,-0.124934094
0.032366,0.053105043,0.032366,0.109715958,0.032366,-0.050256201,0.032366,-0.200310292,0.032366,-0.117323964
0.032466,0.039884671,0.032466,0.078554372,0.032466,-0.000820748,0.032466,-0.04271915,0.032466,-0.092966061
0.032566,-0.007060183,0.032566,0.070588213,0.032566,-0.092481313,0.032566,-0.188899104,0.032566,0.014873698
0.032666,0.094648248,0.032666,-0.014907823,0.032666,-0.095966107,0.032666,-0.112199224,0.032666,-0.04204717
0.032766,-0.012699789,0.032766,-0.139288684,0.032766,0.014682911,0.032766,-0.151908997,0.032766,0.019703267
0.032866,0.001589547,0.032866,-0.042601156,0.032866,-0.052928661,0.032866,-0.064859401,0.032866,0.224342601
0.032966,0.001856959,0.032966,-0.064575391,0.032966,-0.148644742,0.032966,-0.069298762,0.032966,0.068118896
0.033066,0.05262762,0.033066,-0.183007734,0.033066,-0.088588409,0.033066,-0.055669957,0.033066,0.090581867
0.033166,0.032021555,0.033166,-0.003907535,0.033166,0.03602369,0.033166,-0.028258947,0.033166,0.013869517
0.033266,0.030614965,0.033266,-0.032038163,0.033266,-0.068023896,0.033266,0.094659766,0.033266,0.022988351
0.033366,0.097871999,0.033366,0.062804786,0.033366,-0.016746641,0.033366,0.202545905,0.033366,0.112617794
0.033466,0.020380232,0.033466,0.021267107,0.033466,-0.109250005,0.033466,0.098561711,0.033466,0.118325812
0.033566,0.073569275,0.033566,0.110571414,0.033566,0.018469637,0.033566,0.109625605,0.033566,-0.067071052
0.033666,-0.010332372,0.033666,0.029411703,0.033666,0.091365041,0.033666,0.269408042,0.033666,0.079891336
0.033766,-0.047512052,0.033766,0.042175829,0.033766,-0.011457507,0.033766,0.024594636,0.033766,0.04001334
0.033866,0.080435408,0.033866,0.137706229,0.033866,0.028447554,0.033866,0.042939324,0.033866,-0.027753076
0.033966,0.014498171,0.033966,0.185416026,0.033966,0.098489584,0.033966,0.025545493,0.033966,-0.101613189
0.034066,-0.017014995,0.034066,-0.023497843,0.034066,0.105063825,0.034066,-0.042660292,0.034066,-0.110519755
0.034166,0.070825626,0.034166,0.00824971,0.034166,0.040690624,0.034166,-0.017693979,0.034166,-0.01072875
0.034266,0.082586319,0.034266,-0.079911559,0.034266,0.05425682,0.034266,-0.020548001,0.034266,-0.124046967
0.034366,0.088302992,0.034366,-0.034682113,0.034366,0.016139611,0.034366,-0.041487611,0.034366,-0.109212502
0.034466,0.036853992,0.034466,-0.000949161,0.034466,0.139482104,0.034466,-0.006504021,0.034466,0.010089611
0.034566,0.064254916,0.034566,-0.049391648,0.034566,0.074970819,0.034566,-0.056086715,0.034566,-0.065593811
0.034666,0.034226406,0.034666,0.070541359,0.034666,0.063469844,0.034666,0.048042849,0.034666,-0.119337214
0.034766,0.084179423,0.034766,0.021778495,0.034766,0.009453535,0.034766,-0.093118885,0.034766,0.040859893
0.034866,0.041874232,0.034866,-0.027141811,0.034866,0.133156873,0.034866,-0.019356324,0.034866,0.075957987
0.034966,-0.044856869,0.034966,0.031775849,0.034966,-0.030008396,0.034966,0.029566857,0.034966,-0.022372135
0.035066,-0.023472337,0.035066,0.116590435,0.035066,0.037315937,0.035066,0.041049777,0.035066,0.172265979
0.035166,0.046586503,0.035166,0.056049313,0.035166,0.033795477,0.035166,0.114978911,0.035166,0.230577902
0.035266,0.001533336,0.035266,0.048280598,0.035266,-0.068242523,0.035266,0.057794321,0.035266,0.158198335
0.035366,0.067160161,0.035366,-0.056886218,0.035366,-0.026788878,0.035366,0.05952371,0.035366,-0.023131027
0.035466,-0.034978635,0.035466,-0.061312415,0.035466,0.058924572,0.035466,0.001779017,0.035466,-0.021015195
0.035566,0.094026175,0.035566,0.069762452,0.035566,0.093556967,0.035566,-0.020738352,0.035566,0.120910325
0.035666,0.145034235,0.035666,0.04026536,0.035666,0.17768885,0.035666,0.099060412,0.035666,0.018942258
0.035766,0.092655232,0.035766,-0.051814803,0.035766,-0.041617557,0.035766,0.020821772,0.035766,0.1907057
0.035866,0.154535835,0.035866,0.069725688,0.035866,0.116184657,0.035866,-0.103735003,0.035866,0.229592956
0.035966,0.145088058,0.035966,0.013352,0.035966,0.128038365,0.035966,0.05957057,0.035966,0.190520233
0.036066,0.019718557,0.036066,0.04298116,0.036066,0.125617669,0.036066,0.017829399,0.036066,0.180289062
0.036166,0.021057888,0.036166,-0.019229724,0.036166,0.092435588,0.036166,0.101403532,0.036166,-0.047042518
0.036266,0.020128688,0.036266,0.060279242,0.036266,0.062815115,0.036266,0.165626924,0.036266,0.048635868
0.036366,0.014349298,0.036366,0.161919403,0.036366,0.060928062,0.036366,0.165494102,0.036366,0.061349924
0.036466,0.025643994,0.036466,0.188630888,0.036466,0.13133164,0.036466,0.25907441,0.036466,0.14987268
0.036566,0.12847611,0.036566,0.061678215,0.036566,0.182963293,0.036566,0.169922327,0.036566,0.001502641
0.036666,0.072803241,0.036666,0.198778538,0.036666,0.108613766,0.036666,0.09237576,0.036666,0.038065179
0.036766,0.138729067,0.036766,0.071101706,0.036766,-0.023114987,0.036766,0.153600495,0.036766,-0.031946587
0.036866,0.06491178,0.036866,0.157818393,0.036866,-0.107665113,0.036866,0.047174721,0.036866,-0.011994453
0.036966,0.063184631,0.036966,0.10150507,0.036966,0.030173822,0.036966,0.102566042,0.036966,0.002009482
0.037066,0.105452241,0.037066,0.051971591,0.037066,-0.08877777,0.037066,0.077536437,0.037066,-0.113527963
0.037166,0.085004888,0.037166,0.012846907,0.037166,0.006171836,0.037166,0.129877863,0.037166,-0.073248221
0.037266,0.108413765,0.037266,0.039914393,0.037266,-0.004578408,0.037266,0.127927418,0.037266,-0.025543417
0.037366,0.050864505,0.037366,0.006926309,0.037366,-0.060883446,0.037366,0.094766775,0.037366,0.031728703
0.037466,0.119993694,0.037466,0.121717614,0.037466,-0.008251505,0.037466,-0.134889933,0.037466,0.006594965
0.037566,0.067643102,0.037566,0.093457416,0.037566,-0.017768119,0.037566,0.021821203,0.037566,0.001854541
0.037666,0.120611638,0.037666,0.242725179,0.037666,0.021936045,0.037666,0.100596138,0.037666,-0.012846914
0.037766,0.095655728,0.037766,0.102238609,0.037766,0.084691665,0.037766,0.164910946,0.037766,0.19055344
0.037866,0.073525454,0.037866,0.13191763,0.037866,0.026012372,0.037866,0.007090047,0.037866,0.089441394
0.037966,0.107571905,0.037966,0.216481911,0.037966,0.136237363,0.037966,-0.104163247,0.037966,0.192852169
0.038066,0.081131017,0.038066,0.105329179,0.038066,0.160629743,0.038066,-0.030416246,0.038066,0.164881227
0.038166,0.096417355,0.038166,0.056949668,0.038166,0.219057594,0.038166,-0.096699618,0.038166,0.041935496
0.038266,0.155785618,0.038266,-0.007658751,0.038266,0.239313044,0.038266,-0.132724568,0.038266,0.052898998
0.038366,0.166097694,0.038366,0.008321946,0.038366,0.113784405,0.038366,-0.010254081,0.038366,0.180840841
0.038466,0.147592453,0.038466,0.029702082,0.038466,0.219330503,0.038466,0.087592304,0.038466,0.092146497
0.038566,0.150685575,0.038566,0.168914127,0.038566,0.189469337,0.038566,0.034351003,0.038566,0.022054928
0.038666,0.102748147,0.038666,0.079637007,0.038666,0.142599877,0.038666,0.020762276,0.038666,-0.026140261
0.038766,0.053413916,0.038766,0.128301581,0.038766,0.212544852,0.038766,0.011052733,0.038766,0.222714107
0.038866,0.136793011,0.038866,0.05445244,0.038866,0.031632217,0.038866,0.128425057,0.038866,0.024723309
0.038966,0.160707072,0.038966,0.213249692,0.038966,0.153034223,0.038966,0.112126525,0.038966,0.036854035
0.039066,0.050251935,0.039066,0.130971732,0.039066,0.131287424,0.039066,-0.031698245,0.039066,0.033835494
0.039166,0.103040055,0.039166,0.188445123,0.039166,-0.002048574,0.039166,0.131389565,0.039166,-0.081072281
0.039266,-0.017889404,0.039266,0.087997251,0.039266,-0.097563952,0.039266,0.140743237,0.039266,-0.062377719
0.039366,0.091447691,0.039366,0.101560437,0.039366,-0.080345137,0.039366,0.114172641,0.039366,0.011841673
0.039466,0.066279083,0.039466,0.042987127,0.039466,0.018827599,0.039466,0.081560614,0.039466,0.000283446
0.039566,0.118526389,0.039566,0.03327799,0.039566,-0.007790748,0.039566,0.098944263,0.039566,0.009813278
0.039666,0.129602331,0.039666,-0.013865731,0.039666,-0.070466258,0.039666,0.02107739,0.039666,-0.057893455
0.039766,0.1024229,0.039766,0.082489551,0.039766,0.103160807,0.039766,-0.017895645,0.039766,-0.185628565
0.039866,0.095793565,0.039866,0.096745909,0.039866,0.047902618,0.039866,-0.111881324,0.039866,-0.172023162
0.039966,0.103437352,0.039966,0.116563464,0.039966,0.02306282,0.039966,0.01918395,0.039966,-0.195548831
0.040066,0.082751366,0.040066,0.090538113,0.040066,-0.073496067,0.040066,-0.064390476,0.040066,-0.147606278
0.040166,0.083693534,0.040166,-0.009006353,0.040166,0.117671929,0.040166,0.052442743,0.040166,-0.072433162
0.040266,0.121211246,0.040266,-0.035729553,0.040266,0.062815212,0.040266,-0.032871798,0.040266,-0.197753466
0.040366,0.138515463,0.040366,0.0448615,0.040366,0.018090057,0.040366,0.011189687,0.040366,-0.062179688
0.040466,0.089059659,0.040466,-0.183878302,0.040466,0.015081475,0.040466,0.054707716,0.040466,-0.07547428
0.040566,0.120861922,0.040566,0.057974761,0.040566,0.067380981,0.040566,-0.093772267,0.040566,-0.103671744
0.040666,0.069480084,0.040666,0.054095473,0.040666,-0.029889491,0.040666,-0.074649623,0.040666,-0.018447681
0.040766,0.009857809,0.040766,-0.014611074,0.040766,0.031676085,0.040766,-0.073898663,0.040766,0.057705412
0.040866,-0.07176851,0.040866,-0.002317109,0.040866,-0.051161861,0.040866,-0.156588162,0.040866,0.088086658
0.040966,0.156691819,0.040966,-0.057615542,0.040966,-0.068018934,0.040966,-0.194959807,0.040966,0.006250149
0.041066,0.013826522,0.041066,0.008238421,0.041066,-0.01222142,0.041066,-0.277614535,0.041066,0.078219927
0.041166,-0.08496077,0.041166,-0.023636911,0.041166,0.071298707,0.041166,-0.177351918,0.041166,-0.034072956
0.041266,-0.061771067,0.041266,0.055714229,0.041266,-0.185360883,0.041266,-0.164343868,0.041266,-0.152932424
0.041366,-0.038609334,0.041366,-0.067995779,0.041366,-0.06815831,0.041366,-0.073500398,0.041366,-0.183322201
0.041466,-0.026219899,0.041466,0.094939036,0.041466,-0.206562815,0.041466,-0.208006185,0.041466,-0.06081367
0.041566,0.00417227,0.041566,0.009626229,0.041566,-0.002172516,0.041566,-0.076834697,0.041566,-0.090952728
0.041666,0.100226156,0.041666,0.089254381,0.041666,-0.173324472,0.041666,-0.110610823,0.041666,-0.199926341
0.041766,-0.080913426,0.041766,0.001534357,0.041766,-0.070568084,0.041766,-0.003880097,0.041766,-0.157003151
0.041866,-0.073879701,0.041866,0.063854111,0.041866,0.054158269,0.041866,-0.094716576,0.041866,-0.167721484
0.041966,0.03863706,0.041966,0.041061642,0.041966,0.031112833,0.041966,-0.039926956,0.041966,-0.272883061
0.042066,-0.024484908,0.042066,0.007163412,0.042066,0.046547019,0.042066,-0.028378912,0.042066,-0.2004636
0.042166,0.058804894,0.042166,-0.059087681,0.042166,0.036674491,0.042166,0.011357274,0.042166,-0.229761485
0.042266,0.044977048,0.042266,0.036447459,0.042266,0.004198522,0.042266,0.117640771,0.042266,-0.129717436
0.042366,0.105603781,0.042366,0.114839207,0.042366,-0.072035647,0.042366,-0.033590306,0.042366,-0.1672601
0.042466,0.089026461,0.042466,0.042333547,0.042466,0.10892503,0.042466,0.099939547,0.042466,-0.031641835
0.042566,0.042342516,0.042566,-0.144204417,0.042566,-0.047831535,0.042566,0.0088152,0.042566,-0.111119056
0.042666,0.119254048,0.042666,-0.119202112,0.042666,0.040821235,0.042666,-0.164860188,0.042666,0.041150574
0.042766,0.091623406,0.042766,-0.107517975,0.042766,-0.127164985,0.042766,-0.00675756,0.042766,-0.053430776
0.042866,-0.004365257,0.042866,-0.018547162,0.042866,0.057824081,0.042866,-0.160587944,0.042866,-0.025565962
0.042966,-0.015626642,0.042966,-0.039354146,0.042966,-0.073655683,0.042966,-0.009327349,0.042966,-0.013341098
0.043066,0.04639847,0.043066,-0.058011278,0.043066,-0.001479638,0.043066,0.024829487,0.043066,-0.108551837
0.043166,0.07615571,0.043166,-0.16926855,0.043166,0.01591402,0.043166,-0.177647423,0.043166,0.004148642
0.043266,-0.025164956,0.043266,-0.075040143,0.043266,-0.04786601,0.043266,-0.149041563,0.043266,0.101069958
0.043366,0.046472976,0.043366,-0.113438036,0.043366,-0.065099936,0.043366,-0.171221496,0.043366,-0.187392527
0.043466,0.065842957,0.043466,-0.054185082,0.043466,-0.001405118,0.043466,-0.130141961,0.043466,-0.013818224
0.043566,0.133887919,0.043566,-0.041890277,0.043566,-0.064502325,0.043566,0.01817889,0.043566,0.000121318
0.043666,0.039619182,0.043666,0.030680221,0.043666,-0.00892276,0.043666,0.008508634,0.043666,0.025761702
0.043766,0.069219695,0.043766,0.047866164,0.043766,0.010635086,0.043766,-0.104987331,0.043766,-0.106019383
0.043866,0.06667922,0.043866,-0.123973322,0.043866,-0.056686804,0.043866,-0.028858878,0.043866,0.004652364
0.043966,-0.015289997,0.043966,0.019179713,0.043966,-0.040939751,0.043966,0.006780951,0.043966,-0.074569264
0.044066,-0.068589975,0.044066,0.027896717,0.044066,-0.023542367,0.044066,0.118986136,0.044066,-0.024345874
0.044166,-0.056070331,0.044166,0.009662363,0.044166,-0.026347233,0.044166,0.019832472,0.044166,0.040051513
0.044266,-0.004352997,0.044266,0.067682337,0.044266,-0.007533032,0.044266,0.014817387,0.044266,-0.001207293
0.044366,0.031450231,0.044366,0.035747129,0.044366,0.053721216,0.044366,0.050983774,0.044366,-0.184777381
0.044466,-0.022225934,0.044466,-0.11347396,0.044466,-0.077278122,0.044466,0.111731031,0.044466,-0.167044718
0.044566,0.001736907,0.044566,-0.120314751,0.044566,-0.175843438,0.044566,0.098840502,0.044566,-0.046517139
0.044666,-0.097861604,0.044666,-0.167630454,0.044666,-0.095157838,0.044666,-0.042261111,0.044666,-0.107707747
0.044766,-0.016262051,0.044766,-0.06591768,0.044766,-0.09996897,0.044766,0.134579484,0.044766,-0.112706992
0.044866,0.05215655,0.044866,-0.030768779,0.044866,-0.039037255,0.044866,-0.0182343,0.044866,-0.036128025
0.044966,-0.05568911,0.044966,-0.026919769,0.044966,-0.172229141,0.044966,0.122110863,0.044966,-0.032700017
0.045066,-0.108689188,0.045066,0.014297698,0.045066,-0.060576448,0.045066,0.095461006,0.045066,-0.221012166
0.045166,0.029460677,0.045166,0.019119786,0.045166,-0.229725355,0.045166,0.186785645,0.045166,-0.177959857
0.045266,-0.067167498,0.045266,-0.015715539,0.045266,-0.142091623,0.045266,0.019726418,0.045266,0.060941769
0.045366,-0.037385301,0.045366,-0.056291356,0.045366,-0.026014483,0.045366,-0.024037159,0.045366,-0.073134739
0.045466,-0.065314182,0.045466,0.128339686,0.045466,-0.218722082,0.045466,-0.159904711,0.045466,-0.142202448
0.045566,-0.046275672,0.045566,0.013986519,0.045566,-0.129283784,0.045566,0.002488846,0.045566,-0.063382325
0.045666,-0.051932775,0.045666,-0.120898599,0.045666,0.105044931,0.045666,0.082598869,0.045666,-0.031564976
0.045766,-0.004157701,0.045766,0.01493913,0.045766,-0.128707006,0.045766,-0.019969104,0.045766,-0.029461709
0.045866,-0.006913267,0.045866,-0.122343934,0.045866,0.024692287,0.045866,0.102572309,0.045866,0.003970615
0.045966,-0.00696282,0.045966,0.099806009,0.045966,-0.128346606,0.045966,0.096231108,0.045966,0.230037683
0.046066,-0.193956282,0.046066,0.066388405,0.046066,-0.09299003,0.046066,-0.068443879,0.046066,0.152721563
0.046166,-0.12593646,0.046166,-0.085185596,0.046166,0.142094708,0.046166,0.053090312,0.046166,0.178045807
0.046266,-0.155436521,0.046266,-0.04369126,0.046266,0.07227658,0.046266,-0.035186064,0.046266,0.105510399
0.046366,-0.055238465,0.046366,0.065868217,0.046366,0.212728127,0.046366,-0.064638391,0.046366,0.163819616
0.046466,-0.019152377,0.046466,0.014127047,0.046466,-0.025323483,0.046466,-0.154250294,0.046466,0.0008127
0.046566,-0.02541894,0.046566,0.122733867,0.046566,0.181321047,0.046566,-0.061907622,0.046566,0.016886436
0.046666,0.008375531,0.046666,0.072955799,0.046666,0.162892819,0.046666,-0.09388127,0.046666,0.104259072
0.046766,0.072727875,0.046766,0.070331738,0.046766,-0.036433571,0.046766,0.095996188,0.046766,0.194402693
0.046866,-0.017861153,0.046866,0.101611227,0.046866,0.03503835,0.046866,0.124916949,0.046866,0.219173207
0.046966,0.016855616,0.046966,0.092622849,0.046966,0.090940217,0.046966,0.067035851,0.046966,0.164968024
0.047066,-0.016336807,0.047066,0.088989254,0.047066,0.073307974,0.047066,0.053753749,0.047066,0.192157097
0.047166,0.067171641,0.047166,0.19689929,0.047166,0.102042487,0.047166,0.095582082,0.047166,0.166319069
0.047266,0.074234268,0.047266,0.155489201,0.047266,0.094560647,0.047266,0.044398675,0.047266,0.189876065
0.047366,0.060343255,0.047366,0.147551629,0.047366,0.043413178,0.047366,0.146563676,0.047366,-0.020673775
0.047466,-0.068047398,0.047466,0.023955259,0.047466,0.100942115,0.047466,0.2023757,0.047466,0.188220146
0.047566,0.051952842,0.047566,-0.029127529,0.047566,0.056026924,0.047566,0.145921604,0.047566,0.089185289
0.047666,0.054050928,0.047666,0.017354887,0.047666,0.209171604,0.047666,0.23930063,0.047666,0.295029054
0.047766,0.064581858,0.047766,0.150440777,0.047766,0.059679215,0.047766,0.374893311,0.047766,0.202259668
0.047866,0.015056846,0.047866,0.166431586,0.047866,0.158315635,0.047866,0.269451733,0.047866,0.193033753
0.047966,0.018192238,0.047966,0.10647,0.047966,0.057048117,0.047966,0.272981388,0.047966,0.105768776
0.048066,0.011956091,0.048066,0.122513521,0.048066,0.083899466,0.048066,0.243893366,0.048066,0.178426596
0.048166,0.007270999,0.048166,0.193288546,0.048166,-0.028833931,0.048166,0.107800072,0.048166,0.091014632
0.048266,0.111506249,0.048266,0.147535935,0.048266,0.096337494,0.048266,0.219628054,0.048266,0.101087245
0.048366,0.195562773,0.048366,0.015193957,0.048366,0.053838902,0.048366,0.210801362,0.048366,0.257293272
0.048466,0.10565053,0.048466,0.164706608,0.048466,0.196832749,0.048466,0.102801031,0.048466,0.266251522
0.048566,0.228904803,0.048566,0.180407375,0.048566,0.291389317,0.048566,0.130205756,0.048566,0.332000899
0.048666,0.235456158,0.048666,0.204128527,0.048666,0.14885524,0.048666,0.125700181,0.048666,0.396509961
0.048766,0.164449051,0.048766,0.083668227,0.048766,0.263730903,0.048766,0.222715216,0.048766,0.309383255
0.048866,0.182315427,0.048866,0.164602112,0.048866,0.301492326,0.048866,0.300915924,0.048866,0.337196371
0.048966,0.280598624,0.048966,0.143862315,0.048966,0.24412852,0.048966,0.385845069,0.048966,0.446960943
0.049066,0.297469524,0.049066,0.028117807,0.049066,0.160801785,0.049066,0.259869262,0.049066,0.299424027
0.049166,0.32310487,0.049166,0.20192329,0.049166,0.320073685,0.049166,0.2453162,0.049166,0.265188402
0.049266,0.113533767,0.049266,0.218675692,0.049266,0.316427559,0.049266,0.269170024,0.049266,0.451156661
0.049366,0.219140692,0.049366,0.280856722,0.049366,0.187754459,0.049366,0.34813742,0.049366,0.420241883
0.049466,0.283615661,0.049466,0.288518538,0.049466,0.402101214,0.049466,0.495036655,0.049466,0.504813834
0.049566,0.284240891,0.049566,0.34488307,0.049566,0.247699294,0.049566,0.314991615,0.049566,0.370364708
0.049666,0.280500236,0.049666,0.249750042,0.049666,0.397140548,0.049666,0.36646444,0.049666,0.313165797
0.049766,0.170248408,0.049766,0.305615483,0.049766,0.380028559,0.049766,0.41789207,0.049766,0.413289787
0.049866,0.149015312,0.049866,0.366673074,0.049866,0.518490852,0.049866,0.399926328,0.049866,0.498364277
0.049966,0.103704935,0.049966,0.444287894,0.049966,0.40833142,0.049966,0.521215122,0.049966,0.559876421
0.050066,0.253667749,0.050066,0.36795758,0.050066,0.463623509,0.050066,0.59041575,0.050066,0.353425494
0.050166,0.292695175,0.050166,0.376707247,0.050166,0.442897277,0.050166,0.541820116,0.050166,0.404297098
0.050266,0.198050189,0.050266,0.297258247,0.050266,0.396174805,0.050266,0.544528116,0.050266,0.428134447
0.050366,0.333600805,0.050366,0.365055386,0.050366,0.428924311,0.050366,0.419965463,0.050366,0.381294133
0.050466,0.342420138,0.050466,0.267542296,0.050466,0.537848923,0.050466,0.475867017,0.050466,0.486860057
0.050566,0.31428161,0.050566,0.449858958,0.050566,0.600425498,0.050566,0.723950529,0.050566,0.502045567
0.050666,0.315456233,0.050666,0.338598421,0.050666,0.511595808,0.050666,0.671004696,0.050666,0.468667726
0.050766,0.412227789,0.050766,0.409578838,0.050766,0.475178259,0.050766,0.618108967,0.050766,0.515372296
0.050866,0.421089097,0.050866,0.258524217,0.050866,0.342090857,0.050866,0.428292522,0.050866,0.533751986
0.050966,0.394882886,0.050966,0.277070696,0.050966,0.42761805,0.050966,0.477681791,0.050966,0.450156836
0.051066,0.449711522,0.051066,0.263844963,0.051066,0.43086697,0.051066,0.375996318,0.051066,0.391011282
0.051166,0.278458653,0.051166,0.353214676,0.051166,0.435869837,0.051166,0.467599504,0.051166,0.555025276
0.051266,0.436149207,0.051266,0.410431528,0.051266,0.483211395,0.051266,0.401500183,0.051266,0.590077503
0.051366,0.4917602,0.051366,0.347645438,0.051366,0.54977813,0.051366,0.424271663,0.051366,0.714411879
0.051466,0.466367882,0.051466,0.446676695,0.051466,0.565748969,0.051466,0.433911726,0.051466,0.632518453
0.051566,0.405955938,0.051566,0.469540645,0.051566,0.4461125,0.051566,0.418941339,0.051566,0.627380347
0.051666,0.388245813,0.051666,0.398995072,0.051666,0.53812239,0.051666,0.412469167,0.051666,0.4924923
0.051766,0.433899902,0.051766,0.463098802,0.051766,0.389573117,0.051766,0.545269204,0.051766,0.554245335
0.051866,0.435848597,0.051866,0.378699484,0.051866,0.45962935,0.051866,0.459179848,0.051866,0.530784067
0.051966,0.569924054,0.051966,0.463053448,0.051966,0.471022162,0.051966,0.540983615,0.051966,0.54220471
0.052066,0.557757083,0.052066,0.560443406,0.052066,0.557110648,0.052066,0.597680496,0.052066,0.542473286
0.052166,0.468820126,0.052166,0.487983801,0.052166,0.63761616,0.052166,0.557511271,0.052166,0.588939314
0.052266,0.475229565,0.052266,0.556166614,0.052266,0.514741112,0.052266,0.681184575,0.052266,0.525579492
0.052366,0.420636986,0.052366,0.484526794,0.052366,0.556113485,0.052366,0.646884865,0.052366,0.506169153
0.052466,0.429906075,0.052466,0.5402197,0.052466,0.533576865,0.052466,0.638309346,0.052466,0.410580864
0.052566,0.448067205,0.052566,0.546139699,0.052566,0.448350305,0.052566,0.724622269,0.052566,0.469540992
0.052666,0.630980805,0.052666,0.472023084,0.052666,0.523133598,0.052666,0.728334508,0.052666,0.455039652
0.052766,0.600092571,0.052766,0.443294206,0.052766,0.364422159,0.052766,0.573812893,0.052766,0.616881372
0.052866,0.667305494,0.052866,0.518749589,0.052866,0.343439186,0.052866,0.512416571,0.052866,0.327905176
0.052966,0.732163221,0.052966,0.520095681,0.052966,0.528415431,0.052966,0.555855225,0.052966,0.318904337
0.053066,0.742057131,0.053066,0.515495815,0.053066,0.461101993,0.053066,0.52805522,0.053066,0.35876956
0.053166,0.809301676,0.053166,0.53706709,0.053166,0.523252052,0.053166,0.599323998,0.053166,0.413629347
0.053266,0.787564806,0.053266,0.54114051,0.053266,0.383715318,0.053266,0.647470292,0.053266,0.415401212
0.053366,0.675399772,0.053366,0.538043293,0.053366,0.324657561,0.053366,0.562072058,0.053366,0.389867481
0.053466,0.827457554,0.053466,0.5057478,0.053466,0.32058642,0.053466,0.523505678,0.053466,0.346677953
0.053566,0.674367934,0.053566,0.417439798,0.053566,0.439084004,0.053566,0.530045878,0.053566,0.348220741
0.053666,0.643158068,0.053666,0.372964099,0.053666,0.47551218,0.053666,0.342525405,0.053666,0.471074427
0.053766,0.696473108,0.053766,0.414021409,0.053766,0.383290175,0.053766,0.332996594,0.053766,0.51957398
0.053866,0.671931062,0.053866,0.438479261,0.053866,0.596049195,0.053866,0.258651696,0.053866,0.598947606
0.053966,0.773392994,0.053966,0.454845756,0.053966,0.367706795,0.053966,0.162406878,0.053966,0.35535274
0.054066,0.709608907,0.054066,0.36974278,0.054066,0.329805538,0.054066,0.140984561,0.054066,0.330737629
0.054166,0.718586636,0.054166,0.428745988,0.054166,0.47310938,0.054166,0.10629619,0.054166,0.272940885
0.054266,0.890053932,0.054266,0.4932497,0.054266,0.434466472,0.054266,0.13688878,0.054266,0.260688367
0.054366,0.787984139,0.054366,0.399269649,0.054366,0.488004798,0.054366,0.03135918,0.054366,0.16701322
0.054466,0.853317912,0.054466,0.498012247,0.054466,0.440733158,0.054466,-0.006696431,0.054466,0.306470058
0.054566,0.696095089,0.054566,0.483553416,0.054566,0.414967809,0.054566,0.011126404,0.054566,0.376411975
0.054666,0.695004086,0.054666,0.5469794,0.054666,0.352631797,0.054666,0.16568349,0.054666,0.241621506
0.054766,0.80210602,0.054766,0.480724387,0.054766,0.465092479,0.054766,-0.133223242,0.054766,0.100852659
0.054866,0.810425123,0.054866,0.544115526,0.054866,0.468814274,0.054866,-0.113520293,0.054866,0.109642689
0.054966,0.713453751,0.054966,0.473247608,0.054966,0.448831733,0.054966,-0.06789804,0.054966,0.072470094
0.055066,0.698820629,0.055066,0.51372586,0.055066,0.371833811,0.055066,-0.018996627,0.055066,0.044403491
0.055166,0.690036328,0.055166,0.481855956,0.055166,0.238524254,0.055166,-0.120004384,0.055166,0.148187075
0.055266,0.69938191,0.055266,0.690109156,0.055266,0.251962294,0.055266,-0.10302452,0.055266,-0.007961226
0.055366,0.612878789,0.055366,0.628968909,0.055366,0.14550893,0.055366,-0.062663,0.055366,0.086101573
0.055466,0.676994869,0.055466,0.393562946,0.055466,0.308935864,0.055466,0.008466908,0.055466,-0.087878701
0.055566,0.722964735,0.055566,0.441132255,0.055566,0.132927833,0.055566,-0.013848167,0.055566,-0.26994171
0.055666,0.632481576,0.055666,0.356226007,0.055666,0.364457569,0.055666,-0.063555698,0.055666,-0.443282004
0.055766,0.607133241,0.055766,0.378066582,0.055766,0.193829395,0.055766,-0.033871178,0.055766,-0.387255508
0.055866,0.621209842,0.055866,0.429189902,0.055866,0.163857735,0.055866,-0.165315705,0.055866,-0.457053913
0.055966,0.474251522,0.055966,0.40031707,0.055966,0.023380056,0.055966,0.062523723,0.055966,-0.497411682
0.056066,0.65967407,0.056066,0.274846793,0.056066,-0.057905928,0.056066,-0.127627367,0.056066,-0.565499937
0.056166,0.535025397,0.056166,0.219677272,0.056166,-0.097435387,0.056166,-0.091379109,0.056166,-0.430882341
0.056266,0.524097765,0.056266,0.181126725,0.056266,-0.114590196,0.056266,-0.240009234,0.056266,-0.63262387
0.056366,0.536542146,0.056366,0.168287079,0.056366,-0.085786153,0.056366,-0.315591832,0.056366,-0.608085412
0.056466,0.569353852,0.056466,0.121707608,0.056466,-0.247983694,0.056466,-0.110477211,0.056466,-0.591947831
0.056566,0.492196589,0.056566,0.079411708,0.056566,-0.239487981,0.056566,-0.181030443,0.056566,-0.598247693
0.056666,0.454138755,0.056666,-0.059903221,0.056666,-0.18286563,0.056666,-0.114730567,0.056666,-0.432698164
0.056766,0.426904441,0.056766,0.017466351,0.056766,-0.227718393,0.056766,-0.376998172,0.056766,-0.579400355
0.056866,0.38240198,0.056866,-0.194030507,0.056866,-0.29460903,0.056866,-0.351069676,0.056866,-0.638599083
0.056966,0.412416997,0.056966,-0.177586178,0.056966,-0.405193964,0.056966,-0.425907983,0.056966,-0.669848499
0.057066,0.406381325,0.057066,-0.350073243,0.057066,-0.50108281,0.057066,-0.295142092,0.057066,-0.773516482
0.057166,0.265257367,0.057166,-0.304792229,0.057166,-0.532205283,0.057166,-0.264249276,0.057166,-0.588506186
0.057266,0.308938665,0.057266,-0.406632046,0.057266,-0.39969003,0.057266,-0.244364541,0.057266,-0.542387095
0.057366,0.285801836,0.057366,-0.531274328,0.057366,-0.69885494,0.057366,-0.349378993,0.057366,-0.449642093
0.057466,0.206203764,0.057466,-0.665554702,0.057466,-0.690189249,0.057466,-0.431171378,0.057466,-0.519741269
0.057566,0.286594672,0.057566,-0.690034564,0.057566,-0.601966397,0.057566,-0.41381907,0.057566,-0.350851384
0.057666,0.154272629,0.057666,-0.686188548,0.057666,-0.527064589,0.057666,-0.506675265,0.057666,-0.518667332
0.057766,-0.017271431,0.057766,-0.594615654,0.057766,-0.712458041,0.057766,-0.45047535,0.057766,-0.397584217
0.057866,-0.025397751,0.057866,-0.658689887,0.057866,-0.718605841,0.057866,-0.440155924,0.057866,-0.373666802
0.057966,-0.06354658,0.057966,-0.711605241,0.057966,-0.641153425,0.057966,-0.540974011,0.057966,-0.257109235
0.058066,-0.10640452,0.058066,-0.657745608,0.058066,-0.461102646,0.058066,-0.30639335,0.058066,-0.316864093
0.058166,-0.162790742,0.058166,-0.747251909,0.058166,-0.539137684,0.058166,-0.275843202,0.058166,-0.308957247
0.058266,-0.363295946,0.058266,-0.560792384,0.058266,-0.505320225,0.058266,-0.477851135,0.058266,-0.177707898
0.058366,-0.415547265,0.058366,-0.615312317,0.058366,-0.577662168,0.058366,-0.296138913,0.058366,-0.146730334
0.058466,-0.460085588,0.058466,-0.398765466,0.058466,-0.62213235,0.058466,-0.403349884,0.058466,-0.26165845
0.058566,-0.373504643,0.058566,-0.494536875,0.058566,-0.524897863,0.058566,-0.355646653,0.058566,-0.162714008
0.058666,-0.556756896,0.058666,-0.369644437,0.058666,-0.422478753,0.058666,-0.30596156,0.058666,-0.207244434
0.058766,-0.569843688,0.058766,-0.465369265,0.058766,-0.391973908,0.058766,-0.485750255,0.058766,-0.067673511
0.058866,-0.631797134,0.058866,-0.371455288,0.058866,-0.288729346,0.058866,-0.215534632,0.058866,-0.228563107
0.058966,-0.711016082,0.058966,-0.388003703,0.058966,-0.354672041,0.058966,-0.177973674,0.058966,-0.21954963
0.059066,-0.704421509,0.059066,-0.250563597,0.059066,-0.280552195,0.059066,-0.135583438,0.059066,-0.130051019
0.059166,-0.661773214,0.059166,-0.097988711,0.059166,-0.326027085,0.059166,-0.132594655,0.059166,-0.038019943
0.059266,-0.764889157,0.059266,-0.216274897,0.059266,-0.181683131,0.059266,0.054558917,0.059266,0.01631492
0.059366,-0.752200011,0.059366,-0.222686741,0.059366,-0.106569904,0.059366,0.048335943,0.059366,-0.045318484
0.059466,-0.703688351,0.059466,-0.220593786,0.059466,-0.067679849,0.059466,0.036432794,0.059466,0.012629907
0.059566,-0.601119447,0.059566,-0.090777864,0.059566,-0.213725821,0.059566,-0.082667143,0.059566,0.093756644
0.059666,-0.568994166,0.059666,-0.206659848,0.059666,-0.202398755,0.059666,0.098846285,0.059666,-2.14E-05
0.059766,-0.386760507,0.059766,-0.04785962,0.059766,0.008592683,0.059766,0.212743764,0.059766,0.184113933
0.059866,-0.48109272,0.059866,-0.094373789,0.059866,-0.038354451,0.059866,0.178749667,0.059866,0.194527285
0.059966,-0.378434019,0.059966,-0.165545412,0.059966,-0.087263706,0.059966,0.184038288,0.059966,0.29419069
0.060066,-0.477299148,0.060066,0.068545552,0.060066,-0.198525924,0.060066,0.236889221,0.060066,0.204398743
0.060166,-0.283248412,0.060166,-0.047703804,0.060166,-0.134531612,0.060166,0.195652861,0.060166,0.153803157
0.060266,-0.228183782,0.060266,-0.009084292,0.060266,-0.051175381,0.060266,0.259339316,0.060266,0.196524892
0.060366,-0.136604427,0.060366,0.01183406,0.060366,-0.016187226,0.060366,0.38154186,0.060366,0.209240961
0.060466,-0.126521189,0.060466,0.081801204,0.060466,-0.022136024,0.060466,0.389086752,0.060466,0.405614598
0.060566,-0.011430897,0.060566,0.150464184,0.060566,-0.085504657,0.060566,0.317689347,0.060566,0.408718709
0.060666,0.050820605,0.060666,0.18097586,0.060666,0.120199364,0.060666,0.295637554,0.060666,0.41112783
0.060766,0.114103601,0.060766,0.218801408,0.060766,0.25232553,0.060766,0.496777765,0.060766,0.382295379
0.060866,0.093565126,0.060866,0.263539988,0.060866,0.209954949,0.060866,0.44324075,0.060866,0.423712514
0.060966,0.081115705,0.060966,0.297414793,0.060966,0.290239453,0.060966,0.404647808,0.060966,0.586825811
0.061066,0.046507195,0.061066,0.39064118,0.061066,0.296817103,0.061066,0.406026016,0.061066,0.687597123
0.061166,0.09270038,0.061166,0.389733057,0.061166,0.348942798,0.061166,0.496876777,0.061166,0.545513829
0.061266,0.332013693,0.061266,0.408967369,0.061266,0.456013125,0.061266,0.570604204,0.061266,0.643427914
0.061366,0.28464418,0.061366,0.342933797,0.061366,0.458646713,0.061366,0.47931737,0.061366,0.708919937
0.061466,0.20298627,0.061466,0.279818965,0.061466,0.457167394,0.061466,0.576845829,0.061466,0.682818607
0.061566,0.26043724,0.061566,0.239279799,0.061566,0.435643207,0.061566,0.513843682,0.061566,0.680453136
0.061666,0.348742138,0.061666,0.327762091,0.061666,0.571517895,0.061666,0.629976177,0.061666,0.723463423
0.061766,0.43268797,0.061766,0.326904194,0.061766,0.544297946,0.061766,0.664049052,0.061766,0.69180335
0.061866,0.344801225,0.061866,0.278713082,0.061866,0.570422733,0.061866,0.667901322,0.061866,0.831654677
0.061966,0.361959322,0.061966,0.394196522,0.061966,0.627632459,0.061966,0.775576657,0.061966,0.666024148
0.062066,0.291500195,0.062066,0.414275477,0.062066,0.594821602,0.062066,0.80236543,0.062066,0.763889939
0.062166,0.380840025,0.062166,0.25158219,0.062166,0.660025045,0.062166,0.797424851,0.062166,0.786356018
0.062266,0.509364164,0.062266,0.406399544,0.062266,0.69492897,0.062266,0.739110185,0.062266,0.845179177
0.062366,0.507876793,0.062366,0.371191759,0.062366,0.818793101,0.062366,0.790748585,0.062366,0.926125096
0.062466,0.507697555,0.062466,0.644255502,0.062466,0.575470636,0.062466,0.656692477,0.062466,0.887234223
0.062566,0.587334249,0.062566,0.583058661,0.062566,0.84573455,0.062566,1.01387634,0.062566,0.764988463
0.062666,0.598191985,0.062666,0.600377827,0.062666,0.724523572,0.062666,0.845266231,0.062666,0.874971482
0.062766,0.650874746,0.062766,0.765588624,0.062766,0.748359088,0.062766,0.894023412,0.062766,0.76474972
0.062866,0.759497853,0.062866,0.652741814,0.062866,0.933145479,0.062866,0.890797139,0.062866,1.11239364
0.062966,0.728849872,0.062966,0.882053267,0.062966,0.868490018,0.062966,0.963370915,0.062966,0.913690966
0.063066,0.888831863,0.063066,0.830567158,0.063066,0.950513017,0.063066,1.013036282,0.063066,0.974056924
0.063166,0.842592934,0.063166,0.825272444,0.063166,0.875776209,0.063166,0.832909148,0.063166,1.027943327
0.063266,0.840927343,0.063266,0.855983078,0.063266,0.891248391,0.063266,1.08198864,0.063266,1.06814112
0.063366,0.91016142,0.063366,0.777107241,0.063366,0.958788528,0.063366,1.167025211,0.063366,1.044557284
0.063466,0.848660299,0.063466,0.967510424,0.063466,1.030215421,0.063466,1.271465834,0.063466,1.175860335
0.063566,0.933174061,0.063566,1.011432486,0.063566,1.026043839,0.063566,1.182739967,0.063566,1.242335726
0.063666,1.085487881,0.063666,0.803762248,0.063666,1.006847401,0.063666,1.164130546,0.063666,1.13340873
0.063766,0.930982278,0.063766,0.799351047,0.063766,0.908621251,0.063766,1.08123642,0.063766,1.185720351
0.063866,0.922020959,0.063866,1.034363814,0.063866,0.948847824,0.063866,1.238328296,0.063866,1.324608199
0.063966,0.848364483,0.063966,0.97875888,0.063966,1.013345076,0.063966,1.382133839,0.063966,1.275602215
0.064066,0.839907354,0.064066,1.051438616,0.064066,0.929770591,0.064066,1.287832857,0.064066,1.348788139
0.064166,0.934797778,0.064166,1.055154242,0.064166,0.976045335,0.064166,1.209843694,0.064166,1.334360539
0.064266,1.006836752,0.064266,1.052679694,0.064266,1.116292656,0.064266,1.303656967,0.064266,1.501335325
0.064366,0.993655836,0.064366,1.109498917,0.064366,1.072131941,0.064366,1.369798654,0.064366,1.32008812
0.064466,1.117455502,0.064466,1.038621227,0.064466,1.102278643,0.064466,1.45563836,0.064466,1.338205991
0.064566,1.20162205,0.064566,1.253016887,0.064566,1.133551672,0.064566,1.371113015,0.064566,1.322484435
0.064666,1.093507818,0.064666,1.17418454,0.064666,1.234774107,0.064666,1.444137363,0.064666,1.258524295
0.064766,1.150060054,0.064766,1.271525085,0.064766,1.148316718,0.064766,1.339276876,0.064766,1.324340489
0.064866,1.290164754,0.064866,1.152785038,0.064866,1.123860123,0.064866,1.544872775,0.064866,1.570076705
0.064966,1.15660208,0.064966,1.360222374,0.064966,1.265009963,0.064966,1.332800209,0.064966,1.511531537
0.065066,1.318530068,0.065066,1.291005349,0.065066,1.397200388,0.065066,1.468905693,0.065066,1.492119461
0.065166,1.369441254,0.065166,1.42524148,0.065166,1.371530666,0.065166,1.360541776,0.065166,1.452099721
0.065266,1.341629622,0.065266,1.370973939,0.065266,1.352433057,0.065266,1.487207363,0.065266,1.541019646
0.065366,1.375064765,0.065366,1.386798947,0.065366,1.379342349,0.065366,1.625010863,0.065366,1.571774724
0.065466,1.447810635,0.065466,1.566477603,0.065466,1.511464766,0.065466,1.61899378,0.065466,1.392585045
0.065566,1.41210109,0.065566,1.546122728,0.065566,1.406140055,0.065566,1.595825824,0.065566,1.58738321
0.065666,1.411114924,0.065666,1.448481762,0.065666,1.446558246,0.065666,1.666812493,0.065666,1.422272371
0.065766,1.445807855,0.065766,1.38224903,0.065766,1.601618143,0.065766,1.585315012,0.065766,1.473897656
0.065866,1.542374145,0.065866,1.424823587,0.065866,1.646551149,0.065866,1.753494178,0.065866,1.623497317
0.065966,1.551612752,0.065966,1.454817934,0.065966,1.551691696,0.065966,1.735365412,0.065966,1.582092768
0.066066,1.53845245,0.066066,1.4549183,0.066066,1.574973728,0.066066,1.947620043,0.066066,1.649068304
0.066166,1.560116173,0.066166,1.521850442,0.066166,1.489077164,0.066166,1.897249847,0.066166,1.513330841
0.066266,1.602048055,0.066266,1.431016259,0.066266,1.538709032,0.066266,1.981857967,0.066266,1.60598534
0.066366,1.592674663,0.066366,1.615033082,0.066366,1.631438261,0.066366,1.821159605,0.066366,1.595686558
0.066466,1.69896956,0.066466,1.68908681,0.066466,1.664375775,0.066466,1.865560166,0.066466,1.610974297
0.066566,1.681254953,0.066566,1.523942126,0.066566,1.742917931,0.066566,1.82597051,0.066566,1.819073568
0.066666,1.712222499,0.066666,1.692165061,0.066666,1.587645969,0.066666,1.745190227,0.066666,1.624535067
0.066766,1.88745736,0.066766,1.688496784,0.066766,1.671530351,0.066766,2.038630156,0.066766,1.880168763
0.066866,1.846473458,0.066866,1.834597138,0.066866,1.65695903,0.066866,2.105020658,0.066866,1.687573053
0.066966,1.881004662,0.066966,1.881140282,0.066966,1.815849954,0.066966,1.947403037,0.066966,1.695303332
0.067066,1.981198734,0.067066,1.898720754,0.067066,1.752465273,0.067066,1.890583331,0.067066,1.753636665
0.067166,1.877995914,0.067166,1.790789919,0.067166,1.783160569,0.067166,1.890326566,0.067166,1.788116114
0.067266,2.009861427,0.067266,1.812278962,0.067266,1.858504672,0.067266,1.938535917,0.067266,1.757226081
0.067366,1.947020166,0.067366,1.692453508,0.067366,1.859928386,0.067366,1.878703087,0.067366,1.875094719
0.067466,1.98013846,0.067466,1.878611777,0.067466,1.890175723,0.067466,2.044673634,0.067466,1.903489899
0.067566,2.04769085,0.067566,1.962785783,0.067566,1.847275823,0.067566,1.871915297,0.067566,1.730237748
0.067666,2.02401994,0.067666,1.747131819,0.067666,1.739505676,0.067666,1.727142644,0.067666,1.711809248
0.067766,2.13259778,0.067766,1.905689296,0.067766,1.909188489,0.067766,1.659739822,0.067766,1.560630697
0.067866,1.908476768,0.067866,1.776374232,0.067866,1.603880277,0.067866,1.7737044,0.067866,1.63855431
0.067966,2.126821614,0.067966,1.869021897,0.067966,1.797707132,0.067966,1.750770791,0.067966,1.595882461
0.068066,1.998946607,0.068066,1.990496119,0.068066,1.755456739,0.068066,1.825009719,0.068066,1.788390122
0.068166,2.114579461,0.068166,1.893428597,0.068166,1.637133151,0.068166,1.661261907,0.068166,1.742343067
0.068266,2.12052701,0.068266,1.91060375,0.068266,1.774033637,0.068266,1.766173858,0.068266,1.702225946
0.068366,2.148838433,0.068366,2.079099482,0.068366,1.831704472,0.068366,1.793064633,0.068366,1.668905062
0.068466,2.208811957,0.068466,2.008856555,0.068466,1.844528892,0.068466,1.681313048,0.068466,1.630139318
0.068566,2.250371689,0.068566,1.950505946,0.068566,1.6811298,0.068566,1.639568899,0.068566,1.726823612
0.068666,2.228932701,0.068666,1.927185753,0.068666,1.944478205,0.068666,1.604937189,0.068666,1.860130134
0.068766,2.283373601,0.068766,2.050830401,0.068766,1.818462135,0.068766,1.732967704,0.068766,1.818376047
0.068866,2.34074635,0.068866,2.025764786,0.068866,1.734061375,0.068866,1.394101232,0.068866,1.820181715
0.068966,2.358728698,0.068966,1.823445063,0.068966,1.644682925,0.068966,1.518981871,0.068966,1.733080666
0.069066,2.251175763,0.069066,1.971797166,0.069066,1.755124711,0.069066,1.517668276,0.069066,1.830702946
0.069166,2.229169365,0.069166,2.164563972,0.069166,1.807344217,0.069166,1.549618491,0.069166,1.922606946
0.069266,2.308937074,0.069266,2.142142959,0.069266,1.71553747,0.069266,1.470404294,0.069266,1.734856865
0.069366,2.214633983,0.069366,2.060805753,0.069366,1.630148263,0.069366,1.488650051,0.069366,1.874941455
0.069466,2.217869081,0.069466,1.942451178,0.069466,1.74380583,0.069466,1.358877837,0.069466,1.908498699
0.069566,2.197746188,0.069566,1.951768906,0.069566,1.682969329,0.069566,1.361256378,0.069566,1.943242784
0.069666,2.298549379,0.069666,2.141705443,0.069666,1.601882237,0.069666,1.204137125,0.069666,1.797655651
0.069766,2.192771134,0.069766,2.111493932,0.069766,1.641272314,0.069766,1.353798862,0.069766,1.939908322
0.069866,2.309554226,0.069866,1.974700211,0.069866,1.693969024,0.069866,1.364245868,0.069866,1.890676312
0.069966,2.150168972,0.069966,2.073566632,0.069966,1.589699139,0.069966,1.345065157,0.069966,1.835982669
0.070066,2.28168717,0.070066,2.079475813,0.070066,1.619088307,0.070066,1.405678634,0.070066,1.776133254
0.070166,2.195765746,0.070166,2.080761007,0.070166,1.704225283,0.070166,1.322361312,0.070166,1.925413769
0.070266,2.127749531,0.070266,1.936872202,0.070266,1.521472967,0.070266,1.425610482,0.070266,1.88357329
0.070366,2.089394249,0.070366,1.786142405,0.070366,1.691802124,0.070366,1.238533496,0.070366,1.734526972
0.070466,2.034769984,0.070466,1.937445221,0.070466,1.61281156,0.070466,1.195275012,0.070466,1.614790897
0.070566,2.090509155,0.070566,1.688043485,0.070566,1.495171468,0.070566,1.253038557,0.070566,1.600369671
0.070666,2.00470512,0.070666,1.692393538,0.070666,1.424964254,0.070666,1.266441323,0.070666,1.699992141
0.070766,1.981799529,0.070766,1.62794,0.070766,1.481210832,0.070766,1.207935261,0.070766,1.653029053
0.070866,1.931904875,0.070866,1.626531351,0.070866,1.450732762,0.070866,1.208186947,0.070866,1.66189758
0.070966,1.926239863,0.070966,1.528032427,0.070966,1.451396684,0.070966,1.188981107,0.070966,1.50545983
0.071066,1.952952269,0.071066,1.427319689,0.071066,1.515892207,0.071066,1.073977565,0.071066,1.432445131
0.071166,1.978769522,0.071166,1.367185429,0.071166,1.229000088,0.071166,1.20121051,0.071166,1.45622667
0.071266,2.032040479,0.071266,1.275806926,0.071266,1.308128088,0.071266,1.003759433,0.071266,1.466979445
0.071366,1.938604766,0.071366,1.271874952,0.071366,1.219392445,0.071366,0.865384279,0.071366,1.389757309
0.071466,1.99724531,0.071466,1.2326591,0.071466,1.232481809,0.071466,0.956284947,0.071466,1.486241734
0.071566,1.885844921,0.071566,1.165825089,0.071566,1.336534711,0.071566,0.918807854,0.071566,1.425423536
0.071666,1.971175651,0.071666,1.179443185,0.071666,1.141666305,0.071666,0.696401148,0.071666,1.487750405
0.071766,1.996052344,0.071766,1.017635578,0.071766,1.18417951,0.071766,0.638764373,0.071766,1.475614743
0.071866,1.998253281,0.071866,1.039559489,0.071866,0.953269495,0.071866,0.446491295,0.071866,1.556825096
0.071966,1.961130432,0.071966,1.017079709,0.071966,1.070181757,0.071966,0.416903177,0.071966,1.474593866
0.072066,1.924319874,0.072066,0.926516582,0.072066,0.829371037,0.072066,0.519956321,0.072066,1.437602148
0.072166,1.882148139,0.072166,0.917197665,0.072166,0.793716376,0.072166,0.282626672,0.072166,1.267678825
0.072266,1.87903328,0.072266,0.877053865,0.072266,0.899412551,0.072266,0.257894268,0.072266,1.163701923
0.072366,1.904523963,0.072366,0.748852466,0.072366,0.720498844,0.072366,0.21721152,0.072366,1.300499592
0.072466,1.964163919,0.072466,0.887718562,0.072466,0.56006957,0.072466,0.15514076,0.072466,1.205939413
0.072566,1.84424923,0.072566,0.888468024,0.072566,0.457157217,0.072566,0.113163909,0.072566,1.220521985
0.072666,1.667987199,0.072666,0.721615517,0.072666,0.464540288,0.072666,-0.07867085,0.072666,1.087625094
0.072766,1.846583404,0.072766,0.681226541,0.072766,0.393214165,0.072766,-0.006076602,0.072766,0.93266546
0.072866,1.690727319,0.072866,0.643361795,0.072866,0.224313726,0.072866,0.034855817,0.072866,0.887052273
0.072966,1.598873453,0.072966,0.438776497,0.072966,0.182246301,0.072966,-0.078732302,0.072966,0.877343891
0.073066,1.491440694,0.073066,0.444590002,0.073066,0.113254702,0.073066,-0.115551216,0.073066,0.847547352
0.073166,1.480261142,0.073166,0.436040554,0.073166,0.303994324,0.073166,-0.045147169,0.073166,0.739530342
0.073266,1.432877758,0.073266,0.473072137,0.073266,0.173002125,0.073266,0.038353832,0.073266,0.662340229
0.073366,1.273359135,0.073366,0.326846581,0.073366,0.056014469,0.073366,0.008849807,0.073366,0.72738818
0.073466,1.256682645,0.073466,0.476836556,0.073466,0.037593656,0.073466,0.184672249,0.073466,0.56204034
0.073566,1.063190553,0.073566,0.364613783,0.073566,-0.059446322,0.073566,-0.00284914,0.073566,0.528267025
0.073666,0.985288556,0.073666,0.303906338,0.073666,-0.063882319,0.073666,-0.131782746,0.073666,0.689231553
0.073766,0.912267234,0.073766,0.265942028,0.073766,0.007891006,0.073766,0.128181799,0.073766,0.477736089
0.073866,0.873149993,0.073866,0.228725419,0.073866,0.090731631,0.073866,0.163385785,0.073866,0.602306611
0.073966,0.82736708,0.073966,0.263129568,0.073966,-0.033693083,0.073966,0.195866148,0.073966,0.531605824
0.074066,0.826601956,0.074066,0.251787584,0.074066,-0.242382534,0.074066,0.225489385,0.074066,0.683884899
0.074166,0.595678226,0.074166,0.056767496,0.074166,-0.070206048,0.074166,0.250770993,0.074166,0.26017077
0.074266,0.554743421,0.074266,0.176461982,0.074266,-0.051759072,0.074266,0.070230339,0.074266,0.591802397
0.074366,0.565850833,0.074366,0.057581628,0.074366,0.041897116,0.074366,0.012247852,0.074366,0.692298202
0.074466,0.587234416,0.074466,0.155603294,0.074466,-0.01178494,0.074466,0.107868428,0.074466,0.415332669
0.074566,0.538620385,0.074566,0.205851632,0.074566,0.054560057,0.074566,0.179362779,0.074566,0.502993902
0.074666,0.359177984,0.074666,0.052917007,0.074666,-0.032460924,0.074666,0.118610088,0.074666,0.365089019
0.074766,0.382276043,0.074766,0.009548341,0.074766,-0.206494021,0.074766,0.111953975,0.074766,0.354222156
0.074866,0.412337959,0.074866,-0.077953961,0.074866,0.006178248,0.074866,0.217837624,0.074866,0.547331704
0.074966,0.229948691,0.074966,-0.063037997,0.074966,-0.289613704,0.074966,0.107336039,0.074966,0.454923554
0.075066,0.305233176,0.075066,0.151200342,0.075066,-0.105747188,0.075066,0.162364648,0.075066,0.482989388
0.075166,0.224087494,0.075166,-0.012863307,0.075166,-0.004351937,0.075166,0.029778738,0.075166,0.320862589
0.075266,0.168215572,0.075266,0.026940466,0.075266,-0.167996391,0.075266,0.147703711,0.075266,0.193439205
0.075366,0.096710018,0.075366,0.223079944,0.075366,-0.160101424,0.075366,0.157711175,0.075366,0.203713867
0.075466,0.00398866,0.075466,0.114051153,0.075466,-0.055476792,0.075466,0.209167567,0.075466,0.240797422
0.075566,0.074086139,0.075566,0.197094929,0.075566,-0.258173236,0.075566,0.171202789,0.075566,0.24678675
0.075666,0.023161824,0.075666,0.20035996,0.075666,-0.265203446,0.075666,0.337854324,0.075666,0.392467768
0.075766,0.090302597,0.075766,0.371778849,0.075766,-0.316936803,0.075766,0.345293697,0.075766,0.269744097
0.075866,-0.142191642,0.075866,0.274558702,0.075866,-0.245646267,0.075866,0.473501183,0.075866,0.47610344
0.075966,0.004644461,0.075966,0.305860096,0.075966,-0.138965689,0.075966,0.357244622,0.075966,0.546312922
0.076066,-0.114999315,0.076066,0.304727081,0.076066,-0.182921561,0.076066,0.431233872,0.076066,0.376696994
0.076166,-0.054274309,0.076166,0.282411847,0.076166,-0.067735641,0.076166,0.294304403,0.076166,0.441704404
0.076266,-0.055811684,0.076266,0.37812183,0.076266,-0.046181464,0.076266,0.675358151,0.076266,0.536068672
0.076366,-0.034379499,0.076366,0.324667307,0.076366,0.028837051,0.076366,0.65273819,0.076366,0.6600757
0.076466,-0.121420326,0.076466,0.39161414,0.076466,0.03622857,0.076466,0.697795346,0.076466,0.553959419
0.076566,-0.089740024,0.076566,0.462629823,0.076566,-0.028844368,0.076566,0.595740394,0.076566,0.710532573
0.076666,-0.094660886,0.076666,0.416593946,0.076666,0.221003594,0.076666,0.879617686,0.076666,0.729349785
0.076766,-0.022093024,0.076766,0.388528179,0.076766,0.260486393,0.076766,0.654247955,0.076766,0.796468145
0.076866,0.039963665,0.076866,0.526416672,0.076866,0.222112048,0.076866,0.85705014,0.076866,0.81126872
0.076966,0.023468937,0.076966,0.42239675,0.076966,0.375905129,0.076966,0.832083307,0.076966,0.871157434
0.077066,0.07676131,0.077066,0.565582087,0.077066,0.416665866,0.077066,0.876244019,0.077066,0.87157418
0.077166,0.092560411,0.077166,0.393056527,0.077166,0.347303243,0.077166,0.989451111,0.077166,0.871134954
0.077266,0.075472462,0.077266,0.501991004,0.077266,0.45353147,0.077266,1.01429403,0.077266,1.179755074
0.077366,0.124465442,0.077366,0.417430667,0.077366,0.382350843,0.077366,0.92667311,0.077366,0.960061971
0.077466,0.24554298,0.077466,0.674880193,0.077466,0.260433585,0.077466,0.795791228,0.077466,0.991853188
0.077566,0.296490328,0.077566,0.731513318,0.077566,0.565385978,0.077566,0.909636662,0.077566,1.140285243
0.077666,0.278061459,0.077666,0.547200365,0.077666,0.540478606,0.077666,0.890044952,0.077666,1.056807174
0.077766,0.249051679,0.077766,0.697380567,0.077766,0.666555284,0.077766,1.043806593,0.077766,1.165952434
0.077866,0.268041536,0.077866,0.738579722,0.077866,0.659782994,0.077866,0.922684309,0.077866,1.291054067
0.077966,0.252590888,0.077966,0.78026948,0.077966,0.749720085,0.077966,0.952117395,0.077966,1.043776872
0.078066,0.235183497,0.078066,0.751404082,0.078066,0.733708668,0.078066,1.171676416,0.078066,1.159715824
0.078166,0.361163898,0.078166,0.856399796,0.078166,0.630994995,0.078166,1.238822492,0.078166,1.24750716
0.078266,0.477321106,0.078266,0.899453217,0.078266,0.653807176,0.078266,1.207455543,0.078266,1.309886311
0.078366,0.463725167,0.078366,0.955364862,0.078366,0.970347738,0.078366,1.326739343,0.078366,1.306149959
0.078466,0.420784853,0.078466,0.95519282,0.078466,0.865374539,0.078466,1.27046149,0.078466,1.266294952
0.078566,0.418048766,0.078566,1.155538955,0.078566,1.025287076,0.078566,1.453678584,0.078566,1.449383342
0.078666,0.497825508,0.078666,1.200407919,0.078666,1.067274628,0.078666,1.297236729,0.078666,1.391749567
0.078766,0.645343347,0.078766,1.132326488,0.078766,1.055991789,0.078766,1.383815055,0.078766,1.355148434
0.078866,0.68446357,0.078866,1.264597614,0.078866,1.270742543,0.078866,1.556187868,0.078866,1.368091822
0.078966,0.57634211,0.078966,1.105814549,0.078966,1.049708314,0.078966,1.486975251,0.078966,1.40265762
0.079066,0.743984705,0.079066,1.223180328,0.079066,1.326971754,0.079066,1.494229907,0.079066,1.421858475
0.079166,0.727791465,0.079166,1.186492271,0.079166,1.339189339,0.079166,1.642345649,0.079166,1.402629962
0.079266,0.74177425,0.079266,1.315077911,0.079266,1.396777805,0.079266,1.652579757,0.079266,1.340073396
0.079366,0.750147919,0.079366,1.491277522,0.079366,1.483009109,0.079366,1.889590638,0.079366,1.495511724
0.079466,0.944553331,0.079466,1.499579457,0.079466,1.674675158,0.079466,1.758261834,0.079466,1.77845991
0.079566,0.962245273,0.079566,1.476398153,0.079566,1.506647009,0.079566,1.875519833,0.079566,1.717005929
0.079666,1.147917277,0.079666,1.658113776,0.079666,1.626458694,0.079666,1.939546995,0.079666,1.664736804
0.079766,1.107963924,0.079766,1.652322496,0.079766,1.926543239,0.079766,1.880378676,0.079766,1.95500875
0.079866,1.22561054,0.079866,1.56758029,0.079866,1.994507483,0.079866,1.934121319,0.079866,1.819287492
0.079966,1.314157731,0.079966,1.678485394,0.079966,1.955748513,0.079966,1.956170884,0.079966,2.065347789
0.080066,1.403453117,0.080066,1.713125796,0.080066,1.817484022,0.080066,1.974498603,0.080066,1.834204219
0.080166,1.336221329,0.080166,1.87865263,0.080166,1.806475635,0.080166,2.06169812,0.080166,1.979995992
0.080266,1.375819485,0.080266,1.832539797,0.080266,2.031219209,0.080266,2.090026573,0.080266,2.022132327
0.080366,1.500994813,0.080366,2.009972248,0.080366,2.043388768,0.080366,2.193156529,0.080366,2.169878826
0.080466,1.55699483,0.080466,2.02262772,0.080466,2.070459212,0.080466,2.05032527,0.080466,2.24988711
0.080566,1.641905334,0.080566,2.17234876,0.080566,2.121994741,0.080566,2.189889042,0.080566,2.35512956
0.080666,1.750657985,0.080666,2.080116738,0.080666,2.217860889,0.080666,2.285816827,0.080666,2.35270963
0.080766,1.840932589,0.080766,2.251322868,0.080766,2.353940907,0.080766,2.210394416,0.080766,2.268103224
0.080866,1.910775454,0.080866,2.25968415,0.080866,2.354729402,0.080866,2.320321769,0.080866,2.331540996
0.080966,2.03384387,0.080966,2.392112057,0.080966,2.482811798,0.080966,2.425062128,0.080966,2.24678289
0.081066,2.207179004,0.081066,2.44807405,0.081066,2.55184078,0.081066,2.352567667,0.081066,2.482918099
0.081166,2.307862113,0.081166,2.552507029,0.081166,2.549910426,0.081166,2.315989496,0.081166,2.409443948
0.081266,2.335947782,0.081266,2.561637471,0.081266,2.690254698,0.081266,2.470213714,0.081266,2.279817388
0.081366,2.440274009,0.081366,2.719175119,0.081366,2.588083444,0.081366,2.44595767,0.081366,2.411448203
0.081466,2.42988763,0.081466,2.61801169,0.081466,2.845982525,0.081466,2.624160165,0.081466,2.460945864
0.081566,2.573616085,0.081566,2.565159771,0.081566,2.936571112,0.081566,2.483279697,0.081566,2.554673818
0.081666,2.546715716,0.081666,2.835694997,0.081666,2.91346351,0.081666,2.833819279,0.081666,2.629817967
0.081766,2.802231084,0.081766,2.863794123,0.081766,2.895714069,0.081766,2.656542028,0.081766,2.475749789
0.081866,2.853987855,0.081866,2.804299344,0.081866,3.014578017,0.081866,2.703838746,0.081866,2.810697277
0.081966,2.916146483,0.081966,3.082166156,0.081966,2.947013836,0.081966,2.789449527,0.081966,2.58211346
0.082066,2.962049246,0.082066,3.051665896,0.082066,2.87476031,0.082066,2.792212976,0.082066,2.759428052
0.082166,2.812181512,0.082166,3.184023989,0.082166,3.087653826,0.082166,2.763279961,0.082166,2.751872007
0.082266,3.145672761,0.082266,3.122824046,0.082266,3.066077393,0.082266,2.972811983,0.082266,2.785600785
0.082366,3.231242303,0.082366,3.159939361,0.082366,2.995433308,0.082366,2.98002857,0.082366,2.75651477
0.082466,3.204688173,0.082466,3.235567209,0.082466,3.103271638,0.082466,2.922872974,0.082466,2.954011878
0.082566,3.196814355,0.082566,3.39321458,0.082566,3.102220509,0.082566,2.883789012,0.082566,2.935617577
0.082666,3.361519585,0.082666,3.397321958,0.082666,3.10597927,0.082666,3.1492412,0.082666,2.845548839
0.082766,3.469377465,0.082766,3.428716299,0.082766,3.220394324,0.082766,3.227127889,0.082766,2.962428222
0.082866,3.433132791,0.082866,3.516723627,0.082866,3.214848125,0.082866,2.98873867,0.082866,3.047549518
0.082966,3.639796417,0.082966,3.468792821,0.082966,3.376070219,0.082966,3.074897546,0.082966,3.05966077
0.083066,3.655741099,0.083066,3.689882005,0.083066,3.526857799,0.083066,3.100248071,0.083066,2.92947266
0.083166,3.725493002,0.083166,3.645809796,0.083166,3.665655668,0.083166,2.957776511,0.083166,3.115829757
0.083266,3.833602305,0.083266,3.661379034,0.083266,3.382481567,0.083266,2.993397889,0.083266,2.978302752
0.083366,3.889518349,0.083366,3.654110621,0.083366,3.462606308,0.083366,3.071737551,0.083366,3.252853778
0.083466,3.943104835,0.083466,3.864653561,0.083466,3.623425786,0.083466,3.147939453,0.083466,3.291195308
0.083566,4.067063068,0.083566,3.921576719,0.083566,3.680118859,0.083566,3.262059774,0.083566,3.217714557
0.083666,4.249922717,0.083666,3.891011417,0.083666,3.769046122,0.083666,3.147078743,0.083666,3.231063312
0.083766,4.160305306,0.083766,4.119750859,0.083766,3.670431125,0.083766,3.113905503,0.083766,3.304592718
0.083866,4.434692366,0.083866,4.09516041,0.083866,3.776862572,0.083866,3.097623232,0.083866,3.251169017
0.083966,4.469291329,0.083966,4.094430536,0.083966,3.847986151,0.083966,3.100132477,0.083966,3.312404087
0.084066,4.510239867,0.084066,4.345288308,0.084066,3.923968613,0.084066,3.188157788,0.084066,3.147624176
0.084166,4.405225415,0.084166,4.238322723,0.084166,3.861644213,0.084166,3.276965867,0.084166,3.374907619
0.084266,4.654181566,0.084266,4.49825834,0.084266,3.938715848,0.084266,3.243478095,0.084266,3.446218421
0.084366,4.576963371,0.084366,4.473266837,0.084366,3.97410121,0.084366,3.215434042,0.084366,3.391877783
0.084466,4.553844014,0.084466,4.415790216,0.084466,3.944148001,0.084466,3.10684261,0.084466,3.486417951
0.084566,4.871504662,0.084566,4.425378612,0.084566,4.092505797,0.084566,3.277899159,0.084566,3.472278
0.084666,4.901655137,0.084666,4.349939644,0.084666,3.9485349,0.084666,3.327223716,0.084666,3.629687395
0.084766,4.83087129,0.084766,4.357820846,0.084766,4.248790237,0.084766,3.426968272,0.084766,3.517924962
0.084866,4.968458571,0.084866,4.557300908,0.084866,3.965698376,0.084866,3.21966616,0.084866,3.820631848
0.084966,5.018186095,0.084966,4.534125432,0.084966,4.08320157,0.084966,3.34840446,0.084966,3.712695749
0.085066,5.018612608,0.085066,4.653183177,0.085066,4.118598391,0.085066,3.391028834,0.085066,3.72221125
0.085166,5.023985464,0.085166,4.600049492,0.085166,4.009925017,0.085166,3.29790477,0.085166,3.711225437
0.085266,5.003890172,0.085266,4.929042199,0.085266,4.296931805,0.085266,3.101565953,0.085266,3.843867952
0.085366,5.183399301,0.085366,4.702899714,0.085366,4.169419325,0.085366,3.355923682,0.085366,3.782623315
0.085466,5.205912367,0.085466,4.872797103,0.085466,4.131159284,0.085466,3.427408858,0.085466,3.973384861
0.085566,5.343017546,0.085566,4.845846468,0.085566,4.205961034,0.085566,3.530187916,0.085566,3.936691074
0.085666,5.50305588,0.085666,5.067872989,0.085666,4.175862788,0.085666,3.381338014,0.085666,3.724625809
0.085766,5.264907669,0.085766,4.89126215,0.085766,4.362467213,0.085766,3.452744739,0.085766,3.936615783
0.085866,5.431919661,0.085866,5.051851957,0.085866,4.32944963,0.085866,3.410216294,0.085866,4.106494184
0.085966,5.52119504,0.085966,4.970665185,0.085966,4.427896349,0.085966,3.526272573,0.085966,4.023640391
0.086066,5.57341705,0.086066,4.950240437,0.086066,4.387100449,0.086066,3.456182254,0.086066,3.908773451
0.086166,5.745170918,0.086166,5.014792363,0.086166,4.351932584,0.086166,3.340328811,0.086166,4.013629519
0.086266,5.673249009,0.086266,5.062141346,0.086266,4.405524935,0.086266,3.508371911,0.086266,4.113735125
0.086366,5.719823708,0.086366,5.148766527,0.086366,4.381221639,0.086366,3.568298428,0.086366,4.056624608
0.086466,5.932746001,0.086466,5.227471009,0.086466,4.267940921,0.086466,3.633996222,0.086466,4.07957687
0.086566,5.987199965,0.086566,5.19071862,0.086566,4.279319406,0.086566,3.670408181,0.086566,4.201387985
0.086666,5.930933925,0.086666,5.117560716,0.086666,4.378436216,0.086666,3.791682035,0.086666,4.112722268
0.086766,5.946855146,0.086766,5.033364468,0.086766,4.296172829,0.086766,3.601231654,0.086766,4.179066845
0.086866,6.115175148,0.086866,5.116464205,0.086866,4.274478131,0.086866,3.770140167,0.086866,4.144696306
0.086966,5.910904909,0.086966,5.13541607,0.086966,4.187173303,0.086966,3.790461303,0.086966,4.158521353
0.087066,6.067502026,0.087066,5.286468557,0.087066,4.089518681,0.087066,3.791392016,0.087066,4.222140008
0.087166,6.088842606,0.087166,5.184663133,0.087166,4.090063839,0.087166,3.771133168,0.087166,4.132369344
0.087266,6.159688196,0.087266,5.27293542,0.087266,4.399069065,0.087266,3.813222294,0.087266,4.164606684
0.087366,6.214844295,0.087366,5.154019788,0.087366,4.175963346,0.087366,3.795402906,0.087366,4.052174666
0.087466,6.096389498,0.087466,5.20129875,0.087466,4.337717616,0.087466,3.843254581,0.087466,4.525689213
0.087566,6.209599164,0.087566,5.288175488,0.087566,4.213144797,0.087566,3.710299593,0.087566,4.393415199
0.087666,6.255606638,0.087666,5.242595202,0.087666,4.24384025,0.087666,3.769683437,0.087666,4.515784848
0.087766,6.262997926,0.087766,5.254108739,0.087766,4.271319608,0.087766,3.792455028,0.087766,4.452827073
0.087866,6.189210958,0.087866,5.200784797,0.087866,4.235302002,0.087866,3.650813825,0.087866,4.306673032
0.087966,6.270583839,0.087966,5.084224415,0.087966,4.15567921,0.087966,3.794759576,0.087966,4.414838408
0.088066,6.25079864,0.088066,5.095847201,0.088066,4.233824021,0.088066,3.849543649,0.088066,4.797233499
0.088166,6.231058585,0.088166,4.94937772,0.088166,4.101005364,0.088166,3.995233954,0.088166,4.497384533
0.088266,6.056752024,0.088266,4.953043245,0.088266,4.069141037,0.088266,3.972462821,0.088266,4.551050237
0.088366,6.170124636,0.088366,4.948384485,0.088366,4.204468142,0.088366,3.846921087,0.088366,4.747353556
0.088466,6.210560729,0.088466,4.915260153,0.088466,4.233737173,0.088466,3.85708782,0.088466,4.505883601
0.088566,6.121520915,0.088566,5.033938412,0.088566,4.241223564,0.088566,3.908753709,0.088566,4.506981159
0.088666,6.008885928,0.088666,4.84724177,0.088666,4.198839361,0.088666,3.871299095,0.088666,4.711341239
0.088766,6.080348097,0.088766,4.890945541,0.088766,3.983440249,0.088766,3.865996071,0.088766,4.652611287
0.088866,6.010282518,0.088866,4.852327425,0.088866,4.179291217,0.088866,3.882946619,0.088866,4.634489352
0.088966,5.883006491,0.088966,4.731965119,0.088966,4.15983591,0.088966,4.036541995,0.088966,4.680446987
0.089066,5.860344095,0.089066,4.778043092,0.089066,4.000476894,0.089066,3.9929336,0.089066,4.73242762
0.089166,5.877495606,0.089166,4.723179714,0.089166,4.099954463,0.089166,4.111577983,0.089166,4.506987232
0.089266,5.94023295,0.089266,4.673010149,0.089266,4.015918536,0.089266,4.120221813,0.089266,4.512805777
0.089366,5.682449234,0.089366,4.624724553,0.089366,3.994199749,0.089366,4.074720283,0.089366,4.578675726
0.089466,5.93604967,0.089466,4.494371872,0.089466,4.108934713,0.089466,3.983641456,0.089466,4.467801654
0.089566,5.814949712,0.089566,4.428625705,0.089566,3.905180895,0.089566,4.028383179,0.089566,4.618420401
0.089666,5.891640895,0.089666,4.217847853,0.089666,4.115050168,0.089666,3.941363055,0.089666,4.702815918
0.089766,5.674034824,0.089766,4.270793456,0.089766,3.822012746,0.089766,3.681752168,0.089766,4.630767546
0.089866,5.740264017,0.089866,4.222023233,0.089866,4.063458525,0.089866,4.015217868,0.089866,4.416917499
0.089966,5.756856832,0.089966,4.006276978,0.089966,3.90806638,0.089966,3.936506871,0.089966,4.54305406
0.090066,5.610100827,0.090066,3.870524674,0.090066,4.053122531,0.090066,3.697370047,0.090066,4.632330376
0.090166,5.558643493,0.090166,3.919864465,0.090166,4.204863016,0.090166,3.80946385,0.090166,4.486207827
0.090266,5.571358091,0.090266,3.970188403,0.090266,3.860511444,0.090266,3.699037841,0.090266,4.693852193
0.090366,5.497283036,0.090366,3.936177724,0.090366,4.063753456,0.090366,3.666077576,0.090366,4.545269864
0.090466,5.395248391,0.090466,3.878545383,0.090466,4.017631552,0.090466,3.988496921,0.090466,4.350149745
0.090566,5.415759613,0.090566,3.804039988,0.090566,4.077343533,0.090566,3.966653599,0.090566,4.450364933
0.090666,5.143836475,0.090666,3.888135577,0.090666,3.950794874,0.090666,3.961990287,0.090666,4.265016942
0.090766,5.206678341,0.090766,3.677129287,0.090766,3.852928307,0.090766,3.87926233,0.090766,4.382891274
0.090866,5.010775477,0.090866,3.702509662,0.090866,3.795763901,0.090866,3.976552707,0.090866,4.425133989
0.090966,5.083612477,0.090966,3.729633603,0.090966,3.857239222,0.090966,4.106414547,0.090966,4.354406027
0.091066,4.891764341,0.091066,3.609033329,0.091066,3.784911864,0.091066,4.115346809,0.091066,4.363113453
0.091166,4.780159399,0.091166,3.648244738,0.091166,3.846518332,0.091166,4.127599724,0.091166,4.33141327
0.091266,4.754614044,0.091266,3.573975692,0.091266,3.844850912,0.091266,4.224230208,0.091266,4.357695582
0.091366,4.722590802,0.091366,3.566283041,0.091366,3.842219374,0.091366,4.373697531,0.091366,4.530339498
0.091466,4.583125414,0.091466,3.418297216,0.091466,3.682641371,0.091466,4.303229934,0.091466,4.40770857
0.091566,4.453862051,0.091566,3.411896841,0.091566,3.744875516,0.091566,4.223489944,0.091566,4.373585017
0.091666,4.307783065,0.091666,3.383009006,0.091666,3.439261419,0.091666,4.127110185,0.091666,4.421653201
0.091766,4.134858948,0.091766,3.410908935,0.091766,3.532594959,0.091766,3.978285156,0.091766,4.444431382
0.091866,4.049795222,0.091866,3.392798983,0.091866,3.460407491,0.091866,4.080050447,0.091866,4.390847617
0.091966,3.958488639,0.091966,3.375417072,0.091966,3.583306022,0.091966,4.036520888,0.091966,4.395898996
0.092066,3.820586271,0.092066,3.229993401,0.092066,3.425186838,0.092066,3.96105594,0.092066,4.443729252
0.092166,3.743730475,0.092166,3.270666765,0.092166,3.462744303,0.092166,3.962932056,0.092166,4.392016753
0.092266,3.637923291,0.092266,3.069269912,0.092266,3.536791051,0.092266,3.813128295,0.092266,4.17604963
0.092366,3.566497492,0.092366,2.928839054,0.092366,3.420987991,0.092366,4.005697632,0.092366,4.145843385
0.092466,3.504748129,0.092466,2.867445388,0.092466,3.398177174,0.092466,4.052657003,0.092466,4.128144202
0.092566,3.434155151,0.092566,2.791720138,0.092566,3.363937362,0.092566,3.989789126,0.092566,4.327943343
0.092666,3.340559855,0.092666,2.783985261,0.092666,3.234436143,0.092666,4.064644251,0.092666,4.248633242
0.092766,3.393477702,0.092766,2.665678326,0.092766,3.438538059,0.092766,3.670284709,0.092766,4.295117005
0.092866,3.4111307,0.092866,2.610232663,0.092866,3.347114141,0.092866,3.797518552,0.092866,4.484701543
0.092966,3.313706576,0.092966,2.799562442,0.092966,3.471837152,0.092966,3.769616242,0.092966,4.112545693
0.093066,3.115547119,0.093066,2.659987747,0.093066,3.435200897,0.093066,3.861336647,0.093066,4.356350066
0.093166,3.097715334,0.093166,2.509278238,0.093166,3.585516857,0.093166,3.870159301,0.093166,4.290153695
0.093266,2.961628954,0.093266,2.597349159,0.093266,3.325963896,0.093266,3.802340783,0.093266,4.339151769
0.093366,3.029474364,0.093366,2.440782037,0.093366,3.410001692,0.093366,3.97057083,0.093366,4.261574127
0.093466,3.014537537,0.093466,2.497576217,0.093466,3.470740339,0.093466,3.828493922,0.093466,4.32461268
0.093566,2.764816362,0.093566,2.505334376,0.093566,3.485047464,0.093566,3.973572342,0.093566,4.269976531
0.093666,2.958853097,0.093666,2.341850146,0.093666,3.508021698,0.093666,3.805853755,0.093666,4.490076137
0.093766,2.844501374,0.093766,2.452893143,0.093766,3.524876906,0.093766,3.739021985,0.093766,4.539454897
0.093866,2.806418212,0.093866,2.512520533,0.093866,3.716629868,0.093866,3.903556713,0.093866,4.472656099
0.093966,2.805226009,0.093966,2.518255468,0.093966,3.644221702,0.093966,3.752168497,0.093966,4.339329528
0.094066,2.687006372,0.094066,2.598402418,0.094066,3.703268061,0.094066,3.786063947,0.094066,4.403717857
0.094166,2.669604611,0.094166,2.57879046,0.094166,3.683582857,0.094166,3.656755835,0.094166,4.315850812
0.094266,2.777516408,0.094266,2.530505907,0.094266,3.613670917,0.094266,3.767743388,0.094266,4.347876241
0.094366,2.754882835,0.094366,2.498939266,0.094366,3.785405208,0.094366,3.71768815,0.094366,4.286654793
0.094466,2.904522624,0.094466,2.542412799,0.094466,3.762770858,0.094466,3.824236776,0.094466,4.280384399
0.094566,2.708839465,0.094566,2.536309496,0.094566,3.744504687,0.094566,3.962413253,0.094566,4.142189529
0.094666,2.820770531,0.094666,2.663545649,0.094666,3.885461049,0.094666,3.681097704,0.094666,4.251425233
0.094766,2.749610396,0.094766,2.720741823,0.094766,3.684362988,0.094766,3.693730938,0.094766,4.197191885
0.094866,2.777140947,0.094866,2.703385482,0.094866,4.014585476,0.094866,3.895681494,0.094866,4.203205373
0.094966,2.832221289,0.094966,2.741924682,0.094966,3.81170725,0.094966,3.788221543,0.094966,4.304640392
0.095066,2.992847518,0.095066,2.860397088,0.095066,4.158551832,0.095066,3.84794651,0.095066,4.337208753
0.095166,2.828971356,0.095166,2.93718728,0.095166,3.846116424,0.095166,3.942298025,0.095166,4.235551378
0.095266,2.900522942,0.095266,2.979841256,0.095266,3.912253048,0.095266,3.943422841,0.095266,4.204084361
0.095366,3.084433494,0.095366,2.879890676,0.095366,3.928585787,0.095366,4.030859492,0.095366,4.385428061
0.095466,3.113371012,0.095466,3.050837802,0.095466,4.124122545,0.095466,3.918057184,0.095466,4.426867003
0.095566,3.08424774,0.095566,3.131596185,0.095566,3.870331819,0.095566,3.879390463,0.095566,4.114866975
0.095666,3.041014357,0.095666,3.278545753,0.095666,3.950111945,0.095666,3.793517312,0.095666,4.21446154
0.095766,3.183972906,0.095766,3.163927168,0.095766,3.893398079,0.095766,3.802034989,0.095766,4.315472877
0.095866,3.200863172,0.095866,3.189719352,0.095866,4.063335034,0.095866,3.830925599,0.095866,4.508014621
0.095966,3.167119262,0.095966,3.203346754,0.095966,3.991318921,0.095966,3.751267894,0.095966,4.335331362
0.096066,3.203893163,0.096066,3.389806153,0.096066,4.007170978,0.096066,3.946643099,0.096066,4.627121886
0.096166,3.339954384,0.096166,3.428219429,0.096166,3.982286808,0.096166,3.812558138,0.096166,4.453835542
0.096266,3.326970472,0.096266,3.410533015,0.096266,3.871210005,0.096266,3.799402258,0.096266,4.579347121
0.096366,3.262465303,0.096366,3.562594907,0.096366,3.924600865,0.096366,3.860953884,0.096366,4.568617432
0.096466,3.424183527,0.096466,3.620354392,0.096466,3.989294644,0.096466,3.918970981,0.096466,4.567268089
0.096566,3.47255662,0.096566,3.692816336,0.096566,4.005268759,0.096566,3.714278561,0.096566,4.451731605
0.096666,3.558421892,0.096666,3.755487679,0.096666,4.151487098,0.096666,3.968104629,0.096666,4.720675258
0.096766,3.65084628,0.096766,3.867348083,0.096766,4.025616183,0.096766,4.045248198,0.096766,4.804920474
0.096866,3.723115994,0.096866,3.768527565,0.096866,3.961287889,0.096866,3.890365666,0.096866,4.827573588
0.096966,3.858557106,0.096966,3.779265071,0.096966,4.053172248,0.096966,3.958778134,0.096966,4.717854155
0.097066,3.916443137,0.097066,3.900095049,0.097066,4.021276347,0.097066,4.111209619,0.097066,4.73892318
0.097166,4.058327209,0.097166,3.853116298,0.097166,4.200430517,0.097166,4.057360474,0.097166,4.788983931
0.097266,4.043657379,0.097266,3.896757144,0.097266,4.222297093,0.097266,4.013397163,0.097266,4.779878737
0.097366,4.246583461,0.097366,3.93061444,0.097366,4.318537488,0.097366,4.120231177,0.097366,4.809971192
0.097466,4.235393356,0.097466,3.865352103,0.097466,4.159637377,0.097466,4.071065824,0.097466,4.908207661
0.097566,4.24333438,0.097566,4.039840575,0.097566,4.277982518,0.097566,4.079832306,0.097566,5.015119709
0.097666,4.278535725,0.097666,4.25069457,0.097666,4.476139522,0.097666,4.242528641,0.097666,4.955770492
0.097766,4.388279304,0.097766,4.372592626,0.097766,4.381070171,0.097766,4.135237795,0.097766,5.075863626
0.097866,4.43085969,0.097866,4.277673115,0.097866,4.468891558,0.097866,4.307828886,0.097866,5.057157525
0.097966,4.596460875,0.097966,4.260752218,0.097966,4.510273374,0.097966,4.108774952,0.097966,5.015217723
0.098066,4.556503377,0.098066,4.322031913,0.098066,4.361473274,0.098066,4.086460885,0.098066,5.027649852
0.098166,4.570856292,0.098166,4.333924101,0.098166,4.414368295,0.098166,4.240743125,0.098166,5.207825302
0.098266,4.63362136,0.098266,4.529953424,0.098266,4.327691346,0.098266,4.45513376,0.098266,5.161787522
0.098366,4.747543198,0.098366,4.56038076,0.098366,4.273670278,0.098366,4.357199145,0.098366,5.141068795
0.098466,4.925748461,0.098466,4.734694856,0.098466,4.32766688,0.098466,4.505752323,0.098466,5.202711152
0.098566,4.961946322,0.098566,4.662702436,0.098566,4.342735486,0.098566,4.251815034,0.098566,5.347678331
0.098666,4.98690982,0.098666,4.646772568,0.098666,4.332177673,0.098666,4.365154116,0.098666,5.241208243
0.098766,5.026294617,0.098766,4.712428639,0.098766,4.47353393,0.098766,4.524065973,0.098766,5.333369953
0.098866,5.355895747,0.098866,4.930498732,0.098866,4.368416113,0.098866,4.540058971,0.098866,5.341416763
0.098966,5.182622087,0.098966,4.908837956,0.098966,4.601282523,0.098966,4.444174921,0.098966,5.227168243
0.099066,5.33923725,0.099066,5.007782134,0.099066,4.576999124,0.099066,4.374364092,0.099066,5.700465329
0.099166,5.490738092,0.099166,5.096238272,0.099166,4.357321173,0.099166,4.364366954,0.099166,5.236669205
0.099266,5.491491312,0.099266,5.168184864,0.099266,4.5780368,0.099266,4.620664921,0.099266,5.32387265
0.099366,5.576910275,0.099366,4.985962048,0.099366,4.446196878,0.099366,4.679419954,0.099366,5.519006614
0.099466,5.673362701,0.099466,4.931026818,0.099466,4.551294035,0.099466,4.726352037,0.099466,5.2449788
0.099566,5.727266252,0.099566,5.061144896,0.099566,4.64493802,0.099566,4.615494348,0.099566,5.428029792
0.099666,5.839461323,0.099666,4.996871795,0.099666,4.752764804,0.099666,4.581214283,0.099666,5.452801859
0.099766,5.902529458,0.099766,5.194355432,0.099766,4.719256683,0.099766,4.584975178,0.099766,5.476639662
0.099866,5.920176102,0.099866,5.233174499,0.099866,4.79923571,0.099866,4.561977922,0.099866,5.61427824
0.099966,6.008318017,0.099966,5.26933642,0.099966,4.704607718,0.099966,4.862542906,0.099966,5.539450455
0.100066,6.172192363,0.100066,5.135168202,0.100066,4.729602647,0.100066,4.790287713,0.100066,5.842910255
0.100166,6.094077468,0.100166,5.288645536,0.100166,4.748131272,0.100166,4.782688354,0.100166,5.757802038
0.100266,6.140708447,0.100266,5.135996952,0.100266,4.659209712,0.100266,5.0357552,0.100266,5.7818825
0.100366,6.281953633,0.100366,5.395695225,0.100366,4.555647657,0.100366,5.210948654,0.100366,5.886879155
0.100466,6.301397701,0.100466,5.360275117,0.100466,4.796878488,0.100466,4.980155294,0.100466,5.968828174
0.100566,6.41954903,0.100566,5.30336558,0.100566,4.98204369,0.100566,5.148655586,0.100566,6.454276862
0.100666,6.462758529,0.100666,5.358008071,0.100666,4.618054263,0.100666,5.017500721,0.100666,6.020111014
0.100766,6.483413368,0.100766,5.495246739,0.100766,4.61464123,0.100766,5.191430873,0.100766,6.291563012
0.100866,6.572131911,0.100866,5.554137915,0.100866,4.73208729,0.100866,5.213247864,0.100866,6.304237472
0.100966,6.666734761,0.100966,5.634456428,0.100966,4.701300544,0.100966,5.231093247,0.100966,6.480189504
0.101066,6.555230191,0.101066,5.482120362,0.101066,4.58604039,0.101066,5.443564663,0.101066,6.36075283
0.101166,6.68140027,0.101166,5.733334422,0.101166,4.638171133,0.101166,5.393039751,0.101166,6.511502458
0.101266,6.787976072,0.101266,5.904593116,0.101266,4.727923537,0.101266,5.355216497,0.101266,6.358316491
0.101366,6.884532444,0.101366,5.879735569,0.101366,4.804954516,0.101366,5.363297824,0.101366,6.477017184
0.101466,6.835445939,0.101466,5.772859882,0.101466,4.710074026,0.101466,5.313860741,0.101466,6.500588065
0.101566,7.003877779,0.101566,5.8887048,0.101566,4.609158152,0.101566,5.273878626,0.101566,6.395092791
0.101666,6.966823616,0.101666,5.84667508,0.101666,4.776825076,0.101666,5.305912939,0.101666,6.432604725
0.101766,7.083351454,0.101766,6.026076993,0.101766,4.708241129,0.101766,5.42752321,0.101766,6.556815405
0.101866,7.072956581,0.101866,6.007521337,0.101866,4.844517223,0.101866,5.197816703,0.101866,6.517782572
0.101966,7.118858696,0.101966,5.932267792,0.101966,4.907960718,0.101966,5.441491909,0.101966,6.472829968
0.102066,7.185263508,0.102066,6.012274189,0.102066,4.946675129,0.102066,5.434992685,0.102066,6.392791189
0.102166,7.208633886,0.102166,6.044209373,0.102166,5.022806275,0.102166,5.6373782,0.102166,6.562417429
0.102266,7.220686909,0.102266,6.027489422,0.102266,5.007860679,0.102266,5.329266191,0.102266,6.675468789
0.102366,7.377739495,0.102366,6.08282281,0.102366,5.165926813,0.102366,5.559143477,0.102366,6.589003285
0.102466,7.343961322,0.102466,6.047730369,0.102466,5.346507458,0.102466,5.537386607,0.102466,6.749366133
0.102566,7.284408498,0.102566,6.20213021,0.102566,5.295152121,0.102566,5.487036458,0.102566,6.72345315
0.102666,7.304203829,0.102666,6.191204015,0.102666,5.348576299,0.102666,5.624742306,0.102666,6.750742341
0.102766,7.376572453,0.102766,6.27354051,0.102766,5.366499873,0.102766,5.669046529,0.102766,6.701995682
0.102866,7.502624372,0.102866,6.221457426,0.102866,5.442707575,0.102866,5.855243489,0.102866,7.06952113
0.102966,7.647767748,0.102966,6.276795907,0.102966,5.400050251,0.102966,5.857473606,0.102966,7.239861694
0.103066,7.561443519,0.103066,6.229452388,0.103066,5.512101912,0.103066,5.857814387,0.103066,7.041945648
0.103166,7.628469977,0.103166,6.237326308,0.103166,5.351182723,0.103166,5.861537622,0.103166,7.196409322
0.103266,7.696228711,0.103266,6.162021965,0.103266,5.360704695,0.103266,5.934836061,0.103266,7.40170127
0.103366,7.639773112,0.103366,6.296475913,0.103366,5.416283776,0.103366,5.939972826,0.103366,7.507994526
0.103466,7.746967911,0.103466,6.451892968,0.103466,5.36968233,0.103466,6.141970879,0.103466,7.377672988
0.103566,7.813775257,0.103566,6.200835576,0.103566,5.269435476,0.103566,6.176502743,0.103566,7.509958423
0.103666,7.732074488,0.103666,6.372932939,0.103666,5.390961812,0.103666,6.10346725,0.103666,7.485547198
0.103766,7.949335443,0.103766,6.318112875,0.103766,5.479259184,0.103766,6.125603622,0.103766,7.462258303
0.103866,7.920431677,0.103866,6.500244664,0.103866,5.410014537,0.103866,5.982616694,0.103866,7.612891007
0.103966,7.846802998,0.103966,6.230509681,0.103966,5.466749036,0.103966,6.22624158,0.103966,7.654469877
0.104066,7.744034167,0.104066,6.349004538,0.104066,5.482246797,0.104066,6.183054804,0.104066,7.482757044
0.104166,7.925337947,0.104166,6.288547968,0.104166,5.623856822,0.104166,6.161513652,0.104166,7.928426743
0.104266,7.803649639,0.104266,6.384431036,0.104266,5.573514119,0.104266,6.330187656,0.104266,7.600088418
0.104366,8.005076416,0.104366,6.371802207,0.104366,5.67434987,0.104366,6.096695,0.104366,7.706429927
0.104466,7.883640491,0.104466,6.312406502,0.104466,5.750175751,0.104466,6.244952288,0.104466,7.61346975
0.104566,7.929017668,0.104566,6.416718186,0.104566,5.738123274,0.104566,6.354772907,0.104566,7.819528405
0.104666,7.894886151,0.104666,6.381311552,0.104666,5.712011408,0.104666,6.164942473,0.104666,7.781844542
0.104766,7.965712944,0.104766,6.467394929,0.104766,5.882321333,0.104766,6.419607388,0.104766,7.875964008
0.104866,7.832105621,0.104866,6.487831105,0.104866,5.849944154,0.104866,6.230236258,0.104866,7.792644545
0.104966,8.068411638,0.104966,6.477316902,0.104966,5.71723855,0.104966,6.380490912,0.104966,7.84824933
0.105066,8.163115482,0.105066,6.436676509,0.105066,5.830416166,0.105066,6.253798059,0.105066,7.778108503
0.105166,8.09218685,0.105166,6.613286912,0.105166,5.926211979,0.105166,6.370910279,0.105166,7.889117287
0.105266,8.115426021,0.105266,6.629298466,0.105266,5.863115037,0.105266,6.401060308,0.105266,7.816714255
0.105366,8.143389006,0.105366,6.41867413,0.105366,5.951360267,0.105366,6.330263315,0.105366,8.013955919
0.105466,8.27481183,0.105466,6.610981094,0.105466,5.961481447,0.105466,6.41915275,0.105466,8.189229175
0.105566,8.340389403,0.105566,6.58007698,0.105566,6.09407386,0.105566,6.25552796,0.105566,7.884085325
0.105666,8.09786584,0.105666,6.620618674,0.105666,5.921274729,0.105666,6.33061495,0.105666,8.148176012
0.105766,8.125764552,0.105766,6.470971857,0.105766,5.947258954,0.105766,6.362756436,0.105766,8.165645095
0.105866,8.341177742,0.105866,6.571498421,0.105866,5.988395679,0.105866,6.281779551,0.105866,8.103739319
0.105966,8.271180883,0.105966,6.741457775,0.105966,5.901684186,0.105966,6.519439757,0.105966,8.010780839
0.106066,8.175141163,0.106066,6.636043254,0.106066,5.885671054,0.106066,6.474329106,0.106066,8.274063491
0.106166,8.171877409,0.106166,6.591413252,0.106166,5.966980992,0.106166,6.477510621,0.106166,8.174093939
0.106266,8.246317259,0.106266,6.708692961,0.106266,6.070723891,0.106266,6.503329309,0.106266,8.143993043
0.106366,8.296666332,0.106366,6.755832251,0.106366,6.087200298,0.106366,6.697832505,0.106366,8.173103409
0.106466,8.240371404,0.106466,6.783524575,0.106466,6.062612067,0.106466,6.564523659,0.106466,8.253139552
0.106566,8.259503091,0.106566,6.772735229,0.106566,6.155583065,0.106566,6.465408839,0.106566,8.215574212
0.106666,8.091439399,0.106666,6.882527244,0.106666,6.116986668,0.106666,6.650756582,0.106666,8.343401195
0.106766,8.100780094,0.106766,6.885875425,0.106766,5.865911961,0.106766,6.551896545,0.106766,8.284549934
0.106866,8.030922562,0.106866,6.856799417,0.106866,6.211927885,0.106866,6.634231452,0.106866,8.381625539
0.106966,8.202108864,0.106966,6.850211506,0.106966,6.094763747,0.106966,6.58769374,0.106966,8.270404027
0.107066,8.040820136,0.107066,7.015832613,0.107066,6.163869001,0.107066,6.608244629,0.107066,8.520113836
0.107166,8.196802318,0.107166,6.889472294,0.107166,6.195610743,0.107166,6.867125862,0.107166,8.348440984
0.107266,8.068237202,0.107266,6.81492645,0.107266,6.149682582,0.107266,6.883755498,0.107266,8.225240647
0.107366,8.141000414,0.107366,6.805377072,0.107366,6.135899947,0.107366,6.84440525,0.107366,8.26939574
0.107466,8.005013166,0.107466,6.948900765,0.107466,6.206632887,0.107466,7.058549983,0.107466,8.378646664
0.107566,8.031876189,0.107566,6.949174807,0.107566,6.102111647,0.107566,6.901330516,0.107566,8.485369287
0.107666,8.041348363,0.107666,6.97098927,0.107666,6.122220746,0.107666,6.783639279,0.107666,8.494054969
0.107766,8.088806623,0.107766,6.851282403,0.107766,6.233158355,0.107766,7.092537641,0.107766,8.613105546
0.107866,8.022581322,0.107866,7.060404232,0.107866,6.234928876,0.107866,7.183489746,0.107866,8.529876889
0.107966,8.141005541,0.107966,7.072755689,0.107966,6.383979429,0.107966,7.118482397,0.107966,8.817975317
0.108066,7.987627393,0.108066,6.741561728,0.108066,6.334863479,0.108066,7.067259115,0.108066,8.777575012
0.108166,7.999817768,0.108166,6.92346349,0.108166,6.385594044,0.108166,7.200745695,0.108166,8.766413193
0.108266,7.970019028,0.108266,6.955329005,0.108266,6.432525614,0.108266,7.106785846,0.108266,8.953133474
0.108366,8.131935369,0.108366,7.083614944,0.108366,6.527294509,0.108366,7.375838505,0.108366,9.016317865
0.108466,8.133101498,0.108466,6.90939917,0.108466,6.337251034,0.108466,7.325659856,0.108466,9.168235525
0.108566,7.993479714,0.108566,7.03201115,0.108566,6.468197638,0.108566,7.246348768,0.108566,8.902696674
0.108666,8.011348643,0.108666,7.09538182,0.108666,6.379513974,0.108666,7.592861038,0.108666,9.273526829
0.108766,7.995377224,0.108766,6.892731659,0.108766,6.357004067,0.108766,7.441000368,0.108766,9.143051008
0.108866,7.83120393,0.108866,7.051361792,0.108866,6.4938184,0.108866,7.517343505,0.108866,9.281970098
0.108966,7.872145511,0.108966,7.130703985,0.108966,6.481020026,0.108966,7.426689465,0.108966,9.33193393
0.109066,7.82289914,0.109066,7.077113264,0.109066,6.474472399,0.109066,7.391748401,0.109066,9.213332778
0.109166,7.979440871,0.109166,7.071955621,0.109166,6.771270704,0.109166,7.535848408,0.109166,9.391959408
0.109266,7.76943577,0.109266,7.052942011,0.109266,6.812312369,0.109266,7.553634969,0.109266,9.284434907
0.109366,7.922011831,0.109366,7.116708214,0.109366,6.907762034,0.109366,7.42092433,0.109366,9.446127986
0.109466,7.968763639,0.109466,7.138642682,0.109466,6.813406924,0.109466,7.504938326,0.109466,9.458331766
0.109566,7.854236752,0.109566,7.236194959,0.109566,7.041902926,0.109566,7.595493583,0.109566,9.418707235
0.109666,7.786972504,0.109666,7.278469317,0.109666,6.734817985,0.109666,7.665034638,0.109666,9.345204934
0.109766,7.709844135,0.109766,7.328077042,0.109766,6.65176753,0.109766,7.729285086,0.109766,9.231446213
0.109866,7.852802113,0.109866,7.281681924,0.109866,6.987269661,0.109866,7.502737283,0.109866,9.583257706
0.109966,7.820045992,0.109966,7.255643707,0.109966,6.873071874,0.109966,7.719865816,0.109966,9.312350492
0.110066,7.977960199,0.110066,7.285772014,0.110066,6.949033598,0.110066,7.907053372,0.110066,9.336304267
0.110166,7.993086962,0.110166,7.373867123,0.110166,6.984699473,0.110166,7.990938062,0.110166,9.417194362
0.110266,7.88419486,0.110266,7.263561521,0.110266,6.885351748,0.110266,7.981446289,0.110266,9.5450111
0.110366,7.883428118,0.110366,7.318105128,0.110366,6.978696332,0.110366,8.198733044,0.110366,9.736370613
0.110466,7.908307407,0.110466,7.564486739,0.110466,7.059357434,0.110466,8.08086629,0.110466,9.614129651
0.110566,7.943035537,0.110566,7.304525403,0.110566,7.093191962,0.110566,8.169124571,0.110566,9.579345051
0.110666,7.902905849,0.110666,7.436218954,0.110666,7.278211041,0.110666,8.095409496,0.110666,9.621185722
0.110766,8.053608485,0.110766,7.405829651,0.110766,7.117637539,0.110766,8.238608083,0.110766,9.564658972
0.110866,7.951710067,0.110866,7.428690803,0.110866,6.963707878,0.110866,8.332619758,0.110866,9.643034406
0.110966,7.962275002,0.110966,7.448775021,0.110966,7.300630038,0.110966,8.317096923,0.110966,9.604077496
0.111066,7.982687137,0.111066,7.6090437,0.111066,7.248192078,0.111066,8.470158052,0.111066,9.484407421
0.111166,7.938365548,0.111166,7.396412612,0.111166,7.346819201,0.111166,8.424334166,0.111166,9.750678089
0.111266,7.665876216,0.111266,7.417922025,0.111266,7.428268534,0.111266,8.446330327,0.111266,9.552386584
0.111366,7.9384142,0.111366,7.38019528,0.111366,7.278348533,0.111366,8.559190348,0.111366,9.63880692
0.111466,7.852165277,0.111466,7.50082488,0.111466,7.382051783,0.111466,8.61406161,0.111466,9.889403737
0.111566,7.891655602,0.111566,7.568526195,0.111566,7.370601185,0.111566,8.588858462,0.111566,9.945088006
0.111666,7.822158915,0.111666,7.39376149,0.111666,7.472141781,0.111666,8.571796262,0.111666,9.59660203
0.111766,8.059058672,0.111766,7.461765117,0.111766,7.504028958,0.111766,8.610498976,0.111766,9.597876093
0.111866,7.881762046,0.111866,7.603034402,0.111866,7.630922416,0.111866,8.343677841,0.111866,9.741298557
0.111966,8.063328381,0.111966,7.6688374,0.111966,7.528028166,0.111966,8.591108968,0.111966,9.670414702
0.112066,8.039772084,0.112066,7.618864795,0.112066,7.652648906,0.112066,8.671772207,0.112066,9.959414487
0.112166,8.041017105,0.112166,7.53862193,0.112166,7.642703627,0.112166,8.714431965,0.112166,9.803875077
0.112266,7.952585784,0.112266,7.786634021,0.112266,7.715652443,0.112266,8.62742136,0.112266,9.752480999
0.112366,7.997250568,0.112366,7.714848787,0.112366,7.796938362,0.112366,8.59835774,0.112366,9.843970579
0.112466,8.241727549,0.112466,7.876039193,0.112466,7.762571669,0.112466,8.752668149,0.112466,9.762946536
0.112566,8.122718306,0.112566,7.70847741,0.112566,7.72342936,0.112566,8.779278764,0.112566,9.736201212
0.112666,8.251866841,0.112666,7.78982896,0.112666,7.75908279,0.112666,8.877674454,0.112666,9.945966969
0.112766,8.398264057,0.112766,8.060545706,0.112766,7.607515814,0.112766,8.733179361,0.112766,10.01350611
0.112866,8.244984431,0.112866,8.098374197,0.112866,7.792508205,0.112866,8.768634388,0.112866,10.06851933
0.112966,8.468283361,0.112966,7.976558586,0.112966,7.747908228,0.112966,8.784054491,0.112966,10.06758232
0.113066,8.36682163,0.113066,8.007824975,0.113066,7.830107543,0.113066,9.149743665,0.113066,10.05730994
0.113166,8.347065095,0.113166,7.912626401,0.113166,7.776031138,0.113166,8.831379689,0.113166,10.05393127
0.113266,8.433244958,0.113266,7.707962442,0.113266,7.843217751,0.113266,8.886194192,0.113266,10.26983488
0.113366,8.369379535,0.113366,7.847011046,0.113366,8.019177788,0.113366,8.89049072,0.113366,10.21196118
0.113466,8.574301939,0.113466,7.863099821,0.113466,8.101350954,0.113466,9.19993875,0.113466,10.3742084
0.113566,8.360252857,0.113566,7.830445244,0.113566,7.897312771,0.113566,8.978292605,0.113566,10.4791911
0.113666,8.594591672,0.113666,7.938285103,0.113666,8.11242906,0.113666,9.031298948,0.113666,10.13868506
0.113766,8.554736339,0.113766,7.94573259,0.113766,8.093703016,0.113766,9.241321612,0.113766,10.27433481
0.113866,8.614897967,0.113866,8.046077147,0.113866,8.023941077,0.113866,9.2158954,0.113866,10.26470433
0.113966,8.426347946,0.113966,8.02055434,0.113966,8.072299317,0.113966,9.182890319,0.113966,10.29858725
0.114066,8.750776749,0.114066,8.043206061,0.114066,8.212738414,0.114066,9.296358363,0.114066,10.59248868
0.114166,8.633793832,0.114166,8.326760189,0.114166,8.204137429,0.114166,9.449359039,0.114166,10.46467517
0.114266,8.662155772,0.114266,8.224274087,0.114266,8.270897102,0.114266,9.477562374,0.114266,10.35304125
0.114366,8.776447038,0.114366,8.07125849,0.114366,8.253164139,0.114366,9.431179803,0.114366,10.19543745
0.114466,8.833131368,0.114466,8.336640458,0.114466,8.148985162,0.114466,9.453104162,0.114466,10.121628
0.114566,8.921383879,0.114566,8.279418899,0.114566,8.306077907,0.114566,9.68565427,0.114566,10.31997867
0.114666,8.892695124,0.114666,8.201417286,0.114666,8.24292966,0.114666,9.577371767,0.114666,10.31141514
0.114766,8.965185535,0.114766,8.382859199,0.114766,8.388696702,0.114766,9.710177359,0.114766,10.52078219
0.114866,8.953888713,0.114866,8.26723047,0.114866,8.268653859,0.114866,9.482415643,0.114866,10.5532555
0.114966,9.152439299,0.114966,8.374854489,0.114966,8.500865109,0.114966,9.56118431,0.114966,10.69619573
0.115066,9.160216157,0.115066,8.301025704,0.115066,8.432609714,0.115066,9.542142307,0.115066,10.61322734
0.115166,9.012090806,0.115166,8.514407257,0.115166,8.544300962,0.115166,9.541286269,0.115166,10.564836
0.115266,9.167690045,0.115266,8.444206157,0.115266,8.464530151,0.115266,9.670522559,0.115266,10.80637858
0.115366,9.100496663,0.115366,8.560293847,0.115366,8.655460526,0.115366,9.689184669,0.115366,10.76785481
0.115466,9.217454676,0.115466,8.473988722,0.115466,8.409127315,0.115466,9.521448896,0.115466,10.70682154
0.115566,9.26771362,0.115566,8.470164469,0.115566,8.699050004,0.115566,9.717278089,0.115566,10.80415893
0.115666,9.317545313,0.115666,8.673388127,0.115666,8.470390925,0.115666,9.646984646,0.115666,10.89089462
0.115766,9.46623627,0.115766,8.725017556,0.115766,8.49707116,0.115766,9.674309541,0.115766,10.7997723
0.115866,9.381126144,0.115866,8.562437111,0.115866,8.593067734,0.115866,9.483933985,0.115866,11.04324052
0.115966,9.433676341,0.115966,8.650251561,0.115966,8.476138991,0.115966,9.631796465,0.115966,10.88510342
0.116066,9.493776896,0.116066,8.644289459,0.116066,8.256421505,0.116066,9.834011729,0.116066,10.84722952
0.116166,9.64128557,0.116166,8.659096059,0.116166,8.536821074,0.116166,9.854549871,0.116166,10.90702794
0.116266,9.50634535,0.116266,8.603863767,0.116266,8.385767699,0.116266,9.586308679,0.116266,10.86357451
0.116366,9.540027158,0.116366,8.615127658,0.116366,8.671712544,0.116366,9.76017266,0.116366,11.09128681
0.116466,9.616328982,0.116466,8.559363283,0.116466,8.555471753,0.116466,9.999637444,0.116466,10.8045566
0.116566,9.561418833,0.116566,8.952233542,0.116566,8.606346144,0.116566,10.08256018,0.116566,10.95461156
0.116666,9.617575342,0.116666,8.694850199,0.116666,8.437546293,0.116666,10.06664745,0.116666,11.06023781
0.116766,9.681458509,0.116766,8.502792777,0.116766,8.560110552,0.116766,10.24994272,0.116766,10.83372248
0.116866,9.79614141,0.116866,8.683149071,0.116866,8.589862135,0.116866,9.963410667,0.116866,11.11365377
0.116966,9.866682838,0.116966,8.606952858,0.116966,8.513269235,0.116966,10.07194357,0.116966,10.99552767
0.117066,9.792730112,0.117066,8.708248848,0.117066,8.782181945,0.117066,10.06794485,0.117066,11.14223643
0.117166,9.917251259,0.117166,8.802524865,0.117166,8.604956753,0.117166,10.09422442,0.117166,11.13622002
0.117266,9.773507597,0.117266,8.886216255,0.117266,8.598032518,0.117266,10.12311058,0.117266,11.22820868
0.117366,9.977780967,0.117366,8.717749017,0.117366,8.683484204,0.117366,10.21483908,0.117366,11.09008502
0.117466,9.84688794,0.117466,8.700531136,0.117466,8.684867168,0.117466,10.28940632,0.117466,11.1064609
0.117566,9.911691652,0.117566,8.85174725,0.117566,8.630455397,0.117566,10.34909624,0.117566,11.20437481
0.117666,9.887044195,0.117666,8.785795353,0.117666,8.772198422,0.117666,10.20964505,0.117666,11.20452658
0.117766,9.935202924,0.117766,8.978617203,0.117766,8.951621117,0.117766,10.14179061,0.117766,11.22419477
0.117866,10.12400805,0.117866,8.903104335,0.117866,8.909842338,0.117866,10.56540658,0.117866,11.14201226
0.117966,9.994646686,0.117966,8.841105036,0.117966,8.925172804,0.117966,10.36367935,0.117966,11.14234388
0.118066,9.949373662,0.118066,8.898325724,0.118066,8.958793757,0.118066,10.41832699,0.118066,11.03877059
0.118166,10.03944088,0.118166,8.818349213,0.118166,8.86408575,0.118166,10.50434068,0.118166,11.4331203
0.118266,10.07189663,0.118266,8.852605688,0.118266,8.916130558,0.118266,10.53599135,0.118266,11.21550039
0.118366,10.16394473,0.118366,8.914028945,0.118366,8.83348596,0.118366,10.71928227,0.118366,11.32717161
0.118466,10.17239198,0.118466,8.884290006,0.118466,9.132736913,0.118466,10.65654712,0.118466,11.18742604
0.118566,10.09421575,0.118566,8.948748291,0.118566,9.019182892,0.118566,10.66560783,0.118566,11.3009097
0.118666,10.38303129,0.118666,8.905090355,0.118666,9.208487648,0.118666,10.81272276,0.118666,11.42771499
0.118766,10.34472398,0.118766,8.860592716,0.118766,9.147254467,0.118766,10.76422055,0.118766,11.34607353
0.118866,10.29455554,0.118866,8.909547386,0.118866,9.248029279,0.118866,10.75743189,0.118866,11.31239302
0.118966,10.1890168,0.118966,9.031747966,0.118966,9.367820813,0.118966,10.98216356,0.118966,11.48476549
0.119066,10.15415801,0.119066,9.100415111,0.119066,9.324705254,0.119066,10.76805185,0.119066,11.48153357
0.119166,10.15459621,0.119166,9.000798752,0.119166,9.353816676,0.119166,10.79884884,0.119166,11.33664741
0.119266,10.29812596,0.119266,9.065904957,0.119266,9.465508501,0.119266,10.79089613,0.119266,11.51914076
0.119366,10.35828863,0.119366,8.969508665,0.119366,9.528881813,0.119366,10.93723061,0.119366,11.46239519
0.119466,10.27362597,0.119466,9.185743498,0.119466,9.448192214,0.119466,11.0239386,0.119466,11.5060805
0.119566,10.24920834,0.119566,9.140150254,0.119566,9.636272952,0.119566,10.88982427,0.119566,11.87343231
0.119666,10.20913752,0.119666,8.965304773,0.119666,9.504089649,0.119666,11.06019947,0.119666,11.53278305
0.119766,10.20006386,0.119766,8.94561492,0.119766,9.706867273,0.119766,11.16264203,0.119766,11.71529428
0.119866,10.42570594,0.119866,9.02066948,0.119866,9.703367288,0.119866,11.16787633,0.119866,11.80737499
0.119966,10.42812454,0.119966,8.861866118,0.119966,9.676923815,0.119966,11.26199066,0.119966,11.92722216
0.120066,10.44945537,0.120066,8.862981783,0.120066,9.471637876,0.120066,11.35240423,0.120066,11.69698454
0.120166,10.28825874,0.120166,8.868316787,0.120166,9.69232039,0.120166,11.01793353,0.120166,11.85633772
0.120266,10.41800419,0.120266,8.785996299,0.120266,9.833593642,0.120266,11.45906561,0.120266,11.75546681
0.120366,10.43428715,0.120366,8.716332813,0.120366,9.829508335,0.120366,11.38126506,0.120366,11.86130557
0.120466,10.50237499,0.120466,8.759744841,0.120466,9.626739449,0.120466,11.47600827,0.120466,11.97338067
0.120566,10.52539814,0.120566,8.729364761,0.120566,9.601045289,0.120566,11.66995173,0.120566,12.09992821
0.120666,10.47921609,0.120666,8.915383868,0.120666,9.998942856,0.120666,11.35042653,0.120666,12.27857029
0.120766,10.42771644,0.120766,8.744594905,0.120766,9.855091959,0.120766,11.60389609,0.120766,12.11107266
0.120866,10.60871485,0.120866,8.845316164,0.120866,9.97471112,0.120866,11.60462412,0.120866,12.18799787
0.120966,10.62223417,0.120966,8.817973306,0.120966,9.970996839,0.120966,11.64513337,0.120966,12.17952332
0.121066,10.57158073,0.121066,8.837291632,0.121066,10.01127801,0.121066,11.4643677,0.121066,12.27416471
0.121166,10.67012396,0.121166,9.029033125,0.121166,10.14637946,0.121166,11.60664653,0.121166,12.4881293
0.121266,10.64416354,0.121266,8.870657879,0.121266,9.964391519,0.121266,11.81372833,0.121266,12.34805841
0.121366,10.75310464,0.121366,8.895145744,0.121366,10.05609023,0.121366,11.42290504,0.121366,12.39419822
0.121466,10.76160046,0.121466,8.766381361,0.121466,10.28955775,0.121466,11.90870771,0.121466,12.44211063
0.121566,10.69860787,0.121566,8.829027946,0.121566,10.30342533,0.121566,11.6193887,0.121566,12.5139932
0.121666,10.8857283,0.121666,8.896087129,0.121666,10.36363674,0.121666,11.53365501,0.121666,12.46053921
0.121766,10.79207474,0.121766,9.057317617,0.121766,10.23760522,0.121766,11.63543654,0.121766,12.64885932
0.121866,10.70052737,0.121866,8.860805237,0.121866,10.27431266,0.121866,11.84707744,0.121866,12.59327197
0.121966,10.95781027,0.121966,9.107379829,0.121966,10.20780154,0.121966,11.9512336,0.121966,12.61772242
0.122066,10.84362414,0.122066,8.945348616,0.122066,10.29721472,0.122066,11.87531241,0.122066,12.84093408
0.122166,10.82659101,0.122166,9.157357069,0.122166,10.5542098,0.122166,11.94308566,0.122166,12.99778863
0.122266,10.82360345,0.122266,9.083689732,0.122266,10.50522814,0.122266,11.94448972,0.122266,12.77608779
0.122366,11.06687811,0.122366,9.103815272,0.122366,10.40941306,0.122366,12.03877637,0.122366,12.75602011
0.122466,11.0837752,0.122466,9.25616583,0.122466,10.43269209,0.122466,12.07355218,0.122466,12.65139591
0.122566,10.9156671,0.122566,9.158960315,0.122566,10.30490111,0.122566,11.98373846,0.122566,13.08465641
0.122666,10.81228505,0.122666,9.195578016,0.122666,10.38579125,0.122666,12.23338213,0.122666,12.94957112
0.122766,11.00581311,0.122766,9.289918716,0.122766,10.38339047,0.122766,12.35889939,0.122766,12.83759905
0.122866,10.96210232,0.122866,9.226278198,0.122866,10.56838293,0.122866,12.32883198,0.122866,12.94031177
0.122966,11.09993401,0.122966,9.326208626,0.122966,10.62416195,0.122966,12.38679677,0.122966,12.88519589
0.123066,11.17065258,0.123066,9.425889973,0.123066,10.45438481,0.123066,12.46151024,0.123066,12.87213921
0.123166,11.12298114,0.123166,9.56816567,0.123166,10.50783717,0.123166,12.4867631,0.123166,13.22290886
0.123266,10.95219696,0.123266,9.508746225,0.123266,10.63500843,0.123266,12.71195459,0.123266,13.02196576
0.123366,11.12446947,0.123366,9.52198774,0.123366,10.31591615,0.123366,12.42870468,0.123366,13.10299555
0.123466,10.98747039,0.123466,9.642641524,0.123466,10.41497614,0.123466,12.73475236,0.123466,13.20773438
0.123566,11.24330391,0.123566,9.520103007,0.123566,10.49744191,0.123566,12.66828571,0.123566,13.37648158
0.123666,11.19508395,0.123666,9.360736841,0.123666,10.65184563,0.123666,12.62105822,0.123666,13.4005125
0.123766,11.1537786,0.123766,9.537952086,0.123766,10.56311037,0.123766,12.43437759,0.123766,13.45002245
0.123866,11.17740661,0.123866,9.41637248,0.123866,10.6876954,0.123866,12.70927402,0.123866,13.60139999
0.123966,11.16760168,0.123966,9.583828746,0.123966,10.50686106,0.123966,12.75501874,0.123966,13.64709768
0.124066,11.08936493,0.124066,9.734065217,0.124066,10.51390782,0.124066,12.56591076,0.124066,13.62340809
0.124166,11.14444759,0.124166,9.633202186,0.124166,10.7090446,0.124166,12.5398107,0.124166,13.71596063
0.124266,11.17792612,0.124266,9.628374568,0.124266,10.63857046,0.124266,12.75429591,0.124266,13.70044889
0.124366,11.24104377,0.124366,9.762168604,0.124366,10.79148247,0.124366,12.62555378,0.124366,13.77707836
0.124466,11.19796549,0.124466,9.862366511,0.124466,10.78084766,0.124466,12.90783887,0.124466,13.90117144
0.124566,11.31934249,0.124566,9.850953963,0.124566,10.81224848,0.124566,12.85153553,0.124566,14.05572314
0.124666,11.08695768,0.124666,9.740406561,0.124666,10.82622962,0.124666,12.95072095,0.124666,13.95443586
0.124766,11.33969046,0.124766,9.91016068,0.124766,10.82633623,0.124766,12.58399924,0.124766,14.21042616
0.124866,11.31560172,0.124866,9.912500588,0.124866,10.77260914,0.124866,13.01105103,0.124866,13.8327413
0.124966,11.48403373,0.124966,9.916655395,0.124966,10.82211706,0.124966,12.88599442,0.124966,14.19945866
0.125066,11.52042001,0.125066,9.947885213,0.125066,10.94988193,0.125066,12.87885792,0.125066,14.01983905
0.125166,11.51528927,0.125166,10.01257239,0.125166,10.98974246,0.125166,12.96085656,0.125166,14.05277432
0.125266,11.36945408,0.125266,10.02865099,0.125266,10.98900391,0.125266,13.03610598,0.125266,14.16291017
0.125366,11.39496292,0.125366,9.953908268,0.125366,11.10061721,0.125366,13.00696191,0.125366,14.3178373
0.125466,11.53754987,0.125466,10.11991593,0.125466,11.164692,0.125466,13.00068744,0.125466,14.22308183
0.125566,11.40349956,0.125566,10.06964952,0.125566,11.11876141,0.125566,13.21452218,0.125566,14.51330595
0.125666,11.45895192,0.125666,10.25501807,0.125666,11.11125348,0.125666,13.23062017,0.125666,14.36760086
0.125766,11.49730343,0.125766,10.04678019,0.125766,11.27850595,0.125766,13.07403494,0.125766,14.47000922
0.125866,11.36493079,0.125866,10.01488362,0.125866,11.15273877,0.125866,13.22868876,0.125866,14.49794966
0.125966,11.50784819,0.125966,10.02937274,0.125966,11.33669101,0.125966,13.2105303,0.125966,14.50267964
0.126066,11.49932199,0.126066,10.20115891,0.126066,11.23105719,0.126066,13.1341309,0.126066,14.64728744
0.126166,11.43815307,0.126166,10.11373626,0.126166,11.35487978,0.126166,13.07435966,0.126166,14.83222965
0.126266,11.34649975,0.126266,10.00062205,0.126266,11.36285836,0.126266,13.30545439,0.126266,14.81519005
0.126366,11.47764544,0.126366,10.23898175,0.126366,11.32594819,0.126366,13.26696639,0.126366,14.74126413
0.126466,11.39145739,0.126466,10.22541243,0.126466,11.19478757,0.126466,13.26221083,0.126466,14.90916404
0.126566,11.49210977,0.126566,10.12381371,0.126566,11.41312611,0.126566,13.26942557,0.126566,14.8451828
0.126666,11.40869061,0.126666,10.15690527,0.126666,11.43971077,0.126666,13.23997176,0.126666,14.88797419
0.126766,11.41015936,0.126766,10.17873748,0.126766,11.50868606,0.126766,13.36675314,0.126766,15.19800228
0.126866,11.42832189,0.126866,10.24201759,0.126866,11.52618138,0.126866,13.53937657,0.126866,14.99143263
0.126966,11.41230121,0.126966,10.21175972,0.126966,11.46542154,0.126966,13.56679646,0.126966,15.05416523
0.127066,11.44870926,0.127066,10.39735118,0.127066,11.50703461,0.127066,13.51224735,0.127066,15.13375226
0.127166,11.40454579,0.127166,10.4025378,0.127166,11.64858602,0.127166,13.66022024,0.127166,14.9403578
0.127266,11.45315243,0.127266,10.31131586,0.127266,11.69254661,0.127266,13.66107745,0.127266,15.12389658
0.127366,11.50679848,0.127366,10.39234201,0.127366,11.57031379,0.127366,13.79473051,0.127366,15.18522311
0.127466,11.41432438,0.127466,10.27071835,0.127466,11.76301463,0.127466,13.86402067,0.127466,15.15035892
0.127566,11.39756521,0.127566,10.42000542,0.127566,11.87689973,0.127566,13.77872377,0.127566,15.33556999
0.127666,11.51761859,0.127666,10.21683571,0.127666,11.65190515,0.127666,13.9005943,0.127666,15.44462953
0.127766,11.50547026,0.127766,10.34268627,0.127766,11.65853427,0.127766,13.99187566,0.127766,15.31386716
0.127866,11.31303607,0.127866,10.34957763,0.127866,11.64855594,0.127866,14.0031119,0.127866,15.57663714
0.127966,11.40486665,0.127966,10.57817543,0.127966,11.78098008,0.127966,14.04213945,0.127966,15.61591849
0.128066,11.38136041,0.128066,10.36681344,0.128066,11.64005832,0.128066,14.07783486,0.128066,15.55081282
0.128166,11.48570286,0.128166,10.48451322,0.128166,11.89367374,0.128166,14.04649081,0.128166,15.50608438
0.128266,11.55639485,0.128266,10.4313392,0.128266,11.68743415,0.128266,14.22764074,0.128266,15.58938766
0.128366,11.48249548,0.128366,10.55310337,0.128366,11.81919287,0.128366,14.12083846,0.128366,15.83617345
0.128466,11.54144053,0.128466,10.49413234,0.128466,11.81060558,0.128466,14.48610673,0.128466,15.73985572
0.128566,11.54995695,0.128566,10.60380513,0.128566,11.81892552,0.128566,14.25926262,0.128566,15.81514538
0.128666,11.73847959,0.128666,10.60678303,0.128666,11.89487932,0.128666,14.32397013,0.128666,15.75968635
0.128766,11.54810963,0.128766,10.62922054,0.128766,11.75215515,0.128766,14.4197574,0.128766,15.8654116
0.128866,11.60726903,0.128866,10.68432143,0.128866,11.83793678,0.128866,14.50549217,0.128866,15.8196068
0.128966,11.4864409,0.128966,10.76224837,0.128966,11.98786695,0.128966,14.30790363,0.128966,16.01486408
0.129066,11.55777347,0.129066,10.87722483,0.129066,11.96154665,0.129066,14.619388,0.129066,16.11224874
0.129166,11.51907401,0.129166,10.66269665,0.129166,12.10110362,0.129166,14.56038052,0.129166,16.01073923
0.129266,11.72293158,0.129266,10.90005484,0.129266,12.03610157,0.129266,14.71066754,0.129266,15.99844059
0.129366,11.65499834,0.129366,10.85703091,0.129366,12.3978056,0.129366,14.80383526,0.129366,16.08224126
0.129466,11.5962622,0.129466,11.14208186,0.129466,12.068095,0.129466,14.79564929,0.129466,16.12703149
0.129566,11.50277905,0.129566,10.85299464,0.129566,12.44088678,0.129566,15.04999195,0.129566,16.19649844
0.129666,11.5820182,0.129666,10.8250032,0.129666,12.21755906,0.129666,14.95538477,0.129666,16.05425248
0.129766,11.41394333,0.129766,10.90552849,0.129766,12.40114655,0.129766,14.8353722,0.129766,16.04761783
0.129866,11.50861486,0.129866,10.98605333,0.129866,12.53368411,0.129866,14.86880002,0.129866,16.09517701
0.129966,11.50129439,0.129966,11.09849691,0.129966,12.61952222,0.129966,15.03600753,0.129966,16.10295963
0.130066,11.60159633,0.130066,10.9203122,0.130066,12.7054406,0.130066,15.13775954,0.130066,16.27727322
0.130166,11.65241495,0.130166,10.85702678,0.130166,12.44744644,0.130166,14.91564054,0.130166,16.17769875
0.130266,11.62471182,0.130266,11.07459528,0.130266,12.67611914,0.130266,15.00636647,0.130266,16.29386678
0.130366,11.6205119,0.130366,11.22598014,0.130366,12.63085799,0.130366,15.21404123,0.130366,16.28752127
0.130466,11.53790497,0.130466,11.13449878,0.130466,12.55996697,0.130466,15.47346925,0.130466,16.32362466
0.130566,11.72344704,0.130566,11.11657426,0.130566,12.73215413,0.130566,15.33123097,0.130566,16.24118521
0.130666,11.67472831,0.130666,11.30341371,0.130666,12.59900522,0.130666,15.45158923,0.130666,16.09621487
0.130766,11.73062113,0.130766,11.13447243,0.130766,12.67998179,0.130766,15.50186818,0.130766,16.42073215
0.130866,11.92410099,0.130866,11.21932704,0.130866,12.67315802,0.130866,15.25697896,0.130866,16.46070265
0.130966,11.80151913,0.130966,11.30633787,0.130966,12.59253884,0.130966,15.59112823,0.130966,16.53224445
0.131066,11.70980618,0.131066,11.30109801,0.131066,12.77567648,0.131066,15.83546303,0.131066,16.46926941
0.131166,11.84920365,0.131166,11.31718589,0.131166,12.86003997,0.131166,15.66893982,0.131166,16.4256746
0.131266,11.83161666,0.131266,11.52802759,0.131266,12.88348399,0.131266,15.72308901,0.131266,16.47413456
0.131366,11.80500664,0.131366,11.55994664,0.131366,13.00859117,0.131366,15.70514707,0.131366,16.66701447
0.131466,11.8205292,0.131466,11.49034347,0.131466,13.00400833,0.131466,15.9528893,0.131466,16.72218505
0.131566,11.8505369,0.131566,11.48728697,0.131566,13.13984876,0.131566,15.74920992,0.131566,16.77287866
0.131666,11.85116982,0.131666,11.64043139,0.131666,13.19021848,0.131666,15.91505631,0.131666,16.93837516
0.131766,11.86537557,0.131766,11.54384425,0.131766,13.32336491,0.131766,15.90082717,0.131766,16.70908536
0.131866,11.77543518,0.131866,11.6342213,0.131866,13.19102213,0.131866,15.86668508,0.131866,16.86662406
0.131966,11.98318706,0.131966,11.65330829,0.131966,13.46319746,0.131966,15.8891797,0.131966,17.01639857
0.132066,11.8139409,0.132066,11.52853449,0.132066,13.33702569,0.132066,15.95500601,0.132066,16.99695312
0.132166,12.13870608,0.132166,11.49156472,0.132166,13.40366824,0.132166,16.04807627,0.132166,16.97354485
0.132266,11.80528321,0.132266,11.64491104,0.132266,13.53823153,0.132266,16.15659964,0.132266,16.97455037
0.132366,11.76000811,0.132366,11.70285043,0.132366,13.67050069,0.132366,16.21398969,0.132366,17.1851672
0.132466,11.74585914,0.132466,11.61107726,0.132466,13.72758981,0.132466,16.28008561,0.132466,17.08141734
0.132566,11.74389216,0.132566,11.70943232,0.132566,13.74242978,0.132566,16.41989469,0.132566,17.31996269
0.132666,11.79532105,0.132666,11.96045608,0.132666,13.63228998,0.132666,16.38584378,0.132666,17.11404033
0.132766,11.82791476,0.132766,11.84955688,0.132766,13.85960833,0.132766,16.50745406,0.132766,17.44149505
0.132866,11.94222297,0.132866,11.83856365,0.132866,14.10168956,0.132866,16.49439665,0.132866,17.45971371
0.132966,11.86731744,0.132966,11.96081529,0.132966,14.02404109,0.132966,16.48174206,0.132966,17.47465739
0.133066,11.81163782,0.133066,11.95330073,0.133066,13.91478184,0.133066,16.33944507,0.133066,17.57582986
0.133166,11.89837761,0.133166,11.94295893,0.133166,13.86000461,0.133166,16.48363674,0.133166,17.50532262
0.133266,11.89701742,0.133266,12.18654097,0.133266,14.03092505,0.133266,16.57116777,0.133266,17.64866144
0.133366,11.971933,0.133366,12.04014323,0.133366,13.96178305,0.133366,16.7215257,0.133366,17.67189322
0.133466,11.92033872,0.133466,12.24924318,0.133466,14.16631534,0.133466,16.74713642,0.133466,17.58570194
0.133566,11.92374819,0.133566,12.06418671,0.133566,14.12952104,0.133566,16.67887912,0.133566,17.63000236
0.133666,11.88279273,0.133666,12.36649933,0.133666,14.44269522,0.133666,16.73580853,0.133666,17.74922947
0.133766,12.03908749,0.133766,12.15261831,0.133766,14.32991485,0.133766,16.90137438,0.133766,17.73906949
0.133866,12.02520349,0.133866,12.33113019,0.133866,14.21981616,0.133866,16.70001515,0.133866,17.92014745
0.133966,12.07318317,0.133966,12.11771454,0.133966,14.47004289,0.133966,16.89188988,0.133966,17.63903395
0.134066,12.08475482,0.134066,12.35912279,0.134066,14.49815478,0.134066,16.89484132,0.134066,17.87916205
0.134166,12.18918226,0.134166,12.3488923,0.134166,14.18919368,0.134166,16.84862888,0.134166,17.96109874
0.134266,12.20674988,0.134266,12.37704585,0.134266,14.36710178,0.134266,17.1433553,0.134266,18.00624755
0.134366,12.02986616,0.134366,12.47567825,0.134366,14.6140485,0.134366,16.93218166,0.134366,18.06654368
0.134466,12.04782065,0.134466,12.43772358,0.134466,14.48229945,0.134466,17.11080843,0.134466,17.82384972
0.134566,12.22719621,0.134566,12.48475898,0.134566,14.62613118,0.134566,17.20007445,0.134566,18.15407665
0.134666,12.12554014,0.134666,12.43071958,0.134666,14.52768929,0.134666,17.17402808,0.134666,18.25027415
0.134766,12.29457407,0.134766,12.36919064,0.134766,14.65168406,0.134766,17.1537851,0.134766,18.08158772
0.134866,12.29919247,0.134866,12.32586118,0.134866,14.6976869,0.134866,17.43769354,0.134866,18.5605858
0.134966,12.25473343,0.134966,12.50510264,0.134966,14.59630371,0.134966,17.39662967,0.134966,18.50131236
0.135066,12.32311842,0.135066,12.54078303,0.135066,14.95519647,0.135066,17.41120472,0.135066,18.43453969
0.135166,12.22685983,0.135166,12.60298861,0.135166,14.9243002,0.135166,17.18287721,0.135166,18.39628846
0.135266,12.24494712,0.135266,12.56201671,0.135266,14.75197153,0.135266,17.30339988,0.135266,18.56097154
0.135366,12.35460808,0.135366,12.67015673,0.135366,14.91654522,0.135366,17.43769137,0.135366,18.30637472
0.135466,12.31372411,0.135466,12.79361963,0.135466,14.99873375,0.135466,17.2525111,0.135466,18.43170386
0.135566,12.33788801,0.135566,12.72113406,0.135566,15.07400514,0.135566,17.57825337,0.135566,18.44872254
0.135666,12.32196813,0.135666,12.86295735,0.135666,15.06085859,0.135666,17.4424832,0.135666,18.45013079
0.135766,12.47363128,0.135766,12.63637158,0.135766,15.01884524,0.135766,17.59454207,0.135766,18.86668331
0.135866,12.36955073,0.135866,12.80221799,0.135866,15.0422339,0.135866,17.51586325,0.135866,18.75096343
0.135966,12.31420219,0.135966,12.8114615,0.135966,15.05919275,0.135966,17.57452052,0.135966,18.65293801
0.136066,12.49483884,0.136066,12.62269026,0.136066,15.11794183,0.136066,17.65917621,0.136066,18.92098427
0.136166,12.62555813,0.136166,12.74409782,0.136166,15.0012562,0.136166,17.65710565,0.136166,18.63575008
0.136266,12.51254826,0.136266,12.81150677,0.136266,15.17056113,0.136266,17.72454726,0.136266,18.92343571
0.136366,12.59528432,0.136366,12.97671216,0.136366,15.30658827,0.136366,17.69843805,0.136366,18.87447245
0.136466,12.60061738,0.136466,12.88145302,0.136466,15.4209351,0.136466,17.86535157,0.136466,18.61976679
0.136566,12.67140105,0.136566,13.05099467,0.136566,15.40041933,0.136566,17.75761578,0.136566,19.09702344
0.136666,12.78240853,0.136666,13.29303614,0.136666,15.3514433,0.136666,17.68985878,0.136666,18.8717198
0.136766,12.47528308,0.136766,13.0645392,0.136766,15.60679816,0.136766,17.84354897,0.136766,19.09498374
0.136866,12.59659376,0.136866,13.32193991,0.136866,15.48907942,0.136866,17.73969802,0.136866,19.01464248
0.136966,12.76423633,0.136966,13.22108792,0.136966,15.70444363,0.136966,17.90444843,0.136966,19.16331639
0.137066,12.69207225,0.137066,13.33013189,0.137066,15.60539038,0.137066,17.8580429,0.137066,19.10429002
0.137166,12.66902602,0.137166,13.4083299,0.137166,15.61062832,0.137166,17.83900258,0.137166,19.03278927
0.137266,13.01323263,0.137266,13.47187404,0.137266,15.58703378,0.137266,18.13817087,0.137266,19.20176987
0.137366,12.98819455,0.137366,13.47419941,0.137366,15.70036909,0.137366,18.02908261,0.137366,19.05001219
0.137466,12.97792136,0.137466,13.65571771,0.137466,15.8778416,0.137466,17.96622467,0.137466,19.41807414
0.137566,13.03225522,0.137566,13.61618692,0.137566,15.9187153,0.137566,18.06577499,0.137566,19.3175845
0.137666,13.00925938,0.137666,13.69559634,0.137666,15.90308626,0.137666,18.23615413,0.137666,19.37413515
0.137766,12.93348187,0.137766,13.78039668,0.137766,16.03347199,0.137766,18.34696605,0.137766,19.13547966
0.137866,13.13652756,0.137866,13.65801407,0.137866,15.96629273,0.137866,18.10601816,0.137866,19.37070511
0.137966,13.01495132,0.137966,13.59020355,0.137966,16.06266507,0.137966,18.16717764,0.137966,19.66351014
0.138066,12.9799025,0.138066,13.70905756,0.138066,16.17969651,0.138066,18.44445803,0.138066,19.55452087
0.138166,13.087393,0.138166,13.78422491,0.138166,16.20076577,0.138166,18.40810962,0.138166,19.73997766
0.138266,13.15379908,0.138266,13.72065845,0.138266,16.35608739,0.138266,18.64511646,0.138266,19.68655927
0.138366,13.07836763,0.138366,13.8869262,0.138366,16.27945463,0.138366,18.47519221,0.138366,19.84352452
0.138466,13.14700917,0.138466,13.95201368,0.138466,16.37393552,0.138466,18.68053795,0.138466,19.68181493
0.138566,13.21801615,0.138566,13.82292935,0.138566,16.52961507,0.138566,18.48566756,0.138566,19.9356134
0.138666,13.14323562,0.138666,14.01611168,0.138666,16.55852193,0.138666,18.73586863,0.138666,19.90258077
0.138766,13.29088174,0.138766,14.19753453,0.138766,16.53463292,0.138766,18.68200121,0.138766,19.995484
0.138866,13.12917217,0.138866,14.03870236,0.138866,16.61728311,0.138866,18.99527693,0.138866,19.96047892
0.138966,13.14658113,0.138966,14.28062468,0.138966,16.72948839,0.138966,19.01877553,0.138966,20.08690831
0.139066,13.18188422,0.139066,14.28171632,0.139066,16.96431118,0.139066,19.02606569,0.139066,20.07392411
0.139166,13.26255753,0.139166,14.310468,0.139166,16.65726322,0.139166,19.12187401,0.139166,20.2739383
0.139266,13.2340942,0.139266,14.49140332,0.139266,16.84392329,0.139266,19.30883343,0.139266,20.11160302
0.139366,13.30016035,0.139366,14.3945652,0.139366,16.80979104,0.139366,19.33783107,0.139366,20.15138519
0.139466,13.33598923,0.139466,14.42420566,0.139466,16.89139622,0.139466,19.36995975,0.139466,20.16100094
0.139566,13.29212041,0.139566,14.41207769,0.139566,16.93356657,0.139566,19.18880655,0.139566,20.27430952
0.139666,13.37019252,0.139666,14.46715795,0.139666,17.18321177,0.139666,19.29077104,0.139666,20.41970753
0.139766,13.44628837,0.139766,14.5300177,0.139766,16.96992875,0.139766,19.16317546,0.139766,20.20947554
0.139866,13.33076848,0.139866,14.44565312,0.139866,17.15752911,0.139866,19.56284723,0.139866,20.33953221
0.139966,13.36191501,0.139966,14.5929071,0.139966,17.02471746,0.139966,19.4818407,0.139966,20.36622613
0.140066,13.46722385,0.140066,14.65205947,0.140066,17.05429834,0.140066,19.61435637,0.140066,20.29738662
0.140166,13.64438208,0.140166,14.8122296,0.140166,17.29708402,0.140166,19.54765105,0.140166,20.58012026
0.140266,13.43442322,0.140266,14.64501351,0.140266,17.30509171,0.140266,19.72687839,0.140266,20.63289753
0.140366,13.69930361,0.140366,14.82172184,0.140366,17.24141407,0.140366,19.83310147,0.140366,20.63715622
0.140466,13.62463252,0.140466,14.8010211,0.140466,17.3015595,0.140466,19.64728711,0.140466,20.5906442
0.140566,13.63104873,0.140566,14.85582423,0.140566,17.52718675,0.140566,19.8474454,0.140566,20.84055186
0.140666,13.67736833,0.140666,15.09140352,0.140666,17.30207344,0.140666,19.76669518,0.140666,20.98688469
0.140766,13.71235665,0.140766,14.99713671,0.140766,17.41360664,0.140766,19.8899121,0.140766,20.9296864
0.140866,13.65659846,0.140866,15.13914165,0.140866,17.47477692,0.140866,20.10477795,0.140866,20.71632209
0.140966,13.86011973,0.140966,15.05296331,0.140966,17.19866703,0.140966,20.0927472,0.140966,21.03993514
0.141066,13.78825637,0.141066,15.30130903,0.141066,17.45186233,0.141066,19.85630149,0.141066,20.89789422
0.141166,13.79290286,0.141166,15.1488181,0.141166,17.35368249,0.141166,20.14272238,0.141166,21.00133277
0.141266,13.83057057,0.141266,15.21049433,0.141266,17.44851756,0.141266,19.97498995,0.141266,20.92028759
0.141366,13.67082225,0.141366,14.97741632,0.141366,17.53633712,0.141366,20.16876099,0.141366,21.05294232
0.141466,13.81244633,0.141466,15.32511647,0.141466,17.67614875,0.141466,20.09643811,0.141466,21.19205762
0.141566,13.73594837,0.141566,15.40069793,0.141566,17.7721649,0.141566,20.17436083,0.141566,20.8944715
0.141666,13.81314155,0.141666,15.29674413,0.141666,17.70886827,0.141666,20.17682322,0.141666,21.16491238
0.141766,13.7630115,0.141766,15.30767076,0.141766,17.47658969,0.141766,20.15172591,0.141766,21.31471193
0.141866,13.82671205,0.141866,15.26789746,0.141866,17.75184406,0.141866,20.26511683,0.141866,21.268312
0.141966,13.81272218,0.141966,15.4421444,0.141966,17.64150165,0.141966,20.34721461,0.141966,21.21480735
0.142066,13.82308152,0.142066,15.34300336,0.142066,18.04879237,0.142066,20.30774431,0.142066,21.45182542
0.142166,13.90697746,0.142166,15.43175334,0.142166,17.78816859,0.142166,20.4589277,0.142166,21.60599345
0.142266,14.00995718,0.142266,15.4842901,0.142266,17.99209253,0.142266,20.45470697,0.142266,21.66828517
0.142366,13.97785347,0.142366,15.66830552,0.142366,18.04013237,0.142366,20.46309089,0.142366,21.62234376
0.142466,14.05375825,0.142466,15.51071698,0.142466,18.0818266,0.142466,20.43313757,0.142466,21.68088423
0.142566,14.01067013,0.142566,15.64467233,0.142566,18.1983208,0.142566,20.5910342,0.142566,21.67066285
0.142666,14.20062994,0.142666,15.5728259,0.142666,18.02381583,0.142666,20.48488972,0.142666,21.83532853
0.142766,14.16510286,0.142766,15.4887147,0.142766,18.2292829,0.142766,20.8044309,0.142766,21.87501213
0.142866,14.22660045,0.142866,15.77229097,0.142866,18.05383991,0.142866,20.62958439,0.142866,21.9922285
0.142966,14.30795306,0.142966,15.77902987,0.142966,18.37514354,0.142966,20.70470152,0.142966,21.97803393
0.143066,14.38852655,0.143066,16.04735328,0.143066,18.17737889,0.143066,20.81496189,0.143066,21.99703879
0.143166,14.27882752,0.143166,15.84176233,0.143166,18.25935074,0.143166,20.85569795,0.143166,21.88275749
0.143266,14.39756789,0.143266,15.72078782,0.143266,18.51539505,0.143266,20.85512397,0.143266,22.04753766
0.143366,14.35750613,0.143366,15.86222037,0.143366,18.42951056,0.143366,20.88285784,0.143366,21.98115134
0.143466,14.4301873,0.143466,15.95780855,0.143466,18.48651911,0.143466,20.98721187,0.143466,22.03556455
0.143566,14.48572882,0.143566,16.10011594,0.143566,18.41041882,0.143566,20.77932824,0.143566,22.25028081
0.143666,14.58521165,0.143666,15.91907512,0.143666,18.61287209,0.143666,21.08506091,0.143666,21.90030767
0.143766,14.64243665,0.143766,15.99241685,0.143766,18.859789,0.143766,21.1800355,0.143766,22.14301695
0.143866,14.7808529,0.143866,16.20309665,0.143866,18.76745488,0.143866,21.10304616,0.143866,22.34135521
0.143966,14.74713411,0.143966,16.18092799,0.143966,18.86193176,0.143966,21.19032313,0.143966,22.19034344
0.144066,14.94217432,0.144066,16.02831851,0.144066,18.78977249,0.144066,21.36713666,0.144066,22.31879636
0.140881029,1.608723122,0.141216201,3.486649298,0.141413866,5.599093498,0.141461928,8.807193641,0.141649921,11.0428924
0.138752618,0.482059498,0.138723645,1.619832698,0.138827214,3.027773895,0.138650831,5.213062863,0.138833067,6.658678022
0.137641788,0.334564325,0.137277706,0.781404509,0.137200238,1.496302091,0.136752611,2.706038923,0.13686794,4.140521624
0.136778113,0.168491815,0.136313347,0.449575229,0.136089261,0.942889479,0.135409858,1.761909376,0.135398349,2.753819311
0.136064879,0.21565692,0.135585785,0.244000516,0.13525868,0.812271461,0.134385482,1.381929528,0.134203546,1.8486978
0.135478428,0.279491736,0.135028197,0.222297273,0.134567141,0.533134918,0.133521817,0.695215443,0.133280513,1.243368346
0.134896007,0.220282281,0.134496482,0.27201584,0.134004832,0.429015534,0.13286096,0.77443456,0.1325264,1.014455931
0.134384697,0.201661411,0.133984269,0.173424555,0.133398909,0.400409086,0.132272223,0.464607742,0.131858175,0.891498931
0.133850303,0.169895048,0.133533904,0.313330856,0.13288967,0.269892517,0.131770078,0.458947927,0.131275318,0.612055174
0.13337704,0.135299849,0.133062166,0.320921893,0.132465691,0.336806586,0.131309795,0.424844054,0.130762648,0.406092774
0.132895306,0.162302205,0.132590899,0.284774575,0.132035586,0.208885211,0.130898136,0.288035371,0.130330538,0.3006336
0.132484714,0.053940972,0.132188479,0.254009328,0.131598471,0.209227789,0.13052059,0.353224041,0.12992284,0.401784767
0.132105454,0.03420105,0.131837724,0.111402683,0.131206157,0.224335888,0.130149703,0.04689049,0.129515248,0.349332278
0.131826467,0.036880304,0.131516985,0.236067765,0.130839858,0.192430067,0.129847068,0.445431002,0.129209648,0.252249406
0.131574173,-0.013538638,0.131176603,-0.016246525,0.130533925,0.228573539,0.129498892,0.197736872,0.128955788,0.10870737
0.131381203,-0.025424506,0.131003366,0.098771963,0.130231463,-0.227748534,0.129207155,0.004889279,0.128711841,0.11767009
0.131208799,0.013712204,0.130845495,0.021004272,0.130025629,-0.110397611,0.128981003,0.026747546,0.128493399,0.226137371
0.131076276,0.037383194,0.130736403,-0.031298771,0.129876085,0.107780501,0.128831552,0.049443475,0.128282528,0.064572898
0.131000574,0.052796946,0.130676279,-0.014334991,0.129723579,0.09183631,0.128711586,0.161135064,0.128098678,0.049066398
0.130941689,0.07027089,0.130588668,-0.10538038,0.12963622,-0.071042167,0.128632114,-0.095506253,0.127986633,0.094806746
0.130871135,-0.006920738,0.130580092,0.005145513,0.129600612,0.019129867,0.128590344,0.068181786,0.127874838,-0.00282382
0.130807752,-0.048057343,0.130518755,-0.04598842,0.129588834,0.081577608,0.12853682,-0.042763867,0.127754402,-0.045829138
0.13076503,0.064529323,0.130487296,-0.028677361,0.129491683,0.020907725,0.128496269,0.015701072,0.127758379,-0.154323019
0.130678997,0.041274833,0.130467601,-0.046348143,0.129418505,-0.036928963,0.128434647,-0.024081839,0.127775947,-0.037987707
0.13064536,0.061524415,0.130475113,-0.035546711,0.129460526,0.14139234,0.128423302,0.243693821,0.127769457,0.285744027
0.130595072,-0.158215823,0.130426474,-0.063229331,0.129436454,0.088293673,0.128379935,-0.055954382,0.127714854,-0.002040862
0.130525805,0.069165355,0.130397415,-0.104059334,0.129414309,0.101957652,0.128369855,-0.032664839,0.127668865,-0.026802914
0.130468809,-0.095997702,0.130396177,0.106246046,0.129339722,-0.208330123,0.128334374,0.025886413,0.127632344,0.024508602
0.130404132,0.055270215,0.130287304,0.072129717,0.129334518,0.097138944,0.128276347,0.064788993,0.12754163,-0.057990748
0.130372945,0.120033336,0.130216232,-0.010727011,0.129287449,0.266279906,0.128219822,-0.086118965,0.127444871,-0.056539281
0.130275191,-0.070508699,0.130144398,-0.182134323,0.129156533,-0.058540004,0.128141445,-0.031280297,0.12744681,0.078369576
0.130198416,0.004318803,0.130125332,0.081360411,0.129145835,0.24168225,0.12804141,0.182955105,0.127367224,-0.054114631
0.130123161,0.083153021,0.130042886,-0.048837394,0.129047344,-0.243400178,0.127935276,-0.104844923,0.127234056,-0.167066864
0.130049481,0.013162647,0.129982047,0.082134988,0.128963592,0.04117381,0.127914087,-0.020033964,0.127168435,0.006841149
0.129980141,-0.264917637,0.129966638,0.118162862,0.128859484,-0.026644747,0.127882205,0.046351387,0.127047966,0.05399679
0.129916327,0.059978311,0.129920803,0.073292883,0.12886081,0.173059612,0.127768568,-0.115420784,0.126958713,0.103001157
0.1298719,0.157460182,0.129799041,-0.059616848,0.128740644,-0.086731154,0.127696385,-0.024122371,0.126917107,-0.097076691
0.129795463,0.191676773,0.129706668,-0.107012571,0.12870623,0.08682289,0.127633018,-0.101236849,0.126841865,-0.083141442
0.129724805,-0.081627348,0.12967559,0.027472623,0.128599116,0.009574228,0.127559559,-0.070743095,0.126756432,0.175172484
0.129668379,-0.098708736,0.129638123,0.093057235,0.128536722,-0.046740204,0.127513486,0.346250045,0.126598121,0.028610288
0.1296361,0.059785049,0.129634525,0.187961878,0.128506311,0.09733396,0.127374052,0.028274521,0.126500372,-0.00342385
0.12961711,0.194828219,0.129561021,0.089474679,0.128458266,-0.039003784,0.127306149,0.158993404,0.126464343,0.131316155
0.129580887,0.076354047,0.129449945,-0.045728796,0.128389672,-0.156275499,0.127246709,-0.009287943,0.126433063,0.244037251
0.129532998,0.126277172,0.129405552,-0.012312234,0.128313863,0.217024575,0.127237817,0.113707032,0.126349335,-0.120640309
0.129499924,-0.080549828,0.129405306,0.028402107,0.128275612,0.131000143,0.127209866,-0.004434137,0.126298658,0.053884001
0.129465354,0.070058606,0.129403941,0.073993029,0.128258924,0.14563715,0.127154632,0.106140992,0.126202741,0.012252887
0.12945355,-0.014625732,0.129344279,-0.048949475,0.128156803,0.170350709,0.127091009,-0.07344015,0.126133171,-0.080527356
0.129419439,0.048773343,0.129266878,-0.042497578,0.12810187,0.022685531,0.127132378,0.276955728,0.12612029,0.054193277
0.12935536,-0.126689031,0.129224873,-0.133061465,0.128067117,-0.040243513,0.127051907,-0.106797106,0.126057295,-0.218985516
0.129304248,-0.163019204,0.129309224,0.262389566,0.128060862,0.001219118,0.12698458,0.007420544,0.126013994,0.026354073
0.129247131,-0.1296835,0.12930475,0.073181086,0.128012064,-0.168341507,0.126888156,-0.230243566,0.125923718,-0.12508025
0.129273502,0.066229487,0.129235454,-0.046565121,0.128021927,0.023277652,0.126930156,0.231185478,0.125905267,0.173560862
0.129237041,-0.014672717,0.129199817,-0.117175428,0.127948837,-0.040340373,0.126834094,-0.114145459,0.125833038,0.145024061
0.129211713,0.072169321,0.129177263,-0.139332136,0.127954554,0.163158577,0.1268205,0.013895073,0.125782859,0.022271819
0.129181589,-0.012829608,0.129091275,-0.091798529,0.127887042,0.08449097,0.126788789,-0.172938793,0.12577902,0.082047332
0.12912914,-0.023081207,0.129043817,-0.12017663,0.127838618,-0.054084113,0.126721497,0.047441719,0.125696595,-0.093866443
0.129060324,0.004148779,0.129041363,-0.052401061,0.127838943,-0.072267018,0.126634412,-0.076678886,0.12564614,-0.014669325
0.129054664,0.044642677,0.129061059,0.064430643,0.127846593,-0.124199137,0.126664278,-0.051318,0.125630699,0.038109973
0.129059519,0.169287805,0.129056892,0.229677141,0.127807877,0.074489617,0.126739651,0.328740312,0.125622812,0.013326435
0.12900791,0.037919144,0.128933195,-0.066140849,0.127802852,0.145326205,0.12668401,-0.126527441,0.125595001,0.156735337
0.128980696,-0.093887458,0.128930667,0.058298536,0.127728291,-0.194710291,0.126684394,0.149101594,0.12552227,-0.029644166
0.128966552,0.075964674,0.128834049,-0.058130877,0.127755767,-0.121674824,0.126564764,-0.133033334,0.125436512,-0.067647924
0.128946018,0.068008099,0.128834259,0.19735853,0.127693343,-0.226304505,0.126547126,0.010857684,0.125370588,-0.062059686
0.128918441,-0.03279169,0.128815911,0.119428165,0.127658345,0.047074387,0.126461156,-0.011326737,0.125347752,-0.112935333
0.128900836,-0.008426226,0.128804448,-0.001032636,0.127636887,0.389868335,0.126407237,-0.08828806,0.125344117,0.182884419
0.128850859,-0.003517435,0.128770854,0.075674617,0.127513572,0.02891067,0.1264064,-0.094018615,0.125237401,-0.026311026
0.128832871,0.007699508,0.128736559,0.116810884,0.127531761,-0.067532714,0.12639194,-0.024307714,0.12516417,0.117373454
0.128802375,-0.024812084,0.128696838,0.052680163,0.127578504,0.132859943,0.126396382,0.086148283,0.125087143,-0.27395636
0.128790961,-0.099184658,0.128636979,-0.052743757,0.127501761,-0.107915655,0.126321995,-0.001102224,0.125123393,0.21571498
0.128786221,0.090327986,0.128558515,-0.017145292,0.127497478,0.192194732,0.126251505,0.094261388,0.125044854,-0.14501057
0.128733474,0.010715229,0.128585648,0.19614467,0.127430654,-0.205451575,0.126172395,-0.18816186,0.124956215,-0.046533408
0.128702067,0.075897062,0.128562342,0.176011608,0.127423792,0.015262561,0.126206065,0.05751705,0.124911199,0.080424235
0.128639721,0.056761136,0.128548294,0.235024471,0.127372015,-0.123940081,0.126142638,-0.161366004,0.12484241,-0.144230203
0.128590467,-0.145093326,0.128506927,0.07072613,0.12733485,-0.071065397,0.126136422,0.137784957,0.124790727,0.013665733
0.12858958,-0.053743256,0.128453611,0.082683191,0.127296514,-0.100156451,0.126119391,0.106310575,0.124717382,0.025835102
0.128578451,-0.044098028,0.128382292,0.00874169,0.127246851,0.136188378,0.126091375,-0.074562936,0.124701249,-0.128720557
0.128574032,0.029889491,0.128418686,0.062805379,0.127239305,0.076549239,0.126137964,0.102818844,0.12478191,0.244436962
0.128551942,-0.031518123,0.128346646,-0.143650116,0.127181211,-0.046143424,0.126067494,-0.053104799,0.124758045,0.176878306
0.128518053,-0.052052929,0.128321481,-0.105788465,0.127199688,-0.086030768,0.125993585,0.088498065,0.1246904,0.020387614
0.128532996,0.139188132,0.128296928,0.085784199,0.127211086,-0.091493498,0.125886775,-0.048104262,0.124613824,0.13076481
0.128484956,-0.027934551,0.128257858,-0.093181411,0.127185437,0.112905947,0.125859532,0.090193504,0.124531146,0.026716756
0.128486135,-0.128010501,0.128225196,-0.007681622,0.127097691,-0.046539263,0.125864194,0.011524428,0.124532238,-0.129066232
0.128456253,-0.037053088,0.128204449,0.183151633,0.127102545,0.035154534,0.12581805,-0.041559069,0.124580152,0.079040407
0.128460439,0.095574775,0.128183664,0.133158105,0.127079998,-0.04092452,0.125837609,0.042628006,0.124543583,0.244002873
0.12841601,0.003472344,0.128184553,0.073193406,0.127032186,-0.050525738,0.125805688,-0.192167071,0.124463383,-0.08694028
0.128377192,0.127057082,0.128114583,-0.03232126,0.127031763,-0.026572875,0.125840999,0.145147372,0.124458754,-0.001778324
0.12840582,0.055111557,0.128062427,-0.07136936,0.127028674,-0.050056185,0.125808165,0.03279234,0.12444295,-0.107414566
0.128381518,0.005751886,0.128067041,0.059113294,0.127019836,-0.015237255,0.125749189,-0.007138944,0.124445072,0.215735092
0.128322261,-0.078445051,0.128038375,0.150155956,0.127028001,0.153258884,0.125722548,0.197671724,0.124339693,-0.055740269
0.128333826,-0.054240651,0.128017259,0.076911966,0.126943915,-0.103663875,0.125681423,-0.012602643,0.124301652,-0.016206051
0.128312441,-0.044320401,0.12797996,-0.002473818,0.126920556,-0.003773557,0.125640895,-0.050932873,0.124327458,0.068589588
0.128281891,-0.108244263,0.127958687,0.099617321,0.126877469,-0.134847835,0.125646388,0.005269025,0.124301213,0.093528037
0.128273154,0.104045259,0.127933265,0.017404816,0.126927899,0.102900824,0.125646755,0.00976786,0.124229101,-0.098180019
0.128257359,0.022092391,0.127919148,0.114482058,0.126942362,-0.076253048,0.125568105,-0.074397395,0.124200059,-0.118966478
0.128216827,-0.076455513,0.127876684,-0.166857365,0.126965922,0.11269423,0.125590791,-1.30E-05,0.124227056,-0.052645042
0.128206489,-0.020495039,0.127861963,0.069755458,0.126889902,0.097725715,0.125567916,0.153633448,0.124184155,0.139488006
0.128195918,0.082460085,0.127865478,0.000102393,0.126793818,0.061895094,0.125452527,-0.118126637,0.124132763,-0.091429588
0.128122955,-0.018403297,0.127855158,-0.078256751,0.126790863,-0.067095168,0.125472657,0.071356771,0.124139457,0.034387837
0.128129937,-0.007819024,0.127836509,-0.004029654,0.126766347,0.076069419,0.125461936,-0.174875586,0.124134578,0.094566546
0.128125415,0.033663187,0.127819455,0.144395345,0.126730128,0.128732343,0.125534773,0.150147542,0.124021671,-0.097228684
0.12808665,-0.068972648,0.127718667,-0.115133812,0.126721231,-0.090271973,0.125508617,-0.086257174,0.123973259,0.026631048
0.128074659,0.092241906,0.127737006,0.179819532,0.126694369,-0.203784601,0.125402265,0.093560848,0.123969426,-0.071992703
0.128047562,0.048063375,0.1276993,0.132667147,0.126704779,-0.011199953,0.125291714,-0.219523629,0.123991216,-0.082200113
0.128032662,0.078782142,0.127640528,0.025687554,0.126656006,0.029402099,0.125376133,0.150759611,0.124017099,0.220122278
0.127972098,0.122556916,0.12766256,0.024703106,0.126620681,-0.102973534,0.125356421,0.045883608,0.123909468,0.048908232
0.127943968,0.111979759,0.127672753,0.072503323,0.126602938,-0.034422814,0.125325893,-0.077810077,0.123824978,-0.086221004
0.127928883,-0.014901472,0.127614162,-0.142439121,0.126601835,-0.054540409,0.125368992,0.085908966,0.123813226,-0.093472467
0.127904797,-0.012925881,0.127631658,0.065589723,0.126599137,-0.05878899,0.125309544,-0.087206587,0.123908859,0.168271829
0.127894048,0.027848168,0.127579108,0.037440059,0.126588498,0.040409252,0.125277472,-0.093690631,0.123888796,-0.196493772
0.127887388,-0.077723169,0.127560049,0.041908691,0.12655137,-0.069360465,0.125273198,-0.061017417,0.123832116,0.203160721
0.127878465,0.043684152,0.127530568,0.017797476,0.126492341,-0.181686051,0.125262893,-0.081175751,0.123762889,-0.143819597
0.127878486,0.130013496,0.127533116,-0.004111569,0.126547362,0.154173746,0.125319846,0.158041086,0.123790604,0.114740702
0.127853249,-0.109438448,0.12750861,-0.012409097,0.126504849,-0.049905712,0.125309112,0.021298824,0.123766338,-0.062146195
0.127861542,-0.022818776,0.127510991,-0.022003141,0.126527497,-0.027200689,0.12522835,0.168848196,0.123820624,0.295906857
0.127862278,0.026607656,0.127514348,0.018119831,0.126464926,-0.073587745,0.125150928,0.040548577,0.123698917,-0.274269157
0.127844847,0.114914289,0.127498216,0.015827789,0.126461809,0.10311255,0.125122505,-0.087865419,0.123686802,0.111411129
0.127809321,-0.196161075,0.12742932,0.054720533,0.126408398,-0.094499338,0.125143374,0.021665459,0.123636288,0.019289708
0.127810197,0.11084454,0.127355953,-0.0227162,0.126381111,0.082263768,0.125163047,0.092924672,0.123558224,-0.28187347
0.127796806,0.057586114,0.127334994,0.12462745,0.126347317,-0.034893339,0.125129989,-0.064333232,0.123681592,0.075454996
0.127723085,-0.043181708,0.127311379,0.095289936,0.126336852,-0.040829611,0.125151977,0.003280203,0.123749784,-0.068366305
0.127711612,-0.053507829,0.12733756,0.048083404,0.126310087,-0.091639047,0.125168146,0.269689405,0.123780359,0.341699338
0.12770534,-0.077445135,0.127268462,-0.147410347,0.126292973,-0.063537395,0.125115863,-0.128521134,0.123624009,-0.052851133
0.127708775,0.058893569,0.127327934,-0.047977591,0.126333364,0.196873623,0.125110285,0.077113926,0.123516876,-0.168118595
0.127691215,-0.008144612,0.127330536,0.076909015,0.126256285,-0.075262802,0.125023995,-0.278909067,0.123547557,0.171479303
0.127672504,0.034660919,0.127307416,-0.056057895,0.126323275,0.235837204,0.125066776,0.060728479,0.123543948,-0.089591875
0.127672422,0.110976141,0.127335987,0.089582955,0.12626877,-0.058375538,0.125031217,-0.056049695,0.123504837,0.112606457
0.127637185,-0.01104904,0.127277734,0.006152112,0.126250232,-0.14109604,0.125016966,0.186857861,0.123408444,-0.260951597
0.127647775,-0.006993904,0.127240838,0.058910142,0.126245816,-0.04220178,0.12498341,-0.19439388,0.123428719,-0.044190606
0.127637544,-0.004858584,0.127211466,0.064798505,0.126200284,-0.053099628,0.125059074,0.006377548,0.123448415,0.150724464
0.127622149,0.103453164,0.127236572,0.059213292,0.126233715,0.021496825,0.125021531,0.069160266,0.123418913,0.009351544
0.127601196,-0.040954165,0.127188682,0.015487409,0.126280504,-0.047511887,0.124926691,-0.194246753,0.123361757,-0.135250813
0.127559274,0.064837272,0.127214982,0.097352301,0.126260761,0.161383363,0.124903209,-0.035011658,0.123393921,0.057903877
0.127588808,0.023840188,0.127180287,-0.02432884,0.126113755,-0.077405647,0.124897666,-0.127627678,0.123361605,-0.031098029
0.127559843,0.052580536,0.127187224,0.125021366,0.126130342,-0.093831715,0.124900516,0.081109284,0.123315727,0.245153919
0.127545448,0.006256569,0.127157636,0.146101039,0.126243019,0.130582125,0.124817596,-0.235052289,0.123235025,-0.149034069
0.127558863,0.107721929,0.127131481,-0.003583118,0.126175979,-0.015206789,0.124870322,0.13690085,0.123212863,-0.09510501
0.127543119,0.007038153,0.127136076,-0.110802733,0.126177824,-0.154332728,0.124851004,-0.102346442,0.123233794,-0.023835357
0.127537528,-0.009901229,0.127058722,-0.067441372,0.126158525,-0.060905746,0.124811516,-0.092781818,0.123248218,0.045128193
0.127521852,-0.002646617,0.127085507,-0.0251672,0.126120771,-0.001066349,0.124785105,-0.068068236,0.123276967,-0.006273034
0.127551403,0.029330104,0.127063679,0.005397506,0.126109993,0.026396102,0.124765468,0.005860042,0.123294079,0.045782141
0.127529767,-0.010475184,0.127036475,0.023544307,0.126050387,-0.111167358,0.124775936,-0.059180333,0.123268884,-0.124830218
0.127501763,0.016695548,0.127053039,0.138717336,0.126051497,0.037579044,0.124773489,0.026643482,0.123254184,-0.021094836
0.127485861,-0.024475802,0.126957554,-0.103119042,0.12601418,0.209579153,0.124758927,-0.074577959,0.12323884,-0.202796898
0.127478215,-0.02130346,0.126964289,-0.076556065,0.125934891,-0.010460891,0.124826146,0.22659619,0.123292507,0.174953196
0.12746278,-0.006380416,0.126996742,0.111907278,0.125928003,-0.069494808,0.124786581,-0.00307024,0.123222986,0.010042865
0.127444273,-0.047712667,0.126972384,-0.04018692,0.125919344,0.035609703,0.124765446,0.001237946,0.123194131,0.158374555
0.127437471,-0.096115763,0.126990957,0.02729929,0.125906714,-0.024079527,0.124721509,-0.095436202,0.123176024,-0.261106635
0.127426175,-0.038000871,0.126991312,0.043815244,0.125873789,-0.105417,0.124720363,0.099995972,0.12324475,0.448535542
0.127424352,0.033487792,0.126960906,0.009947658,0.125869723,0.204515416,0.124669122,0.029790254,0.123104149,-0.21643747
0.127423823,0.089070578,0.126931982,-0.072602574,0.125890761,0.142962562,0.124669863,0.128586784,0.123069452,-0.064068849
0.127427928,0.000404051,0.126946653,-0.021253603,0.125890431,-0.036231799,0.124588465,-0.022436967,0.12308631,0.207858906
0.127422225,-0.019049463,0.126958203,-0.107385502,0.125943386,0.059642012,0.124626469,0.051483879,0.123006832,-0.0263356
0.12740801,-0.117666862,0.12691127,-0.183178217,0.125864751,-0.111924066,0.124618016,0.050097049,0.122979953,0.086615256
0.127394827,-0.02787175,0.126901815,-0.052082666,0.125827062,0.027037308,0.124540622,-0.147980359,0.12302311,0.040614798
0.127359205,-0.024400985,0.126898334,0.032953421,0.125867924,0.020686944,0.124589485,0.200178063,0.123089503,0.197355761
0.127344373,-0.008043715,0.126866602,-0.113720406,0.125842931,-0.02489208,0.124515858,-0.088756182,0.122984367,-0.175851765
0.127382155,-0.021563149,0.126867467,0.015686272,0.125779897,0.015572921,0.124464476,0.063067457,0.122999521,0.151229036
0.127360651,-0.016326185,0.126846752,0.12315074,0.125811953,0.097347067,0.124413162,-0.058824517,0.123018668,0.080560585
0.127351895,0.021157417,0.126848445,0.040730522,0.125731371,-0.180095458,0.12443336,0.134744117,0.122948228,-0.074579613
0.127350694,0.004708659,0.126794422,0.143771709,0.125699504,-0.096996771,0.124440427,-0.048763287,0.122900775,-0.098521556
0.127333573,-0.104351044,0.126720944,-0.129875567,0.125683427,-0.08739419,0.124423228,0.219685132,0.122869417,-0.052068106
0.127327971,0.103822758,0.126723631,-0.00366207,0.125739207,0.089625643,0.124321616,-0.175294059,0.122867328,-0.037525206
0.127312523,0.050349448,0.126683797,0.052391586,0.125716608,0.011793734,0.124397353,0.110884449,0.122887623,-0.05192046
0.127332519,0.025237812,0.126705885,0.080818488,0.125690433,0.028030857,0.124281641,-0.396179173,0.122889923,0.167836362
0.127296937,0.069009656,0.126686793,-0.075117239,0.125705427,0.107276814,0.124313614,-0.141076089,0.122825886,-0.117929069
0.127280166,-0.07650691,0.126686147,-0.117571033,0.125672211,-0.054783699,0.12442335,0.176135756,0.122825013,-0.099766938
0.127265306,-0.143539238,0.126676502,-0.01366074,0.125593942,-0.176742215,0.124361004,-0.169487269,0.122805481,-0.128449421
0.127265431,0.030479574,0.126646484,0.054238655,0.125561778,-0.049150902,0.124316895,-0.004043743,0.122773291,-0.079882308
0.127243589,-0.01810736,0.126622337,0.11038806,0.125611457,0.163727721,0.124265934,-0.084774638,0.122759202,-0.008809375
0.127225498,-0.031622127,0.12662147,-0.044955943,0.125587177,-0.092392706,0.124312843,0.075063147,0.122749685,-0.090337718
0.127253055,-0.044744243,0.126600654,0.007868731,0.125566664,-0.093556937,0.124312467,0.203024639,0.122766763,-0.135063852
0.12724709,0.119061723,0.126585552,0.059018635,0.125572596,0.007304884,0.124286971,-0.047916205,0.122790806,-0.119524301
0.127229578,0.085416762,0.126640241,0.150701324,0.125560415,-0.154416857,0.12429823,0.240784738,0.122766256,0.10831364
0.127197467,-0.013537405,0.126628474,0.140005414,0.125583081,-0.067902952,0.124220404,-0.105311537,0.122709392,-0.257393173
0.127217493,0.136071799,0.126572216,-0.083760188,0.125494633,-0.18308934,0.124233925,0.24646066,0.122757394,0.306616654
0.127184935,0.008313114,0.126585208,0.015515144,0.125553436,0.181105242,0.124200986,-0.046835558,0.122664556,-0.212319778
0.127183121,-0.079619983,0.126579784,-0.103261522,0.125476347,0.004263616,0.124243387,0.117014481,0.122660734,0.085377379
0.127174941,-0.003947436,0.126537194,-0.090527548,0.125454226,0.018975382,0.12425916,0.316634235,0.122610134,-0.075693748
0.127198045,-0.017663234,0.126547899,-0.039356219,0.125438543,0.038753215,0.124145605,-0.033491508,0.122582283,-0.071311756
0.127188207,-0.043776594,0.126528208,0.016094635,0.125432295,-0.128412185,0.124169959,0.140707008,0.122563759,0.058866718
0.127205455,-0.06965487,0.126546087,-0.011563867,0.125457714,-0.030630856,0.124206295,0.053681346,0.122501567,-0.117814364
0.127187129,-0.012435228,0.126576261,0.099928289,0.125463913,0.032568751,0.124192254,0.124839165,0.122500008,-0.100839189
0.127173455,0.034507061,0.12646926,-0.265286471,0.125407409,-0.23014498,0.124065291,-0.027355078,0.122524138,-0.055631336
0.127170612,0.188535824,0.126446893,0.080772598,0.125379526,-0.238889463,0.124086218,-0.036614162,0.122542432,0.157989274
0.127195165,0.093680314,0.12642397,-0.112272382,0.125423321,0.095180273,0.124139569,-0.161910757,0.12245564,0.04574674
0.127150864,0.121770139,0.126439792,-0.015680005,0.125417628,0.02237188,0.124197177,0.173158421,0.122380181,-0.183291817
0.127131697,-0.028744831,0.126459612,0.092869546,0.125433273,0.075781966,0.124066789,-0.135614408,0.122399268,0.005011953
0.127128707,0.032792999,0.126432959,-0.255188338,0.125288054,-0.250285201,0.124001291,-0.113440929,0.122448658,0.112882169
0.127126198,0.188077951,0.126431526,0.002141654,0.125269282,0.044344963,0.124043737,0.035826026,0.122487556,0.137945946
0.127103507,0.018641254,0.126404758,-0.007566679,0.125280831,-0.05247531,0.124040612,-0.248042603,0.122505313,0.167420977
0.127095148,0.049259641,0.126424844,0.090420325,0.125315898,0.177598063,0.124083581,0.187254955,0.122463725,-0.133846226
0.127073702,0.032997362,0.126420463,0.078086476,0.125348,0.070582578,0.123989249,-0.160689352,0.12240257,-0.058162668
0.127064148,0.01509434,0.126381908,-0.038552482,0.125341314,-0.037803458,0.123897867,-0.246742593,0.122352671,0.047800728
0.127040461,0.015173919,0.126396541,-0.121329367,0.125344609,0.060149955,0.123889616,0.105810825,0.122344626,-0.148647654
0.127057253,0.062039797,0.126388293,0.060185136,0.12530187,-0.20044339,0.123912597,-0.127494443,0.12241124,0.261532155
0.127043611,0.084732982,0.126383501,-0.02157667,0.125337716,0.092920672,0.123950231,0.148455254,0.122342054,-0.06128934
0.127016617,-0.099203925,0.126341565,-0.156895764,0.125258163,0.114756559,0.123896089,-0.064969721,0.122310435,0.038445524
0.127048183,0.076563951,0.126335613,-0.096407526,0.125269972,0.090661778,0.123924958,0.151829282,0.122338959,-0.081095075
0.127030521,-0.03459814,0.126329089,-0.058585382,0.125270039,0.028780975,0.123861358,-0.120951743,0.122375914,-0.047884309
0.127025267,-0.03113008,0.126303112,-0.119634396,0.125249933,-0.146247898,0.123857884,-0.057601024,0.122320163,-0.121360014
0.127053311,0.096337723,0.126293586,-0.024983835,0.125293663,0.097989007,0.123872821,0.091501868,0.122263811,-0.024992661
0.127028387,-0.010351252,0.126333447,0.051916466,0.125251766,0.146182576,0.123836631,-0.047638443,0.122224795,0.000591991
0.126997073,-0.070080184,0.126286429,-0.064289618,0.12520648,0.025603995,0.12387183,-0.117197824,0.122257017,0.108545946
0.127045469,0.268241338,0.126292145,-0.146595232,0.125250385,-0.056216228,0.123991722,0.089856315,0.122198898,-0.027295728
0.126999304,0.019346799,0.12627052,-0.049245939,0.125266609,-0.078687047,0.123918767,0.155463143,0.122151427,-0.161232361
0.126988003,-0.017840534,0.126283816,0.064816302,0.125255202,0.06585845,0.123799225,-0.108801984,0.12223228,0.128879448
0.127015594,-0.011028762,0.126249113,-0.036636533,0.125252001,0.096202594,0.123821112,-0.048396063,0.122234812,-0.122647493
0.126995655,0.011904985,0.126227995,0.062505151,0.125209934,-0.045060742,0.1238533,0.010477491,0.122228139,0.201952911
0.126966716,-0.064660775,0.126194206,-0.034939306,0.125176828,0.01710298,0.123795842,0.011335373,0.122179265,-0.007681195
0.126981228,0.022611376,0.126257521,0.112410269,0.125198587,-0.100932071,0.123790061,-0.024912038,0.12218392,-0.046214245
0.126956313,-0.060858378,0.126207191,0.105852074,0.125215044,0.102112161,0.123794964,0.25784098,0.122178569,-0.052258777
0.126950143,0.001885496,0.126161548,0.06855185,0.125129182,-0.039334131,0.123733422,-0.117045645,0.122183132,0.016243584
0.126965956,0.021855086,0.126141573,0.001151849,0.125134239,0.118620527,0.123781023,0.089439803,0.122113872,-0.194419386
0.126940639,-0.004276118,0.126130086,-0.031297601,0.125089474,-0.029163124,0.1237431,0.133889964,0.122158667,0.146749024
0.126944749,0.018440998,0.126152987,0.199559778,0.125171989,0.000632269,0.12367279,-0.10344355,0.122143199,0.016513905
0.126931305,0.00511517,0.126100616,-0.029175156,0.125146843,0.004475493,0.123690546,0.049644963,0.122124651,-0.058090671
0.12692315,0.018468936,0.126176462,0.034433867,0.125100021,0.155154852,0.123659301,-0.091224285,0.122106553,-0.13429998
0.12691219,0.140809113,0.126125836,-0.032091944,0.125038297,-0.129088114,0.123731453,0.242393335,0.122166543,0.104750854
0.126902018,0.019915745,0.126193938,0.166035652,0.125013387,-0.143630227,0.123618412,-0.264434743,0.122180149,0.074774447
0.126887395,-0.050143506,0.126131121,-0.022892211,0.125042123,-0.199968112,0.123644274,0.040921236,0.122106494,0.116721391
0.126880053,0.064118608,0.126126367,0.003572074,0.125082601,0.15941562,0.123667058,-0.041278727,0.121974834,-0.288217789
0.126878826,0.089539397,0.126120575,0.051227563,0.125046475,0.074234484,0.123670374,0.104803958,0.122008077,0.01475007
0.126813616,-0.118606859,0.12607311,-0.093637548,0.125056146,0.073591991,0.123668406,0.077527194,0.122072307,0.030776203
0.126837447,0.00977617,0.126103774,0.119042041,0.125048409,-0.030145609,0.123605038,0.021342041,0.122044378,0.148181421
0.126822998,0.059815287,0.126092385,-0.021241305,0.125044737,-0.009221686,0.123579305,0.021823798,0.121961436,-0.103523199
0.126811505,-0.097946499,0.126055827,0.081854079,0.125012589,-0.076730791,0.123599536,-0.10037536,0.121944916,-0.088014146
0.126836203,-0.024045884,0.126080669,0.199031113,0.125080833,0.094765398,0.123549598,-0.095183123,0.121948998,0.142089346
0.126820952,-0.081725137,0.126012142,0.048543449,0.125080072,-0.021468505,0.123544799,-0.175658349,0.121949212,-0.078566647
0.126838949,0.071336351,0.126030616,-0.011012313,0.125013752,-0.00460356,0.12360598,0.096701938,0.121943121,0.036693538
0.12680683,0.079441208,0.126021223,0.023918479,0.12502584,-0.04741673,0.123558289,0.023075872,0.121849045,0.001001918
0.126799663,0.015122458,0.126008383,0.020045134,0.125102335,0.193638064,0.123478293,-0.165476182,0.12183125,-0.221370891
0.126791124,-0.028958344,0.125983281,-0.09575845,0.125015526,-0.065904474,0.123532641,-0.030463635,0.121912464,-0.082195812
0.126801476,-0.094326955,0.126002425,0.043164966,0.125009724,0.087925419,0.123598074,0.198079335,0.121969347,0.110496918
0.12681463,0.012148677,0.125959407,-0.037868613,0.124992076,-0.132919777,0.123506805,-0.269979102,0.121924329,0.087278768
0.126771331,0.014276041,0.125991822,-0.064534784,0.125004154,-0.072543358,0.123512124,0.055749351,0.121773767,-0.186577278
0.126756124,-0.072510299,0.126007898,-0.027033663,0.124993084,0.011600586,0.123535245,-0.046207935,0.121771836,-0.141147468
0.12676193,-0.038375326,0.125960938,0.095545074,0.124936819,-0.082210352,0.123584124,0.101807276,0.121832539,0.193292048
0.126737758,-0.087937037,0.125938896,0.005745401,0.124968957,0.030505714,0.12356484,0.029753594,0.121804912,0.031243175
0.126728839,-0.120490028,0.125894397,-0.031050671,0.124945212,0.027080258,0.123544598,0.052024257,0.121757184,-0.192732371
0.12670957,-0.095113238,0.125817006,-0.056497088,0.124894741,0.044842805,0.12346761,-0.003679378,0.121781713,-0.11278189
0.126744483,0.151976414,0.125898846,0.106711892,0.124915693,0.088755544,0.123470677,0.039001339,0.121811593,0.004417401
0.126729671,0.009873972,0.125838645,-0.176168778,0.124935834,0.02075565,0.123508432,-0.051251909,0.121843393,0.10761392
0.126716101,-0.14391284,0.125914911,0.089369004,0.124928772,-0.063805605,0.123503383,0.066469048,0.121810171,-0.0215101
0.126686874,0.015002426,0.12586056,-0.033591011,0.124941943,0.016259689,0.123450294,0.094371196,0.121762615,0.093634394
0.126675509,-0.064696898,0.12586817,0.073497958,0.124943702,0.141505689,0.123451331,0.053712047,0.121731643,-0.102433731
0.126718913,0.045466519,0.125906744,-0.032927286,0.124875038,-0.128955512,0.123424313,-0.030162161,0.12171898,-0.058057379
0.126712149,0.003385635,0.125902775,-0.129666318,0.12495958,0.249171964,0.12342652,0.036700861,0.121765627,0.049727129
0.126714751,-0.060107839,0.125865272,-0.068929761,0.124910748,0.227029932,0.123458443,-0.000346312,0.121743444,0.012184725
0.126693425,0.120976449,0.125849645,-0.015730894,0.124822479,-0.277929779,0.123445019,-0.037341228,0.12167914,0.005228145
0.126648308,-0.034921755,0.12586475,-0.122627981,0.124921309,0.322854414,0.123428141,0.091906936,0.121666028,0.086909643
0.126631118,-0.109571801,0.125873725,-0.072983058,0.124851709,-0.115259852,0.123365228,-0.079060835,0.121588439,-0.142420449
0.126629031,0.004488389,0.125878249,0.044182592,0.124844892,0.022057748,0.123395359,-0.058911018,0.121618642,-0.005283127
0.126616898,-0.024074663,0.125835259,-0.086277003,0.124850912,-0.062198729,0.123457951,0.053494791,0.121743199,0.24001397
0.126607468,-0.078725672,0.12588016,0.028036618,0.124842719,0.045591673,0.123436943,0.129991738,0.121689693,-0.050292008
0.126621109,0.002709888,0.125847106,-0.119855229,0.124858374,-0.071655596,0.123409046,0.102889191,0.121642822,0.038438987
0.126580084,-0.129020012,0.125878108,0.067957696,0.124849767,0.034944665,0.123336182,-0.298197481,0.121660355,-0.017592527
0.126567108,-0.056243701,0.125780254,-0.120422585,0.124835007,-0.012286594,0.12334184,0.047558981,0.121682079,0.192417158
0.126557835,0.087351318,0.125868308,0.102654815,0.124811612,0.059829463,0.123358825,0.22834492,0.121568207,-0.239579254
0.126564241,0.018219101,0.125862818,0.056596947,0.124779234,-0.099545626,0.123335487,-0.060942953,0.121584384,-0.02251119
0.126563686,-0.058723526,0.125790566,-0.135909054,0.124804553,0.064244201,0.1233763,0.075383957,0.12163539,-0.022429947
0.126560501,0.019032555,0.125858095,0.21587553,0.124785587,-0.015606441,0.123352137,-0.042378407,0.121582158,-0.097302569
0.126538601,0.012250425,0.125821595,-0.034769243,0.124746598,-0.18368791,0.123340791,0.00327878,0.121571363,-0.083052387
0.126550644,0.060975563,0.125778353,0.097421186,0.124700275,-0.172856715,0.123355358,0.12319022,0.121598333,0.003317023
0.126535937,0.048371548,0.125812746,0.288809477,0.124751,0.235147274,0.123260986,-0.232288237,0.121603316,0.138226787
0.126538148,-0.003080255,0.125781882,0.113226811,0.124633504,-0.030802299,0.123241602,-0.212924516,0.121531922,0.073399018
0.126525553,0.028504483,0.125780094,0.047177048,0.124634319,0.196124938,0.123318267,0.080553336,0.121451419,-0.172208561
0.126508604,-0.060862911,0.125758645,-0.089003331,0.124651585,-0.092600828,0.123343011,0.197797821,0.121454182,-0.083563475
0.126534186,-0.050547866,0.125798763,0.000313485,0.124776373,0.138328955,0.123291656,0.025794333,0.121485809,-0.174691495
0.126506749,0.138420747,0.125765069,0.046443948,0.124739799,0.11670422,0.123219476,-0.045576234,0.121513818,-0.126187488
0.126524006,0.139291352,0.125754866,-0.100949569,0.124676039,0.082833884,0.123250256,0.174565737,0.121544261,0.038450714
0.126502197,-0.021538951,0.12580934,0.173827819,0.124650631,-0.005498675,0.123215608,-0.22938115,0.121509251,-0.021974374
0.126462882,-0.209776017,0.125765762,0.077131934,0.124621268,0.024407755,0.123272049,0.095182234,0.121463933,-0.205921792
0.126502592,0.058439784,0.125719578,-0.054399697,0.124612719,0.034733697,0.123267555,0.023799772,0.121496166,-0.046804009
0.126466007,-0.070674923,0.12574477,-0.024130615,0.124586969,-0.103666147,0.123272485,-0.014816387,0.121512713,0.192278444
0.126499908,0.129106091,0.125733179,-0.082295467,0.124618768,0.096805392,0.123267414,0.097746428,0.121503499,0.009413941
0.126458282,-0.125269701,0.12575734,0.099949614,0.124599865,-0.125175787,0.12317126,-0.116808069,0.121516429,-0.036323289
0.126474571,0.172316121,0.125768681,0.092018402,0.124634993,0.018818611,0.123196747,0.177302024,0.121481878,0.163856322
0.126466453,0.069968978,0.12575049,0.021637473,0.124633517,0.075048774,0.123125461,-0.025021117,0.121434989,0.158790975
0.126442835,-0.124219419,0.125765171,0.003822217,0.124616232,-0.006683862,0.123067957,-0.080590912,0.121367069,-0.297732201
0.126421724,-0.120165971,0.125747005,-0.060016293,0.124590595,-0.026100329,0.123120602,-0.080091383,0.121476496,0.280835998
0.126403589,-0.079545353,0.125783552,-0.005376641,0.124609374,0.169038186,0.123176671,-0.007857994,0.121373906,-0.006359867
0.126448887,0.0966039,0.12573094,-0.099138966,0.124559356,0.038586726,0.123154301,0.045351591,0.121311016,-0.01781771
0.126420241,0.138393281,0.125733716,0.113234777,0.124560536,-0.052115551,0.123080938,-0.194097918,0.121290933,-0.099351184
0.126390245,-0.093408369,0.125756047,0.107262627,0.124514032,-0.165026074,0.12308894,0.010558073,0.121306443,-0.049837722
0.126384898,-0.046447524,0.125740388,0.054529455,0.124521627,0.034028742,0.123126392,0.08299727,0.121354662,0.345952314
0.126376004,-0.042352772,0.125720995,0.151272408,0.124483942,-0.083447854,0.123128174,0.093776287,0.121318037,-0.008617936
0.126390065,0.02320108,0.125691058,0.09020845,0.124435044,-0.015225354,0.123098242,-0.026525697,0.121345562,0.044003548
0.126373769,-0.067797843,0.125695193,0.050720215,0.1244692,-0.086806816,0.123109852,-0.030025388,0.121285307,-0.174296857
0.126408416,0.088036924,0.125636526,-0.002320424,0.124537748,0.056674607,0.123170246,0.267818005,0.121313678,-0.027950194
0.126410462,0.064342564,0.125643853,-0.175719956,0.124446238,-0.069676657,0.123058161,-0.098772245,0.12134773,-0.02031935
0.126376377,0.083588266,0.125731878,0.056483807,0.124364249,-0.104040758,0.12304244,0.083381809,0.121335172,0.054832189
0.1263744,0.087069164,0.125663706,-0.238127368,0.124450134,0.160744834,0.123007839,0.047563582,0.121291843,-0.066289208
0.126368902,0.073764326,0.125645636,-0.134364923,0.124474735,-0.011915554,0.122999111,-0.043747149,0.12125527,0.011271679
0.126362745,-0.079915934,0.125693795,0.183994685,0.124451101,-0.109239177,0.123034901,0.10506705,0.12122989,-0.099534904
0.126351741,0.14490247,0.125625671,-0.005542148,0.124434532,0.115486964,0.123022125,-0.037128631,0.121240927,-0.005424385
0.126352259,0.09268123,0.125609733,0.121794029,0.124447194,0.019146822,0.122966887,0.063649953,0.12124703,0.118919935
0.126310116,-0.023410173,0.125592067,0.149832437,0.12444422,-0.015769909,0.122909541,-0.126866427,0.121246111,-0.020890704
0.126299672,-0.124025872,0.125541026,0.022936268,0.124403867,-0.028517769,0.122926973,-0.040087202,0.121238542,-0.112306479
0.12631059,-0.082294267,0.125540084,0.075950275,0.124443484,0.011890233,0.122943888,0.00900165,0.121239057,-0.071663557
0.126298356,-0.050635399,0.125563244,0.032899051,0.124446832,-0.019451898,0.122936681,-0.050964684,0.121221175,0.0838573
0.126288624,-0.045799459,0.125535571,-0.00238059,0.124456423,0.028251991,0.122954267,0.177764797,0.121141816,-0.013362968
0.126299208,-0.064145018,0.125524163,-0.08569677,0.124504221,0.204314556,0.122913476,-0.067744104,0.12106059,0.041846658
0.126315135,-0.031043743,0.12553118,-0.094377296,0.124447357,0.033156411,0.122906937,-0.13088241,0.121084102,0.02660225
0.126312898,-0.066397644,0.125552209,0.055323937,0.124437421,0.024022372,0.122938866,0.197279392,0.121129706,0.332353558
0.12630501,-0.167401999,0.125528927,0.00829408,0.124428603,-0.06212056,0.122856103,-0.028849564,0.121074585,-0.115601573
0.126283526,-0.036947398,0.12555932,0.066796343,0.124398159,-0.015689563,0.122857127,-0.005049545,0.121104665,-0.00078178
0.126241585,-0.307501131,0.125553613,-0.094902124,0.124387905,-0.062842971,0.122904905,-0.135220467,0.121185441,0.154615806
0.126281894,-0.065240785,0.125615601,0.08856826,0.124420178,0.116717784,0.122879424,0.108559246,0.121170273,0.251848292
0.126283463,0.031750378,0.125564114,0.054414583,0.124414933,0.054904094,0.12286159,0.001720945,0.121043114,-0.102756051
0.126268864,-0.015473192,0.12557499,-0.070068618,0.124386862,-0.048285552,0.122914013,0.050877399,0.121045379,-0.019973356
0.126271846,0.226467454,0.125580948,0.160804715,0.124354172,-0.077130317,0.122887226,0.009671796,0.121084944,0.021560035
0.126266176,0.15078169,0.125538278,-0.027110707,0.124344499,-0.037115761,0.122820856,-0.271835189,0.121101576,-0.002015605
0.126227492,-0.030082609,0.125545084,-0.08375761,0.124374888,0.084507281,0.122854962,0.11420065,0.121096811,0.135026748
0.126224503,0.08880438,0.125550175,-0.085783169,0.124422706,0.053581549,0.1227932,-0.085604143,0.121098149,-0.176332353
0.126223368,-0.020788832,0.125539391,0.04887226,0.124335506,-0.022626604,0.122794577,-0.229328087,0.121121102,-0.069456207
0.126216301,0.055073131,0.125566942,0.031039022,0.124299754,-0.1428846,0.12288387,0.154340978,0.121118471,0.038378215
0.126183529,-0.000929993,0.125498684,-0.026894182,0.124403978,0.159047065,0.122858724,0.052239906,0.121077458,0.139925028
0.126217241,-0.119390385,0.125499496,0.156570269,0.124304685,-0.203692724,0.122845445,0.019315455,0.121019903,0.179251959
0.126177938,0.010770926,0.125528424,0.001904749,0.124269713,-0.101906001,0.122853524,0.103474389,0.121002511,-0.089035938
0.126190573,-0.140657165,0.125519834,-0.020747241,0.124358185,0.061204868,0.122845156,0.059476955,0.121079571,0.118505972
0.12620989,0.004962122,0.125567248,0.225808949,0.124335941,0.009253945,0.122776735,0.004578833,0.121109669,0.023527937
0.126213708,0.070987692,0.125463851,-0.106461679,0.124308994,0.034418419,0.122735044,-0.089856268,0.12108405,0.111841533
0.126206698,-0.103851532,0.125547172,0.121370108,0.124303636,-0.119797987,0.122737527,-0.083668066,0.121028875,-0.056411747
0.126221331,0.014783875,0.125517171,-0.04192425,0.124331417,-0.031494242,0.122819256,0.038833953,0.121041186,0.085654613
0.126226105,0.091178172,0.125495406,-0.155791726,0.12429117,-0.173593813,0.122825996,0.176558089,0.121047628,0.182423603
0.126207738,0.217136376,0.125483323,-0.06697365,0.124287073,-0.061399844,0.122689594,0.057604506,0.120996216,-0.075405166
0.126174111,0.023724406,0.12549552,-0.007818102,0.124294987,0.022023711,0.122606964,-0.126574924,0.120990342,-0.194763648
0.126191508,0.004574074,0.125507504,-0.014581488,0.124322556,0.094862598,0.122640596,-0.087931452,0.120955008,-0.036940147
0.126159852,-0.031260244,0.12551739,-0.024368243,0.124262553,-0.214184105,0.122741307,0.138551561,0.120911815,-0.030471839
0.126166623,-0.159021856,0.125499538,-0.006475104,0.124318098,0.036758495,0.122719328,-0.087662972,0.120941778,-0.26640587
0.126161437,-0.138002461,0.125455938,-0.123492549,0.124332159,0.13171049,0.122716348,0.124330348,0.121038708,-0.066449457
0.126180241,-0.15281128,0.12552294,0.011771969,0.124310268,0.006715461,0.12264328,-0.006345355,0.121061419,0.024379524
0.126173853,-0.078665748,0.125490288,-0.10654525,0.124257153,-0.058631306,0.122639135,-0.035360835,0.121013372,-0.075562475
0.12617534,0.01386854,0.125509883,-0.048032058,0.12421555,0.004967348,0.122646416,0.045881718,0.120994958,0.09035956
0.126155216,-0.063348613,0.12546803,-0.084716875,0.124244638,0.170731492,0.122650791,-0.05136774,0.120928419,0.031502503
0.126173754,-0.002050862,0.125474252,0.068887674,0.124229413,-0.080377046,0.122653165,0.058502907,0.120868359,0.198551344
0.126148705,0.021785819,0.125459118,-0.013205862,0.124242908,0.041685265,0.122600086,-0.070386966,0.120809213,-0.162502791
0.126100113,-0.219606887,0.125495268,0.022843678,0.124218623,-0.064761041,0.122616831,0.097511052,0.120810786,0.037476285
0.126111628,0.032045223,0.12546786,0.063528001,0.124226904,-0.113208194,0.122640333,0.124899963,0.120829268,-0.018278429
0.126068687,-0.024946758,0.125437476,0.058032447,0.124229164,0.152616833,0.12260428,-0.166548637,0.120908837,0.079237591
0.126093788,0.057685215,0.125432959,-0.102117781,0.124187579,-0.159281415,0.122688912,0.187241868,0.120874947,0.073288659
0.126102806,-0.091118168,0.125551989,0.316307813,0.124211045,0.131241971,0.122646211,-0.003352854,0.120871642,-0.085356458
0.126095244,0.077462927,0.125445046,-0.145958501,0.124174464,0.024714083,0.122611225,0.067299036,0.120879448,0.076473966
0.126053792,-0.090279229,0.125418754,-0.073070846,0.124108142,-0.107132224,0.122536901,-0.152072638,0.120793855,-0.178932083
0.126090868,-0.050719985,0.125423977,-0.112129966,0.124132505,0.185210855,0.122564129,0.121327704,0.120811346,0.058852445
0.126073079,-0.002734309,0.125471259,0.046561351,0.124133381,0.104266942,0.122557818,0.029553591,0.120867225,0.138974624
0.1260716,-0.010228988,0.125456448,0.118306196,0.124128159,0.015839626,0.122525229,-0.134044318,0.120821711,-0.041715037
0.126062714,-0.174918181,0.125407754,0.005989197,0.124148249,0.039437484,0.12260175,-0.074214731,0.120801891,0.062247
0.126072845,0.05487979,0.125472629,0.032484003,0.124154222,-0.01956927,0.122600301,-0.061008307,0.120753021,-0.094564165
0.126085279,0.065013707,0.125458433,0.114207263,0.124151547,-0.014218214,0.122553544,-0.048766507,0.120791037,0.037955357
0.126070902,-0.019521645,0.125431945,0.096147848,0.124103172,-0.116396922,0.122541044,0.125702877,0.120746115,-0.111534602
0.126071807,0.025467483,0.125412551,-0.093098612,0.124077797,0.245779792,0.122478677,-0.072235635,0.120774469,0.066898267
0.126039597,0.039430055,0.125421447,0.029236745,0.123990481,-0.181032349,0.122496513,0.051903889,0.120860707,-0.01841153
0.12603353,-0.007064519,0.125409263,0.115223989,0.124118256,0.10577966,0.122515053,-0.089325606,0.120891239,0.056867043
0.126024637,-0.006677374,0.125377425,0.009624617,0.124108251,0.034965087,0.122523182,0.105879425,0.120875419,0.257730746
0.126012865,-0.092586506,0.125409379,0.097181089,0.124068684,-0.03991096,0.122484092,0.039298843,0.120720099,-0.065556481
0.126042196,0.009433665,0.12536474,-0.09961282,0.124123838,0.130993987,0.122477344,-0.060013431,0.120688436,0.011869468
0.126004948,-0.091575482,0.125322673,-0.184485682,0.124057894,-0.097488768,0.122512003,0.074946307,0.120716829,-0.168983897
0.125983544,-0.05609398,0.12536617,0.119253918,0.124050543,-0.190442831,0.122549633,0.083127255,0.120748582,-0.057355023
0.126013202,0.067890403,0.125376882,0.119191359,0.124098921,0.037578277,0.122530926,-0.089976886,0.120788039,-0.074123922
0.125989394,0.070269792,0.125363305,-0.07538687,0.1241051,0.180142608,0.122486477,-0.167467078,0.120762996,-0.160576449
0.125977249,-0.076930454,0.125313183,0.001564044,0.124000436,-0.117174853,0.122464935,0.024303642,0.120754103,0.074478003
0.126001243,0.032794403,0.125299468,-0.242552117,0.123989397,0.017864757,0.122461078,0.181834504,0.120754239,0.038594055
0.126027288,0.072222399,0.125329383,-0.056653651,0.123989393,-0.034017656,0.122479132,-0.047540566,0.120704249,0.147299846
0.125982324,-0.075625513,0.125391787,0.135440848,0.124018697,0.057974423,0.122433734,-0.102101533,0.12065062,-0.216486957
0.126003902,0.136146385,0.125330627,0.00232342,0.123992357,-0.044502048,0.122465894,0.158284504,0.120710069,0.003874839
0.125984126,-0.101389411,0.125332844,0.117261714,0.124013299,0.286765466,0.122454233,0.082642889,0.120727494,0.044483005
0.125989791,0.019480184,0.125303454,-0.230374967,0.12395564,-0.03295909,0.122450842,-0.092721035,0.120790382,-0.103968166
0.12599062,0.067923559,0.12531451,-0.019849162,0.123938662,0.096920876,0.122498851,0.168400323,0.120806418,0.03073284
0.125987049,0.029384083,0.125293843,-0.023311168,0.123974182,0.070563819,0.122439096,-0.303369194,0.120717073,-0.210068002
0.125972227,0.010206097,0.125296403,0.075711846,0.12403309,0.109921217,0.12245413,0.13211511,0.120718358,0.11511422
0.125964356,0.023121419,0.125256738,0.105970062,0.124019706,0.051273903,0.122406128,0.045055806,0.120702565,-0.045602999
0.125962568,0.037454944,0.125273676,0.010655192,0.124003058,0.104455989,0.122373286,-0.005009358,0.120687944,-0.054948273
0.125977576,0.160275829,0.125280728,0.10895271,0.12397785,0.153321869,0.122412787,0.047024896,0.120668892,-0.11094273
0.125949896,-0.062462857,0.125239087,-0.068772696,0.123952159,-0.104387405,0.122443579,0.057903019,0.120687423,-0.098031149
0.125951397,-0.072998878,0.125182832,-0.097006389,0.123982489,-0.063258425,0.122426861,0.070232558,0.120696969,0.08623149
0.125942827,-0.020193703,0.125241642,0.133385733,0.124004207,-0.084631784,0.122332291,-0.284531618,0.120610449,-0.005354408
0.125923932,0.020371384,0.125260492,0.075022865,0.124034548,-0.065153686,0.122399408,-0.002380658,0.120588327,-0.047788942
0.125950259,0.012476872,0.12525326,-0.000222874,0.124034534,0.040380964,0.122432147,-0.105776915,0.120646176,0.059463849
0.125971047,0.091857981,0.125182317,-0.00870813,0.123980694,-0.059957147,0.122461257,0.031051341,0.120626541,0.095127637
0.125959049,-0.053249884,0.125234758,0.196116117,0.123972396,0.045538917,0.122422919,0.039402164,0.12055313,-0.056801473
0.12595368,-0.011600911,0.12519421,-0.091052125,0.1239947,-0.030723708,0.122353197,0.01191354,0.120587163,-0.025958906
0.125935868,-0.073652146,0.12526904,-0.023591448,0.124014127,0.015838619,0.122333691,-0.148856539,0.12071331,0.14925677
0.125920072,0.011404977,0.125224323,0.033361163,0.124021525,0.121644496,0.122396975,-0.144994541,0.120667358,-0.124937676
0.12590766,0.013001265,0.125155467,-0.088126633,0.123895872,-0.057199707,0.122422852,0.033799593,0.120638338,0.20485456
0.125919432,-0.050764367,0.125232296,-0.035950364,0.123898887,-0.118190121,0.122419809,-0.097448836,0.120568268,-0.151934294
0.125913517,0.029632023,0.125221123,0.038592981,0.123967373,0.020826715,0.122443426,0.186772956,0.120569003,-0.052904473
0.125916444,-0.056336033,0.125215658,0.080925255,0.123955687,-0.062770798,0.122408698,0.112848459,0.120552569,-0.032079672
0.125898435,0.201157208,0.125130623,-0.054207545,0.123927593,-0.077606061,0.122343868,0.105192939,0.120510068,0.123187371
0.125888896,-0.009959346,0.125147569,-0.005982123,0.123863931,-0.145599905,0.122338774,0.064497113,0.12048397,-0.133858768
0.12586795,0.04467581,0.125199642,-0.126472757,0.123847448,0.03802621,0.122400052,0.096912091,0.120519869,0.039704555
0.125883957,-0.079605326,0.125174407,-0.183975872,0.123881759,-0.032163288,0.122436321,0.150616319,0.120498856,-0.004114243
0.125851337,-0.05462056,0.125144797,-0.027027252,0.123875648,-0.01126248,0.122360033,-0.124866878,0.120504718,-0.093264622
0.12586897,0.093125795,0.125100363,-0.080844874,0.123810684,-0.004418971,0.122319709,0.01101975,0.120572811,0.047661204
0.125868371,0.131076224,0.125140414,-0.014804132,0.123846022,0.021098809,0.12232032,-0.091988419,0.120606312,0.028195965
0.125866689,0.085384659,0.125128462,0.030846901,0.123832582,0.006338078,0.122371309,0.162040461,0.120567038,-0.032577306
0.125855272,-0.094203547,0.125094767,-0.065727453,0.123837435,0.006753389,0.122307341,-0.172846198,0.120569547,-0.096390438
0.125837106,0.152663851,0.125116313,0.106622508,0.123843696,0.150209708,0.122349017,0.097236376,0.12057856,0.094344706
0.125839663,0.034214995,0.125142049,-0.048783703,0.123807781,-0.021577653,0.122268077,-0.223984664,0.120539115,-0.143662325
0.125818114,0.223729433,0.125152243,0.059408373,0.123844306,-0.204933732,0.122291723,0.234750248,0.12050872,0.076291601
0.12581295,-0.019066332,0.125174454,0.109743935,0.123896566,0.061663456,0.122260039,-0.045726822,0.120480688,-0.02283232
0.125808521,-0.017640471,0.125096976,-0.121915294,0.123864961,0.145133291,0.12229509,0.188935213,0.120508946,0.01709811
0.125797215,0.104072434,0.125107505,0.024323773,0.12386527,0.12899202,0.122225137,-0.200471479,0.120486869,0.096953027
0.125781634,-0.123800033,0.125159004,0.139370505,0.123806327,0.116435573,0.122304831,0.138391606,0.120428622,-0.055648263
0.125807062,-0.024197391,0.125068633,-0.118452224,0.123819347,0.069834302,0.122327571,0.113751201,0.120438706,0.048262645
0.125821586,0.051286275,0.125107999,0.011636692,0.123782355,0.068858925,0.122297611,-0.149355039,0.120446083,-0.178933882
0.125824376,0.021047192,0.125098485,-0.26425078,0.123741225,-0.160694577,0.122328598,0.064784445,0.1205081,0.274943094
0.125805182,0.097220121,0.125112615,-0.090048576,0.123855714,0.2557568,0.122305647,0.114990957,0.120413521,-0.23344932
0.125817725,0.14869176,0.125144978,0.025722648,0.12377967,0.014735689,0.12222362,-0.15493942,0.120399597,-0.069180521
0.1257798,-0.065118319,0.125162491,0.075526537,0.123800177,0.167537652,0.122215418,-0.191516183,0.120412919,-0.203068887
0.125779603,0.050250205,0.125114287,-0.019424399,0.123775403,-0.114613151,0.122250544,-0.026372424,0.120456398,0.182781355
0.12578195,0.040396805,0.125156153,0.135642991,0.123783419,-0.003491682,0.122279386,0.164740817,0.120369272,-0.198474694
0.125742609,-0.012426274,0.125137361,-0.060614477,0.123792149,0.113355303,0.122277826,-0.056639706,0.120422297,0.134838152
0.125749601,0.08788612,0.125144131,0.018312138,0.123823989,-0.055477401,0.122322905,0.120244229,0.120426559,0.056787862
0.125750885,0.04753964,0.125156885,0.259958079,0.123793961,-0.101512239,0.122257792,0.021950553,0.120358631,-0.073974905
0.125735451,-0.062267742,0.125067758,-0.054369116,0.123796306,0.182820468,0.122197998,0.048510472,0.12032004,0.043989315
0.125719076,-0.073483734,0.125096245,0.100657982,0.123801449,-0.009388048,0.1221957,-0.127155602,0.12029999,0.050502198
0.125722173,0.20380313,0.125066359,0.159289166,0.123760892,-0.153366464,0.122194272,-0.177690332,0.120353035,0.007796169
0.125737646,-0.082607446,0.125031059,0.057610469,0.123745868,-0.092471332,0.122217957,-0.008928872,0.120474949,0.188435912
0.125734804,0.035606279,0.125051906,0.093741127,0.123751769,0.12296587,0.122205783,-0.053126639,0.120499997,0.158552353
0.125712194,-0.109438439,0.125054457,-0.047854575,0.123725071,-0.175338843,0.122190592,0.004218735,0.12039587,-0.135074396
0.125764067,0.191003877,0.125072094,0.036083525,0.123790564,0.052146602,0.122170013,-0.114771108,0.12029793,0.009083083
0.125690982,0.02666037,0.125049138,0.118418043,0.123739479,-0.189857913,0.122171176,0.079836806,0.120245981,-0.069597878
0.125707336,0.063319958,0.125005504,-0.007158332,0.123717041,0.023114234,0.122127193,0.093641844,0.120286933,0.011393457
0.125693301,-0.000178013,0.125036293,0.041209983,0.123691447,-0.041567587,0.12209851,-0.08953303,0.120259098,-0.085093463
0.125696637,-0.030794443,0.125031329,0.097487474,0.123756865,0.060464764,0.122146149,0.056355021,0.120281029,-0.02655535
0.125696107,-0.11348781,0.125028212,0.023424596,0.123751967,-0.066914002,0.122126867,0.008663524,0.120362488,0.204937637
0.125688805,-0.077077806,0.125016159,-0.029977637,0.123715319,-0.141082402,0.122135445,-0.00528526,0.120290256,-0.117267052
0.125738491,-0.031937879,0.12499902,-0.093129018,0.123750207,-0.043143516,0.122126805,-0.085394519,0.120252839,0.07994389
0.125746115,0.106002823,0.125018292,-0.041569329,0.123764431,-0.10636007,0.122087591,-0.148987597,0.120180413,0.057951339
0.125722879,0.057788009,0.125007556,0.053232904,0.123749089,0.08674347,0.122135323,-0.004489989,0.120150811,0.007864479
0.125709897,-0.038644033,0.124952351,-0.097930476,0.123705071,0.014267882,0.12216403,-0.127312853,0.120179148,-0.186369135
0.125718452,-0.048125928,0.124983171,0.107648757,0.123686673,-0.022290067,0.122166956,0.007600353,0.120273399,0.20221519
0.125703031,-0.058623078,0.125043067,0.056282344,0.123713514,-0.022635105,0.122077772,-0.106056649,0.120264751,-0.067950815
0.125735271,0.087000175,0.124995594,-0.033403223,0.123735782,-0.047063491,0.122093951,0.039552704,0.120248461,-0.035262616
0.125716814,0.000744219,0.124990442,0.088265166,0.123725617,-0.02435631,0.122177803,0.18100176,0.120232389,-0.02068027
0.125717857,0.163800101,0.124998595,0.161877251,0.12369704,0.15854098,0.122131524,-0.038789842,0.120239424,0.035079591
0.125700833,-0.093701721,0.124982832,-0.049828268,0.123585786,-0.090268244,0.122065815,-0.213239295,0.120191154,-0.013966117
0.125723278,-0.009379522,0.124955195,-0.166172933,0.123635461,0.123508569,0.122087777,-0.064300905,0.120220341,0.098655738
0.125716983,0.014303579,0.12495406,-0.089139052,0.123597894,0.024683067,0.12203857,-0.046360189,0.120232707,0.019539016
0.125693118,-0.049419931,0.124984789,0.087061979,0.123619373,-0.050494737,0.122039991,-0.012738329,0.120204936,-0.018586236
0.12568454,-0.09790639,0.124934529,-0.11236899,0.123675971,0.11443506,0.122084278,-0.114742568,0.120186381,0.007271252
0.125681831,-0.068247384,0.125017597,0.01785169,0.123641,0.067344513,0.1221212,0.018445875,0.120178355,-0.130431505
0.125655056,-0.017352281,0.124934717,-0.15964327,0.12368315,0.287762252,0.12207086,0.036092409,0.120201726,0.124299505
0.125616463,-0.093533706,0.124945209,0.02333808,0.123661404,-0.136019202,0.122037627,0.021755427,0.120143759,0.086967243
0.125652248,0.056343794,0.124957923,0.050391927,0.123697847,0.186405145,0.122048871,0.039119662,0.120061153,0.017057132
0.125625657,-0.003217136,0.124987488,0.123948304,0.123657505,0.017481138,0.122022083,-0.081008897,0.12003512,-0.065211465
0.125620415,0.087020264,0.124921727,-0.117056661,0.123655447,-0.052721384,0.121991912,-0.002395628,0.120040951,-0.060733933
0.125640586,-0.017126674,0.124989796,0.005344807,0.123682953,-0.10422894,0.121997877,0.017212106,0.120117629,0.181487754
0.125652388,0.101925361,0.124968743,-0.043397702,0.123686532,-0.068998006,0.121975553,-0.142818004,0.120120788,0.089945157
0.125622633,-0.135877905,0.124945338,0.15355784,0.123667623,-0.028161275,0.121971784,-0.130529395,0.120114753,0.201990627
0.125636311,-0.051629712,0.124910708,-0.055373721,0.123638948,-0.03738856,0.122017196,-0.15555623,0.12001688,-0.219439603
0.125639905,-0.075374246,0.124898109,-0.037751056,0.123605602,-0.055463463,0.122145262,0.21768979,0.120009107,0.174760929
0.125636039,-0.096441495,0.124895043,0.048410054,0.123597977,0.090273824,0.122027107,0.072692999,0.119972343,-0.015770711
0.125649363,0.053389812,0.124881585,-0.082864121,0.123563392,-0.057017948,0.121896166,-0.286391136,0.11999083,0.121737374
0.125607578,-0.147915965,0.124929325,0.159419857,0.123589449,0.147842588,0.121989942,0.12723506,0.119989221,0.094458329
0.125629881,0.042310008,0.124892941,-0.116908021,0.123557092,-0.026597866,0.121992368,0.105022087,0.120022784,-0.106182706
0.12562178,-0.120289459,0.124890116,-0.060329136,0.123579456,0.168626602,0.121924682,0.129540517,0.120069196,-0.066731664
0.125604286,-0.083512849,0.12488605,-0.125543477,0.123543758,-0.077043259,0.121911857,-0.123501442,0.120074393,0.200257784
0.125653891,0.212319677,0.124859405,-0.049570392,0.123515342,-0.090187353,0.121970589,-0.072501723,0.11999552,-0.166402339
0.12563476,-0.028951725,0.124879679,0.015321062,0.123544931,-0.145960581,0.121986146,0.002775776,0.120000026,0.008943009
0.125633568,-0.004463822,0.124905694,0.052087519,0.123591803,0.022311524,0.121988265,-0.015441035,0.120052735,0.074931806
0.12560677,-0.151006381,0.12486533,0.036673997,0.123521351,-0.181744937,0.121937517,-0.120265357,0.120020163,0.16101136
0.125614241,-0.005181382,0.124883319,0.199470152,0.123601339,0.161285672,0.12197444,0.295679309,0.119839677,-0.106850646
0.125638291,0.15785722,0.124807948,-0.20532191,0.12356018,0.033932353,0.121978117,0.11052263,0.119832984,0.065892728
0.125611115,-0.031530064,0.124850978,-0.012804269,0.123584984,0.042725855,0.121987781,-0.039715926,0.119931809,0.017968906
0.125659257,0.080556926,0.124821573,-0.141428064,0.123551718,-0.027071888,0.121964575,0.017535197,0.119999901,-0.026572141
0.125656327,0.020691873,0.124837129,0.033102057,0.12353626,0.027171935,0.12195258,0.018233416,0.119956713,0.07990002
0.125639227,0.033169402,0.124799068,-0.176950061,0.123571199,0.086879223,0.121923497,0.144987072,0.119907338,-0.160012724
0.125632686,0.056687319,0.124846537,0.09502047,0.123545429,-0.050565173,0.121931167,-0.138909729,0.119945358,-0.237578606
0.125631589,-0.012894665,0.124809479,-0.008402323,0.123524139,-0.114866583,0.121978888,0.04721585,0.120035745,0.292022765
0.125635166,-0.091788686,0.124738282,-0.027860122,0.123542402,-0.050159984,0.121958598,0.133265687,0.119944433,-0.063277805
0.125621636,-0.047303488,0.124765445,0.041272113,0.123537416,-0.043061846,0.121925644,-0.010953678,0.11987517,-0.281672049
0.125585066,-0.03871214,0.124740768,0.014980086,0.123580534,-0.023558531,0.121922928,-0.013249918,0.11992132,0.115448911
0.125577801,0.011808084,0.124709634,-0.137084091,0.123584788,-0.008906543,0.12191261,0.087409315,0.119944725,-0.107241775
0.12555123,-0.168078078,0.124804713,0.110975033,0.123546614,-0.020924873,0.121968566,0.126718187,0.119978581,0.058327135
0.12555722,0.023672673,0.124737355,-0.172878584,0.123526186,-0.021831009,0.122012365,0.090491901,0.119970867,0.157478452
0.125574878,-0.104367009,0.124794886,-0.05833464,0.12346232,-0.017990977,0.121966621,-0.003167211,0.119872047,-0.175778084
0.125574976,-0.073948933,0.124821126,0.065522411,0.123434255,-0.052196499,0.12190389,0.042439627,0.119889272,0.08198787
0.125590192,-0.029807535,0.124800362,-0.020158629,0.123457081,-0.171454654,0.12190535,0.004957091,0.119875062,-0.176049312
0.125596178,0.153203107,0.124786089,0.017598519,0.123474348,-0.06351575,0.121886165,0.016428571,0.119955747,0.326067838
0.125559732,-0.000891546,0.124715273,-0.230469926,0.12347592,0.047674442,0.121904842,0.00503111,0.119860206,-0.179469453
0.125550738,-0.025665191,0.124759892,0.013076805,0.12344745,-0.091163155,0.121907349,-0.037849457,0.119841214,0.116682793
0.125565876,0.093020501,0.124743525,-0.107388736,0.123508449,-0.082453707,0.121910651,-0.073074197,0.119851934,-0.060856742
0.125578443,0.037266805,0.124808084,-0.017971011,0.123467678,-0.031678286,0.121952302,0.093449162,0.119962894,0.094051005
0.125555636,-0.183803794,0.1247391,-0.132871623,0.123397163,0.095924987,0.121899367,-0.176369507,0.120029462,0.189741999
0.125556135,0.043792485,0.124764861,-0.001647581,0.123463141,0.213770188,0.121947337,-0.030871241,0.119875897,-0.175471143
0.125573957,-0.04760034,0.124736865,-0.10207717,0.123406643,0.021804136,0.121921885,0.035060129,0.119845325,-0.106567414
0.125565614,-0.032935188,0.124737766,0.023123312,0.123391597,-0.084489778,0.121876986,-0.042124044,0.119943908,-0.00880977
0.125577111,-0.088672787,0.124745139,0.023918525,0.123428189,0.20114088,0.121910477,0.041671001,0.119974681,0.16453226
0.12556222,-0.042095718,0.124782125,0.102993756,0.123383869,-0.152416319,0.121876364,-0.041671322,0.119889645,0.002820722
0.125579287,-0.051766405,0.124763284,0.148315941,0.123429006,0.169442563,0.121798413,-0.05432002,0.119828031,-0.028696884
0.125574616,0.091674363,0.124737288,-0.036742544,0.123380828,-0.008961274,0.121814771,-0.113444963,0.119808205,0.024637963
0.125576175,0.053831735,0.124738461,-0.006167233,0.123396592,-0.042316461,0.121921443,0.186869068,0.119857748,-0.069355675
0.125589036,0.117771959,0.124754141,0.126081271,0.123369468,-0.108971471,0.12191246,-0.012601476,0.119876771,0.098321392
0.125567464,-0.093164859,0.124666517,-0.037156747,0.123345387,-0.212241634,0.121922005,0.06076741,0.119773616,-0.180887134
0.125603131,-0.021066614,0.124672042,0.003907732,0.123331005,-0.080588523,0.121893744,0.093347246,0.119793716,0.078042932
0.125579031,-0.116684395,0.124632645,-0.165013462,0.123360303,0.045834556,0.12184033,-0.081012702,0.119783289,-0.086370221
0.125553732,-0.006161402,0.124705721,0.030055311,0.123364753,0.003446515,0.121895392,0.122960404,0.119797758,0.034438888
0.125543217,0.105665464,0.124730975,0.028803621,0.123381119,0.038550123,0.121885618,-0.030305466,0.119884751,0.187698766
0.125556464,0.169000887,0.124706975,0.014657522,0.123379956,0.04897921,0.121855058,-0.021565225,0.119891962,0.141872862
0.125563147,0.073949664,0.124723242,0.065352955,0.123426376,-0.00161376,0.121791054,-0.042736823,0.119823074,0.015388328
0.125528185,-0.057460226,0.124657492,-0.159744548,0.123409042,-0.089959938,0.121749421,-0.073294709,0.119785601,0.164190935
0.125502676,-0.137282475,0.124680132,-0.087834496,0.123352939,-0.009900895,0.121829252,0.150357938,0.119812819,0.048888274
0.125519406,-0.041679763,0.12470648,0.005234673,0.12333566,-0.028518026,0.121863446,0.029876155,0.119823289,0.054061163
0.12550929,0.033589144,0.124683946,0.072032645,0.123419881,0.167191298,0.121819348,-0.061536357,0.119813538,-0.046837808
0.125502894,-0.100317635,0.12468809,-0.110675437,0.123381701,0.068847601,0.121841802,0.07963253,0.119794866,0.208446527
0.125491755,-0.094495123,0.124654512,-0.105410713,0.123337953,-0.064531728,0.121803316,-0.028196403,0.11974534,0.058301946
0.125500057,-0.042545932,0.124642689,-0.028682005,0.123381846,0.088816944,0.12188328,0.051963386,0.11970888,-0.056851762
0.125472784,-0.185556376,0.124758008,0.145901586,0.123390225,0.185133502,0.121897233,0.057675645,0.11980085,0.152860143
0.12551337,0.040866559,0.124674004,-0.002526936,0.123274134,-0.127869043,0.121833099,0.004447431,0.119887276,-0.029196412
0.125542164,0.01683378,0.124706418,0.045396745,0.123342122,0.093384526,0.121803324,-0.103786244,0.119927627,0.124797385
0.125487135,-0.054104749,0.124711861,-0.04723237,0.123313576,-0.076605575,0.121883325,0.072206835,0.119776146,-0.124786679
0.125486617,-0.0548598,0.12470897,-0.056979503,0.123377426,0.069578422,0.121881538,0.009983217,0.119708686,-0.214716294
0.12547621,-0.035442356,0.124653422,-0.036737132,0.123412827,0.098936114,0.121795549,-0.120448953,0.119736889,0.056165736
0.125506929,0.048549002,0.124679415,0.050939159,0.123378769,0.030880811,0.121789203,-0.068054559,0.119733403,-0.095730901
0.125458872,-0.023255071,0.124634315,0.016925061,0.123310981,-0.064223618,0.121853248,0.02000446,0.119801252,0.150826773
0.125465126,0.055828808,0.124634227,0.027487987,0.123311913,-0.087140139,0.12187018,0.029444381,0.119757339,-0.00983104
0.125508053,0.046568411,0.124649426,-0.121479184,0.123362377,-0.0816411,0.121859055,-0.085179678,0.119706398,-0.191910041
0.125479212,0.071769914,0.12465107,-0.092981106,0.123369872,0.06050972,0.121889235,0.134556722,0.119739696,-0.153243765
0.125490045,0.100166069,0.124636865,0.070820925,0.123333345,-0.16734106,0.121789286,-0.109755992,0.119778252,0.022010244
0.125449579,0.055356697,0.124595529,-0.069913194,0.123319393,-0.239769773,0.121794913,-0.141674803,0.119728143,-0.046209361
0.125444942,-0.090828301,0.124618728,0.111223745,0.123350201,0.025812026,0.121861777,0.240391179,0.119656331,-0.062163629
0.125414485,0.02882549,0.124613729,0.19402266,0.123310614,-0.047034903,0.121796356,-0.140989096,0.119635081,0.051465048
0.125418034,0.033516389,0.124626013,0.049875377,0.123313208,0.039864662,0.121805755,0.082003218,0.119627576,-0.088966336
0.125460481,0.010439306,0.124600745,0.125661465,0.123349662,0.12765353,0.121781398,0.017376447,0.119592089,0.035621041
0.125411705,-0.013382039,0.124612533,0.160799779,0.123275096,-0.054394051,0.121792811,0.000330075,0.119555421,0.044871854
0.125417058,0.099989826,0.124575285,0.132037916,0.123299532,0.148419182,0.121809942,0.077636612,0.119600601,0.115482844
0.125398351,0.018330428,0.124569482,0.086309869,0.123327364,-0.050054706,0.121859484,0.257615828,0.119628331,-0.080106747
0.125412159,0.125413991,0.124600012,0.109579768,0.123314656,0.087538078,0.121808782,0.092995483,0.11969017,0.261757303
0.125416564,0.072044354,0.124581977,0.034275583,0.123266982,0.051779614,0.1217431,-0.089297311,0.119634541,-0.093287349
0.125398534,0.036109204,0.124548392,-0.073269538,0.123270335,-0.06930912,0.121734257,0.102808891,0.11969032,0.155508647
0.125405735,-0.034020636,0.12455481,-0.001798805,0.123249154,0.074633163,0.121721024,0.131987056,0.119690779,-0.099162375
0.125379274,-0.016311263,0.124586775,0.065045721,0.123263028,0.241294794,0.121752986,-0.067435211,0.119673423,-0.07729711
0.125386563,-0.124461351,0.124533853,0.08790177,0.123303049,-0.069530983,0.121735417,-0.058224714,0.119625375,-0.107485202
0.125414077,0.094450277,0.124557875,-0.012828861,0.123293745,0.151851872,0.121694172,0.066200639,0.119617719,0.036891482
0.125420535,0.244525273,0.124542956,-0.021818983,0.123286688,0.27165728,0.121633593,-0.209112936,0.119581245,0.030430786
0.12536605,-0.109024391,0.124570468,0.075600033,0.123185491,-0.157404989,0.121701256,0.026589121,0.119540676,-0.137143007
0.125368906,-0.038300518,0.124534097,0.124904725,0.123245144,0.027270842,0.12166684,-0.082870991,0.119596763,0.003841602
0.125392383,0.042372733,0.124517471,0.001881679,0.123244563,0.050667295,0.12164112,-0.017119365,0.119568505,0.073799698
0.125403548,0.061594614,0.124519277,0.104664589,0.123284048,-0.077223787,0.121726906,0.018136585,0.119494959,-0.030841014
0.125407246,-0.113309413,0.124542588,0.11308265,0.123347614,-0.076326954,0.121735097,0.17272388,0.119495631,0.025588046
0.125397656,-0.170366048,0.124528049,0.048618191,0.123292744,-0.19181985,0.121649876,0.077385543,0.119520772,-0.142270699
0.125410173,0.164359814,0.124542366,0.026343409,0.123358826,-0.029425433,0.121655611,-0.055158587,0.119570067,0.158088379
0.125375763,0.153795945,0.12447015,-0.105912886,0.123378367,0.266503954,0.121664008,-0.061960956,0.119547827,-0.046542265
0.125382625,0.011418356,0.12452803,0.023509949,0.123224228,-0.122338164,0.121667545,0.056024357,0.119574072,0.043044694
0.125365562,-0.055906977,0.124525428,-0.012788614,0.123280849,0.104446008,0.121645261,-0.136229297,0.119511255,-0.109116983
0.125359095,-0.081058821,0.124498862,0.081105813,0.123238988,-0.063899282,0.121703175,0.028598888,0.119470421,-0.077075656
0.125356636,-0.1241398,0.124520082,-0.128440624,0.123232665,-0.152071346,0.121762318,-0.083602884,0.119551216,0.174642522
0.125365337,0.052719321,0.124560798,-0.006756828,0.123267844,0.131794265,0.121780386,0.207147145,0.119521964,-0.086596638
0.125361622,0.035282032,0.124544319,-0.087743976,0.123225696,-0.182782674,0.12167988,0.04038841,0.119527959,0.059597378
0.125323772,-0.007445931,0.124542899,-0.093755894,0.123267919,-0.029309939,0.121658999,-0.069218064,0.119508139,-0.020520225
0.125297725,-0.10199825,0.124600526,0.204626324,0.12327041,-0.10560449,0.121674998,-0.030712111,0.119515073,-0.068844291
0.12532152,0.038928022,0.124486328,0.010975085,0.123280477,0.120040502,0.121681642,-0.047351983,0.119515968,0.029202428
0.125311177,0.051432107,0.124502974,-0.00884202,0.123309472,0.197547122,0.121692161,0.018871619,0.119480727,-0.122021895
0.125345497,0.20365966,0.124493544,0.107142763,0.123294809,0.058463516,0.121661611,-0.009679735,0.11951024,-0.171414305
0.12531619,0.025175833,0.124516709,0.087412355,0.12328043,0.06583324,0.12168265,0.194020489,0.119575958,0.261040914
0.125289622,0.018046824,0.124500349,0.077089024,0.123238392,-0.052916725,0.121631095,0.024503445,0.11947539,-0.158269615
0.125288397,-0.003343348,0.124520048,0.047803839,0.123247139,-0.01245188,0.121578704,0.065589254,0.119457977,-0.167036881
0.12528641,-0.106437377,0.124447084,-0.102514403,0.123293157,-0.045641973,0.121622975,0.078191096,0.119506792,0.02614879
0.125311477,-0.011295217,0.124461828,0.138912759,0.1233234,0.187163558,0.121635687,0.117134065,0.119454984,-0.085680364
0.125285784,-0.076891093,0.124507743,0.126362067,0.123176342,-0.19311628,0.121602584,0.019675991,0.119518071,0.21682593
0.125267725,0.016187569,0.124474947,-0.000775314,0.123221384,-0.045329732,0.121523501,-0.171614534,0.119507176,-0.108639427
0.125286217,-0.049916171,0.124453974,-0.056322346,0.123217233,0.057253298,0.121562589,-0.018377199,0.119548558,0.098759963
0.125293163,-0.023208172,0.124436758,-0.028202065,0.12315347,0.094160646,0.121652333,0.201887088,0.119572954,0.266128558
0.125299028,0.164973102,0.124417534,-0.174904147,0.123112148,-0.123018324,0.121601017,-0.061815554,0.11943062,-0.177727364
0.125281081,0.175989233,0.124421646,-0.167457474,0.123147082,-0.049114304,0.121607868,-0.043005274,0.119440669,0.122606466
0.125251767,-0.062177787,0.124448512,0.064569058,0.123161717,0.192267086,0.121635309,-0.033644042,0.119416751,-0.126690751
0.125270371,-0.141390216,0.124433631,-0.0839672,0.123082422,-0.048724811,0.121657331,-0.062681424,0.119389222,-0.131150601
0.125267566,-0.050199331,0.124436674,-0.190508967,0.123190284,0.184387906,0.121605675,-0.110529263,0.119400571,-0.001088748
0.125274246,-0.079146738,0.124461661,-0.071146451,0.123163608,-0.051429156,0.121554955,-0.031407515,0.119461863,0.083903552
0.125271051,0.022981988,0.124440369,-0.019384949,0.123141137,0.10671621,0.121610868,0.009771223,0.119421117,0.184349024
0.125306591,0.093290339,0.124381779,-0.099872909,0.123138525,-0.058801497,0.121581496,-0.041018667,0.119364468,-0.105385893
0.125279004,0.007561842,0.124428301,0.096979956,0.123124204,-0.15822622,0.121564719,0.074902551,0.119439137,-0.055699037
0.125233382,-0.078732674,0.124440511,-0.109605162,0.123113649,-0.072902126,0.121546668,-0.105438632,0.119465067,0.194006996
0.125255505,0.089021724,0.124429211,-0.060427993,0.123100345,-0.016242868,0.121617837,0.115695951,0.119414422,-0.091160373
0.125239504,0.037212318,0.124406881,-0.098883993,0.123113046,-0.085380696,0.121623666,0.175032998,0.119366121,-0.14910744
0.125210816,-0.101491473,0.124415249,-0.085098539,0.123112399,0.021231978,0.121534682,-0.025166048,0.119348661,0.119519059
0.125232603,-0.007139723,0.124416075,0.052167793,0.123096774,0.066421087,0.121492968,0.056673049,0.119301995,-0.115078533
0.125252613,0.166327089,0.124389905,-0.152207177,0.123146465,0.202385053,0.121478417,0.010458071,0.119332438,0.148672082
0.125228307,0.053810563,0.124422155,-0.127566613,0.12314123,0.188509825,0.121504426,-0.088653132,0.119363179,-0.000246821
0.125264301,0.083475251,0.124403021,-0.027090715,0.12307337,-0.059960846,0.121574949,0.044118801,0.11939988,-0.05941564
0.125246693,0.155602358,0.124386897,0.073456166,0.123099088,0.143561562,0.121577508,0.022855958,0.119473128,0.032671703
0.125224918,-0.035231851,0.12439221,0.017987647,0.123120972,0.072153091,0.121482177,0.075381352,0.119491822,0.124460734
0.125233658,-0.008174332,0.124345555,-0.017345542,0.1230798,-0.111970282,0.121412261,-0.005197233,0.119497838,0.10368637
0.125227877,-0.050316525,0.124383309,0.23051125,0.12312809,-0.026219235,0.121466612,0.032961662,0.119415419,0.070546274
0.125238475,0.105762019,0.124341238,-0.087522027,0.123170938,0.078674878,0.121581097,0.133908773,0.119320768,-0.331349696
0.125232056,-0.056616523,0.124384675,0.158060175,0.123156848,0.052349516,0.121584431,-0.039597244,0.119409074,0.016418053
0.125257399,-0.017883307,0.12432464,-0.048190744,0.123119911,-0.02540494,0.121570403,-0.094729448,0.119402775,-0.124480013
0.125205289,-0.055946797,0.124376082,0.181194921,0.123151281,0.136887143,0.121572514,0.133881428,0.119386451,-0.016293195
0.125236439,-0.008790957,0.124329359,-0.124504052,0.123084408,0.005100049,0.121466929,-0.174878218,0.119337287,-0.113825556
0.12521375,-0.029272979,0.12437529,-0.008805145,0.123058693,-0.050412569,0.121466786,0.034646139,0.119380817,0.183048284
0.125218167,0.029368098,0.124369256,-0.138721843,0.123061845,0.017491689,0.121484829,0.108058739,0.119392401,0.229723832
0.125213128,-0.014791734,0.124409036,-0.057557636,0.123043827,-0.106385205,0.121506177,0.127724096,0.119397158,0.0215049
0.125233141,0.177327102,0.124331454,-0.184442018,0.123083078,-0.17368799,0.121472767,-0.089102805,0.119440268,0.096460231
0.125198727,0.144353043,0.124324003,-0.062773618,0.123134664,0.080524833,0.121487009,0.031990135,0.119425012,0.131747834
0.125209923,-0.107560151,0.12434984,0.02248377,0.123051718,0.035510733,0.121523936,0.064362722,0.119321495,-0.242044182
0.125218709,-0.040453492,0.124334965,-0.078589887,0.123061085,-0.067356891,0.121455047,-0.180920669,0.119347957,0.047418129
0.125227626,0.047751336,0.124332889,-0.017247443,0.123117521,0.100906206,0.121414433,-0.011014079,0.119343931,0.112747436
0.12519283,-0.107399585,0.124310377,-0.133323584,0.123064724,0.036906919,0.121452586,0.094474,0.119339106,0.08987371
0.125183715,0.030641883,0.124349048,-0.094308743,0.123053624,0.058792528,0.121464807,0.050368132,0.119386035,-0.008470544
0.125192293,0.026067901,0.124326794,0.005219529,0.123056041,0.061523808,0.121463975,-0.02436544,0.119397141,0.238586391
0.125198336,-0.002648911,0.124289301,-0.111383462,0.123040491,-0.115678776,0.121472435,-0.092898676,0.119268775,0.002306507
0.125210441,-0.011403399,0.124352846,0.051952351,0.123068078,0.038792815,0.121511085,0.04729021,0.119213903,-0.176187735
0.125184936,0.067076189,0.124351797,0.120262253,0.123042122,-0.02773702,0.12153855,-0.013756508,0.119281265,-0.086135897
0.125193827,0.10871033,0.12431806,-0.112927842,0.12307101,0.006271997,0.121526582,-0.139510611,0.119314027,0.161444534
0.125188221,0.078932339,0.124323117,-0.094600032,0.123037572,0.034407972,0.121490458,-0.049079172,0.119263042,-0.178497475
0.125138987,-0.192893051,0.12429416,-0.142828926,0.123025617,-0.085283125,0.121438748,0.023457551,0.119273335,-0.0350791
0.125162364,-0.0099241,0.124323336,0.003730687,0.123018502,-0.089249856,0.121393635,0.059965387,0.119296812,0.011239645
0.12516763,0.099098118,0.124308711,0.075211249,0.12305731,0.007525834,0.121402176,-0.089711934,0.119321541,-0.001919466
0.125148606,-0.045691799,0.124327204,0.122308925,0.123024384,-0.102752974,0.121514501,0.013351204,0.119288585,0.171463323
0.125163668,0.000901784,0.124302637,-0.04319419,0.12303262,0.044857624,0.121578809,0.12070392,0.119256818,-0.095348287
0.125143599,-0.06394696,0.124278486,-0.001324281,0.123021576,-0.136290739,0.121543192,0.123976246,0.119299963,0.189129745
0.125175172,-0.045368913,0.124322264,0.072873104,0.123089908,0.143135826,0.121406529,-0.155014395,0.11926326,0.015767215
0.125144558,-0.217704399,0.124383858,0.195183301,0.123051253,-0.131887312,0.121464455,0.071764083,0.119307833,0.205269071
0.125168579,0.085308167,0.124353053,0.182805069,0.123033544,-0.015194619,0.12143383,-0.174483432,0.119222221,-0.186277894
0.125147054,0.102367654,0.124295521,0.001166104,0.123023018,0.059358642,0.121458611,0.052489095,0.119175204,-0.07709173
0.125142039,-0.054782502,0.124339309,0.085179448,0.122995924,-0.078219159,0.121429293,-0.166215272,0.119231859,-0.054898433
0.125153272,-0.022307921,0.124335886,0.095315532,0.123036827,0.012698882,0.121435297,-0.107250194,0.11929431,0.053926558
0.125148273,0.027856933,0.124288956,-0.032770846,0.12307461,0.049510175,0.121479701,-0.005742115,0.119287369,0.167833398
0.125160093,-0.075184293,0.124314195,0.103324402,0.12306893,0.065799385,0.121432927,-0.11407733,0.119200559,-0.204374865
0.12519603,0.022088834,0.12433116,0.026858116,0.122995892,-0.037549483,0.121464354,-0.009521087,0.119179967,-0.135320184
0.125147823,-0.113286964,0.124303721,0.125748366,0.123102288,0.285861702,0.121413022,0.025807874,0.119201013,0.049520784
0.12517414,0.097493485,0.12424279,-0.158378019,0.123054937,-0.094050188,0.121377528,0.040187896,0.119270294,0.126820692
0.125139066,0.010691681,0.124301992,-0.061878646,0.123048836,-0.084216173,0.121324432,-0.174578419,0.119279339,-0.011271134
0.125138535,-0.013726125,0.124304994,0.006144908,0.123018547,-0.085669726,0.121401915,0.128112651,0.119281398,-0.127133748
0.125160051,-0.079386625,0.124304015,-0.039808524,0.122995842,-0.056063833,0.12137173,-0.324759238,0.119314829,0.229372676
0.125133848,0.053587614,0.124338334,-0.029536627,0.123034075,-0.050410519,0.121425932,0.012776316,0.119256646,0.052923191
0.125135013,0.009830345,0.124302681,-0.015430047,0.123020491,-0.039467727,0.121457791,0.101961523,0.119254064,0.228478156
0.125128436,0.091640505,0.124280753,-0.060784146,0.12297167,-0.13821363,0.121401486,-0.029938904,0.119147737,-0.111610535
0.125133573,0.060004482,0.124247748,-0.0788021,0.122989684,-0.056568848,0.121389114,0.109248038,0.119148421,-0.008255925
0.12512496,0.060610425,0.124257316,-0.089592663,0.123031888,0.114033565,0.121389296,0.036349856,0.119181006,0.200953313
0.125138321,0.020788688,0.124258212,0.0599405,0.122999552,0.02175327,0.121348531,-0.12963533,0.119100976,-0.038273673
0.12511573,-0.096851861,0.124242073,-0.135987306,0.122963411,-0.178365065,0.121371955,-0.073451736,0.119086306,-0.198895339
0.125132018,-0.087193007,0.12430487,0.032360521,0.123040857,0.033902725,0.121426693,0.062333659,0.119176303,0.094256187
0.125119845,0.108729546,0.124220783,-0.117851782,0.122973353,-0.023978338,0.121438827,-0.107148537,0.119241391,0.213932673
0.125130346,-0.087997187,0.124260017,0.091765342,0.122941868,-0.113549176,0.121440232,-0.039583208,0.119215198,0.09737962
0.125168717,0.19996688,0.124248465,0.195977886,0.122947407,0.051534545,0.121414604,0.148797457,0.119134045,-0.070219647
0.125154472,0.127585164,0.124200165,0.056881171,0.122957983,0.115379574,0.121360693,-0.11362557,0.119152415,0.042838525
0.125160165,0.09228837,0.124256059,0.07024526,0.122965432,-0.080034885,0.121308591,-0.082014547,0.119102663,-0.024365194
0.125112505,-0.045576113,0.12419689,-0.005727438,0.122998271,0.09572177,0.121351442,0.078264451,0.119070728,0.113719911
0.12511911,0.029763019,0.124196823,-0.120277287,0.122944834,-0.103192863,0.121377326,-0.064621849,0.119012041,0.006695919
0.12513874,0.061125129,0.124199213,-0.264295692,0.123007721,-0.052806217,0.121390203,0.022058149,0.118979414,-0.14352142
0.125098978,-0.101817603,0.124211282,-0.166872777,0.122961277,-0.132959681,0.121383518,-0.215350063,0.119049204,-0.11257214
0.12514413,0.028716326,0.124216791,-0.179584571,0.122975652,0.170549185,0.121444445,0.207577864,0.119171783,0.033404851
0.125109691,-0.015901751,0.124267578,0.080745981,0.122994328,0.019794658,0.121352878,0.050128481,0.11913623,-0.133619891
0.125114001,0.096218117,0.124238765,0.067721939,0.123002308,-0.059929063,0.121318981,-0.068854883,0.119071887,-0.057113056
0.125137731,0.09843037,0.124188968,0.016414007,0.122987228,0.020435639,0.121365233,0.008743386,0.119086893,0.111847097
0.125097938,0.078834657,0.124222857,0.081757077,0.122956138,0.051509525,0.121388625,0.036388518,0.119019086,-0.072792209
0.125096,-0.053478967,0.124237322,-0.018727217,0.122951695,-0.031227316,0.121401926,-0.001938808,0.119081957,0.091114612
0.125117069,0.042971144,0.124267636,0.183399303,0.12303702,0.203710184,0.121347725,-0.240182306,0.11912846,0.219314198
0.125082359,-0.146535142,0.124204233,-0.084059193,0.122983803,-0.067753227,0.121333581,-0.100438054,0.119064357,-0.021404522
0.125123361,0.149303111,0.124236835,-0.091250393,0.122971333,-0.103734783,0.121283773,0.014304205,0.119053576,-0.1239187
0.12508653,0.041666138,0.124273591,0.053716211,0.122927892,-0.081319442,0.121202632,-0.070505279,0.119056619,-0.160863967
0.125043836,-0.074932823,0.124246715,-0.093252849,0.122888719,-0.080364678,0.121210867,0.078951305,0.119040972,0.125773719
0.125104352,0.054267393,0.124296136,0.252030883,0.122932995,-0.137504232,0.121164962,-0.193818025,0.118985729,-0.142797985
0.125095785,-0.017467877,0.124232245,0.282879261,0.122999991,0.133054051,0.121284525,-0.009611676,0.119024697,0.116582366
0.125077104,-0.039047003,0.124171265,-0.004561729,0.12290855,-0.244820021,0.121348492,0.033176857,0.119012123,-0.025953735
0.125070048,0.009167108,0.124212699,0.072208481,0.122995614,-0.007440763,0.121299086,0.014965535,0.119046875,-0.125806701
0.125069916,0.000598988,0.124167233,-0.081088792,0.122942223,-0.059458888,0.121303482,-0.006034933,0.119076532,-0.050165517
0.125072006,0.071816362,0.124128762,-0.035558785,0.122926012,0.315613231,0.121338976,-0.08526027,0.118993219,-0.075400105
0.125116236,0.134598894,0.124178243,-0.000932188,0.12287039,0.013202629,0.121400778,0.083483764,0.118956116,-0.183404035
0.125081578,-0.125160637,0.124150292,0.067262933,0.122873182,0.003662976,0.12132473,-0.119705104,0.11902356,0.069748163
0.125086261,-0.075708358,0.124155429,0.16430425,0.122904382,-0.044154153,0.121305233,0.093485943,0.11903252,-0.096983357
0.125053907,0.08342071,0.124203281,0.008608316,0.122904284,-0.066130142,0.121261486,-0.031819009,0.119027478,-0.080471962
0.1250683,-0.121240781,0.124170175,-0.055926289,0.122907428,-0.027361693,0.121305837,0.304446683,0.11899624,0.114784003
0.125075281,0.047543898,0.124199434,0.05629509,0.12287788,-0.097436466,0.121243762,-0.005995518,0.118988868,-0.114216485
0.125105211,0.095901147,0.124194397,0.012081546,0.122869771,0.040514624,0.121254012,0.102727057,0.118970907,0.117903093
0.125072911,-0.075509506,0.12416218,-0.002718889,0.122847874,-0.183331935,0.121202998,-0.179408403,0.11888089,-0.161268768
0.125050181,-0.129742393,0.124208624,-0.000335014,0.122890427,-0.027077939,0.121239522,0.064557662,0.118953455,-0.071527149
0.125094724,0.139864946,0.124201151,0.119297193,0.122868264,0.001157531,0.121249782,-0.119738826,0.119022767,0.141504402
0.125050883,-0.019949147,0.12414042,-0.129100057,0.12279867,-0.12246017,0.121273437,0.184427245,0.118926455,-0.239128372
0.125060364,0.028867376,0.124170777,-0.035270407,0.122871431,0.38883666,0.121191964,-0.032197893,0.11898882,0.125636239
0.12502328,0.019735819,0.124172735,-0.140677961,0.122811518,-0.037240757,0.121190292,0.053417425,0.119014905,0.056730381
0.125009756,-0.035726882,0.124238745,0.096402251,0.122883497,0.091133021,0.121181942,0.089766534,0.11894752,-0.05578522
0.125033863,0.005941274,0.124227214,0.032232933,0.122902933,0.048456819,0.121194796,-0.133960415,0.118935646,-0.052719696
0.125039618,0.065161825,0.124160847,0.016674906,0.122915436,0.033649031,0.121257502,0.128080711,0.118949974,-0.001083369
0.12505805,-0.062521601,0.124132612,0.035653298,0.122886262,-0.016296175,0.121222035,-0.033010977,0.118951399,-0.028525397
0.125010582,-0.013927578,0.124128419,0.046792439,0.122871506,0.021975045,0.121220968,0.013498261,0.118995653,0.232910267
0.125029625,-0.087053767,0.124083294,0.027030864,0.12291229,0.106731895,0.121212227,0.075647793,0.118935734,-0.116341241
0.125030216,0.068467004,0.124103831,0.012952088,0.12288664,0.056037803,0.121174671,-0.034424654,0.118913643,-0.058877246
0.125018487,0.005763097,0.124087083,-0.009062583,0.122826474,-0.010933985,0.121197623,0.094845333,0.118950912,0.025753421
0.125002165,-0.056433395,0.124104722,0.14270508,0.12281945,0.171759654,0.121224604,-0.076165908,0.118982619,0.058239539
0.125006624,0.108446241,0.124099836,0.090276082,0.12282087,0.059178384,0.121249323,0.038961586,0.118988265,-0.094782507
0.124991791,-0.020453927,0.124110904,-0.009948142,0.12283499,-0.020403236,0.121148305,-0.190313443,0.118996356,0.258038021
0.125017946,-0.008710201,0.124103738,-0.040788513,0.122821582,0.00087514,0.121131012,0.077329748,0.118931566,-0.109416388
0.125018723,-0.010669125,0.124067146,-0.149098781,0.122838401,0.124583573,0.121098505,0.06561771,0.118961412,0.018722628
0.125010334,-0.160941355,0.124090441,0.077267255,0.122765517,-0.045094767,0.121106182,-0.081813208,0.119013676,0.116902533
0.124979474,0.056824729,0.124048687,-0.032089663,0.122825456,0.068555172,0.121127814,-0.112673156,0.118997141,0.23988822
0.124997663,0.009372218,0.124039198,0.016558908,0.12286363,0.153352807,0.121192391,-0.030913775,0.118873379,-0.06001102
0.124998425,-0.058650695,0.12405444,0.051564445,0.122807993,-0.273319046,0.12121327,0.152490998,0.11881231,-0.17127291
0.124979711,0.056347804,0.124076378,0.063601896,0.122948733,0.264369298,0.121128884,-0.030328539,0.11884666,0.109451922
0.125006999,0.113613688,0.124081186,-0.090002137,0.122876743,-0.114317922,0.121148416,-0.069634194,0.118876276,-0.019540331
0.124978431,-0.069547556,0.124142163,-0.014104808,0.122850436,-0.069527836,0.121209377,0.224939993,0.118933395,0.110263847
0.124975273,-0.010241052,0.124079553,-0.199921347,0.122792188,-0.067480263,0.121134202,0.036851441,0.118774168,-0.278066732
0.124991192,-0.025216312,0.124122126,0.057798208,0.122801684,0.067690851,0.121085296,-0.156129096,0.118714923,-0.068483741
0.124973647,-0.13150739,0.124073349,0.015031744,0.122801942,0.122480423,0.121100686,0.076640812,0.11878272,-0.149735957
0.124992715,0.080611966,0.124074327,0.085504817,0.122792969,-0.007894001,0.121092371,-0.093512104,0.118866809,0.150190984
0.12500185,0.149878928,0.124006381,-0.098837158,0.122800693,-0.014026398,0.121133416,0.094479161,0.118815039,0.02185704
0.124969143,-0.110125189,0.124040493,-0.017174531,0.122784385,0.101111256,0.121155777,0.118569007,0.11882325,0.053762
0.124992489,0.090316283,0.124003105,-0.151503976,0.122726558,-0.088184341,0.121139328,0.143548356,0.118840195,-0.247480231
0.124981296,0.064192545,0.124046428,-0.061578549,0.122786934,0.083276192,0.121040913,-0.117471235,0.118862156,-0.075749838
0.124976887,0.05260943,0.12404613,0.05719366,0.122876396,0.108639141,0.121106807,-0.065442608,0.118897545,0.184486882
0.125002756,0.138839976,0.12403536,-0.018933858,0.122831315,-0.143482764,0.121152457,0.050629195,0.118839184,-0.026108938
0.125009799,-0.006286893,0.124005371,-0.058856776,0.122747999,-0.126271644,0.12115216,-0.179160616,0.118815921,-0.036719414
0.124986168,0.044563341,0.124000214,-0.095681401,0.122769133,0.113014179,0.12114089,-0.159178861,0.118850458,-0.068763113
0.124994636,0.008539475,0.124041193,0.21720766,0.122737902,-0.107220859,0.121153513,0.086442739,0.118939632,0.310778146
0.124960267,-0.084997949,0.123977562,-0.025349489,0.122789806,0.02469587,0.121120455,-0.059562436,0.11888813,-0.091931393
0.124930208,-0.123486659,0.123997509,-0.144510563,0.122862237,0.032218091,0.121129212,-0.035092105,0.118823701,0.097030051
0.124938852,-0.077380184,0.124058366,0.039486786,0.12278619,-0.056497072,0.121154564,-0.154751976,0.118724517,-0.154196022
0.124953909,-0.018606596,0.124019244,0.04174086,0.122757517,-0.08329585,0.121201033,0.262119957,0.118757993,0.142162425
0.124976688,0.102206162,0.12402333,0.076740805,0.122769876,-0.081205923,0.121089229,-0.030509446,0.118787234,-0.155112835
0.124976845,0.006814634,0.124028625,0.035744346,0.122747089,0.059144432,0.121040305,-0.154264145,0.118841681,0.132751289
0.124996003,-0.020914016,0.124025314,0.037101952,0.122785366,0.128451248,0.121054346,0.03768862,0.118814088,0.202019581
0.125013396,0.053541494,0.124011363,-0.076857976,0.122722038,-0.206948795,0.121097007,0.07424281,0.118755592,0.092611947
0.124976723,0.012344485,0.124036707,0.054213099,0.122768624,-0.069578868,0.121060548,-0.045716959,0.11872447,-0.177776883
0.125029988,-0.065854197,0.124009918,-0.015319099,0.122791757,0.139247151,0.12105998,0.165681637,0.118819131,0.15062135
0.12499369,0.027440661,0.124031787,0.019154508,0.122709401,-0.139404562,0.120997152,-0.042884667,0.118839265,0.010116649
0.124950384,-0.10311976,0.124001974,-0.046502828,0.122730716,0.01751683,0.121053356,0.046853379,0.118802249,-0.084031705
0.12497979,0.173228047,0.124001841,-0.112335065,0.122741679,-0.120823277,0.121087121,-0.041049141,0.118770158,0.14124603
0.124978066,-0.162402628,0.123962913,-0.101745312,0.122772482,-0.004359331,0.12106258,0.003359277,0.118739235,-0.23478853
0.124934577,-0.081529152,0.123965451,-0.066064068,0.122796575,0.091553186,0.121057584,0.331711497,0.118776762,0.135140198
0.124957237,-0.097707858,0.123960532,-0.034959187,0.122781573,0.126102329,0.121020034,0.007655964,0.118763461,0.176222717
0.124959994,-0.067584365,0.123929249,-0.065744827,0.12270824,0.0804476,0.121039383,0.072188672,0.118732543,-0.323107969
0.12494081,-0.042730315,0.123921165,-0.102926352,0.122722298,0.048534315,0.121048971,-0.003265185,0.11889842,0.518621945
0.124937187,-0.058770488,0.123929653,-0.095536277,0.122775577,-0.010310154,0.121051331,-0.154673731,0.118790435,-0.069785222
0.124951111,0.141702329,0.123882939,-0.153805718,0.122704948,-0.080097234,0.121075377,0.032431237,0.118706185,-0.226221761
0.124958695,0.10719062,0.123924419,-0.023829817,0.122700344,0.027674166,0.121005734,0.003239784,0.118726929,0.022439168
0.124950375,-0.069276035,0.123947619,0.077725425,0.122696694,-0.034035111,0.121024737,-0.017097651,0.118730308,-0.080146933
0.124929369,0.070868565,0.123881865,-0.223569048,0.122761983,0.257306879,0.121115975,0.294897955,0.118734037,-0.121620471
0.124932278,-0.078688328,0.123906657,-0.036720204,0.122726012,0.032604933,0.121009592,-0.033465081,0.118745249,0.027315425
0.124939864,-0.037148227,0.12396324,0.061743744,0.122744248,-0.0182752,0.120971427,-0.248684234,0.118711082,0.107834123
0.124936141,-0.042528914,0.123930167,-0.094145248,0.122764622,0.002045106,0.121007157,-0.20531327,0.118671859,-0.208207697
0.124939142,0.07006469,0.123950656,0.159250651,0.12279978,0.131844783,0.121089803,0.069010398,0.118762535,0.136276416
0.124936331,0.058621554,0.123910971,0.063945629,0.122698106,-0.228846765,0.121056587,-0.122173326,0.118781795,0.030175069
0.124914695,-0.01770747,0.123953753,0.084510582,0.122795118,0.25540568,0.121057841,-0.132978484,0.118748487,-0.005305856
0.12490567,-0.001157223,0.123981045,-0.021288786,0.122655337,-0.215891444,0.121010949,-0.109312183,0.118681399,-0.141714753
0.124874646,-0.059136871,0.123948647,-0.005538455,0.122683157,0.0857394,0.121041502,0.085945964,0.118653487,-0.044065514
0.124921186,0.081815477,0.123946818,-0.138225657,0.12270208,0.193004684,0.121023359,-0.159912267,0.118654682,-0.149549292
0.124921962,0.030665024,0.123967297,-0.066224405,0.122662871,-0.115602322,0.121122504,0.027340427,0.118705488,0.128159733
0.124934275,-0.106895017,0.123952256,0.007634718,0.122686344,-0.171690506,0.121145532,0.186176706,0.118663997,-0.107818939
0.124920594,0.052792537,0.123995333,-0.009619726,0.122728932,-0.250966546,0.121030652,-0.307580766,0.118674704,-0.146163375
0.124881917,0.078561312,0.12399532,0.014488161,0.122751523,-0.023915113,0.121024003,0.059549974,0.118748851,0.187305483
0.124885987,-0.080722121,0.123979972,-0.020534429,0.122735187,0.0073464,0.120971041,-0.079442003,0.118744687,0.031519022
0.124930241,0.091579776,0.123995025,0.242768744,0.122694478,0.08754698,0.12097445,-0.134643707,0.118663019,-0.164008636
0.124894587,-0.075365484,0.123917091,0.071954451,0.122687391,-0.069439619,0.120948993,-0.055259595,0.118656058,0.125163458
0.124934089,0.121507355,0.123924834,-0.076249422,0.122646135,-0.023403977,0.120976498,0.110504229,0.118629057,-0.188498868
0.124943444,-0.010833583,0.123893891,-0.010027246,0.122625812,-0.111589439,0.120940781,-0.042886167,0.118709872,0.105843155
0.124929325,-0.006004569,0.123872437,-0.048170278,0.122686046,-0.079565996,0.120961337,0.033547055,0.11865925,0.07485143
0.12494365,0.151596618,0.123909908,0.049173427,0.122693692,-0.130475827,0.120982667,-0.039214324,0.118574611,-0.064618452
0.124924228,-0.056847666,0.123870359,-0.062283702,0.12275201,0.172652842,0.120963143,-0.141287151,0.118579173,-0.156974134
0.124933042,0.034025067,0.123915309,-0.126268903,0.122632762,-0.101204953,0.120954584,-0.242125594,0.118654113,0.226739945
0.124908131,-0.194690432,0.123865007,-0.214829205,0.122658869,-0.093917088,0.120950502,0.109175416,0.118663975,-0.017980412
0.124936089,0.066543811,0.123907498,-0.134177129,0.122669633,-0.015081472,0.120931928,-0.157094758,0.118617096,-0.102805976
0.124941747,0.141383574,0.123901698,-0.182970355,0.122629663,-0.001507376,0.121019467,-0.008553,0.118696996,-0.086999593
0.124926725,0.005370643,0.123929546,0.042510245,0.122694132,0.127975183,0.121021141,0.063711027,0.118728284,0.187325862
0.124900701,-0.055231265,0.123941803,0.12417166,0.122691254,-0.061030144,0.120963049,0.141100534,0.118656892,-0.111924513
0.124895787,0.074204218,0.123911167,-0.002291224,0.12266005,-0.071642905,0.120844731,-0.0432955,0.118672248,0.056846841
0.124903024,-0.134294006,0.123870969,-0.026469701,0.122637447,-0.035537394,0.120813457,-0.044285457,0.118693904,0.024556229
0.124900904,0.016121722,0.123903964,-0.022944383,0.122645665,0.1037347,0.120850893,0.033619155,0.11869972,0.102646877
0.124907234,0.114735432,0.123936441,0.146296165,0.122602769,-0.41879138,0.120891556,0.115116255,0.11866913,-0.160403837
0.124894093,-0.073330862,0.1238975,0.076990016,0.12268794,0.114955496,0.120905277,0.176680675,0.118726853,0.279550931
0.124901016,0.0857868,0.123907198,0.109047536,0.122668483,-0.009992625,0.120879048,0.072925714,0.11863762,-0.101364048
0.124906495,-0.021353576,0.123865048,-0.08332558,0.122659209,0.042057202,0.120868532,0.007177078,0.118605037,0.152257341
0.124899639,0.010661107,0.12389594,-0.064708126,0.122587024,-0.185392429,0.120910264,-0.030351836,0.118564433,-0.220155048
0.124879108,0.018595272,0.123925843,0.115084415,0.122580185,-0.009854891,0.12099548,0.285954986,0.118673856,0.299229427
0.124870163,-0.007161601,0.123880788,0.086373997,0.12264913,0.030210465,0.120949746,-0.142213618,0.118654415,0.20703095
0.124888351,-0.040606634,0.123845635,0.008464468,0.122631311,-0.014343193,0.120937255,0.023779603,0.118556773,-0.177973417
0.12491514,-0.012974715,0.123843017,-0.099339918,0.122658077,0.105759875,0.120945548,0.138119658,0.118552054,-0.076200625
0.124899551,0.008069056,0.123873892,-0.120742504,0.122585431,-0.269356992,0.120928464,-0.095670678,0.118507887,-0.125123927
0.124918342,0.129392376,0.123842201,-0.149896906,0.122584244,0.030633614,0.120926557,0.083001178,0.118510356,0.014109224
0.124916921,-0.00599511,0.123833452,-0.023561987,0.122614803,0.13306797,0.120821295,-0.350780307,0.118592441,0.101829585
0.124879987,0.00877389,0.123849696,0.032424455,0.122597637,0.010796835,0.120898899,0.183564385,0.118618455,0.105589653
0.124934041,0.117951532,0.123869489,0.031781699,0.122621315,0.03490255,0.120935703,-0.014677329,0.118550141,0.039704207
0.124930518,0.035287609,0.123895019,-0.0166131,0.122621839,0.144593664,0.120952514,0.086034751,0.118489157,0.000322381
0.124904566,0.039052983,0.123820424,-0.038108975,0.122548908,-0.125095861,0.120912789,0.051157561,0.118493049,-0.020241255
0.124897519,-0.035759742,0.123867402,-0.021262561,0.122667638,0.150770558,0.120909794,0.100175893,0.118544832,-0.083765235
0.124907827,0.13048801,0.123870165,-0.192478234,0.122611634,0.085929762,0.120848964,-0.056235602,0.118586597,0.167569174
0.124878412,0.031134762,0.123858687,-0.100196216,0.122570564,0.046761181,0.120841201,-0.009572478,0.118546793,-0.141563648
0.124862799,-0.116937152,0.123891557,0.106357907,0.122610716,0.008449046,0.120826967,-0.233553847,0.118580302,-0.036473837
0.124877872,0.012401822,0.123802047,-0.209536928,0.122626283,-0.092762064,0.12091124,0.215057331,0.118573913,-0.100262396
0.124860805,-0.069519138,0.123894655,0.090477134,0.122591563,-0.013824443,0.120828544,-0.160730646,0.118605006,0.033349895
0.124872457,0.125136781,0.123903438,0.151451397,0.122589511,0.050766739,0.120847161,0.176880674,0.118674007,0.243844738
0.12486619,0.073144146,0.123829536,0.108510529,0.122586588,-0.038054234,0.120883415,0.096935029,0.118579691,-0.036835032
0.124861961,0.028109747,0.123792027,-0.092023433,0.122632033,0.055840562,0.12081245,-0.056319056,0.118509878,-0.062149351
0.124849907,-0.036809341,0.123822529,-0.017978736,0.12259765,-0.205719593,0.120793323,-0.064006405,0.118542421,0.188326153
0.124855551,0.056276827,0.123800627,0.028670266,0.122581016,0.029861116,0.120911978,0.119968569,0.118505336,-0.243646026
0.124849851,0.126166147,0.123868449,0.092945082,0.122549056,-0.126416465,0.12094135,0.084712023,0.118519306,-0.043264041
0.12483752,0.054012999,0.123826143,-0.028178229,0.122592415,-0.028466807,0.120872507,0.105968395,0.118534494,-0.031918064
0.12487347,0.086163094,0.123800308,-0.181264071,0.122615172,0.0405678,0.120804556,-0.030303266,0.118558131,0.252341391
0.124849704,0.009607289,0.12383448,-0.055484193,0.122587293,0.145539711,0.120809453,-0.055295671,0.118433645,-0.092638783
0.124858555,0.033202515,0.123840975,0.20998729,0.122486896,0.03358833,0.120870183,-0.00850735,0.118432291,0.01000612
0.124834725,-0.023696332,0.123764289,-0.2773538,0.122490715,0.187769681,0.12086913,-0.015009699,0.118477692,0.004102087
0.124865208,0.00492955,0.123868103,0.154690863,0.122466257,-0.001970991,0.120863693,0.158123755,0.118498153,-0.002213832
0.124877584,0.067397993,0.123787382,-0.111707705,0.122569058,0.159765312,0.120816501,-0.138682652,0.118536513,0.259996178
0.12491095,-0.039818929,0.123815986,0.144894373,0.122561422,-0.127273585,0.120833982,0.086578421,0.118547596,0.028108915
0.124903825,0.002435375,0.12380385,0.027194841,0.122528602,-0.016821524,0.120861016,0.182490902,0.118518295,-0.121867511
0.124867053,-0.044925643,0.123833728,-0.015738195,0.122496158,-0.045286682,0.120822931,0.236520358,0.118476096,-0.035958924
0.124899034,-0.046132938,0.123797063,-0.157081197,0.122504556,-0.021829824,0.120722133,-0.183058037,0.118454571,-0.159426109
0.124898242,-0.056020921,0.1238732,0.079762681,0.12246781,-0.246792056,0.120771719,0.009749653,0.118475337,-0.031655208
