7.80E-05,-85.89285272,7.80E-05,-85.90084228,7.80E-05,-85.66904868,7.80E-05,-84.2397791,7.80E-05,-83.35799769
0.000178,-82.19911178,0.000178,-82.83989032,0.000178,-82.43239478,0.000178,-81.89010301,0.000178,-81.86516899
0.000278,-80.97290217,0.000278,-80.26212591,0.000278,-78.30109751,0.000278,-76.28477775,0.000278,-73.50842443
0.000378,-78.29890678,0.000378,-76.31553945,0.000378,-74.02496537,0.000378,-71.11688315,0.000378,-66.69159962
0.000478,-74.72869057,0.000478,-72.64564029,0.000478,-69.15051409,0.000478,-65.0269999,0.000478,-60.86453649
0.000578,-72.30576103,0.000578,-68.33481039,0.000578,-63.76549294,0.000578,-60.40673152,0.000578,-57.14869515
0.000678,-68.4887365,0.000678,-63.623204,0.000678,-60.239226,0.000678,-56.9129445,0.000678,-54.00684323
0.000778,-64.65755896,0.000778,-60.9328211,0.000778,-57.23811667,0.000778,-54.27318061,0.000778,-50.78961935
0.000878,-62.10785148,0.000878,-58.15857224,0.000878,-54.86090203,0.000878,-51.57185474,0.000878,-47.09264008
0.000978,-59.7922282,0.000978,-55.96891982,0.000978,-52.67571332,0.000978,-48.18472274,0.000978,-42.97164802
0.001078,-57.5996905,0.001078,-54.00955971,0.001078,-50.1375057,0.001078,-44.83632928,0.001078,-38.55397185
0.001178,-55.78804472,0.001178,-52.14427378,0.001178,-47.16068116,0.001178,-41.09171152,0.001178,-34.77030662
0.001278,-54.07406628,0.001278,-49.96231925,0.001278,-44.30323996,0.001278,-37.35727381,0.001278,-31.64618806
0.001378,-52.47130093,0.001378,-47.50387262,0.001378,-41.24549848,0.001378,-34.11951511,0.001378,-29.09101893
0.001478,-50.92796291,0.001478,-45.14357521,0.001478,-38.05793123,0.001478,-31.48552463,0.001478,-26.63417033
0.001578,-49.16910323,0.001578,-42.65356544,0.001578,-35.22908668,0.001578,-29.24329299,0.001578,-24.13794098
0.001678,-47.21729633,0.001678,-40.0555048,0.001678,-32.72023398,0.001678,-27.12221108,0.001678,-21.44289566
0.001778,-45.18190471,0.001778,-37.43510401,0.001778,-30.64823014,0.001778,-24.85249699,0.001778,-18.92881468
0.001878,-43.15678753,0.001878,-35.00187908,0.001878,-28.94302272,0.001878,-22.58385345,0.001878,-16.58596625
0.001978,-41.07558319,0.001978,-32.97515697,0.001978,-26.99782594,0.001978,-20.26669447,0.001978,-14.04803709
0.002078,-38.92510997,0.002078,-31.29476408,0.002078,-24.92630232,0.002078,-17.89278122,0.002078,-11.26944554
0.002178,-36.69965596,0.002178,-29.70939959,0.002178,-22.84258988,0.002178,-15.71657593,0.002178,-8.855122939
0.002278,-34.8319932,0.002278,-28.21014653,0.002278,-20.85910779,0.002278,-13.2954895,0.002278,-6.920092278
0.002378,-33.10062115,0.002378,-26.51341607,0.002378,-18.81750641,0.002378,-10.93335366,0.002378,-5.203869679
0.002478,-31.7228754,0.002478,-24.95035516,0.002478,-16.70147709,0.002478,-8.863940351,0.002478,-3.732270646
0.002578,-30.37959041,0.002578,-23.18702549,0.002578,-14.62151426,0.002578,-6.963539195,0.002578,-2.452818588
0.002678,-29.15180896,0.002678,-21.36619244,0.002678,-12.42620924,0.002678,-5.355616744,0.002678,-1.382913407
0.002778,-27.89141397,0.002778,-19.63614405,0.002778,-10.3762843,0.002778,-3.938645412,0.002778,-0.457618084
0.002878,-26.65784333,0.002878,-17.75885246,0.002878,-8.47656869,0.002878,-2.749463574,0.002878,0.266704761
0.002978,-25.31631864,0.002978,-16.02805779,0.002978,-6.866578723,0.002978,-1.586574668,0.002978,0.73281028
0.003078,-23.94642418,0.003078,-14.26883522,0.003078,-5.317148911,0.003078,-0.722327273,0.003078,1.102295182
0.003178,-22.57703051,0.003178,-12.5293156,0.003178,-4.076917465,0.003178,-0.139551585,0.003178,1.525225761
0.003278,-21.08482514,0.003278,-10.69571827,0.003278,-2.964315608,0.003278,0.440594991,0.003278,1.677290344
0.003378,-19.77249657,0.003378,-9.087325215,0.003378,-1.876795388,0.003378,0.872279496,0.003378,1.777155134
0.003478,-18.32168006,0.003478,-7.444526032,0.003478,-0.98510497,0.003478,1.15355858,0.003478,1.852742211
0.003578,-16.90099199,0.003578,-6.115251959,0.003578,-0.33517843,0.003578,1.390990383,0.003578,1.947208553
0.003678,-15.48165815,0.003678,-5.024523524,0.003678,0.154940488,0.003678,1.519946806,0.003678,1.864967748
0.003778,-14.02689765,0.003778,-3.787472267,0.003778,0.55453236,0.003778,1.542061022,0.003778,1.744665857
0.003878,-12.57579443,0.003878,-2.709896444,0.003878,0.847432289,0.003878,1.627386754,0.003878,1.670992463
0.003978,-11.11534581,0.003978,-1.889630549,0.003978,1.19273848,0.003978,1.688734363,0.003978,1.651783795
0.004078,-9.753921467,0.004078,-1.052323276,0.004078,1.402450888,0.004078,1.678765695,0.004078,1.494275772
0.004178,-8.499991897,0.004178,-0.499702801,0.004178,1.526556101,0.004178,1.650168851,0.004178,1.329348372
0.004278,-7.313565961,0.004278,0.018306754,0.004278,1.53515092,0.004278,1.658614941,0.004278,1.16653776
0.004378,-6.188872786,0.004378,0.508580359,0.004378,1.587896877,0.004378,1.543711282,0.004378,1.021872919
0.004478,-5.161535888,0.004478,0.653173069,0.004478,1.553184456,0.004478,1.460539024,0.004478,0.842159367
0.004578,-4.291906934,0.004578,0.914286141,0.004578,1.517949165,0.004578,1.311454159,0.004578,0.71220388
0.004678,-3.381845243,0.004678,1.103925612,0.004678,1.482931381,0.004678,1.149015174,0.004678,0.429858748
0.004778,-2.621686274,0.004778,1.258709189,0.004778,1.403135152,0.004778,0.916714985,0.004778,0.313947233
0.004878,-1.822847851,0.004878,1.376017355,0.004878,1.405070972,0.004878,0.673469023,0.004878,0.201063465
0.004978,-1.20212643,0.004978,1.422270285,0.004978,1.258072075,0.004978,0.682936616,0.004978,0.126805119
0.005078,-0.739615034,0.005078,1.399635197,0.005078,1.121563978,0.005078,0.522413639,0.005078,0.006205986
0.005178,-0.119576267,0.005178,1.363068368,0.005178,1.051725695,0.005178,0.40760556,0.005178,0.086771092
0.005278,0.234363928,0.005278,1.346852355,0.005278,0.870865813,0.005278,0.311121296,0.005278,-0.078705937
0.005378,0.478189076,0.005378,1.237398596,0.005378,0.679293279,0.005378,0.0474838,0.005378,-0.074393362
0.005478,0.690146873,0.005478,1.237291731,0.005478,0.491657987,0.005478,0.021499532,0.005478,0.048094984
0.005578,0.915443809,0.005578,1.158784443,0.005578,0.432392391,0.005578,-0.020757788,0.005578,0.06626339
0.005678,0.990221927,0.005678,1.10778052,0.005678,0.354930963,0.005678,-0.122778858,0.005678,0.202591296
0.005778,1.1366023,0.005778,1.018544578,0.005778,0.245292715,0.005778,0.022917954,0.005778,0.156199395
0.005878,1.218198543,0.005878,0.898055072,0.005878,0.334579087,0.005878,0.089188364,0.005878,0.22600859
0.005978,1.291825012,0.005978,0.864301771,0.005978,0.286180801,0.005978,0.122864306,0.005978,0.415977464
0.006078,1.369896932,0.006078,0.774869621,0.006078,0.353635713,0.006078,0.188623814,0.006078,0.383305724
0.006178,1.351068099,0.006178,0.760773519,0.006178,0.385973822,0.006178,0.216782907,0.006178,0.401873199
0.006278,1.521620442,0.006278,0.711524813,0.006278,0.388215245,0.006278,0.293945428,0.006278,0.575969074
0.006378,1.419564153,0.006378,0.589530997,0.006378,0.356646382,0.006378,0.223291019,0.006378,0.667159861
0.006478,1.422223711,0.006478,0.435804842,0.006478,0.421193517,0.006478,0.513760119,0.006478,0.66845864
0.006578,1.352837156,0.006578,0.432361113,0.006578,0.494897889,0.006578,0.586849709,0.006578,0.679142559
0.006678,1.268879957,0.006678,0.477511732,0.006678,0.45783377,0.006678,0.616027031,0.006678,0.752600306
0.006778,1.267160283,0.006778,0.564324747,0.006778,0.465755844,0.006778,0.624914474,0.006778,0.791558608
0.006878,1.20293302,0.006878,0.510301304,0.006878,0.593430691,0.006878,0.764049513,0.006878,0.752800451
0.006978,1.114553018,0.006978,0.558321932,0.006978,0.531668986,0.006978,0.796384257,0.006978,0.663902327
0.007078,0.977137819,0.007078,0.514347595,0.007078,0.635116352,0.007078,0.889202887,0.007078,0.791604892
0.007178,0.954048228,0.007178,0.540614373,0.007178,0.612826069,0.007178,0.772054412,0.007178,0.727506523
0.007278,0.847682765,0.007278,0.511565646,0.007278,0.651504882,0.007278,0.785811871,0.007278,0.814055697
0.007378,0.740454621,0.007378,0.554807943,0.007378,0.517063608,0.007378,0.770328182,0.007378,0.774584253
0.007478,0.668082238,0.007478,0.527181463,0.007478,0.730850522,0.007478,0.766234563,0.007478,0.827476906
0.007578,0.723137395,0.007578,0.602997383,0.007578,0.545439395,0.007578,0.657155084,0.007578,0.834319376
0.007678,0.75051145,0.007678,0.699270186,0.007678,0.616947165,0.007678,0.873240041,0.007678,0.842453894
0.007778,0.775275493,0.007778,0.662530297,0.007778,0.685325351,0.007778,0.794889227,0.007778,0.788710626
0.007878,0.774540022,0.007878,0.718899854,0.007878,0.688534582,0.007878,0.769717332,0.007878,0.679786551
0.007978,0.785190593,0.007978,0.693740539,0.007978,0.66822995,0.007978,0.757984797,0.007978,0.7150927
0.008078,0.806270912,0.008078,0.710225292,0.008078,0.657762106,0.008078,0.792155053,0.008078,0.727172131
0.008178,0.82509062,0.008178,0.793164219,0.008178,0.529684691,0.008178,0.779782882,0.008178,0.686995726
0.008278,0.800008999,0.008278,0.922101976,0.008278,0.546572942,0.008278,0.656583723,0.008278,0.642557966
0.008378,0.738320677,0.008378,0.884404249,0.008378,0.508358903,0.008378,0.797814556,0.008378,0.705245547
0.008478,0.728459487,0.008478,0.895648723,0.008478,0.467644304,0.008478,0.681216239,0.008478,0.701792422
0.008578,0.684981253,0.008578,0.90987788,0.008578,0.593705698,0.008578,0.650507576,0.008578,0.708292881
0.008678,0.679824456,0.008678,0.836658323,0.008678,0.715011049,0.008678,0.679645659,0.008678,0.799416861
0.008778,0.668577211,0.008778,0.707608798,0.008778,0.646165009,0.008778,0.666216561,0.008778,0.807756239
0.008878,0.834336876,0.008878,0.739331664,0.008878,0.718338457,0.008878,0.660240707,0.008878,0.768438465
0.008978,0.79499994,0.008978,0.766710851,0.008978,0.797499698,0.008978,0.565039861,0.008978,0.771686062
0.009078,0.774159948,0.009078,0.756537858,0.009078,0.767428736,0.009078,0.659064003,0.009078,0.866475487
0.009178,0.713697351,0.009178,0.690528272,0.009178,0.675323832,0.009178,0.643364122,0.009178,0.960846668
0.009278,0.866783604,0.009278,0.696273046,0.009278,0.873494494,0.009278,0.82855783,0.009278,0.900446238
0.009378,0.846843834,0.009378,0.768828537,0.009378,0.711127644,0.009378,0.760227634,0.009378,0.838598222
0.009478,0.927117749,0.009478,0.739176023,0.009478,0.868502103,0.009478,0.80890154,0.009478,1.050496552
0.009578,0.900312997,0.009578,0.67314328,0.009578,0.937941807,0.009578,0.826339445,0.009578,0.932796259
0.009678,0.91597394,0.009678,0.812766695,0.009678,0.968658248,0.009678,0.885661595,0.009678,1.132217508
0.009778,1.028090898,0.009778,0.78621656,0.009778,0.940702942,0.009778,1.060211397,0.009778,1.1038739
0.009878,0.964851123,0.009878,0.772754792,0.009878,0.967976543,0.009878,0.98486684,0.009878,1.037080622
0.009978,0.930193197,0.009978,0.84442509,0.009978,0.922268188,0.009978,0.954694126,0.009978,0.996746696
0.010078,0.925377046,0.010078,0.76279008,0.010078,1.048647588,0.010078,1.160505809,0.010078,1.082928965
0.010178,0.89635917,0.010178,0.765259612,0.010178,1.080580907,0.010178,1.075877763,0.010178,1.11405775
0.010278,0.963815377,0.010278,0.805867008,0.010278,1.007291691,0.010278,1.116376613,0.010278,1.10579089
0.010378,0.893275536,0.010378,0.946151226,0.010378,1.12577236,0.010378,1.099256749,0.010378,1.084793527
0.010478,0.891827813,0.010478,0.844878294,0.010478,1.105434901,0.010478,1.093769901,0.010478,1.255736219
0.010578,0.885720402,0.010578,0.845325097,0.010578,1.14931449,0.010578,1.155882983,0.010578,1.124567363
0.010678,0.893933534,0.010678,0.97609729,0.010678,1.087619648,0.010678,1.185360699,0.010678,1.233401046
0.010778,0.97248595,0.010778,0.977427787,0.010778,1.036951764,0.010778,1.231945956,0.010778,1.158259092
0.010878,0.90398157,0.010878,1.029430908,0.010878,1.07190826,0.010878,1.206036524,0.010878,1.29091121
0.010978,0.880628554,0.010978,1.122990036,0.010978,1.002861799,0.010978,1.098095991,0.010978,1.157130653
0.011078,0.854433186,0.011078,1.162333659,0.011078,1.001669321,0.011078,1.277777242,0.011078,1.137666186
0.011178,0.850961123,0.011178,1.232481074,0.011178,1.031729441,0.011178,1.260697421,0.011178,1.094109183
0.011278,0.841696196,0.011278,1.155834209,0.011278,1.122683786,0.011278,1.254090601,0.011278,1.313102995
0.011378,0.906307664,0.011378,1.198016398,0.011378,1.018588537,0.011378,1.104452181,0.011378,1.201241921
0.011478,0.959191207,0.011478,1.151527829,0.011478,1.111527073,0.011478,1.236101045,0.011478,1.134885324
0.011578,1.089238419,0.011578,1.157547922,0.011578,1.14322333,0.011578,1.199566935,0.011578,1.119752475
0.011678,0.999456864,0.011678,1.139607107,0.011678,1.213135511,0.011678,1.157178777,0.011678,1.106619045
0.011778,1.070243767,0.011778,1.226876616,0.011778,1.165456308,0.011778,1.154085851,0.011778,1.271043585
0.011878,1.125072208,0.011878,1.267013665,0.011878,1.222991492,0.011878,1.198315271,0.011878,1.329436507
0.011978,1.308104492,0.011978,1.271439856,0.011978,1.273649195,0.011978,1.147433087,0.011978,1.269276484
0.012078,1.285705902,0.012078,1.304759369,0.012078,1.290907781,0.012078,1.30071893,0.012078,1.394284265
0.012178,1.372313085,0.012178,1.336626559,0.012178,1.363394005,0.012178,1.36425969,0.012178,1.440724202
0.012278,1.432370549,0.012278,1.343150752,0.012278,1.371603662,0.012278,1.337840138,0.012278,1.40388878
0.012378,1.348118303,0.012378,1.242540655,0.012378,1.17625653,0.012378,1.458236017,0.012378,1.324041286
0.012478,1.363893128,0.012478,1.241506848,0.012478,1.273282512,0.012478,1.390458387,0.012478,1.391280007
0.012578,1.401991064,0.012578,1.19534545,0.012578,1.413392083,0.012578,1.496934593,0.012578,1.442194614
0.012678,1.407064274,0.012678,1.276394553,0.012678,1.400351397,0.012678,1.443535671,0.012678,1.233602913
0.012778,1.429047432,0.012778,1.401004492,0.012778,1.327124465,0.012778,1.473866664,0.012778,1.443659396
0.012878,1.479517676,0.012878,1.378153625,0.012878,1.347409187,0.012878,1.389628299,0.012878,1.310001657
0.012978,1.507278864,0.012978,1.302353647,0.012978,1.35031965,0.012978,1.381729096,0.012978,1.322133144
0.013078,1.489920789,0.013078,1.425004666,0.013078,1.324277839,0.013078,1.4929845,0.013078,1.360829765
0.013178,1.553211439,0.013178,1.500973254,0.013178,1.500742285,0.013178,1.577230463,0.013178,1.460793859
0.013278,1.562045063,0.013278,1.552519818,0.013278,1.488006584,0.013278,1.595184445,0.013278,1.509665039
0.013378,1.509250336,0.013378,1.367011786,0.013378,1.45032649,0.013378,1.513890044,0.013378,1.267354704
0.013478,1.575659483,0.013478,1.523581695,0.013478,1.515995966,0.013478,1.546428304,0.013478,1.511893756
0.013578,1.52579065,0.013578,1.620295073,0.013578,1.524318685,0.013578,1.631765726,0.013578,1.518265083
0.013678,1.621282478,0.013678,1.581441153,0.013678,1.54895741,0.013678,1.663713836,0.013678,1.554064302
0.013778,1.546258258,0.013778,1.620428677,0.013778,1.615134105,0.013778,1.576526803,0.013778,1.420094542
0.013878,1.689219698,0.013878,1.588359404,0.013878,1.606127527,0.013878,1.567826749,0.013878,1.57317854
0.013978,1.707187019,0.013978,1.606691968,0.013978,1.659484099,0.013978,1.636693277,0.013978,1.441113239
0.014078,1.759199015,0.014078,1.534635903,0.014078,1.578396684,0.014078,1.604659725,0.014078,1.495871048
0.014178,1.798095046,0.014178,1.629451395,0.014178,1.589211402,0.014178,1.678282409,0.014178,1.495663295
0.014278,1.918144129,0.014278,1.670730423,0.014278,1.535318549,0.014278,1.568668856,0.014278,1.632162118
0.014378,1.969859183,0.014378,1.73242514,0.014378,1.629395541,0.014378,1.647583729,0.014378,1.57882403
0.014478,1.973736152,0.014478,1.770867266,0.014478,1.611694926,0.014478,1.741673307,0.014478,1.593718646
0.014578,2.105743126,0.014578,1.840824029,0.014578,1.719027456,0.014578,1.661016135,0.014578,1.63834853
0.014678,2.163218532,0.014678,1.659975918,0.014678,1.575011053,0.014678,1.665514648,0.014678,1.663116588
0.014778,2.216294109,0.014778,1.919159492,0.014778,1.617256351,0.014778,1.556274633,0.014778,1.539875145
0.014878,2.202254275,0.014878,1.833646472,0.014878,1.55168544,0.014878,1.703925104,0.014878,1.564915821
0.014978,2.119455243,0.014978,1.817964624,0.014978,1.74091546,0.014978,1.594745718,0.014978,1.736220364
0.015078,2.11396422,0.015078,1.767372894,0.015078,1.587099804,0.015078,1.715060371,0.015078,1.85594155
0.015178,2.144153821,0.015178,1.78081752,0.015178,1.620037927,0.015178,1.656814814,0.015178,1.82567479
0.015278,2.102288656,0.015278,1.782708821,0.015278,1.662302017,0.015278,1.565793726,0.015278,1.713907209
0.015378,2.035060427,0.015378,1.666558373,0.015378,1.63967308,0.015378,1.673240226,0.015378,1.825567859
0.015478,2.047734599,0.015478,1.762670581,0.015478,1.565636732,0.015478,1.657126371,0.015478,1.764279697
0.015578,2.130137666,0.015578,1.655282066,0.015578,1.673740665,0.015578,1.686602085,0.015578,1.68716109
0.015678,2.155817174,0.015678,1.591146405,0.015678,1.572473829,0.015678,1.62310771,0.015678,1.652628303
0.015778,2.19462196,0.015778,1.640232897,0.015778,1.647260261,0.015778,1.673652448,0.015778,1.674968146
0.015878,2.189164414,0.015878,1.748387899,0.015878,1.646678689,0.015878,1.628285134,0.015878,1.701156844
0.015978,2.176049856,0.015978,1.722725462,0.015978,1.590016963,0.015978,1.644624669,0.015978,1.749702258
0.016078,2.158049265,0.016078,1.722445994,0.016078,1.6324578,0.016078,1.695002857,0.016078,1.667014942
0.016178,2.200984637,0.016178,1.826401415,0.016178,1.66815716,0.016178,1.726370785,0.016178,1.67381766
0.016278,2.23784918,0.016278,1.778532941,0.016278,1.601644045,0.016278,1.825914929,0.016278,1.699807605
0.016378,2.197912603,0.016378,1.741064333,0.016378,1.659549468,0.016378,1.691584493,0.016378,1.638543271
0.016478,2.23746181,0.016478,1.701548957,0.016478,1.714250191,0.016478,1.574215427,0.016478,1.582806677
0.016578,2.28569844,0.016578,1.772672175,0.016578,1.649716024,0.016578,1.78191283,0.016578,1.484668741
0.016678,2.271409597,0.016678,1.741251724,0.016678,1.681607242,0.016678,1.627931749,0.016678,1.768790115
0.016778,2.305123593,0.016778,1.782079029,0.016778,1.742356701,0.016778,1.686218578,0.016778,1.843742441
0.016878,2.310251226,0.016878,1.814687685,0.016878,1.741458289,0.016878,1.738252575,0.016878,2.004400144
0.016978,2.316527247,0.016978,1.777394483,0.016978,1.818483252,0.016978,1.620812708,0.016978,1.93634007
0.017078,2.328337584,0.017078,1.826400696,0.017078,1.783782097,0.017078,1.829441749,0.017078,2.016231112
0.017178,2.450144762,0.017178,1.864713999,0.017178,1.875757977,0.017178,1.771417183,0.017178,2.116581156
0.017278,2.411646383,0.017278,1.873978937,0.017278,1.818482076,0.017278,1.79318269,0.017278,2.04050353
0.017378,2.454668794,0.017378,1.867982317,0.017378,1.75244436,0.017378,1.99980502,0.017378,2.116405219
0.017478,2.493601695,0.017478,1.911464043,0.017478,1.892699411,0.017478,1.8788106,0.017478,2.164746778
0.017578,2.547546989,0.017578,2.001224103,0.017578,1.846576134,0.017578,2.0773039,0.017578,2.357814568
0.017678,2.439205096,0.017678,1.87298381,0.017678,1.804583702,0.017678,1.879912535,0.017678,2.231506549
0.017778,2.507097474,0.017778,1.919283583,0.017778,1.777862786,0.017778,1.951545659,0.017778,2.324303768
0.017878,2.395834751,0.017878,1.95059641,0.017878,1.808872157,0.017878,2.021938173,0.017878,2.385101017
0.017978,2.399628409,0.017978,1.970371731,0.017978,1.819811199,0.017978,1.98019803,0.017978,2.333200922
0.018078,2.524247718,0.018078,1.849487415,0.018078,1.854187275,0.018078,1.888715761,0.018078,2.327578261
0.018178,2.404221186,0.018178,1.896692498,0.018178,1.789957456,0.018178,1.855180016,0.018178,2.440740732
0.018278,2.374055114,0.018278,1.992912506,0.018278,1.836071338,0.018278,1.74451981,0.018278,2.345202985
0.018378,2.388050835,0.018378,2.056939354,0.018378,1.944869477,0.018378,1.862409243,0.018378,2.231068385
0.018478,2.376585456,0.018478,2.106596796,0.018478,1.848322437,0.018478,1.724450624,0.018478,2.203280037
0.018578,2.425522106,0.018578,2.121148439,0.018578,1.933358132,0.018578,1.693027075,0.018578,2.288750928
0.018678,2.442383064,0.018678,2.07716627,0.018678,1.963971224,0.018678,1.590924836,0.018678,2.289553548
0.018778,2.480624628,0.018778,2.11847957,0.018778,1.935492167,0.018778,1.658299937,0.018778,2.414330991
0.018878,2.440251055,0.018878,2.151122296,0.018878,2.073945057,0.018878,1.640229264,0.018878,2.437329798
0.018978,2.422090333,0.018978,2.095990999,0.018978,2.092071393,0.018978,1.806749076,0.018978,2.290079232
0.019078,2.537498833,0.019078,2.205138631,0.019078,2.054847143,0.019078,1.821248839,0.019078,2.500631385
0.019178,2.422452214,0.019178,2.15007673,0.019178,2.216071883,0.019178,1.722236997,0.019178,2.519643814
0.019278,2.566536465,0.019278,2.170635355,0.019278,2.23509746,0.019278,1.730504368,0.019278,2.576394642
0.019378,2.545821742,0.019378,2.311614033,0.019378,2.39129913,0.019378,1.826860465,0.019378,2.570658884
0.019478,2.716599735,0.019478,2.264287239,0.019478,2.320433775,0.019478,1.951097881,0.019478,2.673845356
0.019578,2.706572448,0.019578,2.276642425,0.019578,2.510761528,0.019578,1.808314786,0.019578,2.730047544
0.019678,2.833447297,0.019678,2.293375994,0.019678,2.549895204,0.019678,1.990939303,0.019678,2.617492135
0.019778,2.836610877,0.019778,2.18032156,0.019778,2.663946254,0.019778,2.00134803,0.019778,2.764488036
0.019878,2.875706418,0.019878,2.378152731,0.019878,2.74064357,0.019878,2.135083016,0.019878,2.740926157
0.019978,2.893153904,0.019978,2.437075734,0.019978,2.894138864,0.019978,2.294709828,0.019978,2.769645367
0.020078,2.974286692,0.020078,2.286171777,0.020078,2.897815575,0.020078,2.297856668,0.020078,3.016128692
0.020178,3.009474336,0.020178,2.396608099,0.020178,3.008362381,0.020178,2.559754433,0.020178,2.852000121
0.020278,3.133940675,0.020278,2.497832065,0.020278,3.131558045,0.020278,2.621697667,0.020278,3.017928406
0.020378,2.9793237,0.020378,2.517033975,0.020378,3.036446084,0.020378,2.706559498,0.020378,2.944333004
0.020478,3.138743587,0.020478,2.584456428,0.020478,2.990167265,0.020478,2.67963567,0.020478,3.17533967
0.020578,3.061578504,0.020578,2.636413341,0.020578,3.100547413,0.020578,2.771086347,0.020578,3.022476153
0.020678,2.990641157,0.020678,2.741955363,0.020678,3.137178024,0.020678,2.715646388,0.020678,3.173720894
0.020778,3.114290364,0.020778,2.784846188,0.020778,3.269761095,0.020778,2.612779072,0.020778,3.231305273
0.020878,3.13170775,0.020878,2.766652583,0.020878,3.204098381,0.020878,2.908285692,0.020878,3.201094641
0.020978,3.125957894,0.020978,2.916520476,0.020978,3.216541597,0.020978,2.780705199,0.020978,3.166260275
0.021078,3.137760722,0.021078,3.011997805,0.021078,3.102492626,0.021078,2.909367963,0.021078,3.151553792
0.021178,3.24784384,0.021178,3.111362852,0.021178,3.319912394,0.021178,2.754427515,0.021178,3.321097948
0.021278,3.162841472,0.021278,3.034819859,0.021278,3.238006215,0.021278,3.023566192,0.021278,3.139340058
0.021378,3.178678144,0.021378,3.227375351,0.021378,3.220138112,0.021378,2.92469026,0.021378,3.284518709
0.021478,3.351200689,0.021478,3.201201706,0.021478,3.32469718,0.021478,3.009331851,0.021478,3.186887282
0.021578,3.324852624,0.021578,3.17643485,0.021578,3.327619753,0.021578,2.971780762,0.021578,3.334599609
0.021678,3.304582872,0.021678,3.177442909,0.021678,3.247730952,0.021678,2.873192196,0.021678,3.244899178
0.021778,3.388174865,0.021778,3.222057545,0.021778,3.356430479,0.021778,3.048182393,0.021778,3.263202621
0.021878,3.351151299,0.021878,3.24781422,0.021878,3.506825135,0.021878,3.047840062,0.021878,3.225462923
0.021978,3.454552452,0.021978,3.224248597,0.021978,3.408905671,0.021978,3.185539791,0.021978,3.158297167
0.022078,3.493660512,0.022078,3.260063152,0.022078,3.386256012,0.022078,3.141040979,0.022078,3.262663881
0.022178,3.531279396,0.022178,3.327514401,0.022178,3.495507918,0.022178,3.167485914,0.022178,3.304486088
0.022278,3.5763293,0.022278,3.395057491,0.022278,3.516976433,0.022278,3.34850852,0.022278,3.297421152
0.022378,3.539352857,0.022378,3.412430142,0.022378,3.635482513,0.022378,3.247798729,0.022378,3.385623507
0.022478,3.579328109,0.022478,3.481293842,0.022478,3.579668199,0.022478,3.361310187,0.022478,3.34180981
0.022578,3.703899238,0.022578,3.622536672,0.022578,3.787564122,0.022578,3.393513906,0.022578,3.339307498
0.022678,3.762127019,0.022678,3.629431305,0.022678,3.793360491,0.022678,3.333756152,0.022678,3.195009745
0.022778,3.831189646,0.022778,3.536312367,0.022778,3.704834743,0.022778,3.556448806,0.022778,3.265354251
0.022878,3.897797067,0.022878,3.644679937,0.022878,3.821468832,0.022878,3.571296301,0.022878,3.034547539
0.022978,3.818907402,0.022978,3.618054322,0.022978,4.013737609,0.022978,3.542824358,0.022978,3.218946907
0.023078,4.106612734,0.023078,3.758565634,0.023078,3.969596123,0.023078,3.663277521,0.023078,3.152602336
0.023178,4.138269402,0.023178,3.634543758,0.023178,3.993049038,0.023178,3.772311097,0.023178,3.219685511
0.023278,4.174058521,0.023278,3.654537369,0.023278,3.820056974,0.023278,3.698042322,0.023278,3.187789648
0.023378,4.194172822,0.023378,3.649574185,0.023378,3.953140514,0.023378,3.804981585,0.023378,3.235684643
0.023478,4.342589637,0.023478,3.795894248,0.023478,3.987668643,0.023478,3.938785925,0.023478,3.26841658
0.023578,4.370207829,0.023578,3.907527126,0.023578,4.02562611,0.023578,3.942617051,0.023578,3.281728079
0.023678,4.309745278,0.023678,3.880564885,0.023678,3.901445427,0.023678,3.830947784,0.023678,3.20666937
0.023778,4.316763094,0.023778,3.909497007,0.023778,3.715552101,0.023778,3.732946673,0.023778,3.258928719
0.023878,4.380766796,0.023878,3.819130604,0.023878,3.66040343,0.023878,3.928682131,0.023878,3.151994077
0.023978,4.46482218,0.023978,3.885387079,0.023978,3.438566599,0.023978,3.800464301,0.023978,3.104146405
0.024078,4.43028141,0.024078,3.869817645,0.024078,3.39291309,0.024078,4.001841689,0.024078,3.026654408
0.024178,4.562107085,0.024178,3.83770456,0.024178,3.240469071,0.024178,3.996834856,0.024178,3.008498292
0.024278,4.469450815,0.024278,3.836027187,0.024278,3.232064123,0.024278,3.944395598,0.024278,3.166455207
0.024378,4.575758048,0.024378,3.89079464,0.024378,2.896009062,0.024378,4.019983067,0.024378,2.903123988
0.024478,4.673507568,0.024478,3.8722077,0.024478,2.821324363,0.024478,4.17739129,0.024478,3.115693159
0.024578,4.654680058,0.024578,3.786573841,0.024578,2.747207859,0.024578,4.098358127,0.024578,3.113184985
0.024678,4.58525385,0.024678,3.816468931,0.024678,2.582965905,0.024678,3.867430479,0.024678,2.967041936
0.024778,4.639485776,0.024778,3.792969913,0.024778,2.590481259,0.024778,3.976473769,0.024778,2.783460123
0.024878,4.543102873,0.024878,3.972930491,0.024878,2.55172347,0.024878,4.08255892,0.024878,2.824965826
0.024978,4.680078218,0.024978,3.729179838,0.024978,2.614258458,0.024978,4.064018064,0.024978,2.728538876
0.025078,4.738869591,0.025078,3.911203628,0.025078,2.523973594,0.025078,4.058989588,0.025078,2.846322398
0.025178,4.735484298,0.025178,3.980773945,0.025178,2.361453743,0.025178,4.069421793,0.025178,2.697100909
0.025278,4.664473509,0.025278,4.094769565,0.025278,2.436171953,0.025278,4.015149118,0.025278,2.602064971
0.025378,4.720938697,0.025378,3.974623605,0.025378,2.314767824,0.025378,3.940263345,0.025378,2.762190626
0.025478,4.744083943,0.025478,3.95439909,0.025478,2.230624169,0.025478,3.85634686,0.025478,2.900086818
0.025578,4.853907325,0.025578,3.899901628,0.025578,2.355744551,0.025578,3.815122417,0.025578,2.583812192
0.025678,4.780622999,0.025678,3.865334313,0.025678,2.170930171,0.025678,3.850948865,0.025678,2.523750012
0.025778,4.669164312,0.025778,3.715014851,0.025778,2.196939869,0.025778,3.870686917,0.025778,2.621416085
0.025878,4.661628196,0.025878,3.828162988,0.025878,2.259790364,0.025878,3.756049629,0.025878,2.715842045
0.025978,4.731310014,0.025978,3.714766483,0.025978,2.386416309,0.025978,3.695143827,0.025978,2.819189512
0.026078,4.645060028,0.026078,3.796236675,0.026078,2.264166669,0.026078,3.653716425,0.026078,2.657105316
0.026178,4.666038303,0.026178,3.658644162,0.026178,2.373327947,0.026178,3.710211884,0.026178,2.603149268
0.026278,4.693418049,0.026278,3.720777383,0.026278,2.235955344,0.026278,3.885329206,0.026278,2.673874465
0.026378,4.712834151,0.026378,3.647919587,0.026378,2.313036432,0.026378,3.623986903,0.026378,2.515042567
0.026478,4.760715684,0.026478,3.606630948,0.026478,2.285687737,0.026478,3.646997824,0.026478,2.561378342
0.026578,4.66967098,0.026578,3.584797004,0.026578,2.364511219,0.026578,3.576546866,0.026578,2.666594388
0.026678,4.749979682,0.026678,3.571748791,0.026678,2.417007516,0.026678,3.660912406,0.026678,2.776791858
0.026778,4.705296818,0.026778,3.490800709,0.026778,2.517505793,0.026778,3.611155984,0.026778,2.550544009
0.026878,4.616937328,0.026878,3.471082297,0.026878,2.472629469,0.026878,3.495809399,0.026878,2.868540418
0.026978,4.664504146,0.026978,3.370406756,0.026978,2.411083672,0.026978,3.602676727,0.026978,2.720210545
0.027078,4.521143295,0.027078,3.244561341,0.027078,2.523479009,0.027078,3.323560955,0.027078,2.695296632
0.027178,4.536956967,0.027178,3.262351194,0.027178,2.463189082,0.027178,3.442191661,0.027178,2.747961102
0.027278,4.489545755,0.027278,3.100461713,0.027278,2.531139956,0.027278,3.402389089,0.027278,2.689466167
0.027378,4.339406213,0.027378,3.138318074,0.027378,2.53924288,0.027378,3.37026569,0.027378,2.616477693
0.027478,4.398263129,0.027478,3.012268671,0.027478,2.694442369,0.027478,3.243508388,0.027478,2.721930216
0.027578,4.338426083,0.027578,2.900940167,0.027578,2.739069627,0.027578,3.379533895,0.027578,2.795390485
0.027678,4.345887306,0.027678,2.85177544,0.027678,2.724322788,0.027678,3.456202142,0.027678,2.694620435
0.027778,4.364134024,0.027778,2.740484129,0.027778,2.848198748,0.027778,3.281320156,0.027778,3.003567604
0.027878,4.287227752,0.027878,2.72903532,0.027878,2.929419101,0.027878,3.25793953,0.027878,2.723843777
0.027978,4.056377208,0.027978,2.589889214,0.027978,3.085029114,0.027978,3.354294026,0.027978,2.92990519
0.028078,4.01467324,0.028078,2.597291422,0.028078,2.780837979,0.028078,3.223788587,0.028078,2.860746557
0.028178,3.900497545,0.028178,2.521707314,0.028178,3.121931928,0.028178,3.341675201,0.028178,2.851356509
0.028278,3.961593245,0.028278,2.469559341,0.028278,3.031908705,0.028278,3.519457508,0.028278,2.930380696
0.028378,3.910801799,0.028378,2.554938421,0.028378,3.130842628,0.028378,3.468334592,0.028378,3.146191419
0.028478,3.683567055,0.028478,2.539822966,0.028478,3.155949356,0.028478,3.372985536,0.028478,3.20665944
0.028578,3.631570931,0.028578,2.615102372,0.028578,3.217303006,0.028578,3.546750151,0.028578,3.239505098
0.028678,3.473973082,0.028678,2.551116313,0.028678,3.203988429,0.028678,3.500767392,0.028678,3.337663535
0.028778,3.512439778,0.028778,2.565055776,0.028778,3.257121177,0.028778,3.344177087,0.028778,3.287151291
0.028878,3.286198033,0.028878,2.69987674,0.028878,3.423740479,0.028878,3.437172351,0.028878,3.346424434
0.028978,3.227595207,0.028978,2.689005938,0.028978,3.391100723,0.028978,3.243140893,0.028978,3.446275898
0.029078,3.138095395,0.029078,2.724154516,0.029078,3.394083746,0.029078,3.447484757,0.029078,3.321565787
0.029178,2.998415195,0.029178,2.945048108,0.029178,3.313669326,0.029178,3.39945414,0.029178,3.337176469
0.029278,2.790973539,0.029278,3.015320292,0.029278,3.593382403,0.029278,3.512012547,0.029278,3.4734923
0.029378,2.665364915,0.029378,2.915595654,0.029378,3.671571348,0.029378,3.354063009,0.029378,3.358625308
0.029478,2.61169544,0.029478,3.263058243,0.029478,3.676468984,0.029478,3.309520113,0.029478,3.515306808
0.029578,2.606355286,0.029578,3.276721577,0.029578,3.792369661,0.029578,3.386391313,0.029578,3.532410347
0.029678,2.54118648,0.029678,3.230796898,0.029678,3.805578511,0.029678,3.24297748,0.029678,3.781413308
0.029778,2.362943534,0.029778,3.437937027,0.029778,3.814965347,0.029778,3.358536118,0.029778,3.475816971
0.029878,2.466330722,0.029878,3.501999904,0.029878,3.900302165,0.029878,3.509009783,0.029878,3.751715189
0.029978,2.397546591,0.029978,3.452185362,0.029978,4.050840635,0.029978,3.43999002,0.029978,3.551076113
0.030078,2.404070132,0.030078,3.594282586,0.030078,4.172966085,0.030078,3.494998172,0.030078,3.896253424
0.030178,2.344216131,0.030178,3.698689862,0.030178,4.068060638,0.030178,3.540285211,0.030178,3.895167824
0.030278,2.342733337,0.030278,3.772596324,0.030278,4.193734459,0.030278,3.576129734,0.030278,4.21239109
0.030378,2.221368742,0.030378,3.902335348,0.030378,4.448880117,0.030378,3.556821753,0.030378,4.101792724
0.030478,2.358461532,0.030478,3.816704531,0.030478,4.519075423,0.030478,3.44865149,0.030478,4.097447449
0.030578,2.295921242,0.030578,3.957638123,0.030578,4.427380583,0.030578,3.575039151,0.030578,4.313237459
0.030678,2.235150486,0.030678,3.986753311,0.030678,4.760035197,0.030678,3.54490001,0.030678,4.431558808
0.030778,2.322539582,0.030778,4.017391377,0.030778,4.658846415,0.030778,3.502768844,0.030778,4.391641035
0.030878,2.284403427,0.030878,4.008327832,0.030878,4.800237695,0.030878,3.496484742,0.030878,4.462824319
0.030978,2.342485616,0.030978,4.040030091,0.030978,4.762771256,0.030978,3.641197681,0.030978,4.33587069
0.031078,2.393982211,0.031078,4.268002549,0.031078,4.895558844,0.031078,3.609576066,0.031078,4.382879523
0.031178,2.403206554,0.031178,4.280137539,0.031178,4.933786125,0.031178,3.677893906,0.031178,4.63516841
0.031278,2.439073812,0.031278,4.424564161,0.031278,4.810815454,0.031278,3.64243218,0.031278,4.642145315
0.031378,2.497641356,0.031378,4.473902904,0.031378,5.067344532,0.031378,3.829140206,0.031378,4.688823758
0.031478,2.555230431,0.031478,4.539482935,0.031478,4.965699521,0.031478,3.720269129,0.031478,4.618776126
0.031578,2.56433717,0.031578,4.659090008,0.031578,4.961529029,0.031578,3.84363246,0.031578,4.909762807
0.031678,2.621699224,0.031678,4.745834172,0.031678,5.062750935,0.031678,3.897927025,0.031678,4.59696772
0.031778,2.664780301,0.031778,4.747037757,0.031778,5.12018298,0.031778,3.865896799,0.031778,4.821775134
0.031878,2.556374135,0.031878,4.874149773,0.031878,5.191645223,0.031878,3.997213707,0.031878,4.879634511
0.031978,2.675749773,0.031978,4.902657067,0.031978,5.337611005,0.031978,3.928444502,0.031978,4.931775804
0.032078,2.72036369,0.032078,5.000432965,0.032078,5.403875416,0.032078,4.083508821,0.032078,4.919186987
0.032178,2.828129539,0.032178,5.173521693,0.032178,5.398151817,0.032178,4.142219062,0.032178,4.967648621
0.032278,2.792626814,0.032278,5.232820709,0.032278,5.394212017,0.032278,4.112152499,0.032278,4.982852276
0.032378,2.90112753,0.032378,5.366453937,0.032378,5.654549223,0.032378,4.257317285,0.032378,4.992672857
0.032478,2.899547928,0.032478,5.275786289,0.032478,5.654933521,0.032478,4.291406198,0.032478,5.034844211
0.032578,2.949973336,0.032578,5.468591922,0.032578,5.751057102,0.032578,4.31022116,0.032578,5.138494399
0.032678,3.13019274,0.032678,5.521039926,0.032678,5.65620096,0.032678,4.207216216,0.032678,5.255480635
0.032778,3.108182152,0.032778,5.445655554,0.032778,5.951252322,0.032778,4.37520228,0.032778,5.145174972
0.032878,3.210233703,0.032878,5.68572973,0.032878,5.799664686,0.032878,4.302854288,0.032878,5.361158306
0.032978,3.356022295,0.032978,5.722252336,0.032978,5.760019151,0.032978,4.600798781,0.032978,5.366509837
0.033078,3.202816442,0.033078,5.925124967,0.033078,5.865465592,0.033078,4.54621267,0.033078,5.440465626
0.033178,3.393153729,0.033178,6.039479117,0.033178,5.962205844,0.033178,4.602022378,0.033178,5.344845289
0.033278,3.43094786,0.033278,5.95074173,0.033278,6.294397775,0.033278,4.850786753,0.033278,5.618333062
0.033378,3.59508386,0.033378,6.140113977,0.033378,6.251021848,0.033378,4.65301491,0.033378,5.605779644
0.033478,3.547619465,0.033478,6.225997324,0.033478,6.248064048,0.033478,4.689603534,0.033478,5.626976001
0.033578,3.585791935,0.033578,6.182385634,0.033578,6.224246093,0.033578,4.765260468,0.033578,5.718172511
0.033678,3.610141568,0.033678,6.246014887,0.033678,6.445371815,0.033678,4.936432204,0.033678,5.827093281
0.033778,3.719572779,0.033778,6.42769819,0.033778,6.528884579,0.033778,4.619303409,0.033778,5.646815079
0.033878,3.810108502,0.033878,6.378306242,0.033878,6.506036724,0.033878,4.814897434,0.033878,5.930968234
0.033978,3.81825083,0.033978,6.579533387,0.033978,6.61821116,0.033978,4.961497683,0.033978,6.080321817
0.034078,3.93358163,0.034078,6.52408379,0.034078,6.820657189,0.034078,5.076697939,0.034078,6.294058687
0.034178,4.038355845,0.034178,6.666724203,0.034178,6.73751965,0.034178,5.080956028,0.034178,6.260882618
0.034278,4.204745385,0.034278,6.837433169,0.034278,6.79412135,0.034278,5.169110608,0.034278,6.389444423
0.034378,4.292710522,0.034378,6.658819799,0.034378,6.861773183,0.034378,5.284785488,0.034378,6.364446333
0.034478,4.260997824,0.034478,6.963071653,0.034478,6.878798675,0.034478,5.189529517,0.034478,6.475582191
0.034578,4.402185905,0.034578,6.990740976,0.034578,7.023876847,0.034578,5.382864694,0.034578,6.398432884
0.034678,4.400993456,0.034678,7.013945912,0.034678,6.979304675,0.034678,5.473649588,0.034678,6.78431528
0.034778,4.621820373,0.034778,7.01731976,0.034778,7.111772907,0.034778,5.509550148,0.034778,6.730688382
0.034878,4.658100262,0.034878,7.153069473,0.034878,7.225696645,0.034878,5.642834774,0.034878,6.781936794
0.034978,4.716045247,0.034978,7.212161085,0.034978,7.31452862,0.034978,5.499892256,0.034978,6.785349322
0.035078,4.787037389,0.035078,7.192636942,0.035078,7.345651305,0.035078,5.531160841,0.035078,6.982150604
0.035178,4.876070118,0.035178,7.304694314,0.035178,7.465143213,0.035178,5.643872884,0.035178,7.046796734
0.035278,4.945120336,0.035278,7.57243276,0.035278,7.418222843,0.035278,5.538695109,0.035278,6.916533547
0.035378,5.028699296,0.035378,7.558595685,0.035378,7.502227958,0.035378,5.721723563,0.035378,7.204418565
0.035478,5.22365828,0.035478,7.678463008,0.035478,7.47249904,0.035478,5.729536808,0.035478,7.085376618
0.035578,5.285575625,0.035578,7.628631377,0.035578,7.595455406,0.035578,5.861628603,0.035578,7.247967909
0.035678,5.433545244,0.035678,7.785292387,0.035678,7.469852738,0.035678,5.960746536,0.035678,7.293542372
0.035778,5.409821203,0.035778,7.845661327,0.035778,7.583747522,0.035778,5.816747599,0.035778,7.416463403
0.035878,5.62160907,0.035878,8.066944059,0.035878,7.663715735,0.035878,5.922877951,0.035878,7.57718812
0.035978,5.589423654,0.035978,8.139960086,0.035978,7.798229793,0.035978,5.996547516,0.035978,7.585136065
0.036078,5.777901938,0.036078,8.232878552,0.036078,7.776305459,0.036078,6.054110572,0.036078,7.805822767
0.036178,5.806517519,0.036178,8.247929368,0.036178,7.912520391,0.036178,6.050498051,0.036178,7.754860998
0.036278,5.869624788,0.036278,8.368727276,0.036278,7.980394893,0.036278,6.224017269,0.036278,7.846921565
0.036378,6.021346247,0.036378,8.412373669,0.036378,8.08862018,0.036378,6.31750217,0.036378,7.745730451
0.036478,6.012621055,0.036478,8.494204725,0.036478,8.178790317,0.036478,6.199136077,0.036478,7.838738623
0.036578,6.091833492,0.036578,8.581475257,0.036578,7.976981618,0.036578,6.283310027,0.036578,8.109845522
0.036678,6.305367186,0.036678,8.754253423,0.036678,8.121594812,0.036678,6.364686575,0.036678,8.078316402
0.036778,6.232168729,0.036778,8.847163174,0.036778,8.184626548,0.036778,6.539291128,0.036778,8.087945356
0.036878,6.427834983,0.036878,8.759990969,0.036878,8.426766053,0.036878,6.502124989,0.036878,8.064650881
0.036978,6.33621603,0.036978,8.860816608,0.036978,8.328974547,0.036978,6.636696993,0.036978,8.351300786
0.037078,6.54249576,0.037078,8.921747497,0.037078,8.536463964,0.037078,6.592215925,0.037078,8.270107243
0.037178,6.614816304,0.037178,8.995913485,0.037178,8.494545216,0.037178,6.627974467,0.037178,8.27752193
0.037278,6.62255675,0.037278,9.067663252,0.037278,8.343932256,0.037278,6.827576197,0.037278,8.373858524
0.037378,6.925387443,0.037378,9.218368968,0.037378,8.68385721,0.037378,6.820544908,0.037378,8.142768429
0.037478,7.070682202,0.037478,9.087322446,0.037478,8.49526814,0.037478,7.137074078,0.037478,8.408717746
0.037578,7.164465313,0.037578,9.253250889,0.037578,8.719643014,0.037578,6.977952293,0.037578,8.515378672
0.037678,7.258587959,0.037678,9.378432737,0.037678,8.869176722,0.037678,7.041118112,0.037678,8.577889131
0.037778,7.274231379,0.037778,9.434537982,0.037778,8.769262374,0.037778,7.238506619,0.037778,8.768146686
0.037878,7.375165813,0.037878,9.561582035,0.037878,8.811306149,0.037878,7.24932716,0.037878,8.841890255
0.037978,7.591030191,0.037978,9.72223282,0.037978,9.026209892,0.037978,7.289801384,0.037978,8.910257651
0.038078,7.640334584,0.038078,9.630698444,0.038078,9.006214142,0.038078,7.210052575,0.038078,8.764008301
0.038178,7.719269577,0.038178,9.596197268,0.038178,8.928432499,0.038178,7.294082566,0.038178,8.736348115
0.038278,7.873850243,0.038278,9.644517181,0.038278,9.006634655,0.038278,7.488201554,0.038278,8.82791895
0.038378,7.822610099,0.038378,9.974258021,0.038378,9.11013647,0.038378,7.443192391,0.038378,8.910957818
0.038478,7.916609543,0.038478,9.874386041,0.038478,9.263738678,0.038478,7.517946331,0.038478,9.082661359
0.038578,8.084617114,0.038578,9.987380514,0.038578,9.162730817,0.038578,7.504637217,0.038578,8.797573542
0.038678,8.115592131,0.038678,9.990136014,0.038678,9.398551266,0.038678,7.587901273,0.038678,9.147259408
0.038778,8.250075289,0.038778,10.08974714,0.038778,9.269567176,0.038778,7.720314442,0.038778,9.155246304
0.038878,8.433302146,0.038878,10.04981851,0.038878,9.393625757,0.038878,7.823544557,0.038878,9.048221617
0.038978,8.428563126,0.038978,10.20437546,0.038978,9.276314094,0.038978,7.903750034,0.038978,9.083933804
0.039078,8.529236203,0.039078,10.17578538,0.039078,9.377393067,0.039078,7.95251238,0.039078,9.211738651
0.039178,8.726224144,0.039178,10.30022067,0.039178,9.575870047,0.039178,7.994018377,0.039178,9.160005269
0.039278,8.824634523,0.039278,10.27193475,0.039278,9.444658856,0.039278,8.100203505,0.039278,9.077069042
0.039378,9.000879976,0.039378,10.16282441,0.039378,9.535851606,0.039378,8.342845017,0.039378,9.157292424
0.039478,9.043199445,0.039478,10.3416086,0.039478,9.671721181,0.039478,8.28022783,0.039478,9.356519725
0.039578,9.147739253,0.039578,10.37372713,0.039578,9.620033297,0.039578,8.426605071,0.039578,9.591381383
0.039678,9.354302655,0.039678,10.36278943,0.039678,9.652946545,0.039678,8.363075555,0.039678,9.763830756
0.039778,9.324136386,0.039778,10.36919301,0.039778,9.757920992,0.039778,8.328512496,0.039778,9.687114645
0.039878,9.584652766,0.039878,10.49227775,0.039878,9.71828875,0.039878,8.326488965,0.039878,9.652630153
0.039978,9.533786348,0.039978,10.27454659,0.039978,9.890870213,0.039978,8.477387705,0.039978,9.611931968
0.040078,9.679831129,0.040078,10.36027583,0.040078,9.801657083,0.040078,8.553075973,0.040078,9.660621255
0.040178,9.791507905,0.040178,10.41803406,0.040178,9.913089624,0.040178,8.540919915,0.040178,9.637526004
0.040278,9.849262343,0.040278,10.39122685,0.040278,9.943576308,0.040278,8.738782289,0.040278,9.895321169
0.040378,10.06525823,0.040378,10.46164998,0.040378,9.894803894,0.040378,8.739618403,0.040378,9.745518824
0.040478,10.14465221,0.040478,10.43857511,0.040478,9.839309749,0.040478,8.647106488,0.040478,9.754258512
0.040578,10.08249202,0.040578,10.54611295,0.040578,9.928505241,0.040578,8.783380567,0.040578,9.82430076
0.040678,10.3329918,0.040678,10.57436599,0.040678,9.803984482,0.040678,8.735287689,0.040678,9.818869822
0.040778,10.43747641,0.040778,10.49516763,0.040778,9.920631089,0.040778,8.768774401,0.040778,9.757272422
0.040878,10.58443836,0.040878,10.61469825,0.040878,9.707314425,0.040878,8.937363077,0.040878,9.76008534
0.040978,10.59308576,0.040978,10.56026807,0.040978,9.770617516,0.040978,9.20662062,0.040978,9.795232049
0.041078,10.7304418,0.041078,10.41969626,0.041078,9.843058577,0.041078,8.740933595,0.041078,9.733809378
0.041178,10.70575092,0.041178,10.3832595,0.041178,9.748166755,0.041178,8.997487066,0.041178,9.851210082
0.041278,10.68679544,0.041278,10.55062979,0.041278,9.886070277,0.041278,9.036511671,0.041278,9.659879699
0.041378,10.98265496,0.041378,10.60698908,0.041378,9.960518848,0.041378,9.084850326,0.041378,9.919776164
0.041478,10.89713963,0.041478,10.50185437,0.041478,9.927953538,0.041478,9.260079397,0.041478,9.707070607
0.041578,10.99749492,0.041578,10.5178646,0.041578,9.850167347,0.041578,9.264654772,0.041578,9.467867635
0.041678,10.99182988,0.041678,10.57772625,0.041678,10.06270187,0.041678,9.374884351,0.041678,9.659618255
0.041778,11.15508685,0.041778,10.41492767,0.041778,9.799062167,0.041778,9.375912225,0.041778,9.668101937
0.041878,11.15881579,0.041878,10.42380925,0.041878,9.826778299,0.041878,9.326741091,0.041878,9.574685092
0.041978,11.04663872,0.041978,10.48481237,0.041978,9.739680197,0.041978,9.371317522,0.041978,9.407160241
0.042078,11.28660873,0.042078,10.35149278,0.042078,9.74328936,0.042078,9.449889154,0.042078,9.607528346
0.042178,11.23456274,0.042178,10.35769831,0.042178,9.627437969,0.042178,9.578617342,0.042178,9.475604243
0.042278,11.29933596,0.042278,10.19948339,0.042278,9.626906994,0.042278,9.655116429,0.042278,9.477827687
0.042378,11.45332272,0.042378,10.1222556,0.042378,9.759393852,0.042378,9.644933843,0.042378,9.695240451
0.042478,11.45289119,0.042478,10.10374166,0.042478,9.794847281,0.042478,9.804393055,0.042478,9.472589241
0.042578,11.62236386,0.042578,10.09384733,0.042578,9.671896629,0.042578,9.794822676,0.042578,9.69584585
0.042678,11.67490907,0.042678,10.03088379,0.042678,9.598322276,0.042678,9.366133082,0.042678,9.548075364
0.042778,11.6088266,0.042778,10.05406682,0.042778,9.460335265,0.042778,9.792150284,0.042778,9.667579402
0.042878,11.74856364,0.042878,9.83352263,0.042878,9.488257203,0.042878,9.898260781,0.042878,9.347755828
0.042978,11.67311739,0.042978,9.794686117,0.042978,9.523077964,0.042978,9.871126355,0.042978,9.455867964
0.043078,11.84460537,0.043078,9.633347762,0.043078,9.454307967,0.043078,9.727859811,0.043078,9.500976273
0.043178,11.85423754,0.043178,9.795094445,0.043178,9.299808343,0.043178,9.996450408,0.043178,9.16795152
0.043278,11.91229296,0.043278,9.875045239,0.043278,9.383398445,0.043278,10.03286004,0.043278,9.395586158
0.043378,11.87450925,0.043378,9.727404909,0.043378,9.401456404,0.043378,9.764546581,0.043378,9.441634112
0.043478,11.83422642,0.043478,9.813440966,0.043478,9.433412123,0.043478,9.926909152,0.043478,9.54296302
0.043578,11.9958823,0.043578,9.547987368,0.043578,9.514886145,0.043578,9.96161678,0.043578,9.531808655
0.043678,12.14639789,0.043678,9.556527882,0.043678,9.523691156,0.043678,9.799281525,0.043678,9.60810963
0.043778,12.13826927,0.043778,9.486479194,0.043778,9.432653684,0.043778,9.979817475,0.043778,9.624506094
0.043878,12.0899075,0.043878,9.31880189,0.043878,9.434048962,0.043878,9.861662631,0.043878,9.610643506
0.043978,12.24962464,0.043978,9.336659321,0.043978,9.539758309,0.043978,10.04574075,0.043978,9.704820384
0.044078,12.37420858,0.044078,9.190743431,0.044078,9.411439907,0.044078,9.923004728,0.044078,9.764102829
0.044178,12.13394038,0.044178,9.315374596,0.044178,9.433145842,0.044178,10.34451206,0.044178,9.504956325
0.044278,12.36586243,0.044278,9.357756566,0.044278,9.313257808,0.044278,10.12793575,0.044278,9.741320815
0.044378,12.30955832,0.044378,9.25452341,0.044378,9.460108864,0.044378,9.894464661,0.044378,9.699844767
0.044478,12.17233091,0.044478,9.14447523,0.044478,9.506064678,0.044478,10.14700131,0.044478,9.749434922
0.044578,12.4812838,0.044578,9.167099736,0.044578,9.441885791,0.044578,10.10353239,0.044578,9.845564138
0.044678,12.45265018,0.044678,9.008945972,0.044678,9.40363543,0.044678,10.26857556,0.044678,9.820697863
0.044778,12.72240703,0.044778,8.848260197,0.044778,9.346698273,0.044778,10.4067983,0.044778,9.819600437
0.044878,12.64076196,0.044878,8.830581727,0.044878,9.359652294,0.044878,10.32928301,0.044878,9.956492638
0.044978,12.56797312,0.044978,8.778222766,0.044978,9.378617459,0.044978,10.17842085,0.044978,9.748864986
0.045078,12.68175702,0.045078,8.788699249,0.045078,9.502344029,0.045078,10.27937302,0.045078,9.993417392
0.045178,12.6315866,0.045178,8.67907393,0.045178,9.322681346,0.045178,10.26853663,0.045178,9.742079343
0.045278,12.77308158,0.045278,8.638933357,0.045278,9.38439313,0.045278,10.42092437,0.045278,9.999361685
0.045378,12.71994455,0.045378,8.515093068,0.045378,9.440453117,0.045378,10.37755229,0.045378,10.12302072
0.045478,12.68681093,0.045478,8.573010732,0.045478,9.430190864,0.045478,10.4700547,0.045478,9.764294958
0.045578,12.82651128,0.045578,8.573763314,0.045578,9.494001252,0.045578,10.32680627,0.045578,9.752283005
0.045678,12.81039026,0.045678,8.574742297,0.045678,9.382691005,0.045678,10.39062333,0.045678,9.848386273
0.045778,12.77697046,0.045778,8.462664515,0.045778,9.531644422,0.045778,10.39041626,0.045778,9.732248285
0.045878,12.73659543,0.045878,8.507188343,0.045878,9.50959772,0.045878,10.3778074,0.045878,9.907148363
0.045978,12.64618436,0.045978,8.414542488,0.045978,9.406636942,0.045978,10.46040052,0.045978,9.897376878
0.046078,12.68894933,0.046078,8.594458047,0.046078,9.511737316,0.046078,10.34652599,0.046078,9.761924983
0.046178,12.78839927,0.046178,8.591073101,0.046178,9.564604712,0.046178,10.21786514,0.046178,9.972062672
0.046278,12.60728803,0.046278,8.573563343,0.046278,9.664443875,0.046278,10.45747396,0.046278,9.97833489
0.046378,12.70034557,0.046378,8.481966158,0.046378,9.446287683,0.046378,10.18060791,0.046378,9.975281097
0.046478,12.61405571,0.046478,8.423649841,0.046478,9.645589275,0.046478,10.33336095,0.046478,9.932725022
0.046578,12.54811798,0.046578,8.493959424,0.046578,9.6125154,0.046578,10.36841374,0.046578,10.0483926
0.046678,12.49474033,0.046678,8.580234155,0.046678,9.570168934,0.046678,10.28350412,0.046678,9.964066802
0.046778,12.40842073,0.046778,8.635576899,0.046778,9.591590326,0.046778,10.23401438,0.046778,10.18938771
0.046878,12.45799581,0.046878,8.491336529,0.046878,9.605515187,0.046878,10.38660216,0.046878,9.955646931
0.046978,12.45154491,0.046978,8.648681045,0.046978,9.632463054,0.046978,10.40016716,0.046978,10.12853869
0.047078,12.31039942,0.047078,8.726091369,0.047078,9.532894414,0.047078,10.29840777,0.047078,10.26993896
0.047178,12.18476374,0.047178,8.668900143,0.047178,9.6235073,0.047178,10.34758433,0.047178,10.18050246
0.047278,12.09311291,0.047278,8.657298635,0.047278,9.579411481,0.047278,10.42857628,0.047278,10.28319151
0.047378,11.99446928,0.047378,8.835737744,0.047378,9.619331073,0.047378,10.35719679,0.047378,10.4215142
0.047478,11.92231757,0.047478,8.89883936,0.047478,9.559532605,0.047478,10.25762684,0.047478,10.23721258
0.047578,11.76418856,0.047578,8.969336886,0.047578,9.593008254,0.047578,10.26856793,0.047578,10.3964657
0.047678,11.71306342,0.047678,9.001987799,0.047678,9.505804597,0.047678,10.32312525,0.047678,10.48653082
0.047778,11.56625769,0.047778,9.113357789,0.047778,9.558760872,0.047778,10.40715831,0.047778,10.46649512
0.047878,11.64062051,0.047878,8.915870952,0.047878,9.73690436,0.047878,10.49655619,0.047878,10.56798259
0.047978,11.56626767,0.047978,9.004478815,0.047978,9.467537343,0.047978,10.59656498,0.047978,10.60855475
0.048078,11.393277,0.048078,9.096392105,0.048078,9.544418393,0.048078,10.65051142,0.048078,10.65382206
0.048178,11.37682786,0.048178,9.161709372,0.048178,9.805100824,0.048178,10.4625614,0.048178,10.89142405
0.048278,11.24110515,0.048278,9.033944731,0.048278,9.81714741,0.048278,10.74154215,0.048278,10.72088219
0.048378,11.1176935,0.048378,9.081093173,0.048378,9.711550969,0.048378,10.58963498,0.048378,10.75653669
0.048478,11.0468321,0.048478,9.219111997,0.048478,9.969141938,0.048478,10.67417569,0.048478,10.84174491
0.048578,10.95842095,0.048578,9.294594366,0.048578,10.02509777,0.048578,10.72004976,0.048578,10.81114142
0.048678,10.81695744,0.048678,9.484953219,0.048678,9.898308799,0.048678,10.77279273,0.048678,10.93750309
0.048778,10.86785346,0.048778,9.491560541,0.048778,10.0180504,0.048778,10.85633409,0.048778,11.02757895
0.048878,10.76447387,0.048878,9.329152495,0.048878,9.918545167,0.048878,10.71429621,0.048878,11.17788999
0.048978,10.64649017,0.048978,9.459468737,0.048978,10.2043223,0.048978,10.89852124,0.048978,11.15080423
0.049078,10.57515314,0.049078,9.497110462,0.049078,10.08750572,0.049078,10.66392697,0.049078,11.19817741
0.049178,10.56374566,0.049178,9.646665233,0.049178,10.22499033,0.049178,10.98560541,0.049178,11.34004676
0.049278,10.46838941,0.049278,9.658893058,0.049278,10.255623,0.049278,10.96986668,0.049278,11.31964325
0.049378,10.61109676,0.049378,9.719933995,0.049378,10.25874259,0.049378,10.947845,0.049378,11.27079263
0.049478,10.59579482,0.049478,9.749039487,0.049478,10.38661054,0.049478,11.02189216,0.049478,11.30809273
0.049578,10.46816342,0.049578,9.774575256,0.049578,10.29995171,0.049578,11.24274907,0.049578,11.28301685
0.049678,10.59579178,0.049678,9.848061668,0.049678,10.37208795,0.049678,11.12987618,0.049678,11.45295417
0.049778,10.52426842,0.049778,9.956562008,0.049778,10.35494205,0.049778,11.03154881,0.049778,11.55671042
0.049878,10.60756954,0.049878,9.904846055,0.049878,10.48264616,0.049878,11.19503385,0.049878,11.61427648
0.049978,10.42613466,0.049978,10.02272241,0.049978,10.3602371,0.049978,11.25277039,0.049978,11.47408616
0.050078,10.60559527,0.050078,10.07028707,0.050078,10.59458123,0.050078,11.23451449,0.050078,11.42009285
0.050178,10.68814513,0.050178,10.23525221,0.050178,10.54860448,0.050178,11.20975008,0.050178,11.66150905
0.050278,10.70876079,0.050278,10.19016315,0.050278,10.57724656,0.050278,11.22621766,0.050278,11.57684602
0.050378,10.58562372,0.050378,10.20906605,0.050378,10.59906153,0.050378,11.24736732,0.050378,11.90822456
0.050478,10.74084263,0.050478,10.1135375,0.050478,10.549997,0.050478,11.42946509,0.050478,11.90393325
0.050578,10.67818824,0.050578,10.28296151,0.050578,10.56825867,0.050578,11.35392917,0.050578,11.85556715
0.050678,10.66519611,0.050678,10.57603794,0.050678,10.71297945,0.050678,11.50225646,0.050678,12.09509992
0.050778,10.76316952,0.050778,10.48386531,0.050778,10.79104122,0.050778,11.48265649,0.050778,11.97866772
0.050878,10.74403648,0.050878,10.50111226,0.050878,10.6885676,0.050878,11.59076454,0.050878,12.11221234
0.050978,10.91487853,0.050978,10.55804852,0.050978,10.85563004,0.050978,11.62183109,0.050978,12.19742667
0.051078,10.92949391,0.051078,10.77491362,0.051078,10.79486575,0.051078,11.62187246,0.051078,12.0736566
0.051178,10.85218159,0.051178,10.90878487,0.051178,10.92410555,0.051178,11.78727827,0.051178,12.27721048
0.051278,10.97883448,0.051278,10.91388287,0.051278,10.97516923,0.051278,11.60702853,0.051278,12.31989338
0.051378,11.11543656,0.051378,11.06253025,0.051378,11.04286596,0.051378,11.86871227,0.051378,12.67254225
0.051478,11.21009204,0.051478,11.06600084,0.051478,10.90678204,0.051478,11.99289591,0.051478,12.56663794
0.051578,11.16894498,0.051578,11.18465045,0.051578,11.0340912,0.051578,11.94214983,0.051578,12.53245822
0.051678,11.14075907,0.051678,11.3685404,0.051678,10.8433615,0.051678,12.07521876,0.051678,12.7789311
0.051778,11.3090099,0.051778,11.18818537,0.051778,10.96947391,0.051778,12.03774023,0.051778,12.62942442
0.051878,11.22351017,0.051878,11.36122755,0.051878,10.95443535,0.051878,12.21917107,0.051878,12.83937905
0.051978,11.41029855,0.051978,11.34674365,0.051978,10.93722257,0.051978,12.14477252,0.051978,12.98606239
0.052078,11.34410586,0.052078,11.4568606,0.052078,11.08059732,0.052078,12.19115242,0.052078,13.00715784
0.052178,11.39355845,0.052178,11.63652889,0.052178,11.32654392,0.052178,12.14245072,0.052178,12.98349972
0.052278,11.4830024,0.052278,11.67917657,0.052278,11.32903169,0.052278,12.42111497,0.052278,12.94783647
0.052378,11.54921434,0.052378,11.63161097,0.052378,11.44565812,0.052378,12.35038632,0.052378,13.16560479
0.052478,11.58981915,0.052478,11.7486502,0.052478,11.35589727,0.052478,12.44431419,0.052478,13.15371321
0.052578,11.79913593,0.052578,11.86442456,0.052578,11.32222652,0.052578,12.49141238,0.052578,13.32569481
0.052678,11.79905084,0.052678,11.75061483,0.052678,11.68145323,0.052678,12.33794331,0.052678,13.3878614
0.052778,11.84251617,0.052778,12.05065602,0.052778,11.56570045,0.052778,12.40058224,0.052778,13.42859314
0.052878,11.7978146,0.052878,12.16571073,0.052878,11.73621839,0.052878,12.39088613,0.052878,13.63398215
0.052978,12.13474058,0.052978,12.05171594,0.052978,11.80720237,0.052978,12.40887208,0.052978,13.61645897
0.053078,12.22783975,0.053078,12.11974046,0.053078,11.76639492,0.053078,12.69669757,0.053078,13.46783743
0.053178,12.2194976,0.053178,12.3462763,0.053178,11.88109988,0.053178,12.80163998,0.053178,13.73134164
0.053278,12.35843369,0.053278,12.34872192,0.053278,11.91222227,0.053278,12.73107541,0.053278,13.82000599
0.053378,12.46142756,0.053378,12.40107724,0.053378,11.89935186,0.053378,12.79745237,0.053378,13.66104174
0.053478,12.52832587,0.053478,12.63671432,0.053478,12.18319469,0.053478,12.93072928,0.053478,13.95876436
0.053578,12.66539187,0.053578,12.65626985,0.053578,12.09462662,0.053578,12.80472036,0.053578,13.73013451
0.053678,12.81400206,0.053678,12.73137979,0.053678,12.23182758,0.053678,12.98002558,0.053678,13.96929619
0.053778,12.90753776,0.053778,12.67181261,0.053778,12.28530242,0.053778,12.96236824,0.053778,13.89503041
0.053878,12.97449047,0.053878,12.8044921,0.053878,12.34671325,0.053878,13.10507652,0.053878,13.91376424
0.053978,13.03056526,0.053978,12.82752589,0.053978,12.38489587,0.053978,13.17396457,0.053978,14.16930373
0.054078,13.31764378,0.054078,12.88522594,0.054078,12.60522962,0.054078,13.25944556,0.054078,14.08560389
0.054178,13.20193633,0.054178,13.10759994,0.054178,12.6598745,0.054178,13.37405093,0.054178,14.27496375
0.054278,13.16768292,0.054278,13.06169828,0.054278,12.76460122,0.054278,13.32121699,0.054278,14.23648292
0.054378,13.30267078,0.054378,13.13665565,0.054378,12.67603587,0.054378,13.43090128,0.054378,14.32144426
0.054478,13.39735957,0.054478,13.17419889,0.054478,12.98715664,0.054478,13.57041684,0.054478,14.55032758
0.054578,13.36505299,0.054578,13.32013646,0.054578,12.95567176,0.054578,13.57747733,0.054578,14.55732285
0.054678,13.4538357,0.054678,13.39612294,0.054678,13.05775959,0.054678,13.65003362,0.054678,14.61596186
0.054778,13.67433217,0.054778,13.5909844,0.054778,13.19931461,0.054778,13.79499142,0.054778,14.74711649
0.054878,13.63758223,0.054878,13.63139138,0.054878,13.3514269,0.054878,13.90096237,0.054878,14.75765946
0.054978,13.72394366,0.054978,13.62676251,0.054978,13.44364124,0.054978,13.88596713,0.054978,14.75088645
0.055078,13.90215068,0.055078,13.79936977,0.055078,13.31095283,0.055078,13.95757008,0.055078,14.89668009
0.055178,13.90596424,0.055178,13.81447927,0.055178,13.68078985,0.055178,13.96321764,0.055178,14.84292104
0.055278,14.00506213,0.055278,13.81020752,0.055278,13.66310932,0.055278,14.10921494,0.055278,14.76993672
0.055378,13.97005089,0.055378,14.07340672,0.055378,13.94983302,0.055378,14.19825042,0.055378,14.89649476
0.055478,14.1636453,0.055478,13.93634563,0.055478,13.79370422,0.055478,14.15674417,0.055478,15.00411341
0.055578,14.145703,0.055578,14.12188942,0.055578,14.13075521,0.055578,14.26046779,0.055578,14.9979059
0.055678,14.199779,0.055678,14.04128582,0.055678,13.87690424,0.055678,14.1467531,0.055678,14.98590199
0.055778,14.27127628,0.055778,14.25952877,0.055778,14.01347245,0.055778,14.40401733,0.055778,14.91180998
0.055878,14.34568928,0.055878,14.21879757,0.055878,14.22025985,0.055878,14.55134788,0.055878,15.13514013
0.055978,14.42661488,0.055978,14.16153804,0.055978,14.38513678,0.055978,14.51897376,0.055978,15.3636775
0.056078,14.53992091,0.056078,14.50580643,0.056078,14.40917758,0.056078,14.50032011,0.056078,15.36514868
0.056178,14.62320857,0.056178,14.51800264,0.056178,14.63820577,0.056178,14.75567335,0.056178,15.46166074
0.056278,14.60626949,0.056278,14.55603177,0.056278,14.70454296,0.056278,14.715627,0.056278,15.56923356
0.056378,14.52608836,0.056378,14.50768265,0.056378,14.586275,0.056378,14.75721176,0.056378,15.71961443
0.056478,14.65535354,0.056478,14.72285719,0.056478,14.63358412,0.056478,14.7877145,0.056478,15.73341054
0.056578,14.7057355,0.056578,14.67027044,0.056578,14.94005181,0.056578,14.74529689,0.056578,15.70989703
0.056678,14.86200018,0.056678,14.77648984,0.056678,14.92145747,0.056678,14.89252226,0.056678,15.68922508
0.056778,14.82322354,0.056778,14.79404334,0.056778,15.26492994,0.056778,15.01591633,0.056778,15.66874744
0.056878,14.97959787,0.056878,14.91622768,0.056878,15.40203217,0.056878,14.87805955,0.056878,15.71470096
0.056978,14.84755935,0.056978,15.05407635,0.056978,15.44380734,0.056978,15.07061277,0.056978,15.87140878
0.057078,14.94765061,0.057078,15.11213378,0.057078,15.43214481,0.057078,15.1824208,0.057078,15.69744267
0.057178,14.98785652,0.057178,15.10385336,0.057178,15.5167394,0.057178,15.34133832,0.057178,15.99259864
0.057278,15.09048206,0.057278,15.28234928,0.057278,15.67096276,0.057278,15.28905439,0.057278,16.0940783
0.052990255,2.272207053,0.053540134,3.774132065,0.054016787,4.311561275,0.054486015,5.00134172,0.054643927,6.086335309
0.05071311,0.656914664,0.050857093,1.838696856,0.051452824,2.311040558,0.052054514,2.465961185,0.052167889,3.266001156
0.049597257,0.292527264,0.049327065,0.699159578,0.049926582,1.077248807,0.050609642,1.104012458,0.050632743,1.796070789
0.048797434,0.290872476,0.048422604,0.338261858,0.048948993,0.519634567,0.049685451,0.705532352,0.049579572,1.13210221
0.048168013,0.104620712,0.047823679,0.263949757,0.048316942,0.301770332,0.049019452,0.424513844,0.04881275,0.590528861
0.047749852,-0.013495434,0.047398578,0.209192189,0.047825602,-0.003285251,0.048519774,0.132863322,0.048245288,0.428801794
0.047401518,0.015844019,0.047073194,0.10799519,0.047526376,0.120087464,0.048191309,0.247764146,0.047793023,0.326293659
0.04724729,0.082940492,0.0468203,4.82E-05,0.04729105,0.046106878,0.047961455,0.200421538,0.047454188,0.167241982
0.047075968,0.084129359,0.046632832,-0.015367699,0.047083146,0.0961588,0.047738139,-0.014641632,0.047244323,0.13599564
0.046880877,0.003972587,0.04649397,0.01582773,0.046876554,-0.003624965,0.047542207,-0.171079345,0.04707275,-0.049427262
0.046764378,-0.011825821,0.046349334,0.004857346,0.046737451,-0.01363247,0.047453539,0.023722479,0.046964087,0.073557239
0.046646062,0.092872507,0.046206271,-0.010055954,0.046599008,0.111021349,0.047326446,-0.110495832,0.046855092,0.14056845
0.046521484,-0.079779181,0.046088143,0.081517075,0.046489653,0.113615666,0.047212591,0.124907737,0.046672241,0.040793677
0.046462398,0.061503005,0.045984332,0.004174078,0.046398225,0.144591333,0.04706358,-0.002396855,0.046512773,0.114094973
0.046363138,0.005966598,0.04587986,0.010328824,0.046238043,-0.059185378,0.046918497,0.010536722,0.0463734,-0.066644992
0.046337343,0.049274426,0.045821532,0.24672373,0.046122027,0.183934877,0.046766966,0.169218743,0.046311199,-0.062808263
0.046295133,0.033850242,0.045706189,0.100091686,0.04602575,-0.142845516,0.046677198,-0.061131082,0.046254549,0.127769185
0.046233084,-0.119778382,0.045640151,0.038553888,0.045932798,-0.09482826,0.04666157,0.008001842,0.046151583,0.0526695
0.046193008,-0.031321655,0.045594463,-0.030758851,0.045934801,-0.044845906,0.046606155,0.111860477,0.046010139,-0.045767067
0.046131108,-0.044687773,0.045537164,0.091858987,0.045939159,0.106823689,0.046516525,-0.121666064,0.045943038,-0.109820439
0.046052052,-0.080572853,0.045423817,-0.129504369,0.045796239,-0.107838776,0.046515648,-0.098768777,0.04593953,-0.059893555
0.046019285,0.028260295,0.045397554,0.146629699,0.04575782,0.010154483,0.046515525,-0.026368673,0.045962045,0.036781589
0.045931536,0.028077435,0.045302853,-0.041608918,0.045713087,-0.048618388,0.046425574,0.126821468,0.045932048,0.143059669
0.045887323,-0.042161739,0.045210303,-0.114108511,0.045650164,0.143548242,0.04633041,-0.067293375,0.045837705,-0.016833079
0.045833964,-0.0968745,0.04519116,-0.098166608,0.045540443,-0.087670785,0.046301123,-0.028132416,0.045739215,0.132744442
0.045808676,0.041821379,0.045156848,0.019048052,0.045471753,-0.092603508,0.046217139,0.127915535,0.045685976,0.349888393
0.045757308,0.00805429,0.045082321,0.136912477,0.045416925,0.155163919,0.046097565,-0.041868182,0.04561466,-0.108401035
0.045716434,0.03896328,0.045018135,-0.041596715,0.045355244,-0.01548413,0.046122093,0.374325461,0.045641945,0.092300288
0.045686482,-0.075634649,0.045031331,0.02470215,0.045361492,0.006846841,0.045993438,0.048160202,0.045576439,-0.062814187
0.045662817,0.033522389,0.044949426,-0.052096568,0.045342924,0.236755274,0.045895443,-0.279057652,0.04550846,0.017767194
0.04563221,0.077761176,0.044866615,-0.049652992,0.045149348,-0.224858841,0.045896518,0.026270694,0.045499233,0.183535146
0.04559722,0.050091542,0.044839886,-0.124326613,0.045118935,-0.164364477,0.045852871,-0.126404865,0.045473732,0.387448589
0.045539767,-0.028212146,0.044854294,-0.090588643,0.045062429,-0.163120496,0.04591413,0.175140896,0.045313148,0.03500968
0.045522992,0.048911106,0.04476745,-0.09667852,0.045026522,-0.002270178,0.045845719,0.068741141,0.045227997,-0.098749666
0.045512807,0.114418119,0.044736249,0.022471815,0.045022949,-0.008030519,0.045772778,0.111468291,0.045216038,0.01478512
0.04544875,-0.00346842,0.044692481,0.181899359,0.044942539,-0.189226833,0.045678599,-0.149550656,0.045188128,0.116792562
0.045439119,0.051690903,0.04465312,0.087143037,0.044938525,0.002012209,0.045647592,-0.020609504,0.045138021,0.196655655
0.045389516,-0.091173295,0.044619342,-0.090297285,0.044907023,0.053323511,0.04556075,-0.076630169,0.045014892,-0.072095988
0.045367345,-0.113548102,0.044621429,0.082596781,0.044874563,0.106213241,0.045498535,-0.081022231,0.044996435,-0.090079233
0.045360753,-0.01478407,0.04450943,-0.170088287,0.044919525,0.239825253,0.04549888,0.127507663,0.045038778,0.186505348
0.045349675,0.016350449,0.044569111,0.082810067,0.044827794,-0.096673174,0.045465776,-0.106896741,0.045013181,0.147839183
0.045321139,0.043208813,0.044519227,0.04796594,0.044783312,0.035326257,0.045454237,-0.048907943,0.044943635,-0.323973716
0.045335523,0.002739906,0.044506595,0.084829939,0.04476844,-0.127801395,0.045445162,0.015828005,0.044947999,0.109618894
0.045320215,0.049799199,0.044417847,-0.060815576,0.044788158,0.077052199,0.045406444,-0.064404776,0.044880738,-0.038287648
0.045290149,0.045303484,0.044395765,-0.048066257,0.044740526,-0.013284234,0.045366748,0.025908257,0.044839525,-0.003005886
0.045280433,-0.118979655,0.044358713,-0.144788842,0.044620524,-0.178034742,0.045298114,-0.162015082,0.044806468,-0.170371625
0.045248843,-0.015010707,0.044344328,0.000310804,0.044621847,0.043189485,0.045304892,-0.105712591,0.044847403,0.141771336
0.045247975,0.012670621,0.044342569,0.005269305,0.044535162,-0.007338951,0.04527597,0.087673309,0.04474168,-0.028972701
0.045227988,-0.035864397,0.044274656,-0.012232497,0.04455402,0.111438836,0.045211849,-0.015474336,0.044673209,-0.039072094
0.045229528,0.007754407,0.044244195,0.166651445,0.044521029,-0.056506162,0.045181508,0.012783984,0.044663704,0.041713192
0.045183504,-0.180126917,0.044159043,-0.021884469,0.044520819,0.047878721,0.045168828,0.010525631,0.044657472,0.003429899
0.045177597,-0.073363948,0.044160053,0.009191085,0.044516155,0.19836696,0.045156163,0.183091428,0.044603423,-0.17402192
0.045155602,0.08935491,0.044206572,-0.027452531,0.04445663,0.009955593,0.045120333,0.097185598,0.044588593,0.055733249
0.045148858,-0.053160894,0.044131567,0.047755462,0.044394186,0.130199216,0.045063734,-0.021730177,0.044551811,-0.048075064
0.04509637,-0.025476244,0.044140454,0.076028456,0.044360528,0.036061402,0.04500431,0.019619908,0.044524705,0.069813959
0.045091261,-0.133601045,0.044087153,-0.042407481,0.044291975,-0.001147274,0.044929221,-0.024280636,0.044453233,0.110701442
0.045057841,-0.061380327,0.044070002,-0.022313674,0.044252304,0.106690253,0.044884934,-0.136983672,0.044398416,0.005216504
0.045075043,0.05596511,0.044070783,-0.148729756,0.044248275,-0.068520479,0.044872765,0.010399721,0.044370931,-0.079013422
0.045043151,-0.041560685,0.044089983,0.03793373,0.044229579,-0.128392365,0.044894457,0.026891034,0.044331855,-0.063799457
0.045035872,0.075548158,0.044045733,-0.156829802,0.044186697,0.021790299,0.044876651,0.034279716,0.044328417,0.047609914
0.045028148,0.073896766,0.043996268,-0.023679167,0.04417077,0.125582202,0.044846658,0.054896222,0.044325663,-0.020709277
0.044987881,-0.12004441,0.043966394,-0.03879008,0.044111845,-0.008470454,0.044822166,0.071036562,0.04435291,0.20315325
0.044981913,0.083119668,0.043965785,0.049105312,0.044090414,-0.057314342,0.044782391,-0.028823418,0.044315474,-0.020247882
0.044945744,0.027119149,0.043912053,-0.044475278,0.044137412,0.097408373,0.044789256,0.04333602,0.044297062,-0.028343516
0.04498594,0.075032895,0.043913705,-0.097060205,0.044100228,0.01933955,0.044714431,-0.165726207,0.044248964,-0.098543204
0.044971173,0.110712693,0.043915802,0.104674129,0.044108215,0.115345459,0.044627881,-0.007704732,0.044211392,0.050075092
0.044964023,0.004567967,0.043868112,0.121590772,0.044041718,-0.023621973,0.044577826,0.068836198,0.044187509,-0.147168329
0.044914828,-0.011535164,0.04383011,-0.04322453,0.044015469,0.072819819,0.044563875,0.005965179,0.044228327,-0.0240321
0.044914971,-0.013378083,0.04383678,-0.058476347,0.044062879,0.091209372,0.044591662,0.072835622,0.044202042,0.001463882
0.044881554,0.001193478,0.043868456,0.008972169,0.04403687,-0.023990481,0.044552917,-0.022798357,0.044157654,-0.109798776
0.044881553,-0.039927249,0.043798112,-0.1081063,0.044047825,-0.059156772,0.044515868,-0.058857728,0.044109264,0.027541685
0.044859868,0.041610703,0.043774874,-0.066807103,0.044067393,-0.067921525,0.044521425,0.106452864,0.044068006,0.016917868
0.04489353,-0.027684743,0.04380568,0.17268914,0.044035947,0.021299782,0.044477296,-0.024437934,0.044026542,-0.107036531
0.044852159,0.024279748,0.043751743,-0.153726679,0.043900688,-0.067588084,0.044401669,-0.095990067,0.044032188,-0.001323605
0.044860863,-0.02400509,0.043737465,0.072693151,0.04393698,0.13698303,0.044367541,-0.120326733,0.04404661,-0.08858012
0.044835188,0.139854285,0.043691374,-0.018692159,0.043899011,-0.051034137,0.044349967,0.035102894,0.044054954,-0.010411727
0.044821523,0.081822858,0.04371293,0.074259747,0.04384974,-0.126590745,0.044326554,-0.065273645,0.043973187,-0.094911538
0.044811108,0.008563521,0.043657196,-0.079490152,0.043844219,0.0115283,0.044323653,-0.097821794,0.04393748,0.028275942
0.044785092,-0.112503616,0.043658893,-0.021757143,0.043804156,-0.056720885,0.044318666,-0.136387922,0.043876723,-0.294166554
0.04475504,-0.025790634,0.043700263,0.076609348,0.043780519,-0.097471189,0.044312416,0.054703199,0.043926137,0.04894477
0.044748398,0.033012475,0.043559264,-0.05919451,0.043781071,0.00123897,0.044273868,-0.081799064,0.04391527,0.100084527
0.044741728,-0.025172716,0.043571017,0.008392133,0.043774858,-0.123127116,0.044169394,0.022248472,0.043880687,-0.197968168
0.044740824,-0.026059174,0.04355966,0.073201759,0.043816491,0.146700892,0.044088461,-0.157503667,0.043892221,-0.075377142
0.044742137,0.124942453,0.043515479,0.083264101,0.043763443,-0.107445093,0.044151755,0.04244231,0.043871043,-0.011303085
0.044747078,0.148156046,0.043521088,0.015958521,0.043754434,-0.016233271,0.044171717,0.040705044,0.04381608,-0.107249988
0.044707481,0.002525169,0.043465126,-0.05955693,0.043708471,0.005563389,0.044201175,-0.008355991,0.043779562,-0.13702668
0.044679119,-0.1500365,0.043493079,-0.017500264,0.043632889,0.124118342,0.044150764,-0.068958453,0.043769552,-0.167857823
0.044670113,0.026632253,0.043415684,-0.048111885,0.043628027,0.073876306,0.044131488,0.009099608,0.043777381,0.028666616
0.044682505,0.017219302,0.043374122,-0.179892941,0.043658792,0.137439757,0.044104761,0.001918724,0.043760003,0.003092428
0.044647312,-0.243634438,0.043445126,0.196532072,0.0435732,-0.135093718,0.044072839,0.120197536,0.04372542,0.146070565
0.044683051,-0.048414046,0.043378796,0.09965531,0.043576858,0.025066393,0.043979762,-0.121274509,0.043665966,0.031792236
0.044645983,-0.010290158,0.043282174,0.116500636,0.04358608,0.042371488,0.043937161,-0.07757142,0.043626752,0.111190893
0.044624355,-0.052521156,0.043267967,-0.031580577,0.043567605,-0.021483088,0.043980786,0.129916564,0.043577658,0.084085753
0.04463147,-0.022744831,0.043303647,0.031501318,0.043578073,0.061452985,0.043961365,-0.09371449,0.043527828,0.130496327
0.04460749,0.029451415,0.043307515,0.038010266,0.043585634,0.223183433,0.043939845,0.190228743,0.043487408,0.023225191
0.044590479,-0.148558487,0.043242911,-0.04756326,0.043506748,0.118884532,0.043887357,-0.236581107,0.043456033,-0.117369664
0.044607047,0.026170729,0.043239861,0.004299951,0.043434523,-0.092951112,0.043993502,0.259423485,0.043491444,0.157787887
0.044566562,0.001337588,0.04327044,0.138252933,0.043503273,0.103430103,0.043932385,0.185213362,0.043445335,-0.130495606
0.044566113,-0.186171985,0.043202863,0.004682691,0.043457582,-0.217043234,0.043796006,-0.205560828,0.043413978,-0.010035502
0.044578945,0.027910982,0.043214168,0.220152323,0.043500356,-0.025884565,0.043751054,-0.137942684,0.043386277,0.07897675
0.044583091,0.059967309,0.04316448,-0.125461218,0.043341921,-0.1715188,0.043847458,0.106490358,0.043278425,-0.167127249
0.044532506,-0.00405004,0.043175396,-0.018118876,0.043320649,-0.005283332,0.043884244,0.191204162,0.043322785,-0.094932077
0.044554232,-0.040919498,0.043148179,0.120438605,0.043326089,-0.076325943,0.043801712,-0.004400568,0.043379677,0.057269142
0.044549407,-0.041381651,0.043092285,0.118852851,0.043354219,0.016927298,0.043730461,-0.213394461,0.043335771,0.11625921
0.044547677,-0.030330441,0.043102044,-0.054658035,0.043320833,0.021570028,0.043789562,0.098746783,0.043246914,-0.067464759
0.044542126,0.067730928,0.043057201,0.063866142,0.043302473,0.135589638,0.043754348,0.067727334,0.043271913,0.00698499
0.044532533,0.080991769,0.043054322,-0.070638457,0.043243473,-0.084470071,0.043699494,-0.050683847,0.043310529,-0.040007991
0.04452297,-0.117686612,0.043083569,0.023511882,0.043250173,-0.03179035,0.043678105,0.138543713,0.043285004,-0.146587822
0.044514347,-0.017682702,0.04310338,0.099505552,0.043259777,0.075892406,0.043622354,-0.122222748,0.043321895,-0.130784007
0.044481857,0.015647141,0.043049454,0.059448131,0.043226384,0.052613638,0.043633574,-0.091452173,0.043417617,0.211518344
0.044504606,0.004128167,0.043047831,0.000558126,0.043249815,0.015385549,0.043615518,-0.069269914,0.043350733,0.027073465
0.044458763,0.021419473,0.043033774,0.177085104,0.043243166,0.033158905,0.043629132,-0.050830186,0.04326365,-0.07636232
0.044509446,0.06454995,0.043009643,0.014459765,0.043210818,0.082356801,0.043612805,-0.025698066,0.043172161,-0.008216298
0.044483481,-0.100456549,0.042999472,0.002152889,0.043239288,-0.066291154,0.043609191,-0.065774869,0.043117527,-0.043977502
0.044512569,0.05813146,0.042943722,0.009796845,0.043194249,-0.064083009,0.043544511,-0.133584509,0.043140833,0.094251691
0.044482988,-0.004220797,0.042915134,0.142250701,0.043138523,-0.104824969,0.043507323,0.033477185,0.043108414,-0.168326919
0.044457078,-0.018914079,0.042891125,0.053761864,0.043177857,0.068492596,0.043530414,0.200644596,0.04308012,0.125971823
0.044426489,-0.136581314,0.042890027,0.030513476,0.04317837,0.229870201,0.043480809,-0.015507304,0.043013819,-0.214474297
0.044432092,-0.101184135,0.042888261,-0.000148896,0.043137329,0.052172425,0.04353272,0.133215415,0.04306676,0.184868923
0.044436357,0.024056937,0.042863549,0.066256786,0.043122465,-0.015283225,0.043516489,0.038426675,0.043015727,-0.209811719
0.044405255,-0.027082717,0.042860368,0.089585133,0.043096898,0.172182799,0.043459037,0.041353944,0.043072209,0.040248764
0.044388461,0.076363021,0.042835418,-0.074019426,0.043051482,-0.030380697,0.043334231,-0.228413725,0.043101149,-0.013974715
0.044424879,0.10450882,0.042849144,0.032964885,0.043074529,0.036653114,0.043415047,-0.123735131,0.04309802,0.283424841
0.044422067,0.016890985,0.042849222,0.064838053,0.043046993,-0.057081842,0.043509568,-0.147903982,0.042979347,-0.158851593
0.044376838,-0.033135573,0.042835045,-0.001947664,0.043033668,-0.026734917,0.043515712,0.047290042,0.042930743,-0.195117015
0.044363234,-0.011068122,0.042759581,-0.137839667,0.043033481,0.159067177,0.04344518,-0.016684859,0.042919958,0.061600046
0.044384728,-0.021250666,0.042792828,0.11253089,0.043017782,0.042997856,0.04341628,0.109135718,0.042953851,-0.092273791
0.044393297,0.040331935,0.042765645,0.042672777,0.043066562,-0.019562733,0.043372686,-0.12840316,0.043002006,-0.066611913
0.044348982,-0.035735474,0.042698285,-0.022111776,0.043033663,-0.039585061,0.043344626,-0.014342695,0.043043955,0.086677358
0.044348304,-0.08900431,0.042703145,0.130092307,0.042998266,0.102626962,0.043340386,0.045838349,0.042933531,0.066554458
0.044351293,-0.022256105,0.042699019,0.105494796,0.042918976,-0.035489876,0.043363397,-0.07823071,0.042819896,-0.026386268
0.044364212,0.002370372,0.042664142,-0.045464006,0.042944556,-0.038687659,0.043328355,-0.098381251,0.042831097,0.087939362
0.044336769,-0.01233404,0.042733735,0.057821932,0.042952034,0.148736135,0.043286215,0.001339397,0.04287203,-0.038716594
0.044343996,-0.0192282,0.04265166,-0.102693567,0.042859179,-0.171554095,0.043232982,-0.086121768,0.042877084,-0.020854101
0.044352165,-0.021253351,0.042577574,-0.161981812,0.042852342,-0.116226201,0.04327007,-0.056575793,0.042862045,-0.034263451
0.044336286,-0.033959974,0.042567876,-0.146364305,0.042900329,-0.038060927,0.043344056,0.002340898,0.042874909,0.087983935
0.044336834,0.023839103,0.042571457,0.064827176,0.042931326,0.244088991,0.043373792,0.084026672,0.042806019,0.045880039
0.044294503,-0.001322873,0.042531516,0.037963967,0.042819748,-0.06973667,0.04331879,0.021982568,0.0427412,-0.07349381
0.044306184,0.024474671,0.042571596,0.07001602,0.042836877,0.043380816,0.043271967,-0.002677855,0.042761803,-0.201746639
0.044271707,-0.089837061,0.042515097,0.024343069,0.042811132,0.044987772,0.04320395,-0.204903643,0.042860385,0.173373823
0.04429418,0.026804558,0.042579256,0.154733392,0.042841094,0.053152612,0.043210643,-0.066426566,0.042773473,-0.049448987
0.044295963,0.213394459,0.042533649,0.05214641,0.042839887,-0.006375571,0.043187561,-0.047119618,0.042724058,-0.154995208
0.044295717,0.114755664,0.04246486,-0.081197841,0.042825125,-0.165100568,0.043181027,-0.165008831,0.042803024,0.15659843
0.044291411,-0.06363084,0.042438142,-0.011663749,0.042800975,-0.11119134,0.043218853,0.233676155,0.04281721,0.056715602
0.044236115,-0.214336015,0.042401354,-0.012296415,0.042844075,0.155264083,0.043102602,-0.21026588,0.042770069,0.04010133
0.04427256,0.103591259,0.042396156,-0.010572106,0.042800677,-0.034740979,0.043185509,0.220661251,0.042696354,-0.095979832
0.044269116,0.072046066,0.042411624,0.0801628,0.042780574,0.142187861,0.043205093,-0.023651608,0.042717518,0.026433536
0.044250151,-0.017728986,0.042371708,-0.069329744,0.042812937,0.046173097,0.043127718,0.14102333,0.042776242,0.106654662
0.044199917,-0.086517587,0.042390372,0.002125878,0.042790978,-0.044633716,0.04304283,0.052653317,0.042742816,0.035506842
0.04425518,-0.029697914,0.042359408,-0.08030699,0.042753144,0.125532036,0.043015279,-0.055913885,0.042712956,0.039098063
0.044249079,0.140345026,0.042365008,0.16017507,0.042698346,-0.249579669,0.043096965,-0.040999087,0.042671853,-0.170916594
0.044237172,-0.009570005,0.042296197,0.008172043,0.042750603,0.216174881,0.043131033,0.176003924,0.042646922,-0.022779519
0.04423802,0.005825065,0.042236436,-0.025761184,0.042701021,0.003005096,0.043063515,0.06666551,0.042608797,0.042646207
0.044211955,-0.144351217,0.042255575,0.049559261,0.042665065,-0.064850558,0.043041178,0.049528993,0.04258811,0.046459589
0.044208707,-0.0204816,0.042280939,-0.037155476,0.042624954,-0.036803366,0.043041367,0.054547422,0.042559266,-0.047191714
0.044179208,-0.057546805,0.042244068,-0.053739599,0.042637451,-0.113955618,0.043150194,0.193490702,0.042530545,-0.042755341
0.044215944,0.035954267,0.042237431,0.019979696,0.042735046,0.011000823,0.043073673,-0.174881579,0.042526679,-0.120829521
0.044210518,0.023471719,0.042228766,0.119152496,0.042714403,0.007920025,0.043008707,-0.222303517,0.042511604,0.01452516
0.044213118,0.03539135,0.042228839,0.109072495,0.042675787,-0.015146849,0.043005244,-0.134264448,0.042520193,-0.120243591
0.044177882,-0.001027299,0.042180579,0.047055212,0.042646484,0.010758573,0.04304309,0.107648427,0.042575694,0.236754079
0.044179191,-0.058386017,0.042248739,0.210901116,0.042642316,-0.010935508,0.04298743,-0.159466624,0.042516638,-0.164424403
0.044178202,0.001989813,0.042190121,0.023196877,0.042617998,-0.036808695,0.043024842,0.159413589,0.042557249,0.096090498
0.044186884,0.114061146,0.042150914,-0.031473071,0.042631854,0.007723597,0.042974485,-0.128536411,0.042550423,0.037848369
0.04420607,0.169074896,0.04216907,-0.026010685,0.042623296,0.081360015,0.04294196,-0.077306599,0.04252382,0.052313558
0.044154381,-0.009297924,0.042146301,-0.044215191,0.042602624,0.084015224,0.04296752,0.018559265,0.042466093,0.048375968
0.044178968,0.112759763,0.0421412,-0.123287527,0.042584602,-0.006941502,0.042997615,-0.060033744,0.042433186,-0.106843706
0.044146446,0.099011841,0.042149888,0.079817251,0.042508867,-0.023990079,0.042941647,0.022254127,0.04246784,0.296525128
0.044108276,-0.092877856,0.042180366,0.039139423,0.042468497,-0.205655593,0.042856936,-0.069655408,0.042371803,-0.037140832
0.044151137,0.073152115,0.042165135,-0.013437547,0.04254372,0.182766872,0.042904253,0.156596067,0.042346357,-0.143530992
0.044125494,-0.055084454,0.042125361,0.054458363,0.042538684,0.056229893,0.042889496,-0.081440177,0.042391283,0.128780796
0.044103686,0.043561236,0.042071197,-0.146974023,0.04253757,-0.038009637,0.042886403,-0.085347378,0.042348464,-0.032681223
0.044099883,-0.147262481,0.042084726,0.026629814,0.042523264,-0.060590335,0.042864221,0.023292127,0.042355817,-0.078273612
0.044128063,0.014201193,0.042046522,0.033668495,0.042479399,-0.046659659,0.042857738,0.097170721,0.042352104,0.110362196
0.044105213,-0.090386466,0.042045895,-0.000906573,0.042507215,0.065308508,0.042825174,-0.022923189,0.042316602,0.016501857
0.044099623,0.061206594,0.042104007,0.169744414,0.042456153,-0.151846623,0.042781263,-0.0335319,0.042330036,0.014740973
0.044121909,0.082918321,0.04205505,0.038413477,0.042503064,0.201921065,0.042769028,0.029029409,0.042404683,0.156795384
0.044111213,0.023566166,0.041966998,-0.019143792,0.042423664,-0.023160583,0.042806375,-0.01871254,0.042430383,-0.01669684
0.04410832,-0.131432295,0.04198439,0.047501281,0.042450118,0.037567318,0.04284416,-0.086802676,0.042395271,0.069856662
0.044086354,-0.01255495,0.041987128,0.074393902,0.04245862,-0.012157347,0.04287171,0.278616733,0.042315918,-0.060620927
0.044111111,-0.110382142,0.041953152,0.04928202,0.042474433,0.071157861,0.042787184,-0.149659233,0.042317492,-0.001644337
0.044089328,-0.046317118,0.041940881,0.007539533,0.042429467,-0.05916387,0.042762294,-0.075370243,0.042326984,-0.112927309
0.044081817,-0.066053686,0.041895449,-0.024545111,0.042377744,-0.067952424,0.04277389,-0.058849686,0.042342333,0.092204395
0.044077767,-0.094896005,0.041898117,-0.009994832,0.042400218,-0.017051512,0.042784131,0.120870062,0.0423049,-0.027136271
0.044076467,-0.032291595,0.041924472,-0.043413894,0.042388637,-0.043010501,0.042771105,-0.205886761,0.042284748,0.085809088
0.044075815,-0.006239939,0.041827469,-0.147308583,0.042367226,-0.043738185,0.042799696,0.041043942,0.042268649,0.128797901
0.044085821,0.088864862,0.0418402,0.055519403,0.042336315,-0.095209388,0.042701611,0.011004895,0.042269851,-0.034025897
0.044062227,-0.01047955,0.041862419,0.116505832,0.042363843,-0.030337363,0.042633857,0.046717872,0.042260301,-0.053098872
0.044046464,-0.020236083,0.041854837,0.178652806,0.04232376,-0.054258643,0.042672805,0.046795627,0.042251951,0.183575169
0.04404083,0.017842672,0.041794474,-0.02291262,0.042320803,0.087389226,0.042724947,0.029151038,0.042076907,-0.14036944
0.044076834,0.025496789,0.041855963,0.035626546,0.04231358,0.080011676,0.042670452,-0.013636909,0.042039533,-0.188624084
0.044066689,-0.018262957,0.041841398,0.029536333,0.042338701,0.036553914,0.042652901,0.032628312,0.042225286,0.187400144
0.044056932,0.152919568,0.041817364,0.070172996,0.042382685,0.173599332,0.042690607,0.039687116,0.042298994,-0.014096973
0.044034314,-0.053127609,0.041760855,-0.064302549,0.042301319,-0.1053253,0.042648642,-0.122082795,0.042266518,0.207008721
0.04401784,-0.069793084,0.041728629,0.103680666,0.042308209,0.051370244,0.042589903,-0.221207524,0.04210657,-0.251371729
0.04402724,0.002324409,0.041688237,0.035453626,0.042309391,0.025371057,0.042650673,0.098969474,0.042123205,-0.133280729
0.044023953,0.003841314,0.041711216,0.080427276,0.042245036,0.004773524,0.042689954,0.13512672,0.042162567,-0.011815324
0.044002783,-0.122534807,0.041698604,-0.156086484,0.042204906,0.051676856,0.042629289,0.10625737,0.042139589,-0.105005403
0.044032083,-0.056715999,0.041688048,-0.080598465,0.042245693,-0.007302941,0.042619486,0.060153342,0.04205869,-0.097191722
0.044023951,0.04647262,0.04164572,-0.002497058,0.042295304,0.09319567,0.042617828,-0.089635799,0.04202896,-0.211867984
0.044020314,0.078188775,0.041677656,0.00665445,0.042236439,-0.017208366,0.04259228,-0.026545446,0.042085355,0.097482196
0.043989733,-0.067410851,0.041613572,-0.171805816,0.042247968,-0.096029035,0.042551436,-0.254667488,0.042035542,0.130583489
0.043980199,-0.103387099,0.041665437,0.099833021,0.042313419,0.05282356,0.042615272,0.086135252,0.04201429,0.056465813
0.043976227,-0.100269017,0.04165628,-0.046749245,0.042222403,-0.044661284,0.042585506,0.016848107,0.041993158,-0.02275879
0.043980221,-0.144400377,0.041650299,-0.224935536,0.042114761,-0.213606955,0.04257223,0.017939996,0.04196594,-0.056377558
0.044007174,0.130212982,0.041658543,0.075152982,0.042206512,0.176457574,0.042547672,0.097565399,0.041956951,0.089855071
0.043996636,-0.016484078,0.041631551,0.156073025,0.042205046,0.102685779,0.042461382,-0.279619712,0.041936119,0.012344899
0.044014496,0.005567436,0.04158396,-0.087829053,0.042162908,-0.016131481,0.042550971,0.120258612,0.041946506,-0.095198565
0.044000074,-0.042962152,0.041524918,-0.209977041,0.042174188,-0.048459764,0.042574753,-0.024887709,0.041987062,0.236094387
0.043999772,-0.039042184,0.041579415,-0.031465593,0.042185406,0.02496567,0.042507048,-0.17312395,0.041921155,-0.155559721
0.0439724,-0.031963714,0.041585739,-0.033442949,0.042105575,-0.198436951,0.042502744,0.086143767,0.041975914,0.317731251
0.043995354,0.124590731,0.041495837,-0.01109553,0.042182565,0.065503775,0.042508894,0.135735958,0.041928995,-0.185972826
0.043947841,-0.040327828,0.041515072,-0.049503555,0.04212821,-0.13212457,0.042429,-0.037774512,0.041936606,0.254679708
0.043955435,-0.040557357,0.041516214,-0.132379899,0.042195026,0.107256284,0.042415106,0.123497061,0.041845883,-0.065776678
0.043948632,-0.058297209,0.041487391,0.015100201,0.04215192,-0.046847632,0.042428742,-0.059584155,0.041854155,0.062011362
0.043925086,0.04800891,0.041520368,0.054679367,0.042096988,-0.043068201,0.042512204,0.066488839,0.041907648,0.208806165
0.043912286,0.105041889,0.041534414,-0.007112824,0.04213426,-0.071772321,0.04251709,0.09523228,0.041914606,0.081765357
0.043893466,0.114827348,0.041496359,-0.036417257,0.042122985,0.078604863,0.042454792,-0.179099942,0.041839924,0.101477561
0.043896001,-0.074734121,0.041515838,0.138680294,0.042110389,0.023701412,0.042490107,0.044787003,0.04172705,-0.132105319
0.043891103,-0.063607879,0.041443331,-0.186413931,0.04208714,-0.0671157,0.042442342,-0.021555731,0.041749291,-0.102945973
0.043878634,-0.034713444,0.041437395,-0.167662054,0.042092539,0.10814079,0.042487887,0.151147103,0.041874298,0.122366918
0.043865974,0.038931459,0.041427014,-0.064131461,0.042062221,-0.048144061,0.042423803,-0.022695164,0.041900061,-0.034372725
0.043883673,0.138868594,0.041454471,0.085187885,0.042052135,0.163188524,0.042351592,-0.062241651,0.041829514,0.103456143
0.043872207,-0.041522826,0.041439073,-0.012594702,0.041971601,0.04387347,0.042378012,0.145052382,0.041748962,-0.062393683
0.043870309,0.04840864,0.041420986,0.006144127,0.042048395,0.013035228,0.042358714,-0.00896258,0.041762065,0.025705248
0.04386908,0.007281481,0.04142499,0.111887455,0.042080681,0.165207764,0.042341523,0.170281504,0.041811527,0.143920879
0.043866433,-0.084569355,0.041369773,-0.047850061,0.041973469,0.064742616,0.042336469,-0.086207914,0.041768783,0.066465476
0.043864008,0.057114635,0.041405109,0.026333054,0.0419593,0.055466943,0.04235505,-0.056323921,0.041690518,-0.172110424
0.04387675,-0.024589942,0.041464047,0.180988315,0.041974594,0.063138561,0.042398118,0.13943567,0.041710359,-0.138891653
0.043849808,-0.051374366,0.041438621,0.016928018,0.042011255,0.089957179,0.042323718,0.038132379,0.041782896,-0.081774771
0.043842954,0.000241737,0.041377135,-0.024245149,0.042019516,0.117943264,0.042305816,-0.154819595,0.041786312,0.200069982
0.043827822,0.009291612,0.041389218,0.004158649,0.041946102,-0.092361223,0.04238045,0.217891371,0.041696571,-0.082106292
0.043815693,-0.09285842,0.04134294,-0.056338228,0.04200744,0.176739197,0.042326844,-0.015315934,0.041672044,0.040034248
0.043826867,0.030673697,0.041355117,0.106769628,0.042067702,-0.0217146,0.042299176,-0.239997478,0.041692077,0.137626246
0.043819053,0.001820036,0.041350415,0.066741734,0.042004037,-0.07429573,0.042374168,0.274795689,0.041685878,0.177740636
0.04381975,-0.064111018,0.041358122,0.005673574,0.041976572,-0.05486426,0.042288992,-0.063003554,0.041687919,0.032028767
0.043770007,-0.141726993,0.041318388,-0.06394834,0.041947748,-0.098027337,0.042302937,0.266077616,0.041730892,0.076827863
0.043773716,-0.210075176,0.041317195,0.07612704,0.041978143,-0.092508251,0.042209492,-0.142366277,0.041732059,-0.047118215
0.043775829,-0.049207747,0.041281279,0.097409352,0.041963017,-0.094580941,0.042284581,-0.064210222,0.041728294,0.015986216
0.043755891,-0.029050614,0.041291205,0.055026967,0.04193633,0.02856745,0.042325036,0.14087935,0.041699992,0.189019989
0.04374078,-0.151418273,0.041302888,0.005033602,0.04199193,0.148895311,0.042344568,-0.008877491,0.041684807,-0.177265406
0.043772828,0.073999822,0.041296166,0.026514155,0.04197333,-0.025575361,0.042417593,0.04056141,0.041779321,0.373125581
0.043769176,0.099469049,0.041327774,0.13677502,0.04189979,-0.069294598,0.042401992,-0.061325627,0.041713552,0.063077687
0.043773826,0.102972123,0.041327021,0.096217396,0.041844377,-0.147433473,0.04229074,-0.015149894,0.041662948,0.070578094
0.043755455,-0.039835527,0.041339611,0.128191009,0.041890404,0.052814033,0.042260316,0.117423283,0.041600771,-0.215369172
0.043758365,-0.126940285,0.041311616,-0.222216974,0.04190601,-0.050388415,0.04228389,0.027800774,0.041586601,0.084295157
0.043766924,-0.023031121,0.041327797,0.078574607,0.041892371,0.117654367,0.042320913,0.159632945,0.041534345,-0.027887083
0.043732994,0.056738221,0.041270688,-0.084137689,0.041868884,0.085962857,0.042264695,-0.04712064,0.041625297,0.117404019
0.043735775,0.006171002,0.04131314,0.061052623,0.041861689,-0.040478326,0.042238343,0.044621888,0.041671066,0.095176286
0.043738598,0.006836881,0.041236039,-0.190396662,0.041888408,-0.123079111,0.042269292,0.208909246,0.041625601,0.092068027
0.043727313,0.020232913,0.041247629,-0.06739035,0.041843873,-0.198163381,0.042264696,0.04399804,0.041586973,0.145428856
0.043738884,0.063650984,0.041286867,0.163093563,0.041937785,-0.011831223,0.042255245,0.04210357,0.041573358,-0.144189172
0.043720677,0.005234401,0.041221991,0.002864718,0.041960428,0.164895379,0.042201723,-0.152667262,0.041613173,0.114455219
0.043712152,0.073805819,0.041243499,-0.015322439,0.041844241,-0.212779219,0.042174392,0.050370307,0.041593229,0.168908474
0.043728877,0.076100017,0.041253678,-0.01775992,0.041891729,-0.025578899,0.042137112,0.04914548,0.041596722,0.012861674
0.043726923,0.288916308,0.041279855,0.086080608,0.04190286,-0.014127184,0.042127593,-0.024211508,0.041617577,-0.111193174
0.043682948,-0.073993618,0.041239176,0.047017276,0.041832747,-0.24516184,0.042164215,-0.079154158,0.041593508,-0.025010141
0.043700882,0.115262843,0.041185648,-0.036118574,0.041803041,-0.104688383,0.042198345,0.240996371,0.041508762,0.019439027
0.043678131,-0.062912418,0.041180538,0.063362971,0.041863903,0.22584952,0.042100132,-0.222309042,0.041516296,-0.083282907
0.043687767,0.030317011,0.041175503,0.050849663,0.04178753,-0.037767828,0.042099006,-0.084035677,0.041561661,-0.093462122
0.043681865,0.049222989,0.041115419,0.003840384,0.041774736,-0.047864252,0.042084934,-0.076063439,0.041574748,0.054258395
0.043683941,0.006081258,0.041068154,-0.042759402,0.041884651,0.094095888,0.042083536,-0.05967111,0.041541488,-0.04133601
0.043661153,-0.043645953,0.04110626,0.02788345,0.041841068,0.009010343,0.0421381,0.134961816,0.041528784,0.064072477
0.043656778,-0.083943824,0.041131652,-0.030766227,0.041754656,-0.047550618,0.042105519,0.107820367,0.041508468,0.225035153
0.043636912,-0.056357367,0.041128329,-0.035377183,0.041731554,-0.144900581,0.042060897,0.072435449,0.041457209,-0.203849388
0.043625812,-0.044732426,0.041147265,-0.025079081,0.041777882,0.142921122,0.042021255,0.103075497,0.0414688,-0.003222489
0.043641785,0.034960025,0.0411226,-0.008564011,0.041752147,0.034956009,0.042012124,-0.081325466,0.04140604,-0.252652266
0.043643415,0.053999261,0.041073487,-0.067179565,0.041729867,-0.10944465,0.042061287,-0.019730686,0.041458817,0.033680338
0.043628709,0.063239792,0.041075432,0.075588926,0.041754998,0.071260655,0.04211362,0.037475827,0.041564833,0.157582282
0.043630871,-0.099852848,0.041039589,-0.181212473,0.041738604,-0.095190002,0.042071183,0.05011124,0.04153083,0.05240931
0.04363758,0.063709111,0.041096478,0.207296038,0.041800624,0.1010509,0.04201802,-0.076202488,0.041480005,-0.104135707
0.043632352,0.101188082,0.041011223,0.046538138,0.041696184,-0.033944987,0.042061897,-0.074160428,0.041487868,0.08672223
0.043633572,0.210027192,0.041065456,0.072089289,0.041681467,-0.041973538,0.042106445,0.110791194,0.0414095,0.017884094
0.04361563,0.07285069,0.041062847,0.130531102,0.041782738,0.154570027,0.042015005,-0.126116182,0.041338168,-0.278161228
0.043610236,0.02119866,0.040975171,0.040881718,0.041692341,-0.141728767,0.042017028,0.041483772,0.041462393,0.249438545
0.04359688,-0.011082214,0.040997071,-0.047877312,0.041730376,0.04278986,0.042048898,-0.029081685,0.041416549,-0.134325883
0.043621137,-1.61E-05,0.040950792,0.067461496,0.041771172,0.214931599,0.042048087,-0.07974344,0.04135951,0.07629745
0.043599261,-0.068046953,0.040987911,0.140093715,0.041673863,-0.172202078,0.042043771,-0.216324389,0.041296726,-0.080257882
0.043600704,0.059209599,0.04100383,0.012771556,0.041719592,0.127956739,0.042153132,0.080581142,0.041367351,-0.014527213
0.043599181,0.02965565,0.040968534,0.114564035,0.04172348,0.025642483,0.042034632,-0.091317849,0.041407087,0.223922717
0.043572969,-0.004119203,0.040935843,0.033814411,0.041681907,-0.168548509,0.041945224,-0.126486207,0.041380093,-0.082635448
0.043550429,-0.089528928,0.040942663,0.177598894,0.041696218,-0.073477829,0.042011487,-0.116709507,0.041360451,-0.072740169
0.043556671,-0.070895965,0.040881986,-0.065259589,0.041691882,0.08003553,0.042031566,-0.015834932,0.041357257,-0.007049517
0.043557757,-0.102361567,0.040895215,0.036599842,0.04172349,0.078362727,0.042047741,0.122486407,0.041307477,0.017678755
0.043595503,0.070701156,0.040903039,-0.111350848,0.041713449,-0.097844691,0.04207482,0.223779554,0.041276284,0.040468072
0.043586909,0.035257712,0.040905151,0.087695925,0.041692068,-0.022514449,0.04203081,-0.023159074,0.041325421,0.105128058
0.043571952,0.055458774,0.040898253,0.047685457,0.041687181,-0.053742805,0.04195168,-0.115162492,0.041332017,0.321501186
0.043553151,0.014984205,0.040828249,-0.284840426,0.04168848,-0.043996466,0.041927265,0.003381761,0.041237405,-0.230821989
0.043580372,0.174548416,0.040846969,-0.048287415,0.041706264,0.072258919,0.041915148,-0.000756119,0.041246492,0.233417042
0.04354807,-0.080542895,0.040801775,0.03407169,0.04163529,-0.065189683,0.041939899,0.001910737,0.041164459,-0.472265629
0.04349805,-0.03396347,0.040839085,0.201399675,0.041591188,-0.159304653,0.041971297,-0.082168307,0.041242534,0.038071488
0.043526571,-0.153150233,0.040795255,-0.179713791,0.041622805,0.164432618,0.042070587,0.208927188,0.041342767,0.126435699
0.04352817,0.041499362,0.040844811,0.023289769,0.041553039,-0.082440551,0.041991719,-0.100048941,0.041327974,0.075028263
0.043547451,0.09075312,0.040852636,0.108638065,0.041580367,-0.042427174,0.041943121,-0.150908743,0.041288667,-0.072356205
0.043541418,-0.016473023,0.040872838,0.14440197,0.041594882,-0.070056287,0.042011992,0.117033241,0.041240551,-0.122625428
0.043534212,0.066053791,0.040817499,-0.116531741,0.041612752,-0.057092934,0.041988944,0.120801702,0.041198017,-0.044035263
0.043486579,0.019461722,0.040839977,-0.049216184,0.041598126,-0.180187855,0.04192518,0.058347113,0.04118631,-0.126250617
0.043514709,-0.068486075,0.040833416,-0.136330362,0.04160289,-0.055789029,0.041828237,-0.100022833,0.041226062,-0.094882276
0.043507079,-0.039060771,0.040844979,0.01829665,0.04156823,0.020836917,0.041946877,0.111397112,0.041298952,0.074051677
0.043533981,-0.094591527,0.04086654,0.146301743,0.041583637,-0.04506657,0.041995671,0.121979755,0.04126233,-0.044872341
0.043529034,0.042499205,0.04080397,-0.119321244,0.041601363,0.14667313,0.041940714,-0.014788812,0.041162597,-0.019855979
0.043539038,0.047903451,0.040807208,0.073013469,0.041541601,-0.119770345,0.041983738,0.203913108,0.041168367,-0.042702724
0.043505225,0.053505806,0.04076096,0.023258628,0.0416171,0.077774932,0.041938513,0.091245018,0.041254007,-0.141625102
0.043508888,0.138420464,0.040785727,0.04158385,0.041620604,-0.085308701,0.041872804,-0.147218525,0.041280041,0.032554064
0.043493291,0.003465918,0.0407565,-0.013048025,0.041650272,0.185971824,0.041937585,-0.004201991,0.041173462,-0.016555023
0.043496844,-0.146829439,0.040736592,0.022410365,0.041591398,0.000636139,0.041988972,0.13747614,0.041163939,0.054532288
0.043499139,-0.007799959,0.040743652,0.133121954,0.041565552,0.021884627,0.041935116,0.136162248,0.041173519,-0.247032623
0.043512697,-0.002994956,0.040749234,0.03594515,0.041606618,0.208453814,0.041848613,-0.047076836,0.04127872,0.027618688
0.04349764,-0.045895839,0.040744093,-0.02328325,0.041538277,-0.157139186,0.04183882,-0.053123904,0.041254836,-0.058158605
0.043475129,-0.01474508,0.040667731,0.020474843,0.041559794,-0.090968676,0.041916322,0.005680778,0.041129326,-0.112899888
0.043488576,0.084412701,0.040709469,-0.087601897,0.041549154,-0.075485783,0.041915662,-0.085665509,0.041127548,0.267960027
0.043487887,0.063544779,0.040683499,-0.113850019,0.041529412,-0.04083767,0.041875412,0.013016289,0.041118357,-0.226176645
0.043485251,-0.068936921,0.040695539,0.202991105,0.041547152,-0.04235997,0.041856085,-0.053510053,0.041245139,0.174084461
0.043453808,-0.21010039,0.040663505,0.063961196,0.041490038,0.019529404,0.041826958,0.139971069,0.041177602,-0.0072254
0.043470668,-0.003624741,0.040688894,-0.017371932,0.041484067,-0.037666701,0.041762333,-0.215340017,0.041073804,-0.12524696
0.043458036,0.084867872,0.040702481,0.045066241,0.04153316,-0.012010043,0.041844706,0.054486585,0.041098379,-0.137363887
0.043477417,-0.085216369,0.040654543,0.130494517,0.041509054,0.080963894,0.04189591,-0.021002947,0.041141945,0.181393196
0.043443951,-0.079300042,0.040597265,-0.033380061,0.041440257,-0.084973738,0.041850168,0.144571057,0.041111212,0.115622274
0.043479027,0.118573508,0.040605161,-0.016377592,0.041498221,0.106586539,0.041784987,-0.10960711,0.041049519,-0.036159509
0.04347675,-0.112070083,0.040643153,0.091616786,0.041463757,-0.161645318,0.041789251,0.075457276,0.041118439,0.021132529
0.043463652,-0.03754107,0.040569363,-0.009910611,0.041441782,-0.061856532,0.041833656,0.151799182,0.041243901,0.1733334
0.043497905,-0.019068464,0.040579327,-0.001217682,0.041367072,-0.166701461,0.041805762,0.132414408,0.041161317,0.015579447
0.043450446,0.010014881,0.040575855,0.004308823,0.041410236,-0.063680372,0.041707918,-0.070064175,0.041066708,-0.097074786
0.043475188,0.102114633,0.040587999,0.157278036,0.041459042,0.19264945,0.041754905,0.030147572,0.041106826,-0.000857624
0.043456897,0.009594067,0.040546558,0.08497412,0.041403065,0.134355776,0.041767803,0.00216531,0.041134933,-0.009171327
0.0434356,-0.013332091,0.040578708,0.125755463,0.041369333,-0.030727937,0.041759274,-0.193823697,0.041136347,0.096534328
0.043420304,-0.045077051,0.040536315,0.037440502,0.041399036,-0.02917566,0.041818189,-0.035846484,0.041125815,-0.214550487
0.043449066,0.054735151,0.040492152,-0.048215938,0.04138313,0.009791875,0.041828406,0.000826903,0.041128385,0.097995006
0.043421931,0.051396974,0.040552539,-0.128320778,0.041403627,0.033598886,0.041811071,0.079346262,0.041106647,0.086903973
0.043413069,0.017261111,0.04058534,-0.062204831,0.041439415,0.328465577,0.041819699,0.041797905,0.041092164,0.180607476
0.043405279,-0.056144826,0.040551146,-0.073305389,0.041350109,-0.201159747,0.04180017,-0.125557541,0.041036645,-0.206171716
0.043464488,0.094827204,0.040531303,0.000449216,0.041373643,-0.037733129,0.041793305,-0.000896571,0.041075372,0.244223252
0.043424947,0.011686412,0.040488248,0.017318135,0.041398225,-0.01474616,0.041731532,-0.049014711,0.040982027,-0.125846962
0.043410376,-0.024365169,0.040494764,0.063934776,0.041382504,-0.010536639,0.041704732,0.077666982,0.041005819,-0.147814565
0.043420488,0.099150798,0.040517852,-0.140918441,0.041353698,-0.22493176,0.041631758,-0.085344551,0.041089788,0.070483689
0.043421235,-0.023192312,0.040491204,0.111012806,0.041383251,0.005482626,0.041624077,0.125873767,0.04105443,-0.300100122
0.043413299,0.021720287,0.040455309,0.08465685,0.041371928,0.189524261,0.041613097,-0.036686692,0.041106003,0.167980345
0.043394061,-0.016391921,0.040449406,-0.002552151,0.041291472,-0.155734581,0.041751458,0.104141403,0.041105023,-0.055889799
0.043388021,-0.012343921,0.040424857,-0.202490248,0.041319833,-0.074142178,0.041772281,-0.081268776,0.041085051,-0.016266727
0.04335956,-0.057713792,0.040431537,0.062994879,0.041379064,-0.096387316,0.041699185,-0.016557669,0.041101199,0.097641991
0.043347454,0.06299122,0.040457888,0.026403863,0.041412706,0.003170725,0.041638487,-0.133252282,0.041027395,0.084310874
0.043393206,-0.083351874,0.040457825,-0.023796685,0.041359071,3.72E-05,0.04169522,0.045890349,0.040903466,-0.072940085
0.04340257,-0.01555111,0.040461591,0.03195882,0.041328793,-0.159081352,0.041672298,-0.030295863,0.040894913,-0.071192934
0.043377607,-0.03588549,0.040482469,-0.013754905,0.041397921,0.019873929,0.041689108,0.04514571,0.040958169,-0.076044721
0.043370879,0.10284069,0.040446384,-0.12486151,0.041355443,0.029172448,0.041668846,0.019028905,0.041063612,0.267698487
0.043401156,0.137931148,0.040418205,-0.042466898,0.041282863,-0.039225868,0.041634556,-0.001925383,0.041053432,0.162091009
0.043365527,0.026589771,0.040438949,0.099035632,0.041317609,0.059651135,0.041619155,-0.133078833,0.040942297,-0.151654158
0.043367917,0.05962655,0.040434879,0.062155522,0.0413309,0.01454478,0.04162299,0.02583599,0.041015481,0.158399595
0.043381216,0.012289345,0.04039456,-0.066447778,0.041287315,-0.193130464,0.041617768,-0.07309865,0.041028027,-0.009881075
0.043346016,-0.107396983,0.04048107,0.103650115,0.041323436,0.010081199,0.041628695,-0.155097368,0.041059629,0.076967538
0.043347546,0.012310943,0.040435311,-0.023182804,0.041307993,-0.00190345,0.041688057,0.199058225,0.040971046,-0.117108445
0.043326023,0.036522655,0.040446216,-0.020039868,0.041236887,-0.066172499,0.041580208,-0.103002564,0.040984296,0.123896346
0.0433459,-0.005046314,0.040409463,-0.064985109,0.041238896,-0.002428738,0.041554955,-0.007459385,0.040960492,-0.127939542
0.043317622,0.05147654,0.040388369,-0.041804883,0.041207183,-0.00936726,0.041543617,-0.018080349,0.040911994,-0.217849339
0.043298624,0.047688845,0.040414103,-0.043975569,0.041263669,-0.024699902,0.041578768,0.12158726,0.041009395,0.144055457
0.043304625,0.127987576,0.040420805,-0.008961741,0.041326691,0.049952893,0.041583129,-0.037538606,0.041015406,0.128339498
0.043318111,0.127539637,0.040382462,0.039124798,0.041234851,-0.120862964,0.041559554,0.077423917,0.040989654,-0.154070957
0.043290801,-0.04654587,0.040406468,0.001810823,0.041160706,-0.303924032,0.041513543,-0.118659905,0.041009102,-0.007718306
0.043273058,0.03441459,0.040410821,-0.010703944,0.0413096,0.119492208,0.041515485,0.012284883,0.041005611,0.180008325
0.043276596,-0.083445881,0.040415219,0.050945468,0.041309499,0.120443505,0.041559338,0.168711666,0.040935705,-0.11270299
0.043265188,-0.062279256,0.040359137,0.031690101,0.04119378,-0.121853258,0.041574504,0.101595571,0.040934831,0.188827545
0.043254418,0.089867438,0.040380838,0.07943746,0.041209484,-0.032303041,0.04157054,0.037792939,0.040887358,-0.129293842
0.043243279,-0.068921052,0.040322822,-0.003859818,0.041231705,0.258145738,0.041511328,-0.082139019,0.040858788,-0.098728973
0.043251069,-0.028328951,0.040331893,-0.036009077,0.041171635,-0.201567414,0.041488022,-0.146283843,0.040870463,-0.03983487
0.043256599,0.170463363,0.040368766,-0.031352452,0.041276478,0.095033902,0.041559457,0.060520959,0.040883176,0.057631475
0.043245867,-0.01328985,0.040352529,-0.041056571,0.041285795,0.003183589,0.041556021,0.044274561,0.04084721,0.002803037
0.043229253,0.035952075,0.040338776,-0.015894934,0.041197507,-0.170729553,0.041454342,-0.066492514,0.040851342,-0.128694872
0.043244402,0.043159245,0.04035077,-0.011728045,0.041204247,-0.07459394,0.041462813,-0.047503368,0.04088102,0.116213464
0.043246164,0.046155603,0.040384956,0.085323331,0.041249403,0.160780814,0.041586581,0.19248347,0.040853729,0.006451938
0.043242728,0.006020708,0.040337853,-0.021864861,0.041198235,-0.066262335,0.04156489,0.070285243,0.040812758,0.004767454
0.043205426,0.059215999,0.040330538,0.095640625,0.041241684,0.181956418,0.041502476,-0.208842972,0.040790889,-0.137207802
0.043189054,-0.005344287,0.040301914,0.02080064,0.041234559,-0.220878009,0.041517663,0.171772222,0.040831356,0.042994497
0.043221071,-0.028365898,0.040340218,0.191385618,0.041278165,-0.081406237,0.041519407,0.057713562,0.040895959,0.153910474
0.043208801,-0.025729803,0.040279413,-0.061626618,0.041281774,0.160157082,0.04145586,-0.029625419,0.040813292,-0.027527625
0.043214211,0.033459427,0.040367911,0.096404492,0.041253208,0.072064779,0.041498382,0.152363613,0.040754897,0.114267837
0.043202245,0.050042495,0.040339025,0.038087089,0.041260975,-0.02116663,0.041452841,-0.155547616,0.040755339,-0.180702689
0.043198541,-0.013828855,0.040300687,0.029046579,0.041209108,-0.055885195,0.04146646,0.082800351,0.040823882,0.108318649
0.043192146,0.030664535,0.040279289,0.056359842,0.04119543,0.097213339,0.041474112,0.012533684,0.040848531,0.127445709
0.043169071,0.090532084,0.040261293,-0.041775884,0.041232622,0.166211642,0.041536159,-0.055674525,0.040725825,-0.215787715
0.043183322,-0.109727498,0.040300222,-0.015181845,0.041247308,-0.061834944,0.041577855,0.290067622,0.040696442,0.030854564
0.043177063,0.000805584,0.040315862,0.080141227,0.041191788,-0.137577159,0.041450211,-0.247254768,0.040728977,0.017530565
0.043174154,0.00270344,0.040291652,0.063178248,0.041211564,-0.060875541,0.041529076,0.160750852,0.04069601,-0.121114007
0.043172513,0.029941585,0.040285893,0.044030419,0.041218191,-0.05078099,0.041549195,0.059035145,0.040704418,-0.00030015
0.043169648,-0.127431074,0.040287771,0.002668881,0.041248247,0.017987852,0.041468915,-0.03137188,0.040743723,0.074574166
0.043189999,0.084748871,0.040293316,-0.007562272,0.04125223,0.019884402,0.041483914,-0.066108272,0.040714533,-0.039860154
0.043185093,-0.018946474,0.040269658,-0.070961523,0.041205839,-0.02333477,0.041490911,0.019122035,0.040691871,0.000375267
0.043171857,0.004173733,0.040295643,-0.031868228,0.04124793,0.018297132,0.04140613,0.001749944,0.040686076,-0.162797363
0.043179663,0.016067034,0.04030149,0.058885484,0.041256746,0.020827618,0.041339074,0.057165179,0.040765676,0.007989399
0.043165879,0.094993543,0.040293435,0.096170569,0.041195544,0.01355215,0.041365155,-0.088962005,0.040781581,-0.028391166
0.043167879,0.030785966,0.04025695,0.073848649,0.041224513,0.078664967,0.041395154,-0.189176146,0.040791025,-0.076246894
0.043158632,0.029201903,0.040215421,-0.079865412,0.041186331,-0.10297981,0.041465182,0.105815593,0.040781028,0.239839497
0.043141819,0.19711307,0.040276321,0.064628617,0.041168081,0.041655102,0.041438787,-0.046793732,0.040693866,-0.256293362
0.043130475,0.01634147,0.040310329,0.109402658,0.04114371,-0.115002676,0.041411169,-0.11559138,0.040729931,0.073253943
0.043148024,0.109081148,0.040294204,0.194018839,0.041159486,-0.02665662,0.041480072,0.03885466,0.04072123,0.014016759
0.043137579,0.010265207,0.040237688,0.198267438,0.041197044,0.018413062,0.041437674,-0.066467075,0.040756168,-0.044984323
0.0431403,-0.046768809,0.040278217,0.086284122,0.041184699,-0.008664035,0.041397859,0.065780322,0.040798246,0.138925163
0.043144486,-0.090792013,0.040274802,-0.060373008,0.041128583,-0.065056642,0.041360801,-0.057622273,0.040717217,-0.205381617
0.043157863,0.171263644,0.04020734,0.059629297,0.041122272,0.004833428,0.041382196,0.130113981,0.04073136,0.237043325
0.043120791,-0.070175908,0.040207775,-0.118090524,0.041127047,-0.139395761,0.041344233,-0.248809954,0.0406806,-0.211021807
0.043118665,0.019980066,0.040228189,0.087077299,0.041141491,-0.04832873,0.041459,0.213509458,0.040763135,-0.022321377
0.043139489,0.074404809,0.040202598,0.01179429,0.041172967,0.044594235,0.041455222,0.188407177,0.040886829,0.105306192
0.043143512,0.025696647,0.040202743,0.021737367,0.041162443,-0.138767413,0.041386894,-0.136906131,0.040808134,0.157992845
0.043140107,-0.026663318,0.040230661,0.001165979,0.041147164,-0.054742558,0.041401931,0.077603337,0.040675238,-0.250192703
0.043126667,-0.125207204,0.040185484,-0.040062347,0.041173266,0.051999107,0.041317903,-0.050690123,0.040716471,0.118964007
0.043091282,-0.175970397,0.040173301,0.013053614,0.04115928,-0.121378021,0.041287897,-0.060414691,0.04066589,-0.077770713
0.043111647,-0.052892242,0.040166055,-0.034201322,0.041198167,0.025063508,0.04134325,0.171357595,0.040689591,0.146562448
0.043103274,-0.009065927,0.040186795,0.023444053,0.041190739,-0.033550904,0.041353144,0.18005271,0.040685418,0.116375276
0.043076579,-0.053808533,0.040182393,0.005855843,0.04123699,0.157216341,0.041280677,-0.17839948,0.040647855,-0.087798955
0.043076062,-0.159340006,0.040175985,0.048778757,0.04114678,-0.141796492,0.041385402,-0.098553567,0.04073582,0.029198431
0.043067752,-0.048676658,0.040141595,-0.108961391,0.041163375,-0.087145072,0.041472786,0.170754407,0.04074864,0.209453007
0.043078107,0.035978241,0.040196207,-0.000277072,0.041147848,-0.104989053,0.041360357,0.036817808,0.040706159,-0.17736796
0.043120098,0.195355284,0.040162051,-0.095833548,0.041147609,-0.080597549,0.041321091,0.001383226,0.040690978,-0.049982651
0.043095996,-0.074779501,0.040195195,-0.006764025,0.041154355,-0.007750141,0.041331021,-0.069455997,0.040630903,-0.097718394
0.043083555,-0.065098063,0.040165749,0.011452038,0.041100159,-0.139844418,0.041380728,-0.012990321,0.040653202,0.031158869
0.043100013,-0.065861766,0.040153169,0.155109479,0.041146048,0.04022427,0.041337515,-0.038141081,0.040724458,0.12421508
0.043088173,0.10274288,0.040110144,-0.087255401,0.041166511,-0.039680806,0.041285163,-0.263569835,0.04073258,-0.085443831
0.043082947,0.036458699,0.040129418,0.04259348,0.041153222,-0.072220949,0.041294614,0.007667863,0.040729224,-0.186664267
0.043056551,-0.106669293,0.040086861,0.062008556,0.041164181,0.066520518,0.041211458,-0.146398263,0.040733289,-0.109169537
0.043047809,-0.024049085,0.040082191,-0.110463161,0.041133216,0.083095303,0.041171816,-0.32443928,0.040743143,0.057226765
0.04307012,0.028468791,0.040088658,-0.082870108,0.041087449,-0.074551401,0.04127423,0.266866582,0.040671687,0.081681333
0.043072884,0.01359923,0.040068319,-0.116574878,0.041125697,0.181070503,0.041222149,-0.0253397,0.040553321,-0.225917771
0.043056771,-0.020604266,0.040141873,0.094203386,0.041127657,-0.038622952,0.041171616,-0.266678676,0.040594318,-0.130918441
0.043050977,0.010768204,0.040093725,0.026868762,0.041148292,-0.018528733,0.041293367,0.135266934,0.040666957,0.122422605
0.043042947,0.039813601,0.040100113,-0.061754377,0.041074249,-0.132726312,0.041319631,-0.078789672,0.040619114,0.027588441
0.043020204,-0.023829767,0.040105677,-0.027102896,0.041052279,-0.123516453,0.041281307,0.062573582,0.040560781,-0.065524636
0.043045147,-0.012119307,0.040115931,0.057447383,0.041064158,-0.042418533,0.041179792,-0.270742515,0.040542023,0.103777954
0.043046171,-0.036458368,0.040087518,-0.076160966,0.041074765,0.206148863,0.041239172,-0.108492364,0.040526361,-0.046812697
0.0430261,-0.225252687,0.040156157,-0.026493951,0.041023367,-0.050713795,0.041347832,0.05695134,0.040552023,-0.013964513
0.043016768,0.042227032,0.040148677,0.019139833,0.04106524,-0.014620993,0.041335464,0.027248633,0.040552942,-0.178031675
0.043038847,0.02914,0.040094276,-0.078994007,0.04105541,0.105922948,0.04122516,-0.076044626,0.040613872,0.037010489
0.043041137,-0.011254368,0.040074206,0.04869775,0.041065474,-0.120131598,0.041197336,-0.160478319,0.040623257,-0.018022474
0.043001512,-0.041549232,0.040068121,0.030611558,0.041119439,-0.00596256,0.041243313,0.037968617,0.040612985,-0.009456286
0.042997754,0.060433149,0.040091277,-0.009134486,0.0410623,-0.007549288,0.041205457,0.229994375,0.040531523,0.033318375
0.043002075,0.005513047,0.040093323,-0.100079141,0.041071612,-0.00113868,0.041128289,-0.057165973,0.040506653,-0.02421633
0.043016518,0.063715949,0.040065766,-0.049221586,0.041100905,0.155330361,0.041085109,-0.232103071,0.040580679,0.145432602
0.042981768,-0.04227597,0.040047968,0.00309755,0.041055875,-0.057725964,0.041110813,-0.111277433,0.040548085,0.134221577
0.042992573,0.11089772,0.040087555,-0.009485371,0.041064374,0.030364642,0.041211801,0.085013945,0.040498644,-0.111705253
0.042981439,0.083558273,0.040123183,-0.020657658,0.041092999,0.196359239,0.041211449,-0.119636992,0.040570731,-0.095330231
0.042983828,0.218099611,0.040101339,0.131664163,0.041013031,0.005760754,0.041184053,0.06106115,0.040575823,0.172916559
0.042978254,-0.017253799,0.040030183,-0.036674191,0.041053106,0.062526695,0.041120401,-0.226024876,0.040436312,-0.069389051
0.042985576,0.01540918,0.040097087,0.155563291,0.041049578,-0.019072801,0.041177622,0.056516769,0.04045537,-0.074022859
0.043000896,0.191783868,0.040074082,0.102662209,0.040994464,-0.297043263,0.041129886,0.055826028,0.040527616,0.014767572
0.042957369,-0.031048497,0.040061605,0.153621412,0.041047404,-0.077412577,0.041095575,-0.06587358,0.040550149,-0.02723775
0.042970665,-0.143110055,0.040069604,0.076595043,0.041026785,-0.150477741,0.04112517,0.069815482,0.040568562,0.123800397
0.042991765,0.158881742,0.040110978,0.138889434,0.04102401,-0.03863444,0.041073502,-0.053941041,0.040523987,-0.126358741
0.043005953,0.153744579,0.040033123,0.043411005,0.041097094,0.123053009,0.041074921,-0.097247803,0.040563081,0.097625513
0.042980948,-0.127998829,0.040062698,0.139969106,0.041033138,0.043217372,0.04114919,0.299545805,0.040534885,-0.039790369
0.042991926,-0.053987045,0.04007446,0.016498907,0.040991758,-0.103955993,0.041123653,-0.115969647,0.040532296,0.079186007
0.042961674,-0.017394104,0.040045078,0.136123893,0.041042038,0.022063809,0.04106887,0.037909898,0.04051996,0.050716719
0.042984636,-0.072663514,0.04003197,0.091596262,0.041021199,0.026295297,0.04103602,-0.157342086,0.040478805,-0.185270151
0.042976203,0.000561731,0.040041305,-0.040712022,0.041014167,0.197345544,0.041107069,0.115446992,0.040509104,0.117396058
0.042988797,0.033425785,0.040030058,-0.029051067,0.040989122,-0.059919722,0.041160194,0.188321229,0.040480116,0.188122736
0.042961348,-0.036391307,0.040069602,0.161537673,0.041064868,0.09349837,0.041123682,-0.145428931,0.040409986,-0.059178426
0.042944077,-0.055639136,0.040019688,-0.049324347,0.041007828,-0.035478921,0.041070633,-0.061586774,0.04043388,-0.003946856
0.04293623,0.016468661,0.039981271,-0.089079354,0.040971581,-0.142339436,0.041088693,0.065077525,0.040472992,-0.018572702
0.04294165,-0.120182663,0.040042273,0.099559077,0.041035278,0.228395536,0.041072127,-0.113306046,0.040496527,-0.012110154
0.042962351,0.008857604,0.040043759,-0.024535639,0.041032588,0.031280249,0.041072254,-0.177673445,0.040480888,-0.065379457
0.042934985,-0.08425373,0.039994895,-0.131926913,0.041054727,0.072331773,0.041149913,0.153355574,0.040489696,-0.008197922
0.042947641,-0.046105642,0.039990098,0.005874168,0.04109917,0.210806036,0.041117747,-0.037100308,0.040442337,0.132859228
0.042977376,0.005370346,0.040002489,-0.042960349,0.040981727,-0.006251832,0.041111156,-0.029366269,0.040380147,-0.1469347
0.042935177,-0.215087172,0.039958818,-0.122760946,0.040936732,-0.16823052,0.041099589,0.130382765,0.040415569,-0.048829427
0.042943518,-0.005274358,0.039990441,0.149311575,0.041026189,-0.002519344,0.040997639,-0.099875062,0.040436992,0.161495847
0.042922618,-0.044423508,0.039958829,-0.10810081,0.041048985,0.054108314,0.041052527,-0.076260123,0.04050802,0.094583386
0.042957608,0.023236137,0.03998169,-0.07039305,0.040986636,-0.070520058,0.041115536,0.100358728,0.040475344,0.01693695
0.042921984,0.033055433,0.040049808,0.08390137,0.041003447,-0.126930717,0.041046959,-0.065871278,0.040456199,-0.034019686
0.042928702,-0.016516595,0.039956393,-0.117288273,0.041023964,-0.003710475,0.041046106,0.13016918,0.040396578,-0.080324992
0.042913363,0.087937708,0.040029416,0.092825996,0.041037961,-0.020805802,0.040999485,-0.19734392,0.040395436,-0.107034951
0.042894203,-0.034238052,0.03993514,-0.013747182,0.040943148,-0.180582259,0.041011677,-0.1620174,0.040451604,0.157512115
0.042894331,-0.137516659,0.039957653,0.056223924,0.040976564,0.154717711,0.04107615,0.311638726,0.040386162,-0.089573763
0.042922462,0.077331947,0.03997182,0.121354282,0.040978931,-0.000194507,0.040965935,-0.063464645,0.040385994,-0.157832982
0.042900053,-0.009531352,0.039957779,0.000280723,0.040981353,0.158181469,0.040968062,-0.23844687,0.04038152,0.028005149
0.042904616,0.013852742,0.039926308,-0.101384516,0.040902559,0.058483661,0.041076995,0.284979709,0.040404938,-0.106139085
0.042892985,0.054960887,0.039922115,0.001505699,0.04090433,0.079904646,0.041013706,-0.122285462,0.040453365,0.157144021
0.042897392,0.079779476,0.040008229,0.184501252,0.040923852,0.117972536,0.041038404,0.145767235,0.040402024,0.003487181
0.042868847,-0.030077577,0.039913626,0.070428808,0.040932221,0.019856953,0.040972632,-0.064979722,0.040332021,0.097845364
0.042877589,0.033580205,0.039968098,0.089595803,0.040951323,-0.032680539,0.040963517,0.058490464,0.040237311,-0.360227197
0.042883561,0.0793382,0.039945469,0.216520857,0.040951331,0.00754755,0.040937875,-0.024275445,0.04037593,0.217451598
0.042876334,-0.037954394,0.03992715,0.208171839,0.040950423,-0.064823329,0.040962507,0.207272514,0.040378817,-0.043415116
0.042869808,-0.079709539,0.0398688,-0.068064856,0.04094904,0.082632618,0.041036878,0.164403585,0.040377159,0.13127342
0.042866924,0.014437452,0.039904782,0.108193119,0.040931241,0.061755817,0.041024494,0.001818295,0.040360904,-0.083507154
0.042855659,-0.075223934,0.039940909,-0.053545717,0.040913933,-0.232150025,0.041030336,0.035917854,0.040346526,0.020855256
0.042855454,-0.019691122,0.039887577,-0.075978173,0.040959411,3.33E-05,0.040972621,0.046321937,0.040342407,-0.004230128
0.042860899,-0.047361989,0.039904508,0.06233667,0.040976956,0.13014886,0.040913103,0.004359963,0.040313829,0.027348796
0.042851461,0.043633064,0.039904922,-0.150779806,0.040907503,-0.120017935,0.040944339,0.019524311,0.040245565,-0.048803788
0.042864114,-0.010736805,0.039926393,-0.1154294,0.04092762,0.031248771,0.040973964,-0.009360239,0.040274036,0.058269726
0.042845293,-0.079438442,0.039847165,-0.083395697,0.040976781,0.083619576,0.041038648,0.000448154,0.040262941,0.014266996
0.042873486,-0.022001668,0.039843804,-0.072818655,0.040936728,0.039844401,0.04098688,-0.147606311,0.040216407,-0.148760144
0.042816582,-0.146022873,0.039851937,-0.089419595,0.040901145,-0.067993942,0.04096327,-0.026371078,0.040253934,0.087959596
0.042811058,-0.10166039,0.039872597,0.125139343,0.040908037,-0.140535705,0.040943728,0.02085597,0.040254511,0.095580393
0.04279967,-0.060294996,0.039851053,-0.045914701,0.040902777,0.064486371,0.040943232,-0.175047964,0.04020966,-0.209303426
0.042818814,0.072230959,0.039855422,0.007748519,0.040918167,0.081342094,0.041008528,0.021772194,0.040252939,0.094276337
0.042849605,0.18250919,0.039857615,0.048175552,0.04090441,-0.020731315,0.04101858,0.011942463,0.040258805,0.028880245
0.042824593,-0.027592093,0.039857831,0.076922678,0.040844066,-0.283429468,0.040980004,0.035882032,0.040311614,0.044298881
0.042823948,0.126282861,0.039830884,-0.085926612,0.040855444,0.138184385,0.040918631,-0.072589835,0.040368141,-0.022328271
0.042805233,-0.009019947,0.039836896,0.005327408,0.040933564,0.055984173,0.040985708,-0.042875108,0.040307545,0.002217457
0.042833794,-0.135700145,0.039823846,-0.065124054,0.040939777,0.101933829,0.040971478,0.051428542,0.04025656,0.027106035
0.042792734,-0.170135509,0.039821906,0.005130234,0.040869533,-0.048424468,0.040908823,0.042403439,0.040250916,-0.193032702
0.042784159,-0.1284749,0.039829164,-0.005100759,0.04091122,0.039318489,0.040909205,-0.031246581,0.040330139,0.117698302
0.042844105,0.169875706,0.039862425,0.156184597,0.04088751,0.129166498,0.040920832,0.078916067,0.040282101,0.016056111
0.04282645,0.082100649,0.039829585,-0.07242839,0.040839863,-0.178224692,0.040895336,-0.118332845,0.040237091,0.051286888
0.04279673,-0.066042562,0.039804837,-0.116029525,0.040904943,0.137762129,0.04088839,-0.245112347,0.040212163,0.038777792
0.04284306,0.187641935,0.039831464,-0.092080677,0.040881272,-0.072874349,0.040965911,0.073575885,0.040177442,0.09142342
0.042780828,-0.080454218,0.039791737,-0.140391387,0.040857002,-0.062770338,0.040931628,0.0104021,0.040199367,-0.154900884
0.042802001,0.041131897,0.039835465,0.042243865,0.040852108,-0.107213592,0.040882663,-0.037975939,0.040321325,0.259112794
0.04276634,0.010018066,0.039842055,-0.060314672,0.040877236,0.059957327,0.040831489,-0.130330011,0.040292453,-0.04930698
0.042782998,-0.018370046,0.03981705,-0.041750501,0.040793482,-0.067997047,0.04089684,-0.064124505,0.040295308,0.1417124
0.042767119,-0.058335632,0.039833747,0.047850827,0.040806464,-0.011460733,0.040979846,0.206365623,0.040213605,0.082521685
0.042780263,-0.040966506,0.039830735,0.223132241,0.04082811,0.030334057,0.04090356,-0.079060611,0.040177414,0.0661058
0.042767126,0.05866682,0.039745048,-0.198703683,0.040878468,-0.019702407,0.040894344,-0.067554559,0.040206459,0.011274742
0.042755909,0.051287125,0.03980657,0.077231487,0.040898351,0.095983384,0.040889402,0.030936946,0.040295395,0.211016914
0.042737446,-0.117918841,0.039780442,-0.024999343,0.040788418,-0.162847474,0.040920376,0.014460282,0.040247015,-0.121401587
0.042743521,-0.072122005,0.039793891,-0.073704586,0.04081789,-0.006884125,0.040898934,-0.069870117,0.040256977,0.21575225
0.042751106,0.002794839,0.039824548,0.02436599,0.040865865,0.107327561,0.040938356,0.234812581,0.040200179,-0.149075313
0.042730678,-0.064983557,0.039771335,-0.172498406,0.040841729,0.030466317,0.040889541,0.036336426,0.040188886,0.064849427
0.042759849,0.013867236,0.039769883,-0.085893409,0.040780689,-0.241414875,0.040835708,-0.21957644,0.040087595,-0.150166026
0.042736165,0.137198473,0.039758257,-0.121478346,0.040797098,-0.078251083,0.040890415,-0.014031216,0.04015061,-0.013612536
0.042729662,-0.025356769,0.039821007,-0.069510181,0.040850509,0.08069263,0.040971835,0.087092704,0.040274373,0.399342828
0.042727205,0.069235254,0.039870863,-0.035726623,0.040834188,0.166604307,0.040955457,-0.029111907,0.040216432,-0.043602791
0.042717706,-0.109370633,0.039791636,-0.158492007,0.040836148,-0.024750763,0.040872086,0.048316648,0.040180709,-0.079024392
0.04272551,-0.007692181,0.03979465,-0.043597713,0.040841754,-0.019556968,0.040786046,-0.186351928,0.040197487,-0.008843422
0.042695385,-0.127123216,0.039784104,0.007640635,0.040812606,0.017376285,0.040849763,0.02498902,0.040202608,0.11884082
0.042719944,0.022776769,0.039796947,0.109915703,0.040758469,-0.215476175,0.040886439,0.132349416,0.040127358,0.007676426
0.04275791,0.117266265,0.039762676,0.122692314,0.040833926,0.001824937,0.040797022,-0.105494679,0.04013723,-0.236690424
0.042733271,0.263418231,0.03977902,0.044309434,0.040794933,-0.227244464,0.040739642,-0.124090288,0.040263256,0.209439952
0.042716102,-0.042199655,0.039723517,-0.03926236,0.040817645,0.210167493,0.040827642,0.024156851,0.04023092,0.073287155
0.042732695,0.048636058,0.039768937,0.207817568,0.040782905,0.067554381,0.040899775,0.146420783,0.040107496,-0.106153337
0.042695141,-0.096065321,0.039765863,-0.050379714,0.040722719,0.011000433,0.040862469,0.109742818,0.040115129,0.062647911
0.04267592,-0.067666921,0.039751775,0.000487771,0.040728404,-0.117279842,0.040781003,0.009900552,0.040188735,-0.058910527
0.042694996,0.034465965,0.039748421,0.062772816,0.040804694,-0.043312658,0.040775147,-0.042833846,0.0402457,0.237541809
0.042697743,-0.029414699,0.039745683,-0.014157032,0.040783136,-0.026879211,0.040814536,0.040747038,0.04013742,-0.037478059
0.042681489,0.021100133,0.039763641,0.107691196,0.04076152,0.022565779,0.04076772,0.024566027,0.040119743,0.054169952
0.042695393,0.0024483,0.039652284,-0.099017734,0.040873219,0.343291922,0.040751969,-0.052299769,0.040156707,-0.045600513
0.042666337,-0.03390244,0.039779572,0.135354237,0.040815095,-0.059137744,0.040778491,-0.020912686,0.04023466,0.05697336
0.042670313,0.066215979,0.039724064,0.036956974,0.040789298,0.042977504,0.040753538,0.24209216,0.040185811,-0.077535427
0.042681838,-0.011738046,0.039712054,0.074486844,0.04075606,-0.144192122,0.040669177,-0.077203319,0.040133623,0.169413675
0.042673272,0.226238842,0.039666804,0.058556855,0.040807038,-0.036566056,0.040727699,-0.05997948,0.04005766,-0.201064363
0.042678502,0.076355446,0.039703018,0.021411758,0.040808411,0.077876529,0.040817507,0.20086798,0.040130219,0.181456497
0.042660555,0.045904156,0.039709564,0.093448806,0.040722898,0.050186635,0.040808004,-0.053805809,0.040171543,-0.102444403
0.042682486,0.129909067,0.039693638,0.025628306,0.04067771,-0.136987583,0.040765332,-0.066917105,0.040248762,0.162917956
0.04266398,0.055318569,0.039718677,0.086683762,0.040736836,-0.072399947,0.040736581,0.007527599,0.040177861,-0.13413445
0.042681575,0.123875189,0.039687842,0.050691306,0.04074596,-0.071498709,0.040713697,-0.199453411,0.040093413,0.036502616
0.042654054,0.017323422,0.039658014,-0.103947265,0.040762336,-0.110843467,0.04076341,0.185195826,0.040006884,-0.223178009
0.042659931,-0.004497342,0.039729067,-0.085072297,0.040790584,0.053817317,0.040692301,-0.09799771,0.040127465,0.070045802
0.042656995,0.031440089,0.039658439,-0.116495912,0.040733239,0.01836902,0.040755496,0.174395061,0.040184599,0.214121757
0.042641178,-0.025843717,0.039675454,0.196493731,0.040735186,0.056372049,0.040763598,0.055734311,0.040112987,-0.175054011
0.042641361,0.017590218,0.039607869,-0.16424899,0.04069039,-0.098783066,0.04071457,-0.039426646,0.040146226,0.192017113
0.04266307,-0.102989198,0.039698715,-0.012156976,0.040635463,-0.046685555,0.040690513,0.053524587,0.040105339,-0.089692823
0.0426399,0.174198059,0.039640291,-0.056215609,0.040686791,0.020313469,0.040657186,-0.140208414,0.040129835,0.29998686
0.042644697,-0.008980689,0.03962284,-0.036942346,0.040727411,0.115306141,0.040677022,-0.153279618,0.040009151,-0.085962683
0.04263521,-0.0171066,0.039636838,-0.041253024,0.040743633,0.094264341,0.04081775,0.278604101,0.039997841,-0.017268502
0.042648767,0.173142669,0.039613902,-0.022957125,0.040694222,-0.088659552,0.040760168,-0.020740538,0.039999295,0.073292305
0.042579191,-0.137883303,0.039617164,0.042710918,0.040678193,-0.139507143,0.040709969,-0.077089915,0.040013576,-0.000826309
0.042611707,0.104874622,0.03959629,-0.036714416,0.040701565,0.119841999,0.040676666,-0.14189321,0.040013568,-0.004685593
0.042610473,-0.033628664,0.039620527,0.074532452,0.040714096,0.042800101,0.040714769,0.004241091,0.039985711,0.053384978
0.042611484,0.035250305,0.039656646,0.23681594,0.040739366,0.097965612,0.040753865,0.044574711,0.039966331,-0.072133522
0.042613345,-0.061740713,0.039604254,-0.033120579,0.040728337,0.014110046,0.040724986,0.088135288,0.040070299,0.022497202
0.0425964,-0.171113632,0.039594686,-0.202309807,0.040730808,0.015707247,0.040669189,-0.201967203,0.040114032,0.027362623
0.042573995,-0.004886059,0.039645939,0.083513497,0.040642764,-0.086469196,0.040665387,0.006412716,0.040094094,0.131467223
0.042608142,0.012066078,0.039602337,-0.121846025,0.040698232,-0.010354518,0.040652285,-0.052515748,0.040018195,-0.166060919
0.042586817,0.105594285,0.039621502,0.07855697,0.040751044,-0.030565265,0.040778236,0.252121785,0.03997551,-0.04567331
0.042555112,-0.088120897,0.039569397,-0.072619191,0.040713199,-0.029922626,0.040769506,0.01273029,0.039966119,-0.250109036
0.042601787,-0.041754107,0.039650551,0.041466806,0.040696115,0.055149146,0.040694044,-0.132403071,0.040063452,0.250392842
0.042575035,0.012743209,0.039613764,0.013565331,0.040688175,-0.055007027,0.040728359,0.153496824,0.039991528,-0.0954986
0.042591688,-0.038661501,0.039586158,0.067626883,0.040694586,-0.045226738,0.040663996,-0.122490149,0.039952484,-0.100898018
0.042554264,-0.143778325,0.039513398,-0.09277034,0.040712328,-0.025123007,0.040665907,0.006567198,0.039966381,-0.135417078
0.042567565,-0.053637309,0.03958929,0.09980641,0.040737897,0.069890403,0.040691619,0.057584647,0.040068063,0.339110302
0.04256727,-0.003224272,0.039604504,0.012476653,0.040690695,0.039364704,0.040696008,0.049201806,0.039948156,-0.235409109
0.042560704,-0.013429952,0.039602561,-0.077678597,0.040654149,-0.093412422,0.040658695,-0.002508363,0.040019438,0.046193908
0.042559472,0.012696795,0.039575823,-0.005060605,0.040705888,-0.052563848,0.040607192,0.096713653,0.040080743,0.102922962
0.04255267,-0.004939033,0.039638053,0.193246656,0.040702668,-0.001389694,0.040590797,0.071810321,0.040098366,0.08445955
0.042584044,0.041057419,0.039654239,0.079126205,0.040664874,0.051104834,0.040644478,0.136023719,0.040033612,0.030660421
0.042555248,0.001077939,0.039498199,-0.164965014,0.040627391,-0.184345027,0.040718064,0.268556952,0.039945685,0.000809991
0.042550293,0.002582933,0.039533259,-0.07982822,0.040650108,0.019143029,0.040631218,-0.001795618,0.039948084,-0.11069051
0.042530249,-0.068591435,0.039557139,-0.019949113,0.040672592,-0.021508911,0.040621306,-0.143141671,0.040046245,0.221004797
0.042581876,0.047174135,0.039557066,-0.157083818,0.040710189,-0.093805753,0.040693224,0.029030661,0.040056878,0.230232548
0.042554281,-0.076999647,0.039618513,-0.133043885,0.040679705,-0.243303593,0.040678656,-0.099348908,0.039938162,-0.018214206
0.042557902,-0.028929475,0.039612997,-0.035699046,0.040775178,0.133857645,0.040682762,0.069786062,0.039929255,0.206946801
0.042553873,0.005189458,0.039566819,-0.121684889,0.040692745,0.024817957,0.040619475,-0.145779874,0.039880784,-0.147380395
0.042517938,-0.018159938,0.039518782,-0.175878785,0.040604733,-0.108540284,0.040651323,0.161254219,0.03991742,0.019656643
0.042556248,-0.069112246,0.039554942,-0.011841075,0.040641961,0.050704553,0.040600163,-0.227529105,0.039977538,0.06000877
0.042561708,-0.11189707,0.039543437,-0.012009531,0.040682669,-0.128059281,0.040688521,0.135418794,0.040001946,0.033779127
0.042550459,0.045257063,0.039548936,-0.050862916,0.040745803,0.097432173,0.040653486,0.042547078,0.039977128,0.030109112
0.042531024,-0.136308421,0.039584899,0.048448194,0.040710268,0.033028949,0.040610573,-0.040391828,0.039972782,-0.080592376
0.042539831,-0.05238498,0.039566795,0.072742464,0.040671293,-0.159995684,0.040648493,0.069861567,0.039997558,0.029974367
0.042571054,-0.037411585,0.039555223,-0.020188551,0.040716298,0.015956176,0.040628497,0.028815738,0.040030305,0.091564767
0.042515093,-0.004754408,0.039579736,0.140745403,0.040706299,0.044771422,0.040537738,-0.091994856,0.03998375,-0.071730745
0.042533982,0.018520806,0.039565947,0.028064382,0.040643479,-0.021240497,0.040488621,-0.145065231,0.039970558,0.066025304
0.042545806,-0.068372963,0.039590746,0.053460906,0.040676797,0.055067958,0.040643639,0.291349712,0.039930158,0.112968686
0.042532476,0.012991992,0.039602484,0.079668333,0.040669118,-0.006958948,0.04059443,-0.161152742,0.039878576,-0.071222473
0.042556214,0.10363273,0.039537058,0.063310814,0.040660601,0.011328306,0.040597745,-0.057111716,0.039913292,0.072044461
0.042539569,-0.103920564,0.039576482,0.247728052,0.040613985,-0.008011886,0.040610221,-0.085609319,0.03992472,0.03420059
0.042543091,-0.104357508,0.039537604,-0.015182238,0.040612181,-0.014334805,0.040623388,0.204460505,0.039938386,-0.087728089
0.042545927,-0.080866581,0.039538204,0.076653516,0.040570832,-0.082321651,0.040505319,-0.273951784,0.039927812,0.017430532
0.04254376,0.079137627,0.039501027,-0.091577304,0.040605409,0.064670853,0.040592417,0.256074659,0.039885502,0.104449547
0.042519658,0.010450207,0.039540067,0.138858665,0.040621212,-0.086578108,0.040601829,0.163559247,0.039872781,-0.114341764
0.042537972,0.015891001,0.039496834,0.048820352,0.04063012,-0.069549782,0.040546302,-0.132505659,0.03999786,0.006478572
0.042524316,0.031323902,0.039478315,0.039660602,0.040584772,0.014857565,0.040634588,0.251498855,0.040023603,-0.023954967
0.042526122,0.037195699,0.039494747,0.039645125,0.040616282,0.139569624,0.040573592,0.093096859,0.039955883,-0.062310085
0.04249066,-0.188738485,0.039533668,-0.108361302,0.040655016,0.087096619,0.040435417,-0.240022588,0.039925849,0.046021732
0.042526514,-0.021275106,0.039561786,0.036842417,0.040610697,-0.04669042,0.040506194,-0.045806757,0.039845595,-0.195187148
0.042541608,0.091484297,0.039566912,-0.028515804,0.040600834,0.083607356,0.040622882,0.100083484,0.039869807,0.085354482
0.042509997,-0.081714387,0.039555067,0.048821862,0.040640374,0.046184882,0.040499655,-0.304856327,0.039892644,-0.149670168
0.042540134,-0.001982602,0.039519896,-0.134931609,0.040578659,-0.13717153,0.04054252,0.004485357,0.039931663,0.141717946
0.04253539,-0.00189445,0.039570667,0.029591991,0.040607873,-0.193109419,0.040636922,0.228474747,0.039891376,-0.025517688
0.042565121,0.072219574,0.039521281,-0.035512343,0.040696466,0.043672536,0.040601553,-0.031659815,0.039870137,-0.071259024
0.042539823,-0.004144663,0.039527023,-0.166829446,0.040614626,0.064408308,0.040551599,0.031942512,0.03983272,0.071060032
0.042532629,-0.019448922,0.039537256,0.010644831,0.040586599,0.004427123,0.040489866,-0.012705764,0.039797955,-0.17027603
0.042527676,0.05397476,0.03951808,-0.066286168,0.040651237,0.129001659,0.040474895,-0.092915462,0.039867697,-0.024433978
0.042514706,0.055413816,0.039559147,0.090747549,0.04062713,0.019325571,0.040546948,0.002565224,0.039899329,0.136882226
0.042488107,-0.049768478,0.039533055,-0.033603005,0.040607295,0.086505329,0.040503307,0.063360704,0.03984091,-0.1477798
0.042499044,0.017124951,0.039504805,0.083990577,0.040577758,0.009071239,0.040479568,-0.024470736,0.039864065,0.24311367
0.042545735,0.104127792,0.039486943,-0.056511523,0.040596566,0.0296558,0.040525175,-0.038222685,0.039811037,-0.185179756
0.042514975,0.028477764,0.039491713,-0.028961179,0.040629056,0.00958337,0.040568154,0.041425506,0.039822743,0.104213406
0.042496109,-0.06341429,0.039498002,-0.038490086,0.040604743,0.03710673,0.040608646,0.138028859,0.039804774,-0.097558835
0.042484561,-0.019263234,0.039514067,-0.008993611,0.040556958,-0.155849336,0.040519985,0.027337287,0.039860855,0.091116742
0.042500053,0.037058663,0.039509938,-0.133526425,0.040611819,0.074101428,0.040484336,-0.056732299,0.03988209,-0.035069413
0.042486016,0.047181923,0.039545429,-0.145471543,0.040561843,-0.116262948,0.040503456,-0.040853868,0.039866637,-0.060876659
0.042497929,0.100514334,0.039524519,0.082154814,0.040585668,0.125015804,0.040514241,0.036826951,0.039821597,-0.024092541
0.042522118,0.137505489,0.03946563,-0.041171494,0.040560138,-0.059378217,0.04042961,-0.091949039,0.039806505,0.006184362
0.042492985,-0.000277306,0.039462377,-0.007102452,0.0405763,0.221066948,0.040422271,0.034502616,0.039763229,-0.203051769
0.04248883,0.070998208,0.039446581,-0.187877722,0.040566542,-0.061221734,0.040490566,-0.043782945,0.039847829,0.071616986
0.042511375,0.065649823,0.039525936,0.0980821,0.040631163,0.076437797,0.040549855,0.109680795,0.039896514,0.107144919
0.04252255,0.057258602,0.039477436,0.147171021,0.040587006,-0.034211909,0.040533884,0.067103059,0.039860569,-0.02782462
0.042487529,-0.042026601,0.039452625,-0.038927908,0.040662036,0.074402272,0.040457425,0.044445403,0.039858246,-0.06897796
0.042491334,0.012547991,0.039485079,-0.121434498,0.040614637,-0.059077967,0.040428543,-0.024267488,0.039907279,0.180945397
0.042485386,-0.069582386,0.039473038,-0.027569593,0.040539752,-0.120655364,0.040478554,0.076591232,0.039833214,-0.094814737
0.042492095,-0.01966729,0.039473628,0.099750417,0.04052466,-0.087078154,0.040434782,-0.123552512,0.039837804,-0.190187704
0.042510675,0.153785027,0.039466711,-0.022781408,0.040553561,0.104399262,0.04051888,-0.016762002,0.039903969,0.184927464
0.042491068,0.183385549,0.039502686,0.121950794,0.040532477,-0.039197255,0.040538776,0.08397151,0.039909843,-0.086870287
0.042480319,-0.064194722,0.039486185,0.026256887,0.040587159,0.181753653,0.04048685,0.150225691,0.039866933,-0.105785767
0.042447625,-0.113579875,0.039473852,0.119324241,0.040517973,-0.100343013,0.040382342,-0.212058497,0.039810734,-0.011393935
0.042482649,0.022785257,0.039419596,-0.152837461,0.04053124,-0.080341881,0.040448806,0.034188479,0.039800955,0.204493223
0.042484734,0.016511972,0.039477113,0.076265069,0.040587022,-0.069879573,0.04044642,-0.166943725,0.039819857,-0.202843867
0.042458273,-0.008846793,0.039438032,-0.011996336,0.040587044,-0.045066415,0.040412845,0.067840949,0.039841542,-0.13375108
0.042458667,0.038963622,0.039445105,0.024068533,0.040519998,-0.013373252,0.040345747,-0.06375229,0.039848022,0.145586572
0.042471214,0.053249573,0.039439018,-0.033646557,0.040514206,0.031720928,0.040412433,0.092941236,0.039784846,0.086835283
0.042459282,-0.060811241,0.039439248,0.073616982,0.040536014,0.112460645,0.040340018,-0.131998484,0.039723635,-0.058910542
0.042429907,-0.085197397,0.039435621,0.097717938,0.040527569,-0.0775976,0.040362653,0.054704565,0.03976351,-0.015387474
0.042464632,0.062388399,0.03945622,0.090929225,0.040526049,0.016163493,0.040429533,0.038863829,0.039863434,-0.030312172
0.042422165,-0.036663696,0.039445114,-0.066427783,0.040553238,0.009463803,0.040398598,-0.057637042,0.039850224,0.045662612
0.042439728,-0.02846651,0.039487264,0.005001206,0.040556088,-0.079143656,0.04038725,0.109719237,0.039800436,0.048101373
0.042470625,0.034606414,0.039466942,0.064578974,0.040586814,0.279668674,0.040377619,-0.073088632,0.039681784,-0.198143847
0.042449939,-0.079295566,0.039411696,-0.036236095,0.040493289,-0.095175966,0.040433085,-0.025563033,0.03967249,-0.140810403
0.042470955,0.013333345,0.039438881,-0.01222445,0.040516056,-0.051592086,0.04044406,0.085862027,0.039798369,0.047490193
0.042439718,-0.110875938,0.03944619,0.109022529,0.040555658,0.116660492,0.040400034,0.075002994,0.039823863,-0.038691646
0.042434164,0.037194308,0.039394491,-0.128438762,0.040533946,-0.033236129,0.040346387,-0.074132892,0.039814433,0.143494291
0.042417683,-0.060766409,0.039403184,0.052929041,0.040528826,-0.076101783,0.040319225,-0.007953547,0.039713518,-0.13192992
0.042429437,0.053458938,0.039397295,-0.083259016,0.040583195,0.103166812,0.040344153,-0.165320305,0.039688045,-0.144577506
0.042401609,0.091944537,0.039467758,0.058140793,0.040511619,-0.069432062,0.040426217,0.042911993,0.039783434,0.045327784
0.042403953,-0.060467605,0.039407798,-0.123287757,0.040511269,-0.080952774,0.040356685,-0.070501687,0.039808188,-0.011966669
0.042435419,0.082078813,0.039386863,-0.06842258,0.040521632,0.101862952,0.040298558,-0.228822462,0.039709759,-0.090343706
0.042407722,-0.052736781,0.039382822,-0.099984443,0.040518626,0.007821279,0.040346992,-0.060693526,0.039669002,-0.148892115
0.04239889,0.033439918,0.039397509,-0.013873885,0.040470955,0.120366405,0.040395582,0.070550148,0.039753236,0.127040725
0.042402723,0.066545173,0.03936855,-0.095005418,0.040472702,-0.012395062,0.040352003,0.011049831,0.039743013,-0.166613007
0.042369997,-0.037447213,0.039398623,-0.065108689,0.040499714,0.058672119,0.040273797,-0.160905704,0.039803184,-0.011013447
0.04236779,-0.025404569,0.039394633,0.19884232,0.040449355,-0.106072925,0.040297338,-0.12810493,0.039838741,0.010774876
0.042372005,-0.105074517,0.039354071,-0.117301515,0.040498988,0.158729497,0.040311299,-0.011304302,0.039820625,0.118200735
0.042383154,0.085825446,0.039360941,0.105672756,0.04046012,-0.095226261,0.040270056,-0.185465367,0.039741543,0.03056222
0.042400646,-0.006418555,0.039359773,0.111248284,0.04046671,0.089786104,0.040299942,0.161354994,0.039688949,-0.015653018
0.042378627,0.053819904,0.039338385,0.038581968,0.040400839,-0.032415001,0.040348872,-0.058941369,0.03968676,-0.050671948
0.042362857,0.077525317,0.039318917,0.07453319,0.040525801,0.250502469,0.040303956,-0.155050805,0.039703887,-0.052151168
0.042391829,0.087500417,0.039380087,0.220281058,0.040552215,0.012778296,0.040320017,0.177603887,0.039707357,0.042364594
0.04236851,-0.059388102,0.039357827,0.037360697,0.040501802,-0.111012428,0.040282964,-0.065245823,0.039673114,0.082270183
0.042348199,-0.021454903,0.039365465,0.013991586,0.040469237,0.070172156,0.04031952,0.021014747,0.039635075,-0.03623965
0.042380789,0.169449807,0.039360736,-0.072616436,0.040493844,0.06070913,0.040279509,0.022077223,0.039703836,-0.102527364
0.04240308,0.120374291,0.039362363,-0.020908695,0.040514737,-0.085203165,0.04023571,-0.09312663,0.039743511,0.074447569
0.042346917,-0.155787536,0.039306774,0.002190414,0.040477087,-0.019689759,0.040279474,-0.056243519,0.039664824,-0.044161204
0.042380329,0.031563018,0.039356304,-0.037429599,0.040410335,-0.172924041,0.040336908,0.061229356,0.039619818,0.091816356
0.042353495,0.023638314,0.03936072,-0.082978883,0.040442,0.024400587,0.040303402,-0.087542194,0.039605053,-0.100852679
0.042378245,0.190799234,0.039336845,-0.000278433,0.040476588,0.060245838,0.040292189,0.098521557,0.039687235,-0.056708376
0.042325356,-0.018594249,0.039370115,0.139076521,0.040491591,-0.059810569,0.040240646,-0.089273305,0.039750733,0.371385262
0.042327299,-0.074171744,0.039361206,0.015920485,0.040539767,0.24471288,0.040325752,0.169796167,0.039588956,-0.273988134
0.042296803,-0.174569357,0.039328099,-0.061874853,0.040417026,-0.10559821,0.040314896,-0.083230639,0.039615656,0.244268935
0.042307985,-0.042618771,0.039341037,0.129360541,0.04037193,-0.323789744,0.040312217,0.027642157,0.039582448,-0.037043062
0.042331018,0.067023228,0.039319979,0.045767549,0.040461029,0.191179547,0.040232257,-0.152531396,0.039579265,-0.26039648
0.042323628,-0.052476434,0.039309213,0.028498935,0.040420277,-0.05954649,0.040211705,-0.021190264,0.039607496,-0.015871289
0.04233942,-0.107585456,0.039324216,0.157958012,0.040442302,0.005810923,0.040224275,0.120386423,0.039518489,-0.097201137
0.042332731,-0.045577719,0.039312066,0.073777919,0.040427875,0.019266874,0.040198763,-0.168421055,0.039502683,-0.040002788
0.042341782,-0.013942957,0.039285554,0.060570247,0.040461565,0.168361752,0.040330909,0.242541092,0.039582226,0.270426554
0.042318985,-0.127431516,0.039286611,0.123771242,0.040457727,-0.123047027,0.040326029,0.066567606,0.039586413,0.129262733
0.042319127,0.044133457,0.03926713,-0.03206063,0.040461889,0.206178207,0.040270131,-0.102975625,0.039620604,0.1182897
0.042323997,-0.05537615,0.039295077,-0.0560971,0.04036675,-0.127528343,0.040260653,0.132310954,0.039610147,-0.053491336
0.042310375,-0.095188348,0.039320724,0.002353205,0.040423712,-0.075319172,0.040162363,-0.121495906,0.039578977,-0.05911941
0.042283996,0.031580563,0.039289952,0.083711831,0.040471116,0.017585859,0.040157901,0.004085758,0.039584351,0.015459514
0.042278957,-0.107689622,0.039302085,0.040339981,0.040420283,-0.0557658,0.04017148,-0.070920286,0.039567513,0.006302086
0.042286293,-0.054322419,0.039268834,0.126946942,0.040390345,-0.072613239,0.040217184,-0.030721037,0.039581506,0.012703334
0.042287119,0.017059016,0.039264706,-0.020241571,0.040421056,0.165634387,0.040261039,0.105178479,0.039608298,-0.00170343
0.042282591,0.027620194,0.039320282,0.206916772,0.040432282,-0.04671902,0.040170765,0.0755507,0.039667007,0.214112239
0.042317758,0.091615533,0.039243098,-0.02372576,0.040431032,-0.092290649,0.040156064,-0.104138691,0.039581631,-0.025603284
0.042289657,-0.048310954,0.039209442,-0.212342647,0.040432261,-0.186346946,0.040235625,-0.063121454,0.03955853,-0.03110539
0.042295059,-0.001677992,0.03919652,-0.087223913,0.040472277,0.143715662,0.040285746,0.050211014,0.039548551,0.009236338
0.042276413,-0.032819938,0.039223381,-0.025859303,0.040337019,-0.244134028,0.040221706,-0.194573751,0.039535344,-0.010330408
0.04225511,-0.006498878,0.039194041,-0.127316878,0.040319596,-0.198005995,0.040203665,0.067711382,0.039557862,-0.066204624
0.042285872,0.063838968,0.039227409,0.017341551,0.040429749,0.203065377,0.040106616,-0.157000142,0.039622994,0.04573662
0.042259905,-0.138027126,0.039217857,-0.059662447,0.040323822,-0.082841325,0.040104396,-0.098896607,0.039610443,0.011556024
0.042268339,-0.052284655,0.03925102,0.222986117,0.040397216,0.22091622,0.040146472,0.046635714,0.039591,-0.058937012
0.042258651,0.058842449,0.039238811,0.02530496,0.040386038,-0.156281201,0.040171495,-0.070012102,0.039587032,-0.032100716
0.042276729,0.14033179,0.039247875,-0.081284736,0.040361704,0.017716044,0.040229512,0.209193443,0.039582971,0.011264427
0.042282283,0.014312207,0.03919702,-0.167829932,0.040388793,0.321136869,0.040201334,0.254212203,0.039633246,0.054878066
0.042280592,0.212637125,0.0392039,-0.09864379,0.040374112,0.122372663,0.040115324,-0.205521689,0.039593849,-0.194354794
0.042285825,0.132710132,0.039233761,0.062382208,0.040342176,-0.123755378,0.040213896,0.154840354,0.039569031,0.109805263
0.042238854,0.042904024,0.039248147,0.10187481,0.04041608,0.278782878,0.04023023,0.073304025,0.039571035,-0.030979046
0.042253198,0.020932538,0.03922291,-0.024540362,0.04036835,0.052493517,0.040168641,0.113140954,0.03960516,0.092128771
0.042208458,-0.137573293,0.039274472,0.168345445,0.040393406,0.117470811,0.040089502,-0.209994353,0.039596318,-0.070320873
0.042235583,0.08514634,0.039249739,0.042784752,0.040401116,-0.062979022,0.040080121,-0.084335629,0.039602923,0.040323819
0.042256515,0.06589159,0.039227852,-0.035371515,0.040393073,-0.102423298,0.040166387,0.163755921,0.039562179,-0.098057501
0.042250036,0.053149104,0.039246283,0.176422297,0.04045806,0.047937617,0.040175653,-0.094820237,0.039608628,0.170919555
0.042223383,0.015417426,0.039165794,-0.070337872,0.040353398,-0.201785443,0.0401987,0.168774795,0.039626557,0.019244953
0.042261803,0.127008054,0.039212202,0.059800359,0.040412091,0.030169879,0.040132426,0.163267825,0.039576481,0.083611382
0.042232036,0.069903519,0.039193198,-0.005841326,0.040383174,-0.143743984,0.040028663,-0.30186533,0.039485368,-0.110399648
0.04223564,0.131962261,0.039183278,-0.006869585,0.040400959,0.085740748,0.040142859,0.13798341,0.039495464,-0.157049339
0.042239446,-0.020257321,0.039158712,-0.037376497,0.040360365,-0.177854817,0.040178884,0.131408232,0.03955863,0.115665012
0.042237238,0.025196669,0.039147991,-0.157374456,0.040414973,0.008970473,0.040104773,-0.062462036,0.03956724,0.09524315
0.042197549,-0.033049575,0.039158177,-0.085650267,0.040415184,0.054395845,0.040119168,0.014906683,0.039564369,0.198490357
0.042192625,-0.063911543,0.039151506,0.046855131,0.04037224,-0.013845043,0.040117521,0.049349966,0.039523578,0.006441824
0.042210995,-0.027941266,0.039171712,0.066271653,0.040392779,-0.052773749,0.040060982,0.030911715,0.039579367,0.170247438
0.042193195,0.009255117,0.039187554,0.109254241,0.040487921,-0.022224934,0.040030528,-0.05017892,0.039496202,0.027923301
0.042163719,-0.135252985,0.039185846,0.15230965,0.040448007,-0.052842763,0.040066709,-0.011353108,0.039425461,-0.059358751
0.042168206,0.009665731,0.039169697,-0.012312943,0.04035291,-0.149037366,0.040107722,-0.038830201,0.039418895,0.066468583
0.042170084,-0.016440259,0.039143511,-0.056900513,0.04040065,0.064586485,0.040093611,0.05416697,0.039427114,-0.070202663
0.042127563,-0.169475492,0.039145835,-0.126121839,0.04034095,-0.02395139,0.040039231,-0.213440055,0.039481931,-0.005813529
0.042132486,-0.00337003,0.039128148,-0.161361674,0.040369612,-0.001737332,0.040016681,-0.026568362,0.039511331,-0.051422606
0.042159834,-0.119135379,0.039193086,0.074858832,0.040401571,0.099040813,0.040082009,0.188873726,0.039556526,0.129175268
0.0421691,0.036671522,0.039144141,0.003498709,0.040345337,-0.179744901,0.040086955,-0.009045464,0.039538516,0.019388436
0.042115727,-0.097904144,0.039200443,0.067134136,0.040349317,-0.024405523,0.040075619,0.062330865,0.039547108,-0.05812106
0.042168588,0.008843163,0.03915686,-0.029817435,0.040343524,0.022460864,0.040030753,-0.119937581,0.039553717,-0.125725155
0.042147529,0.038589706,0.039202881,0.063684228,0.040388482,0.180833779,0.040066137,0.056174967,0.039526691,0.07095819
0.042160054,-0.111894189,0.039118557,-0.172609097,0.040337395,-0.14767867,0.04006968,-0.093915866,0.039498499,-0.088918218
0.042188206,-0.006316103,0.039153653,0.021512711,0.040356575,0.193013069,0.040070294,0.05982825,0.039563662,0.126161477
0.042153352,-0.128871213,0.039160035,0.114559514,0.040368269,0.048053813,0.040092559,-0.159247601,0.039534944,-0.116361532
0.042128833,-0.168440512,0.039128996,-0.077466843,0.040342249,-0.224680149,0.040123169,0.079600653,0.039518765,-0.170392148
0.04212963,-0.175966768,0.039154362,0.07149704,0.04030788,-0.130246411,0.040080643,0.03315702,0.039494724,0.067993564
0.042161695,0.085362436,0.039157149,0.165476425,0.040293428,0.024906045,0.040079419,0.034670936,0.039445192,0.101793428
0.042166231,0.007573246,0.03911828,0.025698946,0.040262755,0.053508734,0.040093495,-0.115805411,0.039376572,-0.105650208
0.04213959,0.02088806,0.039140984,0.132178084,0.040268017,-0.125416928,0.040096581,0.138457526,0.039475938,0.196317816
0.042113969,0.088330741,0.039150882,0.133680241,0.040333294,-0.061953052,0.040014297,0.089089239,0.03952042,-0.016427842
0.042159327,-0.006493522,0.039110907,0.017917798,0.04035768,0.169029918,0.040060198,0.175652046,0.03955109,0.161536947
0.042153702,0.011931408,0.039149544,0.037609921,0.040263775,0.041674165,0.040052611,-0.104486637,0.039508318,0.099548902
0.042130169,-0.082485637,0.039140994,0.031947871,0.040279265,-0.071619577,0.040099838,0.143389988,0.039401613,-0.123380448
0.042108368,-0.114527242,0.039190423,0.210521073,0.040268466,-0.020643756,0.040050939,-0.053421415,0.039458715,0.130259693
0.04213416,-0.028744599,0.039124547,0.064206903,0.040290161,0.042742066,0.039966145,-0.24336904,0.039488615,-0.121469257
0.042117726,-0.048782861,0.039119658,0.150993387,0.040320829,-0.061229999,0.040014679,0.029260897,0.039561571,0.193571492
0.04210633,-0.050245401,0.03911745,-0.01086603,0.040299347,0.00449034,0.040048466,0.059252513,0.039545938,-0.026886738
0.042158364,0.085221853,0.03912546,-0.016728789,0.040282053,0.138128904,0.040023301,-0.116327171,0.039551515,0.272507037
0.042133971,0.127646668,0.039104687,-0.043296696,0.040332938,0.274337431,0.040084464,0.128459701,0.039445673,-0.015958825
0.04213453,-0.092008031,0.039110506,-0.036612938,0.040305988,-0.013695999,0.040029625,0.134452208,0.039477606,0.002041022
0.042150882,0.024107474,0.039090185,0.097938084,0.040287766,0.019517867,0.039984022,-0.226571591,0.039503772,0.020734347
0.042087831,-0.075690731,0.039091157,0.000403223,0.040308298,-0.021973556,0.040052665,0.030922622,0.039490974,-0.001413615
0.04211357,0.002268994,0.039093147,-0.035879331,0.040288685,-0.097135311,0.04002563,-0.266079948,0.039438733,0.016972144
0.042104629,-0.053584872,0.039102212,0.104864516,0.040266927,-0.184670989,0.040041781,0.149960179,0.039430895,0.0021168
0.042095069,-0.029682231,0.039070514,-0.058365638,0.040274568,-0.087633373,0.039987334,-0.184968718,0.039420636,-0.116651072
0.042125957,0.050477882,0.039104255,-0.023067187,0.040274051,0.038287808,0.04004374,0.052577508,0.0395368,0.316395157
0.042125101,-0.043483579,0.039047596,-0.127367822,0.040253955,-0.010030938,0.040042423,0.063348109,0.039511685,0.019031747
0.042109334,-0.08288298,0.039065065,0.065640758,0.040344511,0.231163876,0.040062274,-0.059714899,0.039439905,-0.158763118
0.042110427,-0.072902302,0.039038702,-0.067261294,0.040263705,0.00926506,0.04007497,0.090889994,0.03941757,-0.024895158
0.042097883,-0.001673636,0.039069931,-0.031914247,0.040299197,0.057142634,0.039995198,-0.118551931,0.039451022,0.117121589
0.042096889,0.006766991,0.039111433,-0.004728376,0.04030708,-0.034596198,0.03997931,-0.015340473,0.039442001,-0.104544909
0.042091386,-0.082622073,0.039092959,-0.04566966,0.040278092,0.07681609,0.039978784,-0.034802949,0.03940771,-0.061204895
0.042106273,0.020715497,0.039086171,0.045034411,0.040237995,-0.131984024,0.039972704,0.14258003,0.039381186,-0.041596517
0.042117091,0.049839685,0.039079149,0.002188497,0.040280684,0.1800303,0.039937131,-0.006652964,0.039423428,0.151384673
0.042127137,0.022554314,0.039111582,0.216296971,0.040254474,-0.092063454,0.039926916,-0.140001493,0.039375831,-0.091018428
0.042134172,-0.045356145,0.039107524,0.093464634,0.040321301,0.16733671,0.039955629,-0.048747562,0.039395687,-0.068099744
0.042138407,-0.055490288,0.039089661,0.009763225,0.040288714,0.067360534,0.040020509,0.157840623,0.039452801,0.029795489
0.042140276,-0.066567096,0.039117264,0.248594506,0.040242331,-0.073413027,0.040028519,0.149007448,0.039399623,-0.147204532
0.042091454,-0.098071215,0.039073124,-0.024178122,0.040299925,0.089132424,0.040000376,0.075830952,0.039442457,0.128315181
0.042114407,0.026285919,0.039057574,0.030179009,0.040309666,-0.049297512,0.039934871,-0.075141817,0.039487397,0.098675369
0.042092023,-0.096786722,0.039059673,0.048158803,0.040332074,0.049612068,0.040004265,0.120145045,0.039464415,-0.046970901
0.042090557,0.073997742,0.039037739,0.119538431,0.040311486,-0.064742273,0.040041855,-0.098406483,0.039452796,0.03668833
0.04212083,0.117466903,0.039056989,0.08059584,0.04027499,-0.072649493,0.039971908,-0.058638373,0.039431906,-0.167390714
0.042115265,0.082985328,0.039043164,-0.150507144,0.040269894,-0.113869457,0.040005005,0.157179843,0.039457127,0.031299526
0.042131154,0.069018605,0.039048279,-0.061911548,0.040271488,-0.039930754,0.04000373,-0.067237697,0.039400576,-0.078055377
0.042101603,-0.011459377,0.039026179,-0.077408393,0.040255066,-0.0186179,0.039962989,-0.188725147,0.039359925,0.215624925
0.042117398,0.016625078,0.039008648,-0.052289663,0.040251036,-0.041867395,0.039945836,-0.182303329,0.039340211,-0.110926171
0.04211572,0.031479999,0.039036865,-0.003018145,0.040280386,0.15353545,0.040027375,0.229748669,0.039400544,0.171747357
0.042117846,0.07493986,0.039030097,-0.083353933,0.040191649,-0.134899419,0.039990643,-0.093842152,0.039400886,-0.049111723
0.042126581,-0.019535082,0.039072196,0.073114527,0.040249639,0.18453472,0.040005891,0.075906296,0.039425956,0.043604673
0.042125954,0.003047841,0.039022352,-0.130581798,0.040275978,0.017318925,0.040038311,0.159742644,0.039451364,0.134807612
0.042095423,-0.132009921,0.039063947,6.29E-05,0.040272882,-0.14470464,0.039939668,-0.110176352,0.03943561,0.016765852
0.042117014,0.170680887,0.039059179,-0.059041583,0.040252294,0.060673292,0.039899487,-0.099237455,0.039427999,0.080171015
0.042092254,-0.0012625,0.039056461,-0.105241335,0.040232104,-0.097512999,0.039963861,0.070941409,0.0393844,-0.157032346
0.042114107,0.011746712,0.039076541,0.089926555,0.040339202,0.17516162,0.039910152,-0.120997303,0.039316348,-0.077625721
0.042070357,0.1737674,0.039045575,0.049668882,0.040275245,-0.034364331,0.039882779,-0.026320401,0.039327182,-0.096471606
0.042060336,0.0498315,0.039021053,-0.109332637,0.040211287,-0.010767458,0.039925162,0.037713175,0.039419234,0.189045164
0.042042965,-0.080635584,0.039077316,0.111103469,0.040255989,-0.016980943,0.039906663,-0.003037955,0.039374596,-0.156681152
0.042060404,0.025792401,0.039018195,0.020984917,0.040244536,-0.070368222,0.039910221,0.048706451,0.039385246,0.085090785
0.042048869,0.056522863,0.039066204,0.103332064,0.040265507,0.065917362,0.039922689,0.149370264,0.039403053,0.152021659
0.042055634,0.031290954,0.039058704,0.228322716,0.040261502,0.029793959,0.039907782,-0.10326691,0.039393353,0.066273397
0.042026085,-0.032362308,0.039030038,0.095918606,0.040280075,0.066974369,0.039938684,0.11767599,0.039344466,-0.205122014
0.042045985,-0.012092219,0.039008178,0.132733396,0.040244778,0.028754648,0.039856476,-0.201974862,0.039399872,0.163740138
0.042050617,0.011300678,0.038957688,-0.029293558,0.04022505,-0.119996638,0.039874592,0.056683749,0.039471742,0.105624771
0.042090405,0.127809376,0.038965586,-0.003581907,0.040270678,0.018181583,0.039954632,0.067663806,0.039407377,0.085178412
0.042075155,0.110763545,0.03898264,-0.073835138,0.040251573,-0.021247509,0.03996312,-0.015551915,0.039327847,-0.076173597
0.042055305,0.010146276,0.039032013,0.136696619,0.040203101,-0.209112324,0.039861435,-0.085021621,0.039351226,0.067527136
0.042073274,0.040420222,0.038986857,-0.025338579,0.040290487,0.151348215,0.039833205,-0.122340245,0.039387362,-0.032856242
0.04205108,0.045015016,0.039056558,0.029792751,0.040243581,0.067861701,0.039847651,-0.093680219,0.039424128,0.011527802
0.042043213,-0.045806421,0.039002636,0.068249198,0.040250974,0.021282273,0.039854388,-0.144902358,0.039353418,-0.108125204
0.042035439,0.019740966,0.038988901,-0.116799608,0.040210503,-0.031307456,0.039933254,0.163798753,0.039293993,-0.096776387
0.042023569,-0.106340762,0.039016018,-0.015695629,0.040224075,0.0856876,0.039916362,0.16570048,0.039317028,-0.175197445
0.042051135,0.021089986,0.039002653,-0.044120623,0.040248763,0.037919171,0.039862125,-0.075777374,0.039464698,0.247041166
0.042039842,0.019436106,0.038968263,-0.143712741,0.04024767,-0.064631346,0.039913607,0.00768534,0.039448712,-0.031519443
0.042044854,0.025771474,0.039037524,-0.021500373,0.040207608,0.058843556,0.039944195,0.065177465,0.039347106,-0.077553624
