7.80E-05,-83.35799769,7.60E-05,-86.0435241,6.60E-05,-79.49611494,3.80E-05,-78.9465097
0.000178,-81.86516899,0.000176,-82.9726996,0.000166,-77.10307448,0.000138,-69.28992707
0.000278,-73.50842443,0.000276,-83.65146414,0.000266,-77.8395329,0.000238,-53.76228311
0.000378,-66.69159962,0.000376,-82.30363986,0.000366,-76.63446284,0.000338,-44.87871713
0.000478,-60.86453649,0.000476,-80.70235743,0.000466,-75.65890539,0.000438,-37.30287507
0.000578,-57.14869515,0.000576,-78.06920853,0.000566,-74.24231206,0.000538,-28.61083048
0.000678,-54.00684323,0.000676,-75.66383289,0.000666,-72.60460931,0.000638,-22.56914241
0.000778,-50.78961935,0.000776,-72.45808563,0.000766,-71.07205911,0.000738,-18.98493768
0.000878,-47.09264008,0.000876,-69.5508683,0.000866,-69.6802779,0.000838,-16.21370739
0.000978,-42.97164802,0.000976,-66.7855948,0.000966,-68.31842295,0.000938,-13.73964007
0.001078,-38.55397185,0.001076,-64.29914172,0.001066,-66.67773275,0.001038,-11.68693343
0.001178,-34.77030662,0.001176,-62.13581893,0.001166,-65.15992742,0.001138,-9.858997071
0.001278,-31.64618806,0.001276,-60.00323313,0.001266,-63.45791115,0.001238,-8.133782566
0.001378,-29.09101893,0.001376,-57.67843346,0.001366,-61.76805318,0.001338,-6.683008137
0.001478,-26.63417033,0.001476,-55.53312309,0.001466,-60.18572263,0.001438,-5.610238461
0.001578,-24.13794098,0.001576,-53.49322374,0.001566,-58.87150982,0.001538,-4.657152644
0.001678,-21.44289566,0.001676,-51.7326156,0.001666,-57.54380152,0.001638,-3.895594483
0.001778,-18.92881468,0.001776,-49.97906179,0.001766,-56.18296623,0.001738,-3.050989301
0.001878,-16.58596625,0.001876,-48.1333254,0.001866,-54.87004834,0.001838,-2.347297792
0.001978,-14.04803709,0.001976,-46.21484801,0.001966,-53.637615,0.001938,-1.682037114
0.002078,-11.26944554,0.002076,-44.39983444,0.002066,-52.44895229,0.002038,-1.138183009
0.002178,-8.855122939,0.002176,-42.76073884,0.002166,-51.35204102,0.002138,-0.722765074
0.002278,-6.920092278,0.002276,-41.13437691,0.002266,-50.23629254,0.002238,-0.399494531
0.002378,-5.203869679,0.002376,-39.50633341,0.002366,-49.24285644,0.002338,-0.044927171
0.002478,-3.732270646,0.002476,-37.89208662,0.002466,-48.25029572,0.002438,0.188591037
0.002578,-2.452818588,0.002576,-36.35841615,0.002566,-47.17858759,0.002538,0.374648651
0.002678,-1.382913407,0.002676,-34.836931,0.002666,-46.20197281,0.002638,0.499127623
0.002778,-0.457618084,0.002776,-33.18154917,0.002766,-45.26541407,0.002738,0.544565219
0.002878,0.266704761,0.002876,-31.64923909,0.002866,-44.3372396,0.002838,0.593312508
0.002978,0.73281028,0.002976,-30.34309341,0.002966,-43.28426912,0.002938,0.567762924
0.003078,1.102295182,0.003076,-29.14807819,0.003066,-42.38255147,0.003038,0.474185369
0.003178,1.525225761,0.003176,-28.03217918,0.003166,-41.48897001,0.003138,0.480484438
0.003278,1.677290344,0.003276,-27.07457009,0.003266,-40.51335834,0.003238,0.494825741
0.003378,1.777155134,0.003376,-26.18235187,0.003366,-39.62075034,0.003338,0.39814868
0.003478,1.852742211,0.003476,-25.18442164,0.003466,-38.67665015,0.003438,0.366986824
0.003578,1.947208553,0.003576,-24.19538347,0.003566,-37.79769881,0.003538,0.352407065
0.003678,1.864967748,0.003676,-23.13151501,0.003666,-37.00642583,0.003638,0.309404463
0.003778,1.744665857,0.003776,-21.94533508,0.003766,-36.14127084,0.003738,0.357064487
0.003878,1.670992463,0.003876,-20.7435529,0.003866,-35.31186212,0.003838,0.338416847
0.003978,1.651783795,0.003976,-19.53596697,0.003966,-34.44558034,0.003938,0.325684813
0.004078,1.494275772,0.004076,-18.23765681,0.004066,-33.71333135,0.004038,0.349569663
0.004178,1.329348372,0.004176,-17.02551191,0.004166,-32.91366673,0.004138,0.214570996
0.004278,1.16653776,0.004276,-15.61863953,0.004266,-32.148427,0.004238,0.23519628
0.004378,1.021872919,0.004376,-14.27968562,0.004366,-31.3902539,0.004338,0.162413637
0.004478,0.842159367,0.004476,-12.95660212,0.004466,-30.64936621,0.004438,0.104333436
0.004578,0.71220388,0.004576,-11.65693477,0.004566,-29.92884824,0.004538,0.049251155
0.004678,0.429858748,0.004676,-10.36948448,0.004666,-29.19775713,0.004638,0.064306314
0.004778,0.313947233,0.004776,-9.092007902,0.004766,-28.50376437,0.004738,0.082490213
0.004878,0.201063465,0.004876,-7.92726809,0.004866,-27.84369665,0.004838,0.019753237
0.004978,0.126805119,0.004976,-6.717376218,0.004966,-27.19357876,0.004938,-0.028390225
0.005078,0.006205986,0.005076,-5.685668345,0.005066,-26.71400692,0.005038,0.192419516
0.005178,0.086771092,0.005176,-4.633797142,0.005166,-26.06864077,0.005138,0.103458536
0.005278,-0.078705937,0.005276,-3.70908056,0.005266,-25.48147365,0.005238,0.060385825
0.005378,-0.074393362,0.005376,-2.822101748,0.005366,-24.91444705,0.005338,0.132175814
0.005478,0.048094984,0.005476,-1.919938845,0.005466,-24.27712412,0.005438,0.103016593
0.005578,0.06626339,0.005576,-0.975672118,0.005566,-23.69651395,0.005538,0.166805445
0.005678,0.202591296,0.005676,-0.122321093,0.005666,-23.00742842,0.005638,0.127100778
0.005778,0.156199395,0.005776,0.658892087,0.005766,-22.4487712,0.005738,0.136277321
0.005878,0.22600859,0.005876,1.348032557,0.005866,-21.80224878,0.005838,0.210132014
0.005978,0.415977464,0.005976,1.833039033,0.005966,-21.21544915,0.005938,0.107974274
0.006078,0.383305724,0.006076,2.13700542,0.006066,-20.65194626,0.006038,0.133835721
0.006178,0.401873199,0.006176,2.411532056,0.006166,-19.97435132,0.006138,0.056728577
0.006278,0.575969074,0.006276,2.592863508,0.006266,-19.40804987,0.006238,0.041108264
0.006378,0.667159861,0.006376,2.53731809,0.006366,-18.77839121,0.006338,0.045398051
0.006478,0.66845864,0.006476,2.293970675,0.006466,-18.14977103,0.006438,0.024425692
0.006578,0.679142559,0.006576,2.082145169,0.006566,-17.61180682,0.006538,0.015287396
0.006678,0.752600306,0.006676,1.760435667,0.006666,-17.00063476,0.006638,0.012027547
0.006778,0.791558608,0.006776,1.471690351,0.006766,-16.48142621,0.006738,0.101871417
0.006878,0.752800451,0.006876,1.144332476,0.006866,-15.81398761,0.006838,0.07771074
0.006978,0.663902327,0.006976,0.789019106,0.006966,-15.27208671,0.006938,0.140505083
0.007078,0.791604892,0.007076,0.578860188,0.007066,-14.73833354,0.007038,0.078974072
0.007178,0.727506523,0.007176,0.351108365,0.007166,-14.14463027,0.007138,0.035835042
0.007278,0.814055697,0.007276,0.021610874,0.007266,-13.52779265,0.007238,0.186167899
0.007378,0.774584253,0.007376,-0.062759546,0.007366,-12.96590976,0.007338,0.178009781
0.007478,0.827476906,0.007476,-0.415344017,0.007466,-12.34041202,0.007438,0.082385574
0.007578,0.834319376,0.007576,-0.41890535,0.007566,-11.80447871,0.007538,0.103189085
0.007678,0.842453894,0.007676,-0.511539911,0.007666,-11.23861188,0.007638,0.123854344
0.007778,0.788710626,0.007776,-0.558575546,0.007766,-10.57513929,0.007738,0.221477584
0.007878,0.679786551,0.007876,-0.600363205,0.007866,-10.06791112,0.007838,0.337257037
0.007978,0.7150927,0.007976,-0.580743005,0.007966,-9.470753174,0.007938,0.141777858
0.008078,0.727172131,0.008076,-0.554108462,0.008066,-8.841898194,0.008038,0.240219475
0.008178,0.686995726,0.008176,-0.367591142,0.008166,-8.289170542,0.008138,0.211715744
0.008278,0.642557966,0.008276,-0.35164093,0.008266,-7.696918048,0.008238,0.279529835
0.008378,0.705245547,0.008376,-0.247779346,0.008366,-7.13143507,0.008338,0.34437276
0.008478,0.701792422,0.008476,-0.258139495,0.008466,-6.470228008,0.008438,0.240521385
0.008578,0.708292881,0.008576,-0.068844789,0.008566,-5.851361353,0.008538,0.242663403
0.008678,0.799416861,0.008676,-0.045256269,0.008666,-5.112073824,0.008638,0.179687149
0.008778,0.807756239,0.008776,0.129529643,0.008766,-4.395141814,0.008738,0.265959471
0.008878,0.768438465,0.008876,0.117877541,0.008866,-3.43252655,0.008838,0.209552893
0.008978,0.771686062,0.008976,0.146668566,0.008966,-2.627352532,0.008938,0.178544037
0.009078,0.866475487,0.009076,0.184242609,0.009066,-1.533477423,0.009038,0.165928033
0.009178,0.960846668,0.009176,0.161298775,0.009166,-0.444133884,0.009138,0.231525704
0.009278,0.900446238,0.009276,0.13488415,0.009266,0.317868812,0.009238,0.218221842
0.009378,0.838598222,0.009376,0.204175463,0.009366,0.875156332,0.009338,0.226476506
0.009478,1.050496552,0.009476,0.247118952,0.009466,1.214844895,0.009438,0.351949002
0.009578,0.932796259,0.009576,0.288140025,0.009566,1.370822936,0.009538,0.244558007
0.009678,1.132217508,0.009676,0.12215672,0.009666,1.321183382,0.009638,0.248798745
0.009778,1.1038739,0.009776,0.084194368,0.009766,1.217678393,0.009738,0.084019381
0.009878,1.037080622,0.009876,0.160833904,0.009866,1.08306516,0.009838,0.171793894
0.009978,0.996746696,0.009976,0.013557573,0.009966,1.040480519,0.009938,0.184477017
0.010078,1.082928965,0.010076,0.117403419,0.010066,0.91333606,0.010038,0.114886508
0.010178,1.11405775,0.010176,-0.026354386,0.010166,0.712828524,0.010138,0.185126776
0.010278,1.10579089,0.010276,0.067909685,0.010266,0.482221033,0.010238,0.065585198
0.010378,1.084793527,0.010376,-0.064727202,0.010366,0.35198957,0.010338,0.109528548
0.010478,1.255736219,0.010476,-0.020233602,0.010466,0.03440492,0.010438,0.095227489
0.010578,1.124567363,0.010576,-0.032745723,0.010566,-0.143019247,0.010538,0.224463449
0.010678,1.233401046,0.010676,0.045324652,0.010666,-0.185656116,0.010638,0.273798066
0.010778,1.158259092,0.010776,0.018674431,0.010766,-0.079311114,0.010738,0.340592911
0.010878,1.29091121,0.010876,0.06229118,0.010866,-0.112518772,0.010838,0.278075059
0.010978,1.157130653,0.010976,-0.089506535,0.010966,-0.09082763,0.010938,0.219371801
0.011078,1.137666186,0.011076,-0.043838533,0.011066,-0.139767838,0.011038,0.182634472
0.011178,1.094109183,0.011176,-0.018501995,0.011166,-0.142610354,0.011138,0.235066238
0.011278,1.313102995,0.011276,-0.114406944,0.011266,0.097980268,0.011238,0.175800968
0.011378,1.201241921,0.011376,-0.028925306,0.011366,0.138431189,0.011338,0.160021143
0.011478,1.134885324,0.011476,-0.107877199,0.011466,0.153310337,0.011438,0.17410602
0.011578,1.119752475,0.011576,-0.056337564,0.011566,0.165673967,0.011538,0.06081688
0.011678,1.106619045,0.011676,0.028856753,0.011666,0.065160025,0.011638,0.049314302
0.011778,1.271043585,0.011776,0.13038243,0.011766,0.089203459,0.011738,-0.082335726
0.011878,1.329436507,0.011876,-0.022982146,0.011866,0.006195731,0.011838,-0.122966575
0.011978,1.269276484,0.011976,0.080500109,0.011966,0.115974269,0.011938,-0.032109535
0.012078,1.394284265,0.012076,0.006297056,0.012066,0.164328693,0.012038,0.009696326
0.012178,1.440724202,0.012176,0.032745744,0.012166,0.211988962,0.012138,-0.041699111
0.012278,1.40388878,0.012276,0.058521484,0.012266,0.215787623,0.012238,0.093358717
0.012378,1.324041286,0.012376,0.112404889,0.012366,0.371854307,0.012338,0.032549143
0.012478,1.391280007,0.012476,0.133740136,0.012466,0.342894339,0.012438,0.07213032
0.012578,1.442194614,0.012576,0.189226096,0.012566,0.238049841,0.012538,0.077030363
0.012678,1.233602913,0.012676,0.18913646,0.012666,0.236623253,0.012638,0.259747609
0.012778,1.443659396,0.012776,0.174910083,0.012766,0.191982705,0.012738,0.179793054
0.012878,1.310001657,0.012876,0.156227027,0.012866,0.18825055,0.012838,0.20271809
0.012978,1.322133144,0.012976,0.214021813,0.012966,0.050137797,0.012938,0.036308901
0.013078,1.360829765,0.013076,0.29644023,0.013066,0.066442145,0.013038,0.065151923
0.013178,1.460793859,0.013176,0.358096849,0.013166,-0.066016545,0.013138,0.11886313
0.013278,1.509665039,0.013276,0.306866821,0.013266,-0.049603891,0.013238,0.050611778
0.013378,1.267354704,0.013376,0.434692431,0.013366,-0.05066377,0.013338,0.014123265
0.013478,1.511893756,0.013476,0.517970858,0.013466,-0.119395163,0.013438,-0.063371664
0.013578,1.518265083,0.013576,0.454806045,0.013566,-0.013304373,0.013538,-0.123963489
0.013678,1.554064302,0.013676,0.498992427,0.013666,-0.062909848,0.013638,-0.199258862
0.013778,1.420094542,0.013776,0.487837917,0.013766,0.035502861,0.013738,-0.194294147
0.013878,1.57317854,0.013876,0.483238045,0.013866,0.05115277,0.013838,-0.134355356
0.013978,1.441113239,0.013976,0.500533027,0.013966,0.223924356,0.013938,-0.074541446
0.014078,1.495871048,0.014076,0.336757098,0.014066,0.332137861,0.014038,-0.078784628
0.014178,1.495663295,0.014176,0.327223787,0.014166,0.352197393,0.014138,0.015191464
0.014278,1.632162118,0.014276,0.336032462,0.014266,0.36751643,0.014238,0.115043524
0.014378,1.57882403,0.014376,0.221769624,0.014366,0.389491226,0.014338,0.047124986
0.014478,1.593718646,0.014476,0.169090248,0.014466,0.329828397,0.014438,0.018718107
0.014578,1.63834853,0.014576,0.152722822,0.014566,0.314561248,0.014538,0.083021746
0.014678,1.663116588,0.014676,0.280377513,0.014666,0.332907003,0.014638,0.060586561
0.014778,1.539875145,0.014776,0.248961261,0.014766,0.292321427,0.014738,0.183997694
0.014878,1.564915821,0.014876,-0.115286,0.014866,0.344703964,0.014838,0.036241385
0.014978,1.736220364,0.014976,-0.063335245,0.014966,0.339939946,0.014938,0.049842222
0.015078,1.85594155,0.015076,-0.107498361,0.015066,0.448648336,0.015038,0.054742401
0.015178,1.82567479,0.015176,-0.178251369,0.015166,0.463178026,0.015138,-0.046277932
0.015278,1.713907209,0.015276,-0.120124538,0.015266,0.476773189,0.015238,-0.066261864
0.015378,1.825567859,0.015376,-0.128495289,0.015366,0.312160307,0.015338,-0.01711365
0.015478,1.764279697,0.015476,-0.128853469,0.015466,0.274472684,0.015438,0.063438542
0.015578,1.68716109,0.015576,-0.140005085,0.015566,0.218773837,0.015538,-0.073415583
0.015678,1.652628303,0.015676,-0.146912508,0.015666,0.139470199,0.015638,-0.17914478
0.015778,1.674968146,0.015776,-0.15415341,0.015766,0.095014758,0.015738,-0.056801439
0.015878,1.701156844,0.015876,-0.282986649,0.015866,-0.011391442,0.015838,-0.130609168
0.015978,1.749702258,0.015976,-0.154314176,0.015966,-0.043058472,0.015938,0.108332072
0.016078,1.667014942,0.016076,-0.042302467,0.016066,-0.185128002,0.016038,-0.061706525
0.016178,1.67381766,0.016176,0.002669831,0.016166,-0.191955175,0.016138,-0.041140416
0.016278,1.699807605,0.016276,-0.175338432,0.016266,-0.23554988,0.016238,0.030052266
0.016378,1.638543271,0.016376,-0.365790659,0.016366,-0.287596987,0.016338,0.035134023
0.016478,1.582806677,0.016476,-0.219808414,0.016466,-0.075762316,0.016438,0.010318425
0.016578,1.484668741,0.016576,-0.22307608,0.016566,0.02841197,0.016538,0.040618968
0.016678,1.768790115,0.016676,-0.180225317,0.016666,0.089184897,0.016638,0.093213864
0.016778,1.843742441,0.016776,-0.1472206,0.016766,0.107619634,0.016738,0.106082951
0.016878,2.004400144,0.016876,0.00340175,0.016866,0.056384243,0.016838,0.026521893
0.016978,1.93634007,0.016976,-0.009450738,0.016966,0.10964136,0.016938,0.053134526
0.017078,2.016231112,0.017076,0.049873669,0.017066,-0.046184831,0.017038,0.119185247
0.017178,2.116581156,0.017176,0.183017587,0.017166,0.155094821,0.017138,0.083483337
0.017278,2.04050353,0.017276,-0.010001531,0.017266,-0.046861954,0.017238,-0.025548003
0.017378,2.116405219,0.017376,0.019234142,0.017366,-0.045953076,0.017338,0.033670576
0.017478,2.164746778,0.017476,0.094622197,0.017466,0.031849729,0.017438,-0.105220605
0.017578,2.357814568,0.017576,0.145083702,0.017566,-0.070001487,0.017538,-0.032832105
0.017678,2.231506549,0.017676,0.10217013,0.017666,0.039614159,0.017638,-0.10958239
0.017778,2.324303768,0.017776,-0.06924326,0.017766,0.115978868,0.017738,-0.120905932
0.017878,2.385101017,0.017876,-0.099231859,0.017866,0.030442313,0.017838,-0.003693839
0.017978,2.333200922,0.017976,-0.008716368,0.017966,0.121843752,0.017938,0.116123205
0.018078,2.327578261,0.018076,-0.156033787,0.018066,0.057102892,0.018038,-0.046670448
0.018178,2.440740732,0.018176,-0.087793675,0.018166,-0.055622412,0.018138,0.037228275
0.018278,2.345202985,0.018276,0.032357719,0.018266,-0.03233446,0.018238,0.013597085
0.018378,2.231068385,0.018376,-0.107633453,0.018366,-0.190100135,0.018338,0.027208807
0.018478,2.203280037,0.018476,0.090109222,0.018466,-0.178002562,0.018438,-0.016278786
0.018578,2.288750928,0.018576,-0.152271211,0.018566,-0.236064242,0.018538,-0.068427976
0.018678,2.289553548,0.018676,0.097328766,0.018666,-0.162850749,0.018638,0.075840925
0.018778,2.414330991,0.018776,0.079218819,0.018766,-0.151409207,0.018738,0.040186211
0.018878,2.437329798,0.018876,0.083220141,0.018866,-0.027249589,0.018838,-0.007291521
0.018978,2.290079232,0.018976,-0.087906403,0.018966,-0.013244415,0.018938,0.023244819
0.019078,2.500631385,0.019076,-0.106044818,0.019066,0.113642967,0.019038,-0.006594371
0.019178,2.519643814,0.019176,0.054147003,0.019166,0.069184083,0.019138,0.099986493
0.019278,2.576394642,0.019276,-0.044014573,0.019266,0.15094645,0.019238,-0.034655777
0.019378,2.570658884,0.019376,0.002587765,0.019366,0.282982253,0.019338,0.054436219
0.019478,2.673845356,0.019476,-0.110587321,0.019466,0.216401654,0.019438,0.00876665
0.019578,2.730047544,0.019576,-0.047462033,0.019566,0.206369341,0.019538,0.031869763
0.019678,2.617492135,0.019676,-0.033980106,0.019666,0.083759403,0.019638,0.028179712
0.019778,2.764488036,0.019776,0.015979238,0.019766,0.059608654,0.019738,0.132236556
0.019878,2.740926157,0.019876,0.059161911,0.019866,-0.011870051,0.019838,0.029115622
0.019978,2.769645367,0.019976,0.143022553,0.019966,0.037909941,0.019938,0.04040986
0.020078,3.016128692,0.020076,0.007372285,0.020066,0.013093748,0.020038,0.003583846
0.020178,2.852000121,0.020176,0.059983561,0.020166,-0.060248673,0.020138,-0.056557703
0.020278,3.017928406,0.020276,-0.010093681,0.020266,0.062822342,0.020238,-0.061570522
0.020378,2.944333004,0.020376,0.063156768,0.020366,-0.013720526,0.020338,-0.097808773
0.020478,3.17533967,0.020476,-0.018381902,0.020466,0.074976556,0.020438,-0.155091595
0.020578,3.022476153,0.020576,-0.0355324,0.020566,-0.015935684,0.020538,-0.057956793
0.020678,3.173720894,0.020676,0.04443607,0.020666,-0.045714115,0.020638,-0.001448057
0.020778,3.231305273,0.020776,-0.171084755,0.020766,-0.08889499,0.020738,-0.001157107
0.020878,3.201094641,0.020876,-0.057200004,0.020866,-0.022261778,0.020838,0.016865294
0.020978,3.166260275,0.020976,-0.069345646,0.020966,-0.091859499,0.020938,-0.097571472
0.021078,3.151553792,0.021076,-0.064014811,0.021066,-0.16515493,0.021038,-0.007357522
0.021178,3.321097948,0.021176,-0.032590258,0.021166,-0.097549987,0.021138,0.025430794
0.021278,3.139340058,0.021276,-0.029263237,0.021266,-0.024531319,0.021238,-0.040553987
0.021378,3.284518709,0.021376,-0.066032031,0.021366,-0.0402939,0.021338,-0.075058356
0.021478,3.186887282,0.021476,-0.020337826,0.021466,0.103012864,0.021438,-0.02316586
0.021578,3.334599609,0.021576,0.04029163,0.021566,-0.024830557,0.021538,0.009847968
0.021678,3.244899178,0.021676,-0.064317217,0.021666,0.075073519,0.021638,0.041125208
0.021778,3.263202621,0.021776,0.061683827,0.021766,0.080618973,0.021738,-0.020443471
0.021878,3.225462923,0.021876,0.08396453,0.021866,0.113045206,0.021838,0.036585281
0.021978,3.158297167,0.021976,-0.031016198,0.021966,0.07789669,0.021938,0.009605576
0.022078,3.262663881,0.022076,0.095916916,0.022066,0.114454699,0.022038,-0.018487235
0.022178,3.304486088,0.022176,0.065876944,0.022166,0.153435724,0.022138,0.009866453
0.022278,3.297421152,0.022276,0.026136921,0.022266,0.097882813,0.022238,0.123414459
0.022378,3.385623507,0.022376,0.00819046,0.022366,0.194126417,0.022338,-0.010421436
0.022478,3.34180981,0.022476,-0.10493241,0.022466,0.077897311,0.022438,-0.020890216
0.022578,3.339307498,0.022576,0.043086345,0.022566,-0.037463572,0.022538,-0.042901078
0.022678,3.195009745,0.022676,0.045292572,0.022666,-0.034220878,0.022638,-0.043914396
0.022778,3.265354251,0.022776,0.011169956,0.022766,0.007302362,0.022738,0.113823953
0.022878,3.034547539,0.022876,-0.018114995,0.022866,-0.026495593,0.022838,0.251301499
0.022978,3.218946907,0.022976,-0.039808544,0.022966,-0.034000135,0.022938,0.057057908
0.023078,3.152602336,0.023076,0.079096232,0.023066,-0.0900103,0.023038,0.00244737
0.023178,3.219685511,0.023176,0.032667942,0.023166,0.065572459,0.023138,-0.03284569
0.023278,3.187789648,0.023276,-0.141802149,0.023266,-0.063483438,0.023238,0.033688764
0.023378,3.235684643,0.023376,-0.154101517,0.023366,-0.045354704,0.023338,0.057068402
0.023478,3.26841658,0.023476,-0.069300834,0.023466,-0.035960117,0.023438,0.004068455
0.023578,3.281728079,0.023576,0.012850528,0.023566,-0.052711111,0.023538,0.034816329
0.023678,3.20666937,0.023676,0.07932688,0.023666,-0.15919537,0.023638,-0.006428559
0.023778,3.258928719,0.023776,0.007989999,0.023766,-0.055254951,0.023738,0.108174383
0.023878,3.151994077,0.023876,0.170960501,0.023866,-0.07403413,0.023838,0.070266552
0.023978,3.104146405,0.023976,-0.006180317,0.023966,-0.034413293,0.023938,-0.122304577
0.024078,3.026654408,0.024076,0.009521819,0.024066,0.016017134,0.024038,-0.149925312
0.024178,3.008498292,0.024176,-0.051161468,0.024166,-0.019209174,0.024138,-0.048447478
0.024278,3.166455207,0.024276,-0.002789275,0.024266,0.020318063,0.024238,0.094870062
0.024378,2.903123988,0.024376,0.157032185,0.024366,0.032709763,0.024338,0.071595523
0.024478,3.115693159,0.024476,0.15710649,0.024466,-0.129264145,0.024438,-0.085292437
0.024578,3.113184985,0.024576,0.085784902,0.024566,0.074365795,0.024538,-0.173451194
0.024678,2.967041936,0.024676,0.017560442,0.024666,0.054565675,0.024638,-0.054171105
0.024778,2.783460123,0.024776,0.120560446,0.024766,0.007275941,0.024738,0.013557383
0.024878,2.824965826,0.024876,0.149141738,0.024866,0.088569941,0.024838,0.195654585
0.024978,2.728538876,0.024976,0.261935904,0.024966,0.164791544,0.024938,0.008694517
0.025078,2.846322398,0.025076,0.171393383,0.025066,0.131150631,0.025038,0.02275794
0.025178,2.697100909,0.025176,0.278417685,0.025166,0.042968336,0.025138,-0.076279104
0.025278,2.602064971,0.025276,0.173241216,0.025266,-0.013972483,0.025238,0.036266053
0.025378,2.762190626,0.025376,0.18911684,0.025366,-0.160811244,0.025338,0.035786904
0.025478,2.900086818,0.025476,0.148055239,0.025466,0.076252024,0.025438,0.092322765
0.025578,2.583812192,0.025576,0.232621427,0.025566,0.066513274,0.025538,0.090188454
0.025678,2.523750012,0.025676,0.23691298,0.025666,0.082659358,0.025638,0.133083851
0.025778,2.621416085,0.025776,0.20203094,0.025766,0.030345062,0.025738,0.050659946
0.025878,2.715842045,0.025876,0.378707467,0.025866,-0.068827742,0.025838,0.069747519
0.025978,2.819189512,0.025976,0.226296226,0.025966,0.007168341,0.025938,0.039981046
0.026078,2.657105316,0.026076,0.246215353,0.026066,-0.042999574,0.026038,-0.012361222
0.026178,2.603149268,0.026176,0.23874124,0.026166,-0.065990457,0.026138,-0.052646418
0.026278,2.673874465,0.026276,0.365802239,0.026266,0.100020631,0.026238,0.009222648
0.026378,2.515042567,0.026376,0.313798878,0.026366,-0.115589148,0.026338,-0.106422931
0.026478,2.561378342,0.026476,0.295989375,0.026466,-0.100890437,0.026438,0.046778536
0.026578,2.666594388,0.026576,0.326585961,0.026566,-0.175127622,0.026538,-0.013607322
0.026678,2.776791858,0.026676,0.218314479,0.026666,-0.163199706,0.026638,-0.082703684
0.026778,2.550544009,0.026776,0.291946444,0.026766,-0.022887718,0.026738,-0.013802052
0.026878,2.868540418,0.026876,0.243828848,0.026866,-0.017909253,0.026838,-0.092508762
0.026978,2.720210545,0.026976,0.278132503,0.026966,0.057276179,0.026938,-0.007065828
0.027078,2.695296632,0.027076,0.328115844,0.027066,0.005924554,0.027038,0.009680231
0.027178,2.747961102,0.027176,0.297883426,0.027166,0.127623355,0.027138,0.006526417
0.027278,2.689466167,0.027276,0.295493733,0.027266,0.132682433,0.027238,-0.026962727
0.027378,2.616477693,0.027376,0.346321474,0.027366,0.01579191,0.027338,-0.037382533
0.027478,2.721930216,0.027476,0.281605736,0.027466,-0.021982509,0.027438,-0.076435463
0.027578,2.795390485,0.027576,0.33065399,0.027566,0.031331329,0.027538,0.063044349
0.027678,2.694620435,0.027676,0.3432586,0.027666,0.074512577,0.027638,0.044990003
0.027778,3.003567604,0.027776,0.235351989,0.027766,0.173389729,0.027738,0.029266349
0.027878,2.723843777,0.027876,0.23296927,0.027866,0.089156012,0.027838,0.047328041
0.027978,2.92990519,0.027976,0.383703678,0.027966,0.017298015,0.027938,-0.064993337
0.028078,2.860746557,0.028076,0.432605096,0.028066,0.041795316,0.028038,-0.14768479
0.028178,2.851356509,0.028176,0.456748958,0.028166,0.031497866,0.028138,0.029848277
0.028278,2.930380696,0.028276,0.360974403,0.028266,-0.067640979,0.028238,0.041454624
0.028378,3.146191419,0.028376,0.230931464,0.028366,0.032953391,0.028338,0.003989132
0.028478,3.20665944,0.028476,0.256970914,0.028466,0.028104016,0.028438,0.11186971
0.028578,3.239505098,0.028576,0.291256554,0.028566,0.03354201,0.028538,0.086561909
0.028678,3.337663535,0.028676,0.301472635,0.028666,-0.063897223,0.028638,-0.030568905
0.028778,3.287151291,0.028776,0.188620532,0.028766,0.030294423,0.028738,0.043460014
0.028878,3.346424434,0.028876,0.170236181,0.028866,-0.035400761,0.028838,-0.008505877
0.028978,3.446275898,0.028976,0.36081868,0.028966,0.017837074,0.028938,0.098495532
0.029078,3.321565787,0.029076,0.218296138,0.029066,0.124758169,0.029038,0.088554466
0.029178,3.337176469,0.029176,0.257386203,0.029166,-0.091933569,0.029138,0.036898884
0.029278,3.4734923,0.029276,0.30266204,0.029266,0.033884083,0.029238,-0.014755549
0.029378,3.358625308,0.029376,0.290639444,0.029366,-0.086516256,0.029338,0.165073936
0.029478,3.515306808,0.029476,0.285687387,0.029466,-0.077829165,0.029438,-0.084265672
0.029578,3.532410347,0.029576,0.405453207,0.029566,-0.128641411,0.029538,0.018166569
0.029678,3.781413308,0.029676,0.325469459,0.029666,0.003170741,0.029638,-0.061500456
0.029778,3.475816971,0.029776,0.200754871,0.029766,-0.0397779,0.029738,-0.078573528
0.029878,3.751715189,0.029876,0.168412796,0.029866,-0.005915459,0.029838,-0.084711184
0.029978,3.551076113,0.029976,0.202190398,0.029966,-0.005858231,0.029938,-0.072480559
0.030078,3.896253424,0.030076,0.074118602,0.030066,-0.070010474,0.030038,-0.067063638
0.030178,3.895167824,0.030176,0.216620451,0.030166,-0.067787111,0.030138,-0.023333819
0.030278,4.21239109,0.030276,0.235898785,0.030266,-0.041279867,0.030238,0.003489499
0.030378,4.101792724,0.030376,0.174187986,0.030366,0.052788983,0.030338,-0.020624611
0.030478,4.097447449,0.030476,0.027159571,0.030466,0.194866541,0.030438,-0.02990777
0.030578,4.313237459,0.030576,0.102464101,0.030566,0.173272944,0.030538,-0.044991462
0.030678,4.431558808,0.030676,-0.021154507,0.030666,0.099874185,0.030638,0.07784905
0.030778,4.391641035,0.030776,-0.122804787,0.030766,-0.051871162,0.030738,-0.061709699
0.030878,4.462824319,0.030876,-0.131028357,0.030866,0.095248845,0.030838,0.170054485
0.030978,4.33587069,0.030976,-0.104271942,0.030966,0.116746649,0.030938,0.158812532
0.031078,4.382879523,0.031076,-0.011963999,0.031066,0.079832205,0.031038,0.224345789
0.031178,4.63516841,0.031176,-0.109561223,0.031166,0.098488592,0.031138,0.059440284
0.031278,4.642145315,0.031276,-0.052980263,0.031266,0.129602748,0.031238,0.038725596
0.031378,4.688823758,0.031376,-0.112646748,0.031366,-0.013761989,0.031338,0.070890507
0.031478,4.618776126,0.031476,-0.193374699,0.031466,-0.090158345,0.031438,-0.030219744
0.031578,4.909762807,0.031576,-0.313887798,0.031566,-0.05265108,0.031538,-0.004145622
0.031678,4.59696772,0.031676,-0.24055023,0.031666,-0.166402653,0.031638,0.050785853
0.031778,4.821775134,0.031776,-0.124555329,0.031766,-0.052535661,0.031738,0.065294374
0.031878,4.879634511,0.031876,-0.319726471,0.031866,-0.129726652,0.031838,0.042994737
0.031978,4.931775804,0.031976,-0.245028742,0.031966,-0.058784995,0.031938,-0.127548342
0.032078,4.919186987,0.032076,-0.342378386,0.032066,-0.044237638,0.032038,0.054407048
0.032178,4.967648621,0.032176,-0.158605328,0.032166,-0.101592806,0.032138,-0.080890581
0.032278,4.982852276,0.032276,-0.354802745,0.032266,-0.124934094,0.032238,0.041929241
0.032378,4.992672857,0.032376,-0.106473316,0.032366,-0.117323964,0.032338,-0.044277837
0.032478,5.034844211,0.032476,-0.287918279,0.032466,-0.092966061,0.032438,-0.036821975
0.032578,5.138494399,0.032576,-0.345914662,0.032566,0.014873698,0.032538,-0.085064899
0.032678,5.255480635,0.032676,-0.194373252,0.032666,-0.04204717,0.032638,-0.102477011
0.032778,5.145174972,0.032776,-0.153775168,0.032766,0.019703267,0.032738,-0.024251529
0.032878,5.361158306,0.032876,-0.197028027,0.032866,0.224342601,0.032838,0.019726298
0.032978,5.366509837,0.032976,-0.249372402,0.032966,0.068118896,0.032938,0.003184156
0.033078,5.440465626,0.033076,-0.35177739,0.033066,0.090581867,0.033038,-0.020188387
0.033178,5.344845289,0.033176,-0.445105383,0.033166,0.013869517,0.033138,0.122100407
0.033278,5.618333062,0.033276,-0.389544222,0.033266,0.022988351,0.033238,-0.00330961
0.033378,5.605779644,0.033376,-0.315742605,0.033366,0.112617794,0.033338,-0.005727557
0.033478,5.626976001,0.033476,-0.321654805,0.033466,0.118325812,0.033438,0.107552289
0.033578,5.718172511,0.033576,-0.161836215,0.033566,-0.067071052,0.033538,0.039539851
0.033678,5.827093281,0.033676,-0.533407173,0.033666,0.079891336,0.033638,0.075051181
0.033778,5.646815079,0.033776,-0.429866703,0.033766,0.04001334,0.033738,0.075027125
0.033878,5.930968234,0.033876,-0.293533243,0.033866,-0.027753076,0.033838,0.072652244
0.033978,6.080321817,0.033976,-0.495365764,0.033966,-0.101613189,0.033938,0.103322003
0.034078,6.294058687,0.034076,-0.397032524,0.034066,-0.110519755,0.034038,0.085029994
0.034178,6.260882618,0.034176,-0.341196081,0.034166,-0.01072875,0.034138,-0.029708301
0.034278,6.389444423,0.034276,-0.380100029,0.034266,-0.124046967,0.034238,-0.029563042
0.034378,6.364446333,0.034376,-0.281792787,0.034366,-0.109212502,0.034338,0.056404138
0.034478,6.475582191,0.034476,-0.285737775,0.034466,0.010089611,0.034438,0.0356862
0.034578,6.398432884,0.034576,-0.361619856,0.034566,-0.065593811,0.034538,-0.024904496
0.034678,6.78431528,0.034676,-0.365829191,0.034666,-0.119337214,0.034638,-0.100898853
0.034778,6.730688382,0.034776,-0.398054551,0.034766,0.040859893,0.034738,-0.047924045
0.034878,6.781936794,0.034876,-0.375295768,0.034866,0.075957987,0.034838,-0.170158679
0.034978,6.785349322,0.034976,-0.208403522,0.034966,-0.022372135,0.034938,-0.157144103
0.035078,6.982150604,0.035076,-0.205364773,0.035066,0.172265979,0.035038,-0.106068726
0.035178,7.046796734,0.035176,-0.276320145,0.035166,0.230577902,0.035138,-0.086790374
0.035278,6.916533547,0.035276,-0.073294684,0.035266,0.158198335,0.035238,-0.098311666
0.035378,7.204418565,0.035376,-0.275471948,0.035366,-0.023131027,0.035338,-0.035537802
0.035478,7.085376618,0.035476,-0.323172759,0.035466,-0.021015195,0.035438,0.186786738
0.035578,7.247967909,0.035576,-0.247646466,0.035566,0.120910325,0.035538,0.17924207
0.035678,7.293542372,0.035676,-0.205859422,0.035666,0.018942258,0.035638,0.118267217
0.035778,7.416463403,0.035776,-0.218021221,0.035766,0.1907057,0.035738,0.033025848
0.035878,7.57718812,0.035876,-0.151983037,0.035866,0.229592956,0.035838,0.01528145
0.035978,7.585136065,0.035976,-0.21632936,0.035966,0.190520233,0.035938,-0.033322481
0.036078,7.805822767,0.036076,-0.147245105,0.036066,0.180289062,0.036038,0.089713683
0.036178,7.754860998,0.036176,-0.187302478,0.036166,-0.047042518,0.036138,0.199512698
0.036278,7.846921565,0.036276,-0.011267395,0.036266,0.048635868,0.036238,0.167502794
0.036378,7.745730451,0.036376,0.098419618,0.036366,0.061349924,0.036338,0.054604395
0.036478,7.838738623,0.036476,-0.037136491,0.036466,0.14987268,0.036438,0.010632461
0.036578,8.109845522,0.036576,0.078418349,0.036566,0.001502641,0.036538,0.097503981
0.036678,8.078316402,0.036676,0.072512664,0.036666,0.038065179,0.036638,-0.096555866
0.036778,8.087945356,0.036776,0.207458143,0.036766,-0.031946587,0.036738,-0.083790146
0.036878,8.064650881,0.036876,0.088761053,0.036866,-0.011994453,0.036838,-0.143244717
0.036978,8.351300786,0.036976,0.342585128,0.036966,0.002009482,0.036938,-0.054910091
0.037078,8.270107243,0.037076,0.352694406,0.037066,-0.113527963,0.037038,0.02525467
0.037178,8.27752193,0.037176,0.505718774,0.037166,-0.073248221,0.037138,0.024185356
0.037278,8.373858524,0.037276,0.373616079,0.037266,-0.025543417,0.037238,0.009420622
0.037378,8.142768429,0.037376,0.498633686,0.037366,0.031728703,0.037338,0.004937082
0.037478,8.408717746,0.037476,0.353729656,0.037466,0.006594965,0.037438,0.080634858
0.037578,8.515378672,0.037576,0.30573195,0.037566,0.001854541,0.037538,-0.074710601
0.037678,8.577889131,0.037676,0.572822471,0.037666,-0.012846914,0.037638,-0.132586849
0.037778,8.768146686,0.037776,0.335133169,0.037766,0.19055344,0.037738,0.006103184
0.037878,8.841890255,0.037876,0.260929457,0.037866,0.089441394,0.037838,-0.089523989
0.037978,8.910257651,0.037976,0.456537921,0.037966,0.192852169,0.037938,0.084137465
0.038078,8.764008301,0.038076,0.444676322,0.038066,0.164881227,0.038038,0.035262206
0.038178,8.736348115,0.038176,0.49834012,0.038166,0.041935496,0.038138,0.026896085
0.038278,8.82791895,0.038276,0.561554957,0.038266,0.052898998,0.038238,-0.070832798
0.038378,8.910957818,0.038376,0.648272039,0.038366,0.180840841,0.038338,-0.102738981
0.038478,9.082661359,0.038476,0.448234085,0.038466,0.092146497,0.038438,-0.08289101
0.038578,8.797573542,0.038576,0.821469492,0.038566,0.022054928,0.038538,-0.131080019
0.038678,9.147259408,0.038676,0.591927962,0.038666,-0.026140261,0.038638,0.121317166
0.038778,9.155246304,0.038776,0.636122435,0.038766,0.222714107,0.038738,0.082747309
0.038878,9.048221617,0.038876,0.576214543,0.038866,0.024723309,0.038838,0.088857581
0.038978,9.083933804,0.038976,0.502153396,0.038966,0.036854035,0.038938,0.017287494
0.039078,9.211738651,0.039076,0.734280983,0.039066,0.033835494,0.039038,0.082025828
0.039178,9.160005269,0.039176,0.593878247,0.039166,-0.081072281,0.039138,0.007518188
0.039278,9.077069042,0.039276,0.480446212,0.039266,-0.062377719,0.039238,-0.040089795
0.039378,9.157292424,0.039376,0.598418086,0.039366,0.011841673,0.039338,-0.04381756
0.039478,9.356519725,0.039476,0.705204388,0.039466,0.000283446,0.039438,0.061531212
0.039578,9.591381383,0.039576,0.727456185,0.039566,0.009813278,0.039538,0.180680121
0.039678,9.763830756,0.039676,0.824436554,0.039666,-0.057893455,0.039638,0.108988384
0.039778,9.687114645,0.039776,0.791313413,0.039766,-0.185628565,0.039738,-0.056411268
0.039878,9.652630153,0.039876,0.886209096,0.039866,-0.172023162,0.039838,0.082934497
0.039978,9.611931968,0.039976,0.927659256,0.039966,-0.195548831,0.039938,-0.037401183
0.040078,9.660621255,0.040076,0.925528211,0.040066,-0.147606278,0.040038,-0.087907235
0.040178,9.637526004,0.040176,0.860335746,0.040166,-0.072433162,0.040138,-0.15431196
0.040278,9.895321169,0.040276,0.913589923,0.040266,-0.197753466,0.040238,-0.149230551
0.040378,9.745518824,0.040376,0.861794399,0.040366,-0.062179688,0.040338,0.042284814
0.040478,9.754258512,0.040476,0.948920907,0.040466,-0.07547428,0.040438,0.022823908
0.040578,9.82430076,0.040576,0.982425174,0.040566,-0.103671744,0.040538,-0.000673632
0.040678,9.818869822,0.040676,1.039421974,0.040666,-0.018447681,0.040638,-0.027026212
0.040778,9.757272422,0.040776,1.093305713,0.040766,0.057705412,0.040738,0.139044363
0.040878,9.76008534,0.040876,0.815976856,0.040866,0.088086658,0.040838,-0.040268514
0.040978,9.795232049,0.040976,0.852902782,0.040966,0.006250149,0.040938,-0.098707872
0.041078,9.733809378,0.041076,0.862367982,0.041066,0.078219927,0.041038,0.053518883
0.041178,9.851210082,0.041176,0.958655263,0.041166,-0.034072956,0.041138,-0.012664993
0.041278,9.659879699,0.041276,1.062157763,0.041266,-0.152932424,0.041238,-0.004932886
0.041378,9.919776164,0.041376,0.946631215,0.041366,-0.183322201,0.041338,0.167028883
0.041478,9.707070607,0.041476,0.901874018,0.041466,-0.06081367,0.041438,-0.060451032
0.041578,9.467867635,0.041576,0.94173791,0.041566,-0.090952728,0.041538,0.047200521
0.041678,9.659618255,0.041676,1.118953769,0.041666,-0.199926341,0.041638,-0.068240639
0.041778,9.668101937,0.041776,1.049377424,0.041766,-0.157003151,0.041738,-0.008503449
0.041878,9.574685092,0.041876,1.122151463,0.041866,-0.167721484,0.041838,0.024589196
0.041978,9.407160241,0.041976,1.162020279,0.041966,-0.272883061,0.041938,0.043826733
0.042078,9.607528346,0.042076,1.20887969,0.042066,-0.2004636,0.042038,0.043902804
0.042178,9.475604243,0.042176,1.245226292,0.042166,-0.229761485,0.042138,0.180384798
0.042278,9.477827687,0.042276,1.330850653,0.042266,-0.129717436,0.042238,0.074919944
0.042378,9.695240451,0.042376,1.280171174,0.042366,-0.1672601,0.042338,-0.070869603
0.042478,9.472589241,0.042476,1.242604432,0.042466,-0.031641835,0.042438,0.116922545
0.042578,9.69584585,0.042576,1.372760724,0.042566,-0.111119056,0.042538,-0.026661386
0.042678,9.548075364,0.042676,1.210545792,0.042666,0.041150574,0.042638,-0.048541756
0.042778,9.667579402,0.042776,1.421562692,0.042766,-0.053430776,0.042738,-0.034687133
0.042878,9.347755828,0.042876,1.254357233,0.042866,-0.025565962,0.042838,-0.01022164
0.042978,9.455867964,0.042976,1.260021727,0.042966,-0.013341098,0.042938,-0.101839888
0.043078,9.500976273,0.043076,1.457281298,0.043066,-0.108551837,0.043038,-0.104635606
0.043178,9.16795152,0.043176,1.401605311,0.043166,0.004148642,0.043138,-0.208932738
0.043278,9.395586158,0.043276,1.376331083,0.043266,0.101069958,0.043238,-0.028738656
0.043378,9.441634112,0.043376,1.34169146,0.043366,-0.187392527,0.043338,-0.024820731
0.043478,9.54296302,0.043476,1.497747793,0.043466,-0.013818224,0.043438,-0.021871475
0.043578,9.531808655,0.043576,1.431089598,0.043566,0.000121318,0.043538,0.05907418
0.043678,9.60810963,0.043676,1.314833702,0.043666,0.025761702,0.043638,-0.056559044
0.043778,9.624506094,0.043776,1.472982117,0.043766,-0.106019383,0.043738,0.093317669
0.043878,9.610643506,0.043876,1.67689219,0.043866,0.004652364,0.043838,0.061921827
0.043978,9.704820384,0.043976,1.421842691,0.043966,-0.074569264,0.043938,0.099549071
0.044078,9.764102829,0.044076,1.292431082,0.044066,-0.024345874,0.044038,0.028564863
0.044178,9.504956325,0.044176,1.252104763,0.044166,0.040051513,0.044138,0.08377045
0.044278,9.741320815,0.044276,1.255091342,0.044266,-0.001207293,0.044238,-0.005688655
0.044378,9.699844767,0.044376,1.346705594,0.044366,-0.184777381,0.044338,0.11232424
0.044478,9.749434922,0.044476,1.370734181,0.044466,-0.167044718,0.044438,0.077487616
0.044578,9.845564138,0.044576,1.375860107,0.044566,-0.046517139,0.044538,0.074095084
0.044678,9.820697863,0.044676,1.398756823,0.044666,-0.107707747,0.044638,-0.020179258
0.044778,9.819600437,0.044776,1.438620968,0.044766,-0.112706992,0.044738,0.069838829
0.044878,9.956492638,0.044876,1.404405986,0.044866,-0.036128025,0.044838,-0.042369008
0.044978,9.748864986,0.044976,1.433711356,0.044966,-0.032700017,0.044938,0.112879029
0.045078,9.993417392,0.045076,1.398449222,0.045066,-0.221012166,0.045038,-0.030214041
0.045178,9.742079343,0.045176,1.518601347,0.045166,-0.177959857,0.045138,-0.189126697
0.045278,9.999361685,0.045276,1.386224083,0.045266,0.060941769,0.045238,-0.11045691
0.045378,10.12302072,0.045376,1.331861515,0.045366,-0.073134739,0.045338,-0.240745221
0.045478,9.764294958,0.045476,1.337455413,0.045466,-0.142202448,0.045438,-0.105059283
0.045578,9.752283005,0.045576,1.390005607,0.045566,-0.063382325,0.045538,-0.075404428
0.045678,9.848386273,0.045676,1.336180877,0.045666,-0.031564976,0.045638,-0.093988186
0.045778,9.732248285,0.045776,1.48545591,0.045766,-0.029461709,0.045738,0.073685298
0.045878,9.907148363,0.045876,1.323139819,0.045866,0.003970615,0.045838,0.045595611
0.045978,9.897376878,0.045976,1.385093516,0.045966,0.230037683,0.045938,-0.009657261
0.046078,9.761924983,0.046076,1.34052611,0.046066,0.152721563,0.046038,0.004766681
0.046178,9.972062672,0.046176,1.363579827,0.046166,0.178045807,0.046138,0.041453927
0.046278,9.97833489,0.046276,1.284354099,0.046266,0.105510399,0.046238,0.030728686
0.046378,9.975281097,0.046376,1.20231468,0.046366,0.163819616,0.046338,0.077273204
0.046478,9.932725022,0.046476,1.209693482,0.046466,0.0008127,0.046438,0.032837009
0.046578,10.0483926,0.046576,1.038135996,0.046566,0.016886436,0.046538,0.171300515
0.046678,9.964066802,0.046676,1.071260455,0.046666,0.104259072,0.046638,0.003096624
0.046778,10.18938771,0.046776,1.262474609,0.046766,0.194402693,0.046738,0.091318464
0.046878,9.955646931,0.046876,1.247356605,0.046866,0.219173207,0.046838,-0.031149817
0.046978,10.12853869,0.046976,1.209923072,0.046966,0.164968024,0.046938,-0.058298697
0.047078,10.26993896,0.047076,1.117438789,0.047066,0.192157097,0.047038,0.099700181
0.047178,10.18050246,0.047176,1.007003166,0.047166,0.166319069,0.047138,-0.015634629
0.047278,10.28319151,0.047276,0.885876031,0.047266,0.189876065,0.047238,-0.144264756
0.047378,10.4215142,0.047376,0.8674095,0.047366,-0.020673775,0.047338,0.05732551
0.047478,10.23721258,0.047476,0.840015993,0.047466,0.188220146,0.047438,-0.126937966
0.047578,10.3964657,0.047576,1.181965284,0.047566,0.089185289,0.047538,-0.122843685
0.047678,10.48653082,0.047676,0.884220842,0.047666,0.295029054,0.047638,-0.008233008
0.047778,10.46649512,0.047776,1.012540541,0.047766,0.202259668,0.047738,-0.085796356
0.047878,10.56798259,0.047876,1.079295051,0.047866,0.193033753,0.047838,-0.165772113
0.047978,10.60855475,0.047976,0.848474092,0.047966,0.105768776,0.047938,-0.08896515
0.048078,10.65382206,0.048076,1.045934332,0.048066,0.178426596,0.048038,0.004475309
0.048178,10.89142405,0.048176,0.889046975,0.048166,0.091014632,0.048138,0.040875112
0.048278,10.72088219,0.048276,1.09195602,0.048266,0.101087245,0.048238,0.025522283
0.048378,10.75653669,0.048376,1.11845496,0.048366,0.257293272,0.048338,0.064398936
0.048478,10.84174491,0.048476,1.16471209,0.048466,0.266251522,0.048438,-0.008669163
0.048578,10.81114142,0.048576,0.973780676,0.048566,0.332000899,0.048538,0.119329574
0.048678,10.93750309,0.048676,1.101453796,0.048666,0.396509961,0.048638,0.089857292
0.048778,11.02757895,0.048776,0.900815612,0.048766,0.309383255,0.048738,0.144608701
0.048878,11.17788999,0.048876,0.831074685,0.048866,0.337196371,0.048838,0.099617115
0.048978,11.15080423,0.048976,0.898871038,0.048966,0.446960943,0.048938,-0.105462116
0.049078,11.19817741,0.049076,0.893766778,0.049066,0.299424027,0.049038,-0.045996026
0.049178,11.34004676,0.049176,0.91867594,0.049166,0.265188402,0.049138,-0.027629101
0.049278,11.31964325,0.049276,0.827065907,0.049266,0.451156661,0.049238,-0.004576661
0.049378,11.27079263,0.049376,0.741512511,0.049366,0.420241883,0.049338,-0.038926963
0.049478,11.30809273,0.049476,0.600212091,0.049466,0.504813834,0.049438,0.179993765
0.049578,11.28301685,0.049576,0.731146277,0.049566,0.370364708,0.049538,0.036221635
0.049678,11.45295417,0.049676,0.570594242,0.049666,0.313165797,0.049638,0.054269727
0.049778,11.55671042,0.049776,0.63042655,0.049766,0.413289787,0.049738,0.003201784
0.049878,11.61427648,0.049876,0.804098241,0.049866,0.498364277,0.049838,0.046034244
0.049978,11.47408616,0.049976,0.662796778,0.049966,0.559876421,0.049938,-0.094822802
0.050078,11.42009285,0.050076,0.729862699,0.050066,0.353425494,0.050038,-0.004562981
0.050178,11.66150905,0.050176,0.794936894,0.050166,0.404297098,0.050138,-0.126656984
0.050278,11.57684602,0.050276,0.72479519,0.050266,0.428134447,0.050238,-0.035579031
0.050378,11.90822456,0.050376,0.564444606,0.050366,0.381294133,0.050338,-0.057937148
0.050478,11.90393325,0.050476,0.672969144,0.050466,0.486860057,0.050438,-0.030223271
0.050578,11.85556715,0.050576,0.78821746,0.050566,0.502045567,0.050538,-0.060160262
0.050678,12.09509992,0.050676,0.886974456,0.050666,0.468667726,0.050638,0.051931464
0.050778,11.97866772,0.050776,0.928385587,0.050766,0.515372296,0.050738,0.152451736
0.050878,12.11221234,0.050876,0.834552284,0.050866,0.533751986,0.050838,0.109229435
0.050978,12.19742667,0.050976,0.837815727,0.050966,0.450156836,0.050938,0.046319764
0.051078,12.0736566,0.051076,0.985454958,0.051066,0.391011282,0.051038,-0.027821824
0.051178,12.27721048,0.051176,1.069510741,0.051166,0.555025276,0.051138,-0.096886466
0.051278,12.31989338,0.051276,1.067492997,0.051266,0.590077503,0.051238,0.003249354
0.051378,12.67254225,0.051376,0.958848205,0.051366,0.714411879,0.051338,-0.097392898
0.051478,12.56663794,0.051476,0.929284172,0.051466,0.632518453,0.051438,0.009393102
0.051578,12.53245822,0.051576,0.940010109,0.051566,0.627380347,0.051538,0.019019349
0.051678,12.7789311,0.051676,1.026914511,0.051666,0.4924923,0.051638,-0.084109911
0.051778,12.62942442,0.051776,1.13826086,0.051766,0.554245335,0.051738,0.118237953
0.051878,12.83937905,0.051876,1.06753662,0.051866,0.530784067,0.051838,0.150987854
0.051978,12.98606239,0.051976,1.187346047,0.051966,0.54220471,0.051938,0.125554518
0.052078,13.00715784,0.052076,1.030281368,0.052066,0.542473286,0.052038,0.025652217
0.052178,12.98349972,0.052176,1.145699155,0.052166,0.588939314,0.052138,0.116019916
0.052278,12.94783647,0.052276,1.18402682,0.052266,0.525579492,0.052238,0.028318024
0.052378,13.16560479,0.052376,1.012847412,0.052366,0.506169153,0.052338,0.024656551
0.052478,13.15371321,0.052476,1.145819052,0.052466,0.410580864,0.052438,0.121077292
0.052578,13.32569481,0.052576,1.164329915,0.052566,0.469540992,0.052538,0.013946853
0.052678,13.3878614,0.052676,1.114961089,0.052666,0.455039652,0.052638,0.022326292
0.052778,13.42859314,0.052776,1.285683568,0.052766,0.616881372,0.052738,0.077737498
0.052878,13.63398215,0.052876,1.281203903,0.052866,0.327905176,0.052838,-0.01224099
0.052978,13.61645897,0.052976,1.319926063,0.052966,0.318904337,0.052938,-0.012279666
0.053078,13.46783743,0.053076,1.271821239,0.053066,0.35876956,0.053038,-0.001893251
0.053178,13.73134164,0.053176,1.292057061,0.053166,0.413629347,0.053138,0.006547922
0.053278,13.82000599,0.053276,1.366571646,0.053266,0.415401212,0.053238,-0.012965322
0.053378,13.66104174,0.053376,1.320560578,0.053366,0.389867481,0.053338,0.079470399
0.053478,13.95876436,0.053476,1.329610766,0.053466,0.346677953,0.053438,0.024139836
0.053578,13.73013451,0.053576,1.491472178,0.053566,0.348220741,0.053538,0.045145237
0.053678,13.96929619,0.053676,1.492979198,0.053666,0.471074427,0.053638,-0.125166645
0.053778,13.89503041,0.053776,1.658760639,0.053766,0.51957398,0.053738,0.079029562
0.053878,13.91376424,0.053876,1.503220507,0.053866,0.598947606,0.053838,0.063810443
0.053978,14.16930373,0.053976,1.531884961,0.053966,0.35535274,0.053938,-0.021996748
0.054078,14.08560389,0.054076,1.411485143,0.054066,0.330737629,0.054038,-0.006454873
0.054178,14.27496375,0.054176,1.556935656,0.054166,0.272940885,0.054138,-0.102935554
0.054278,14.23648292,0.054276,1.619377108,0.054266,0.260688367,0.054238,-0.110404783
0.054378,14.32144426,0.054376,1.523017631,0.054366,0.16701322,0.054338,-0.073812209
0.054478,14.55032758,0.054476,1.803530172,0.054466,0.306470058,0.054438,0.095814887
0.054578,14.55732285,0.054576,1.774905206,0.054566,0.376411975,0.054538,-0.018298567
0.054678,14.61596186,0.054676,1.697414026,0.054666,0.241621506,0.054638,-0.072525526
0.054778,14.74711649,0.054776,1.759796773,0.054766,0.100852659,0.054738,-0.155384436
0.054878,14.75765946,0.054876,1.833157849,0.054866,0.109642689,0.054838,-0.153516278
0.054978,14.75088645,0.054976,1.683903309,0.054966,0.072470094,0.054938,-0.050722735
0.055078,14.89668009,0.055076,1.738524065,0.055066,0.044403491,0.055038,0.08987614
0.055178,14.84292104,0.055176,1.631601656,0.055166,0.148187075,0.055138,-0.10466432
0.055278,14.76993672,0.055276,1.721018007,0.055266,-0.007961226,0.055238,-0.043190073
0.055378,14.89649476,0.055376,1.616132683,0.055366,0.086101573,0.055338,-0.010063742
0.055478,15.00411341,0.055476,1.792488932,0.055466,-0.087878701,0.055438,0.075628543
0.055578,14.9979059,0.055576,1.93794037,0.055566,-0.26994171,0.055538,-0.006306611
0.055678,14.98590199,0.055676,1.967923739,0.055666,-0.443282004,0.055638,0.084707474
0.055778,14.91180998,0.055776,1.920501784,0.055766,-0.387255508,0.055738,-0.033918969
0.055878,15.13514013,0.055876,2.00434456,0.055866,-0.457053913,0.055838,0.00157787
0.055978,15.3636775,0.055976,2.156463235,0.055966,-0.497411682,0.055938,0.194447704
0.056078,15.36514868,0.056076,2.212223069,0.056066,-0.565499937,0.056038,0.05835162
0.056178,15.46166074,0.056176,2.152584401,0.056166,-0.430882341,0.056138,0.10025752
0.056278,15.56923356,0.056276,2.363005622,0.056266,-0.63262387,0.056238,-0.097902839
0.056378,15.71961443,0.056376,2.418270807,0.056366,-0.608085412,0.056338,-0.006047429
0.056478,15.73341054,0.056476,2.200028368,0.056466,-0.591947831,0.056438,-0.080682504
0.056578,15.70989703,0.056576,2.322328986,0.056566,-0.598247693,0.056538,-0.005689101
0.056678,15.68922508,0.056676,2.316839197,0.056666,-0.432698164,0.056638,0.015571165
0.056778,15.66874744,0.056776,2.280131432,0.056766,-0.579400355,0.056738,-0.2142759
0.056878,15.71470096,0.056876,2.227232142,0.056866,-0.638599083,0.056838,-0.09069759
0.056978,15.87140878,0.056976,2.254197678,0.056966,-0.669848499,0.056938,0.056818359
0.057078,15.69744267,0.057076,2.48573278,0.057066,-0.773516482,0.057038,0.01004295
0.057178,15.99259864,0.057176,2.67388893,0.057166,-0.588506186,0.057138,-0.032336517
0.057278,16.0940783,0.057276,2.482795013,0.057266,-0.542387095,0.057238,-0.010293168
0.054643927,6.086335309,0.057376,2.525796534,0.057366,-0.449642093,0.057338,0.040347694
0.052167889,3.266001156,0.057476,2.453346927,0.057466,-0.519741269,0.057438,0.088634893
0.050632743,1.796070789,0.057576,2.516135443,0.057566,-0.350851384,0.057538,0.091689066
0.049579572,1.13210221,0.057676,2.765435426,0.057666,-0.518667332,0.057638,0.032287223
0.04881275,0.590528861,0.057776,2.601358999,0.057766,-0.397584217,0.057738,0.077899894
0.048245288,0.428801794,0.057876,2.771196032,0.057866,-0.373666802,0.057838,0.065677728
0.047793023,0.326293659,0.057976,2.71317207,0.057966,-0.257109235,0.057938,-0.006961224
0.047454188,0.167241982,0.058076,2.83095555,0.058066,-0.316864093,0.058038,0.042473199
0.047244323,0.13599564,0.058176,2.677780597,0.058166,-0.308957247,0.058138,-0.159207337
0.04707275,-0.049427262,0.058276,2.781241584,0.058266,-0.177707898,0.058238,0.011265479
0.046964087,0.073557239,0.058376,2.845764433,0.058366,-0.146730334,0.058338,-0.068301021
0.046855092,0.14056845,0.058476,2.816338871,0.058466,-0.26165845,0.058438,-0.013724972
0.046672241,0.040793677,0.058576,2.921479544,0.058566,-0.162714008,0.058538,-0.002026616
0.046512773,0.114094973,0.058676,3.087581196,0.058666,-0.207244434,0.058638,-0.116823065
0.0463734,-0.066644992,0.058776,3.161823707,0.058766,-0.067673511,0.058738,0.032910647
0.046311199,-0.062808263,0.058876,2.954942816,0.058866,-0.228563107,0.058838,-0.046646778
0.046254549,0.127769185,0.058976,3.213384692,0.058966,-0.21954963,0.058938,0.020497639
0.046151583,0.0526695,0.059076,3.030411892,0.059066,-0.130051019,0.059038,-0.045859403
0.046010139,-0.045767067,0.059176,3.263516747,0.059166,-0.038019943,0.059138,0.085789839
0.045943038,-0.109820439,0.059276,3.360807251,0.059266,0.01631492,0.059238,0.141997415
0.04593953,-0.059893555,0.059376,3.36878688,0.059366,-0.045318484,0.059338,0.090916912
0.045962045,0.036781589,0.059476,3.471532078,0.059466,0.012629907,0.059438,0.120120595
0.045932048,0.143059669,0.059576,3.53268423,0.059566,0.093756644,0.059538,0.056513333
0.045837705,-0.016833079,0.059676,3.339774276,0.059666,-2.14E-05,0.059638,-0.048436752
0.045739215,0.132744442,0.059776,3.489897479,0.059766,0.184113933,0.059738,0.000283203
0.045685976,0.349888393,0.059876,3.482860797,0.059866,0.194527285,0.059838,0.209575275
0.04561466,-0.108401035,0.059976,3.435808349,0.059966,0.29419069,0.059938,0.060190947
0.045641945,0.092300288,0.060076,3.616560057,0.060066,0.204398743,0.060038,0.010592466
0.045576439,-0.062814187,0.060176,3.393137843,0.060166,0.153803157,0.060138,-0.09585337
0.04550846,0.017767194,0.060276,3.554346041,0.060266,0.196524892,0.060238,-0.003099732
0.045499233,0.183535146,0.060376,3.456222709,0.060366,0.209240961,0.060338,0.028521721
0.045473732,0.387448589,0.060476,3.559638957,0.060466,0.405614598,0.060438,0.022563019
0.045313148,0.03500968,0.060576,3.604314647,0.060566,0.408718709,0.060538,-0.027395373
0.045227997,-0.098749666,0.060676,3.358549914,0.060666,0.41112783,0.060638,-0.022716541
0.045216038,0.01478512,0.060776,3.766417009,0.060766,0.382295379,0.060738,-0.168224805
0.045188128,0.116792562,0.060876,3.510325359,0.060866,0.423712514,0.060838,0.037664343
0.045138021,0.196655655,0.060976,3.642969871,0.060966,0.586825811,0.060938,-0.102542766
0.045014892,-0.072095988,0.061076,3.613330807,0.061066,0.687597123,0.061038,-0.03014818
0.044996435,-0.090079233,0.061176,3.623916442,0.061166,0.545513829,0.061138,0.098635862
0.045038778,0.186505348,0.061276,3.550996935,0.061266,0.643427914,0.061238,0.156147896
0.045013181,0.147839183,0.061376,3.674899993,0.061366,0.708919937,0.061338,0.186773781
0.044943635,-0.323973716,0.061476,3.570357529,0.061466,0.682818607,0.061438,0.186681338
0.044947999,0.109618894,0.061576,3.621629868,0.061566,0.680453136,0.061538,0.109784635
0.044880738,-0.038287648,0.061676,3.763351627,0.061666,0.723463423,0.061638,0.176779278
0.044839525,-0.003005886,0.061776,3.638828904,0.061766,0.69180335,0.061738,0.145853482
0.044806468,-0.170371625,0.061876,3.834634447,0.061866,0.831654677,0.061838,0.151389538
0.044847403,0.141771336,0.061976,3.815390757,0.061966,0.666024148,0.061938,0.035215563
0.04474168,-0.028972701,0.062076,3.915019125,0.062066,0.763889939,0.062038,-0.092176763
0.044673209,-0.039072094,0.062176,3.871934984,0.062166,0.786356018,0.062138,0.065766301
0.044663704,0.041713192,0.062276,4.050409085,0.062266,0.845179177,0.062238,0.038876232
0.044657472,0.003429899,0.062376,3.919752069,0.062366,0.926125096,0.062338,0.111199191
0.044603423,-0.17402192,0.062476,4.01950597,0.062466,0.887234223,0.062438,0.04918779
0.044588593,0.055733249,0.062576,3.972441136,0.062566,0.764988463,0.062538,0.14646172
0.044551811,-0.048075064,0.062676,3.800032854,0.062666,0.874971482,0.062638,0.135920987
0.044524705,0.069813959,0.062776,3.820098481,0.062766,0.76474972,0.062738,0.283235088
0.044453233,0.110701442,0.062876,3.873607687,0.062866,1.11239364,0.062838,0.082147398
0.044398416,0.005216504,0.062976,3.919435665,0.062966,0.913690966,0.062938,0.033220454
0.044370931,-0.079013422,0.063076,4.100177564,0.063066,0.974056924,0.063038,0.122101164
0.044331855,-0.063799457,0.063176,3.763889958,0.063166,1.027943327,0.063138,0.067638945
0.044328417,0.047609914,0.063276,3.798582737,0.063266,1.06814112,0.063238,0.074520306
0.044325663,-0.020709277,0.063376,4.040979875,0.063366,1.044557284,0.063338,0.247440689
0.04435291,0.20315325,0.063476,3.807423323,0.063466,1.175860335,0.063438,0.154208022
0.044315474,-0.020247882,0.063576,3.786772582,0.063566,1.242335726,0.063538,0.207348135
0.044297062,-0.028343516,0.063676,3.616575677,0.063666,1.13340873,0.063638,0.164520386
0.044248964,-0.098543204,0.063776,4.045741916,0.063766,1.185720351,0.063738,0.208437254
0.044211392,0.050075092,0.063876,3.827496547,0.063866,1.324608199,0.063838,0.235142029
0.044187509,-0.147168329,0.063976,4.153329684,0.063966,1.275602215,0.063938,0.212704883
0.044228327,-0.0240321,0.064076,3.958558453,0.064066,1.348788139,0.064038,0.391849871
0.044202042,0.001463882,0.064176,3.955285922,0.064166,1.334360539,0.064138,0.137624178
0.044157654,-0.109798776,0.064276,4.128750073,0.064266,1.501335325,0.064238,0.174559983
0.044109264,0.027541685,0.064376,4.228454162,0.064366,1.32008812,0.064338,0.207123472
0.044068006,0.016917868,0.064476,4.006321002,0.064466,1.338205991,0.064438,0.133748809
0.044026542,-0.107036531,0.064576,4.063702877,0.064566,1.322484435,0.064538,0.033413176
0.044032188,-0.001323605,0.064676,3.934964056,0.064666,1.258524295,0.064638,0.000870699
0.04404661,-0.08858012,0.064776,3.97909639,0.064766,1.324340489,0.064738,0.041106572
0.044054954,-0.010411727,0.064876,3.731653965,0.064866,1.570076705,0.064838,0.234385494
0.043973187,-0.094911538,0.064976,3.926622615,0.064966,1.511531537,0.064938,-0.049503544
0.04393748,0.028275942,0.065076,3.771469863,0.065066,1.492119461,0.065038,0.122224589
0.043876723,-0.294166554,0.065176,3.983416834,0.065166,1.452099721,0.065138,0.011012811
0.043926137,0.04894477,0.065276,4.046590626,0.065266,1.541019646,0.065238,-0.080889093
0.04391527,0.100084527,0.065376,3.973154996,0.065366,1.571774724,0.065338,-0.059942138
0.043880687,-0.197968168,0.065476,3.873211986,0.065466,1.392585045,0.065438,-0.028246025
0.043892221,-0.075377142,0.065576,3.852690307,0.065566,1.58738321,0.065538,-0.025299514
0.043871043,-0.011303085,0.065676,3.778983575,0.065666,1.422272371,0.065638,0.046059655
0.04381608,-0.107249988,0.065776,3.801510434,0.065766,1.473897656,0.065738,0.024474375
0.043779562,-0.13702668,0.065876,3.89632893,0.065866,1.623497317,0.065838,0.039950928
0.043769552,-0.167857823,0.065976,3.813420254,0.065966,1.582092768,0.065938,-0.001721129
0.043777381,0.028666616,0.066076,3.753600784,0.066066,1.649068304,0.066038,-0.104735664
0.043760003,0.003092428,0.066176,3.771937796,0.066166,1.513330841,0.066138,-0.164947458
0.04372542,0.146070565,0.066276,3.696014969,0.066266,1.60598534,0.066238,0.033736825
0.043665966,0.031792236,0.066376,3.685168198,0.066366,1.595686558,0.066338,-0.040390746
0.043626752,0.111190893,0.066476,3.481487385,0.066466,1.610974297,0.066438,-0.069661068
0.043577658,0.084085753,0.066576,3.613374724,0.066566,1.819073568,0.066538,0.051792906
0.043527828,0.130496327,0.066676,3.641510865,0.066666,1.624535067,0.066638,-0.160024425
0.043487408,0.023225191,0.066776,3.594700406,0.066766,1.880168763,0.066738,0.013839868
0.043456033,-0.117369664,0.066876,3.622792836,0.066866,1.687573053,0.066838,-0.126063311
0.043491444,0.157787887,0.066976,3.544595737,0.066966,1.695303332,0.066938,-0.224238112
0.043445335,-0.130495606,0.067076,3.749765748,0.067066,1.753636665,0.067038,-0.021608996
0.043413978,-0.010035502,0.067176,3.854375441,0.067166,1.788116114,0.067138,-0.273371411
0.043386277,0.07897675,0.067276,3.761087548,0.067266,1.757226081,0.067238,-0.16411205
0.043278425,-0.167127249,0.067376,3.802634561,0.067366,1.875094719,0.067338,-0.148214849
0.043322785,-0.094932077,0.067476,3.763163632,0.067466,1.903489899,0.067438,-0.403380992
0.043379677,0.057269142,0.067576,3.754577108,0.067566,1.730237748,0.067538,-0.144638182
0.043335771,0.11625921,0.067676,3.741193813,0.067666,1.711809248,0.067638,-0.271471703
0.043246914,-0.067464759,0.067776,3.881065479,0.067766,1.560630697,0.067738,-0.306736636
0.043271913,0.00698499,0.067876,3.893568021,0.067866,1.63855431,0.067838,-0.302114095
0.043310529,-0.040007991,0.067976,4.143294059,0.067966,1.595882461,0.067938,-0.153200361
0.043285004,-0.146587822,0.068076,4.087089498,0.068066,1.788390122,0.068038,-0.27106586
0.043321895,-0.130784007,0.068176,4.064647379,0.068166,1.742343067,0.068138,-0.286006354
0.043417617,0.211518344,0.068276,3.86548153,0.068266,1.702225946,0.068238,-0.310290591
0.043350733,0.027073465,0.068376,4.156673114,0.068366,1.668905062,0.068338,-0.280351761
0.04326365,-0.07636232,0.068476,4.044291919,0.068466,1.630139318,0.068438,-0.143347556
0.043172161,-0.008216298,0.068576,4.059495664,0.068566,1.726823612,0.068538,-0.317714739
0.043117527,-0.043977502,0.068676,4.004343296,0.068666,1.860130134,0.068638,-0.220603075
0.043140833,0.094251691,0.068776,4.086850622,0.068766,1.818376047,0.068738,-0.13894673
0.043108414,-0.168326919,0.068876,4.119273654,0.068866,1.820181715,0.068838,-0.12621881
0.04308012,0.125971823,0.068976,4.020427593,0.068966,1.733080666,0.068938,-0.284557629
0.043013819,-0.214474297,0.069076,4.002794238,0.069066,1.830702946,0.069038,-0.038608189
0.04306676,0.184868923,0.069176,4.101147938,0.069166,1.922606946,0.069138,-0.316814702
0.043015727,-0.209811719,0.069276,4.083903999,0.069266,1.734856865,0.069238,-0.154033719
0.043072209,0.040248764,0.069376,4.158774169,0.069366,1.874941455,0.069338,-0.125380737
0.043101149,-0.013974715,0.069476,4.11957083,0.069466,1.908498699,0.069438,-0.104313902
0.04309802,0.283424841,0.069576,4.239854888,0.069566,1.943242784,0.069538,-0.115789007
0.042979347,-0.158851593,0.069676,4.327353727,0.069666,1.797655651,0.069638,-0.139865176
0.042930743,-0.195117015,0.069776,4.188644675,0.069766,1.939908322,0.069738,-0.229060873
0.042919958,0.061600046,0.069876,4.138647569,0.069866,1.890676312,0.069838,-0.204881747
0.042953851,-0.092273791,0.069976,4.28272193,0.069966,1.835982669,0.069938,0.031911527
0.043002006,-0.066611913,0.070076,4.364967656,0.070066,1.776133254,0.070038,-0.125102164
0.043043955,0.086677358,0.070176,4.301783351,0.070166,1.925413769,0.070138,-0.115695127
0.042933531,0.066554458,0.070276,4.288275044,0.070266,1.88357329,0.070238,-0.092097333
0.042819896,-0.026386268,0.070376,4.288141288,0.070366,1.734526972,0.070338,-0.083431579
0.042831097,0.087939362,0.070476,4.363686537,0.070466,1.614790897,0.070438,-0.012731957
0.04287203,-0.038716594,0.070576,4.426221056,0.070566,1.600369671,0.070538,-0.055832996
0.042877084,-0.020854101,0.070676,4.373185749,0.070666,1.699992141,0.070638,0.175186117
0.042862045,-0.034263451,0.070776,4.561977613,0.070766,1.653029053,0.070738,0.123163747
0.042874909,0.087983935,0.070876,4.480038285,0.070866,1.66189758,0.070838,0.123002876
0.042806019,0.045880039,0.070976,4.566679821,0.070966,1.50545983,0.070938,0.126006951
0.0427412,-0.07349381,0.071076,4.5260044,0.071066,1.432445131,0.071038,-0.069141575
0.042761803,-0.201746639,0.071176,4.680377157,0.071166,1.45622667,0.071138,0.022464216
0.042860385,0.173373823,0.071276,4.542956354,0.071266,1.466979445,0.071238,-0.06619382
0.042773473,-0.049448987,0.071376,4.702509414,0.071366,1.389757309,0.071338,0.130668994
0.042724058,-0.154995208,0.071476,4.672068108,0.071466,1.486241734,0.071438,-0.018991139
0.042803024,0.15659843,0.071576,4.855177493,0.071566,1.425423536,0.071538,0.076724666
0.04281721,0.056715602,0.071676,4.715463882,0.071666,1.487750405,0.071638,0.21249258
0.042770069,0.04010133,0.071776,4.713190964,0.071766,1.475614743,0.071738,0.163753141
0.042696354,-0.095979832,0.071876,4.677208933,0.071866,1.556825096,0.071838,0.179624698
0.042717518,0.026433536,0.071976,4.794205668,0.071966,1.474593866,0.071938,0.288313112
0.042776242,0.106654662,0.072076,4.735722876,0.072066,1.437602148,0.072038,-0.053430987
0.042742816,0.035506842,0.072176,4.83790269,0.072166,1.267678825,0.072138,0.121482289
0.042712956,0.039098063,0.072276,4.929968455,0.072266,1.163701923,0.072238,0.142772009
0.042671853,-0.170916594,0.072376,5.124723893,0.072366,1.300499592,0.072338,0.095120386
0.042646922,-0.022779519,0.072476,5.013338053,0.072466,1.205939413,0.072438,0.221663507
0.042608797,0.042646207,0.072576,5.037246982,0.072566,1.220521985,0.072538,0.168424644
0.04258811,0.046459589,0.072676,5.064048959,0.072666,1.087625094,0.072638,0.401617474
0.042559266,-0.047191714,0.072776,5.223995202,0.072766,0.93266546,0.072738,0.324589586
0.042530545,-0.042755341,0.072876,5.089255444,0.072866,0.887052273,0.072838,0.224058543
0.042526679,-0.120829521,0.072976,5.297482454,0.072966,0.877343891,0.072938,0.219245445
0.042511604,0.01452516,0.073076,5.338648178,0.073066,0.847547352,0.073038,0.41512009
0.042520193,-0.120243591,0.073176,5.466714995,0.073166,0.739530342,0.073138,0.427544207
0.042575694,0.236754079,0.073276,5.489490598,0.073266,0.662340229,0.073238,0.419779888
0.042516638,-0.164424403,0.073376,5.388468649,0.073366,0.72738818,0.073338,0.395375843
0.042557249,0.096090498,0.073476,5.549303213,0.073466,0.56204034,0.073438,0.506905514
0.042550423,0.037848369,0.073576,5.56080098,0.073566,0.528267025,0.073538,0.523897651
0.04252382,0.052313558,0.073676,5.766586909,0.073666,0.689231553,0.073638,0.452968234
0.042466093,0.048375968,0.073776,5.623739062,0.073766,0.477736089,0.073738,0.382893554
0.042433186,-0.106843706,0.073876,5.713396742,0.073866,0.602306611,0.073838,0.369456414
0.04246784,0.296525128,0.073976,5.786049919,0.073966,0.531605824,0.073938,0.261167119
0.042371803,-0.037140832,0.074076,5.996096499,0.074066,0.683884899,0.074038,0.493855215
0.042346357,-0.143530992,0.074176,5.713778924,0.074166,0.26017077,0.074138,0.411582657
0.042391283,0.128780796,0.074276,6.143548039,0.074266,0.591802397,0.074238,0.512383583
0.042348464,-0.032681223,0.074376,6.108433851,0.074366,0.692298202,0.074338,0.234779438
0.042355817,-0.078273612,0.074476,5.934482958,0.074466,0.415332669,0.074438,0.472381252
0.042352104,0.110362196,0.074576,6.041458594,0.074566,0.502993902,0.074538,0.386072387
0.042316602,0.016501857,0.074676,5.989705658,0.074666,0.365089019,0.074638,0.372230376
0.042330036,0.014740973,0.074776,6.14633605,0.074766,0.354222156,0.074738,0.464202959
0.042404683,0.156795384,0.074876,6.049853544,0.074866,0.547331704,0.074838,0.511177411
0.042430383,-0.01669684,0.074976,6.089623775,0.074966,0.454923554,0.074938,0.468402621
0.042395271,0.069856662,0.075076,6.102131795,0.075066,0.482989388,0.075038,0.555134976
0.042315918,-0.060620927,0.075176,6.27276706,0.075166,0.320862589,0.075138,0.632326359
0.042317492,-0.001644337,0.075276,6.458670116,0.075266,0.193439205,0.075238,0.490318482
0.042326984,-0.112927309,0.075376,6.497907197,0.075366,0.203713867,0.075338,0.524433368
0.042342333,0.092204395,0.075476,6.595479349,0.075466,0.240797422,0.075438,0.628883222
0.0423049,-0.027136271,0.075576,6.372613675,0.075566,0.24678675,0.075538,0.608034687
0.042284748,0.085809088,0.075676,6.626136016,0.075666,0.392467768,0.075638,0.819571276
0.042268649,0.128797901,0.075776,6.615291283,0.075766,0.269744097,0.075738,0.952307953
0.042269851,-0.034025897,0.075876,6.823803118,0.075866,0.47610344,0.075838,0.780499568
0.042260301,-0.053098872,0.075976,6.554842596,0.075966,0.546312922,0.075938,0.792147969
0.042251951,0.183575169,0.076076,6.843591382,0.076066,0.376696994,0.076038,0.780433408
0.042076907,-0.14036944,0.076176,7.071545747,0.076166,0.441704404,0.076138,0.865468051
0.042039533,-0.188624084,0.076276,6.989674374,0.076266,0.536068672,0.076238,0.801307702
0.042225286,0.187400144,0.076376,6.894686086,0.076366,0.6600757,0.076338,0.755030733
0.042298994,-0.014096973,0.076476,7.068764775,0.076466,0.553959419,0.076438,0.893299934
0.042266518,0.207008721,0.076576,6.948564908,0.076566,0.710532573,0.076538,0.884755685
0.04210657,-0.251371729,0.076676,7.062604691,0.076666,0.729349785,0.076638,0.807723853
0.042123205,-0.133280729,0.076776,7.173620989,0.076766,0.796468145,0.076738,0.759140229
0.042162567,-0.011815324,0.076876,7.099167026,0.076866,0.81126872,0.076838,0.750413427
0.042139589,-0.105005403,0.076976,7.082089942,0.076966,0.871157434,0.076938,0.770125314
0.04205869,-0.097191722,0.077076,7.166684701,0.077066,0.87157418,0.077038,0.494376401
0.04202896,-0.211867984,0.077176,7.151059559,0.077166,0.871134954,0.077138,0.526790312
0.042085355,0.097482196,0.077276,7.089323785,0.077266,1.179755074,0.077238,0.602129917
0.042035542,0.130583489,0.077376,7.227929249,0.077366,0.960061971,0.077338,0.669528496
0.04201429,0.056465813,0.077476,7.239836522,0.077466,0.991853188,0.077438,0.558078922
0.041993158,-0.02275879,0.077576,7.067378888,0.077566,1.140285243,0.077538,0.518401725
0.04196594,-0.056377558,0.077676,7.238168799,0.077666,1.056807174,0.077638,0.655243907
0.041956951,0.089855071,0.077776,7.451729315,0.077766,1.165952434,0.077738,0.783050075
0.041936119,0.012344899,0.077876,7.358331158,0.077866,1.291054067,0.077838,0.612071864
0.041946506,-0.095198565,0.077976,7.274465985,0.077966,1.043776872,0.077938,0.73099007
0.041987062,0.236094387,0.078076,7.569488528,0.078066,1.159715824,0.078038,0.78214847
0.041921155,-0.155559721,0.078176,7.425519371,0.078166,1.24750716,0.078138,0.658228912
0.041975914,0.317731251,0.078276,7.365113909,0.078266,1.309886311,0.078238,0.595653281
0.041928995,-0.185972826,0.078376,7.489172509,0.078366,1.306149959,0.078338,0.731041162
0.041936606,0.254679708,0.078476,7.442532983,0.078466,1.266294952,0.078438,0.540534786
0.041845883,-0.065776678,0.078576,7.442209025,0.078566,1.449383342,0.078538,0.665886032
0.041854155,0.062011362,0.078676,7.381301746,0.078666,1.391749567,0.078638,0.773207528
0.041907648,0.208806165,0.078776,7.504094962,0.078766,1.355148434,0.078738,0.818475539
0.041914606,0.081765357,0.078876,7.579756661,0.078866,1.368091822,0.078838,0.560917489
0.041839924,0.101477561,0.078976,7.734117627,0.078966,1.40265762,0.078938,0.679335041
0.04172705,-0.132105319,0.079076,7.734341012,0.079066,1.421858475,0.079038,0.730681092
0.041749291,-0.102945973,0.079176,7.661911073,0.079166,1.402629962,0.079138,0.505264466
0.041874298,0.122366918,0.079276,7.789322032,0.079266,1.340073396,0.079238,0.597643213
0.041900061,-0.034372725,0.079376,7.804317586,0.079366,1.495511724,0.079338,0.784185004
0.041829514,0.103456143,0.079476,7.990080013,0.079466,1.77845991,0.079438,0.621848213
0.041748962,-0.062393683,0.079576,7.955227477,0.079566,1.717005929,0.079538,0.461965338
0.041762065,0.025705248,0.079676,8.058565045,0.079666,1.664736804,0.079638,0.605509308
0.041811527,0.143920879,0.079776,8.1014565,0.079766,1.95500875,0.079738,0.399480837
0.041768783,0.066465476,0.079876,8.162676135,0.079866,1.819287492,0.079838,0.437456231
0.041690518,-0.172110424,0.079976,8.216815819,0.079966,2.065347789,0.079938,0.398441585
0.041710359,-0.138891653,0.080076,8.089252532,0.080066,1.834204219,0.080038,0.559004586
0.041782896,-0.081774771,0.080176,8.07327675,0.080166,1.979995992,0.080138,0.565333337
0.041786312,0.200069982,0.080276,8.174195395,0.080266,2.022132327,0.080238,0.511502812
0.041696571,-0.082106292,0.080376,8.258033816,0.080366,2.169878826,0.080338,0.432340095
0.041672044,0.040034248,0.080476,8.246839818,0.080466,2.24988711,0.080438,0.340948542
0.041692077,0.137626246,0.080576,8.270538813,0.080566,2.35512956,0.080538,0.213598165
0.041685878,0.177740636,0.080676,8.553555785,0.080666,2.35270963,0.080638,0.351302293
0.041687919,0.032028767,0.080776,8.29217619,0.080766,2.268103224,0.080738,0.265717831
0.041730892,0.076827863,0.080876,8.644859546,0.080866,2.331540996,0.080838,0.174451539
0.041732059,-0.047118215,0.080976,8.290604271,0.080966,2.24678289,0.080938,-0.015422843
0.041728294,0.015986216,0.081076,8.534425753,0.081066,2.482918099,0.081038,-0.066680594
0.041699992,0.189019989,0.081176,8.501645173,0.081166,2.409443948,0.081138,-0.003513227
0.041684807,-0.177265406,0.081276,8.517574472,0.081266,2.279817388,0.081238,-0.067414428
0.041779321,0.373125581,0.081376,8.48165987,0.081366,2.411448203,0.081338,-0.117853758
0.041713552,0.063077687,0.081476,8.517731943,0.081466,2.460945864,0.081438,-0.196087805
0.041662948,0.070578094,0.081576,8.503779253,0.081566,2.554673818,0.081538,-0.070060436
0.041600771,-0.215369172,0.081676,8.545462667,0.081666,2.629817967,0.081638,-0.268183205
0.041586601,0.084295157,0.081776,8.645871268,0.081766,2.475749789,0.081738,-0.262671344
0.041534345,-0.027887083,0.081876,8.902413974,0.081866,2.810697277,0.081838,-0.324708948
0.041625297,0.117404019,0.081976,8.717860394,0.081966,2.58211346,0.081938,-0.161916206
0.041671066,0.095176286,0.082076,8.760225741,0.082066,2.759428052,0.082038,-0.287626247
0.041625601,0.092068027,0.082176,8.931773123,0.082166,2.751872007,0.082138,-0.171808338
0.041586973,0.145428856,0.082276,8.908956628,0.082266,2.785600785,0.082238,-0.229925946
0.041573358,-0.144189172,0.082376,8.946600439,0.082366,2.75651477,0.082338,-0.141307987
0.041613173,0.114455219,0.082476,8.81959067,0.082466,2.954011878,0.082438,-0.259476639
0.041593229,0.168908474,0.082576,9.190657615,0.082566,2.935617577,0.082538,-0.329711659
0.041596722,0.012861674,0.082676,9.114248745,0.082666,2.845548839,0.082638,-0.370280223
0.041617577,-0.111193174,0.082776,8.960951072,0.082766,2.962428222,0.082738,-0.378821736
0.041593508,-0.025010141,0.082876,9.309309237,0.082866,3.047549518,0.082838,-0.256526939
0.041508762,0.019439027,0.082976,9.018254844,0.082966,3.05966077,0.082938,-0.351987714
0.041516296,-0.083282907,0.083076,9.377886081,0.083066,2.92947266,0.083038,-0.277830198
0.041561661,-0.093462122,0.083176,9.335252683,0.083166,3.115829757,0.083138,-0.371455787
0.041574748,0.054258395,0.083276,9.345996489,0.083266,2.978302752,0.083238,-0.334255365
0.041541488,-0.04133601,0.083376,9.486808027,0.083366,3.252853778,0.083338,-0.290192972
0.041528784,0.064072477,0.083476,9.30954055,0.083466,3.291195308,0.083438,-0.248365463
0.041508468,0.225035153,0.083576,9.524742102,0.083566,3.217714557,0.083538,-0.435503797
0.041457209,-0.203849388,0.083676,9.606246534,0.083666,3.231063312,0.083638,-0.198522039
0.0414688,-0.003222489,0.083776,9.587080668,0.083766,3.304592718,0.083738,-0.325463572
0.04140604,-0.252652266,0.083876,9.752254744,0.083866,3.251169017,0.083838,-0.154036454
0.041458817,0.033680338,0.083976,9.648941237,0.083966,3.312404087,0.083938,-0.123758201
0.041564833,0.157582282,0.084076,9.892719227,0.084066,3.147624176,0.084038,-0.320791613
0.04153083,0.05240931,0.084176,9.805359659,0.084166,3.374907619,0.084138,-0.372725089
0.041480005,-0.104135707,0.084276,9.937420172,0.084266,3.446218421,0.084238,-0.144514433
0.041487868,0.08672223,0.084376,9.761083448,0.084366,3.391877783,0.084338,-0.155465942
0.0414095,0.017884094,0.084476,9.874979489,0.084466,3.486417951,0.084438,-0.202861032
0.041338168,-0.278161228,0.084576,9.949802241,0.084566,3.472278,0.084538,-0.216057729
0.041462393,0.249438545,0.084676,9.960232754,0.084666,3.629687395,0.084638,-0.384201348
0.041416549,-0.134325883,0.084776,10.0705572,0.084766,3.517924962,0.084738,-0.125264656
0.04135951,0.07629745,0.084876,10.08350717,0.084866,3.820631848,0.084838,-0.182988416
0.041296726,-0.080257882,0.084976,10.16742688,0.084966,3.712695749,0.084938,0.075236881
0.041367351,-0.014527213,0.085076,10.17120872,0.085066,3.72221125,0.085038,0.081741321
0.041407087,0.223922717,0.085176,10.1732845,0.085166,3.711225437,0.085138,0.006285712
0.041380093,-0.082635448,0.085276,10.24419297,0.085266,3.843867952,0.085238,0.282367971
0.041360451,-0.072740169,0.085376,10.19637972,0.085366,3.782623315,0.085338,0.096501234
0.041357257,-0.007049517,0.085476,10.378068,0.085466,3.973384861,0.085438,0.299199387
0.041307477,0.017678755,0.085576,10.57931923,0.085566,3.936691074,0.085538,0.125805568
0.041276284,0.040468072,0.085676,10.40209605,0.085666,3.724625809,0.085638,0.088560525
0.041325421,0.105128058,0.085776,10.47462271,0.085766,3.936615783,0.085738,0.527898035
0.041332017,0.321501186,0.085876,10.69760307,0.085866,4.106494184,0.085838,0.386668903
0.041237405,-0.230821989,0.085976,10.46209165,0.085966,4.023640391,0.085938,0.294472855
0.041246492,0.233417042,0.086076,10.74269587,0.086066,3.908773451,0.086038,0.240903645
0.041164459,-0.472265629,0.086176,10.71927091,0.086166,4.013629519,0.086138,0.182767942
0.041242534,0.038071488,0.086276,10.45741862,0.086266,4.113735125,0.086238,0.421545945
0.041342767,0.126435699,0.086376,10.77690486,0.086366,4.056624608,0.086338,0.418511849
0.041327974,0.075028263,0.086476,10.58380349,0.086466,4.07957687,0.086438,0.464491373
0.041288667,-0.072356205,0.086576,10.8332261,0.086566,4.201387985,0.086538,0.423489897
0.041240551,-0.122625428,0.086676,10.86945066,0.086666,4.112722268,0.086638,0.507286837
0.041198017,-0.044035263,0.086776,11.02820039,0.086766,4.179066845,0.086738,0.575072891
0.04118631,-0.126250617,0.086876,11.03381638,0.086866,4.144696306,0.086838,0.343585627
0.041226062,-0.094882276,0.086976,10.9738298,0.086966,4.158521353,0.086938,0.541256454
0.041298952,0.074051677,0.087076,11.03713119,0.087066,4.222140008,0.087038,0.599363617
0.04126233,-0.044872341,0.087176,10.86722513,0.087166,4.132369344,0.087138,0.732873346
0.041162597,-0.019855979,0.087276,11.21493962,0.087266,4.164606684,0.087238,0.787166277
0.041168367,-0.042702724,0.087376,11.45163872,0.087366,4.052174666,0.087338,0.633909293
0.041254007,-0.141625102,0.087476,11.20800495,0.087466,4.525689213,0.087438,0.561067018
0.041280041,0.032554064,0.087576,11.4086562,0.087566,4.393415199,0.087538,0.845484189
0.041173462,-0.016555023,0.087676,11.42046095,0.087666,4.515784848,0.087638,0.889434236
0.041163939,0.054532288,0.087776,11.36858482,0.087766,4.452827073,0.087738,0.836425578
0.041173519,-0.247032623,0.087876,11.65565621,0.087866,4.306673032,0.087838,0.909229443
0.04127872,0.027618688,0.087976,11.44159224,0.087966,4.414838408,0.087938,0.956586451
0.041254836,-0.058158605,0.088076,11.63139193,0.088066,4.797233499,0.088038,0.656445128
0.041129326,-0.112899888,0.088176,11.6752979,0.088166,4.497384533,0.088138,0.928051081
0.041127548,0.267960027,0.088276,11.6555846,0.088266,4.551050237,0.088238,0.920682258
0.041118357,-0.226176645,0.088376,11.66046326,0.088366,4.747353556,0.088338,1.001979137
0.041245139,0.174084461,0.088476,11.76580111,0.088466,4.505883601,0.088438,0.948443673
0.041177602,-0.0072254,0.088576,11.82850814,0.088566,4.506981159,0.088538,1.002946213
0.041073804,-0.12524696,0.088676,11.70579611,0.088666,4.711341239,0.088638,0.934289812
0.041098379,-0.137363887,0.088776,11.75732164,0.088766,4.652611287,0.088738,1.063837377
0.041141945,0.181393196,0.088876,11.98847016,0.088866,4.634489352,0.088838,1.104689096
0.041111212,0.115622274,0.088976,12.01257645,0.088966,4.680446987,0.088938,1.036466453
0.041049519,-0.036159509,0.089076,11.79390925,0.089066,4.73242762,0.089038,0.989905032
0.041118439,0.021132529,0.089176,11.97859518,0.089166,4.506987232,0.089138,1.025348966
0.041243901,0.1733334,0.089276,12.01634296,0.089266,4.512805777,0.089238,1.163268356
0.041161317,0.015579447,0.089376,12.05705425,0.089366,4.578675726,0.089338,1.208584372
0.041066708,-0.097074786,0.089476,11.78112261,0.089466,4.467801654,0.089438,0.941199502
0.041106826,-0.000857624,0.089576,12.20716769,0.089566,4.618420401,0.089538,1.177102023
0.041134933,-0.009171327,0.089676,12.16483213,0.089666,4.702815918,0.089638,1.234249687
0.041136347,0.096534328,0.089776,12.16478071,0.089766,4.630767546,0.089738,1.192917427
0.041125815,-0.214550487,0.089876,12.30558118,0.089866,4.416917499,0.089838,1.095496235
0.041128385,0.097995006,0.089976,12.31881919,0.089966,4.54305406,0.089938,1.18818102
0.041106647,0.086903973,0.090076,12.11784707,0.090066,4.632330376,0.090038,1.303984084
0.041092164,0.180607476,0.090176,12.34099853,0.090166,4.486207827,0.090138,1.491130258
0.041036645,-0.206171716,0.090276,12.3422625,0.090266,4.693852193,0.090238,1.420315239
0.041075372,0.244223252,0.090376,12.39940701,0.090366,4.545269864,0.090338,1.598459082
0.040982027,-0.125846962,0.090476,12.29173413,0.090466,4.350149745,0.090438,1.446306222
0.041005819,-0.147814565,0.090576,12.55151737,0.090566,4.450364933,0.090538,1.494312105
0.041089788,0.070483689,0.090676,12.44525967,0.090666,4.265016942,0.090638,1.64831894
0.04105443,-0.300100122,0.090776,12.64457435,0.090766,4.382891274,0.090738,1.622542304
0.041106003,0.167980345,0.090876,12.40021678,0.090866,4.425133989,0.090838,1.47236043
0.041105023,-0.055889799,0.090976,12.30877961,0.090966,4.354406027,0.090938,1.532096722
0.041085051,-0.016266727,0.091076,12.73224031,0.091066,4.363113453,0.091038,1.527633514
0.041101199,0.097641991,0.091176,12.85444418,0.091166,4.33141327,0.091138,1.630999231
0.041027395,0.084310874,0.091276,12.73625339,0.091266,4.357695582,0.091238,1.763452817
0.040903466,-0.072940085,0.091376,12.61794989,0.091366,4.530339498,0.091338,1.625914487
0.040894913,-0.071192934,0.091476,12.4970596,0.091466,4.40770857,0.091438,1.728711433
0.040958169,-0.076044721,0.091576,12.82077979,0.091566,4.373585017,0.091538,1.534186142
0.041063612,0.267698487,0.091676,12.94933748,0.091666,4.421653201,0.091638,1.794473036
0.041053432,0.162091009,0.091776,12.88734754,0.091766,4.444431382,0.091738,1.879620573
0.040942297,-0.151654158,0.091876,13.06300749,0.091866,4.390847617,0.091838,1.685826659
0.041015481,0.158399595,0.091976,13.05945328,0.091966,4.395898996,0.091938,1.770340028
0.041028027,-0.009881075,0.092076,13.15544518,0.092066,4.443729252,0.092038,1.816275933
0.041059629,0.076967538,0.092176,13.07950031,0.092166,4.392016753,0.092138,1.962873002
0.040971046,-0.117108445,0.092276,13.2185147,0.092266,4.17604963,0.092238,1.784073484
0.040984296,0.123896346,0.092376,13.13241354,0.092366,4.145843385,0.092338,1.8511202
0.040960492,-0.127939542,0.092476,13.02043271,0.092466,4.128144202,0.092438,1.734196059
0.040911994,-0.217849339,0.092576,13.08948642,0.092566,4.327943343,0.092538,1.739744468
0.041009395,0.144055457,0.092676,13.41831548,0.092666,4.248633242,0.092638,1.865474793
0.041015406,0.128339498,0.092776,13.25764163,0.092766,4.295117005,0.092738,2.078743906
0.040989654,-0.154070957,0.092876,13.37980856,0.092866,4.484701543,0.092838,1.969523145
0.041009102,-0.007718306,0.092976,13.59276121,0.092966,4.112545693,0.092938,2.036522883
0.041005611,0.180008325,0.093076,13.59202858,0.093066,4.356350066,0.093038,2.025497328
0.040935705,-0.11270299,0.093176,13.4828625,0.093166,4.290153695,0.093138,2.216590291
0.040934831,0.188827545,0.093276,13.57406573,0.093266,4.339151769,0.093238,2.102447689
0.040887358,-0.129293842,0.093376,13.69837735,0.093366,4.261574127,0.093338,2.380033695
0.040858788,-0.098728973,0.093476,13.77491612,0.093466,4.32461268,0.093438,2.171530286
0.040870463,-0.03983487,0.093576,13.67773092,0.093566,4.269976531,0.093538,2.16021656
0.040883176,0.057631475,0.093676,13.93148944,0.093666,4.490076137,0.093638,2.149159856
0.04084721,0.002803037,0.093776,13.86800177,0.093766,4.539454897,0.093738,2.112353583
0.040851342,-0.128694872,0.093876,13.72965452,0.093866,4.472656099,0.093838,2.296873772
0.04088102,0.116213464,0.093976,13.90838776,0.093966,4.339329528,0.093938,2.171274525
0.040853729,0.006451938,0.094076,14.09517394,0.094066,4.403717857,0.094038,2.125004616
0.040812758,0.004767454,0.094176,14.00537297,0.094166,4.315850812,0.094138,2.099481901
0.040790889,-0.137207802,0.094276,14.2413896,0.094266,4.347876241,0.094238,2.076353979
0.040831356,0.042994497,0.094376,13.92620252,0.094366,4.286654793,0.094338,2.186003467
0.040895959,0.153910474,0.094476,14.07584144,0.094466,4.280384399,0.094438,2.158832741
0.040813292,-0.027527625,0.094576,14.01279471,0.094566,4.142189529,0.094538,1.894291324
0.040754897,0.114267837,0.094676,14.2573343,0.094666,4.251425233,0.094638,2.0170069
0.040755339,-0.180702689,0.094776,14.15327016,0.094766,4.197191885,0.094738,2.10413179
0.040823882,0.108318649,0.094876,14.2833361,0.094866,4.203205373,0.094838,2.197581634
0.040848531,0.127445709,0.094976,14.21103585,0.094966,4.304640392,0.094938,2.059820985
0.040725825,-0.215787715,0.095076,14.14296635,0.095066,4.337208753,0.095038,2.055100964
0.040696442,0.030854564,0.095176,14.21765327,0.095166,4.235551378,0.095138,2.000143725
0.040728977,0.017530565,0.095276,14.26037744,0.095266,4.204084361,0.095238,2.014245471
0.04069601,-0.121114007,0.095376,14.36537393,0.095366,4.385428061,0.095338,2.217189782
0.040704418,-0.00030015,0.095476,14.40847203,0.095466,4.426867003,0.095438,2.167152799
0.040743723,0.074574166,0.095576,14.60516035,0.095566,4.114866975,0.095538,2.119763523
0.040714533,-0.039860154,0.095676,14.45078719,0.095666,4.21446154,0.095638,2.105268231
0.040691871,0.000375267,0.095776,14.50574805,0.095766,4.315472877,0.095738,2.075600466
0.040686076,-0.162797363,0.095876,14.72001008,0.095866,4.508014621,0.095838,2.040194537
0.040765676,0.007989399,0.095976,14.94006006,0.095966,4.335331362,0.095938,2.099877328
0.040781581,-0.028391166,0.096076,14.80488831,0.096066,4.627121886,0.096038,2.071230233
0.040791025,-0.076246894,0.096176,14.72678516,0.096166,4.453835542,0.096138,2.082371485
0.040781028,0.239839497,0.096276,14.88920182,0.096266,4.579347121,0.096238,2.228025894
0.040693866,-0.256293362,0.096376,14.89995686,0.096366,4.568617432,0.096338,2.015732613
0.040729931,0.073253943,0.096476,15.04360642,0.096466,4.567268089,0.096438,2.127240528
0.04072123,0.014016759,0.096576,14.87862729,0.096566,4.451731605,0.096538,2.054238658
0.040756168,-0.044984323,0.096676,14.84225666,0.096666,4.720675258,0.096638,2.134576943
0.040798246,0.138925163,0.096776,15.02654965,0.096766,4.804920474,0.096738,2.076562862
0.040717217,-0.205381617,0.096876,15.00513173,0.096866,4.827573588,0.096838,2.022566558
0.04073136,0.237043325,0.096976,15.42849614,0.096966,4.717854155,0.096938,1.925525701
0.0406806,-0.211021807,0.097076,15.46569735,0.097066,4.73892318,0.097038,2.010909536
0.040763135,-0.022321377,0.097176,15.51167854,0.097166,4.788983931,0.097138,1.828393022
0.040886829,0.105306192,0.097276,15.44187319,0.097266,4.779878737,0.097238,1.98190213
0.040808134,0.157992845,0.097376,15.30864722,0.097366,4.809971192,0.097338,1.879704228
0.040675238,-0.250192703,0.097476,15.4359936,0.097466,4.908207661,0.097438,1.795081961
0.040716471,0.118964007,0.097576,15.4397547,0.097566,5.015119709,0.097538,1.856209193
0.04066589,-0.077770713,0.097676,15.48006619,0.097666,4.955770492,0.097638,1.970827063
0.040689591,0.146562448,0.097776,15.57814258,0.097766,5.075863626,0.097738,1.84729409
0.040685418,0.116375276,0.097876,15.7007362,0.097866,5.057157525,0.097838,1.666647197
0.040647855,-0.087798955,0.097976,15.88003568,0.097966,5.015217723,0.097938,1.692501577
0.04073582,0.029198431,0.098076,15.74390035,0.098066,5.027649852,0.098038,1.731462842
0.04074864,0.209453007,0.098176,16.00166495,0.098166,5.207825302,0.098138,1.827437374
0.040706159,-0.17736796,0.098276,15.88734649,0.098266,5.161787522,0.098238,1.851226304
0.040690978,-0.049982651,0.098376,15.92178143,0.098366,5.141068795,0.098338,1.695552473
0.040630903,-0.097718394,0.098476,16.007312,0.098466,5.202711152,0.098438,1.813967383
0.040653202,0.031158869,0.098576,16.19784031,0.098566,5.347678331,0.098538,1.580228764
0.040724458,0.12421508,0.098676,16.00341142,0.098666,5.241208243,0.098638,1.623072577
0.04073258,-0.085443831,0.098776,16.22658677,0.098766,5.333369953,0.098738,1.561246078
0.040729224,-0.186664267,0.098876,16.12235474,0.098866,5.341416763,0.098838,1.591179677
0.040733289,-0.109169537,0.098976,16.37034406,0.098966,5.227168243,0.098938,1.549686006
0.040743143,0.057226765,0.099076,16.31609476,0.099066,5.700465329,0.099038,1.67007797
0.040671687,0.081681333,0.099176,16.25914834,0.099166,5.236669205,0.099138,1.74145772
0.040553321,-0.225917771,0.099276,16.3712106,0.099266,5.32387265,0.099238,1.420238502
0.040594318,-0.130918441,0.099376,16.0998011,0.099366,5.519006614,0.099338,1.477345799
0.040666957,0.122422605,0.099476,16.37540174,0.099466,5.2449788,0.099438,1.473825885
0.040619114,0.027588441,0.099576,16.23492622,0.099566,5.428029792,0.099538,1.44391704
0.040560781,-0.065524636,0.099676,16.4658954,0.099666,5.452801859,0.099638,1.422544796
0.040542023,0.103777954,0.099776,16.866676,0.099766,5.476639662,0.099738,1.443927777
0.040526361,-0.046812697,0.099876,16.50817107,0.099866,5.61427824,0.099838,1.293415206
0.040552023,-0.013964513,0.099976,16.61480066,0.099966,5.539450455,0.099938,1.363754441
0.040552942,-0.178031675,0.100076,16.68689886,0.100066,5.842910255,0.100038,1.421801097
0.040613872,0.037010489,0.100176,16.70612845,0.100166,5.757802038,0.100138,1.397561896
0.040623257,-0.018022474,0.100276,16.83223213,0.100266,5.7818825,0.100238,1.620755171
0.040612985,-0.009456286,0.100376,17.05768034,0.100366,5.886879155,0.100338,1.629402708
0.040531523,0.033318375,0.100476,16.96639213,0.100466,5.968828174,0.100438,1.766216282
0.040506653,-0.02421633,0.100576,16.8759876,0.100566,6.454276862,0.100538,1.57101246
0.040580679,0.145432602,0.100676,16.94632028,0.100666,6.020111014,0.100638,1.714965254
0.040548085,0.134221577,0.100776,16.83541088,0.100766,6.291563012,0.100738,1.560635352
0.040498644,-0.111705253,0.100876,17.25429962,0.100866,6.304237472,0.100838,1.777440579
0.040570731,-0.095330231,0.100976,17.20118683,0.100966,6.480189504,0.100938,1.738537806
0.040575823,0.172916559,0.101076,17.07484881,0.101066,6.36075283,0.101038,1.718153541
0.040436312,-0.069389051,0.101176,17.15776078,0.101166,6.511502458,0.101138,1.692188384
0.04045537,-0.074022859,0.101276,17.36223622,0.101266,6.358316491,0.101238,1.705483403
0.040527616,0.014767572,0.101376,17.18599473,0.101366,6.477017184,0.101338,1.789465835
0.040550149,-0.02723775,0.101476,17.3200244,0.101466,6.500588065,0.101438,1.79058641
0.040568562,0.123800397,0.101576,17.38684043,0.101566,6.395092791,0.101538,1.684467458
0.040523987,-0.126358741,0.101676,17.62239583,0.101666,6.432604725,0.101638,1.786656079
0.040563081,0.097625513,0.101776,17.52407319,0.101766,6.556815405,0.101738,1.705641338
0.040534885,-0.039790369,0.101876,17.42820711,0.101866,6.517782572,0.101838,1.859221121
0.040532296,0.079186007,0.101976,17.70334821,0.101966,6.472829968,0.101938,1.894014699
0.04051996,0.050716719,0.102076,17.79566687,0.102066,6.392791189,0.102038,1.887277752
0.040478805,-0.185270151,0.102176,17.86475397,0.102166,6.562417429,0.102138,1.957175558
0.040509104,0.117396058,0.102276,17.90906024,0.102266,6.675468789,0.102238,1.918707805
0.040480116,0.188122736,0.099658985,7.45046179,0.102366,6.589003285,0.102338,1.927765987
0.040409986,-0.059178426,0.097100288,4.231867449,0.102466,6.749366133,0.102438,1.941272178
0.04043388,-0.003946856,0.095423282,2.302538111,0.102566,6.72345315,0.102538,2.102072117
0.040472992,-0.018572702,0.094240644,1.409866747,0.102666,6.750742341,0.102638,2.061453498
0.040496527,-0.012110154,0.093361425,1.1794597,0.102766,6.701995682,0.102738,1.918268139
0.040480888,-0.065379457,0.092669146,0.601156623,0.102866,7.06952113,0.102838,2.103609637
0.040489696,-0.008197922,0.092166654,0.499362303,0.102966,7.239861694,0.102938,2.099139375
0.040442337,0.132859228,0.091743577,0.199707558,0.103066,7.041945648,0.103038,2.233740341
0.040380147,-0.1469347,0.091437636,0.423250017,0.103166,7.196409322,0.103138,2.155721149
0.040415569,-0.048829427,0.091139886,0.18803455,0.103266,7.40170127,0.103238,2.228016933
0.040436992,0.161495847,0.090925922,0.290550829,0.103366,7.507994526,0.103338,2.341840589
0.04050802,0.094583386,0.090710739,0.033103325,0.103466,7.377672988,0.103438,2.222907336
0.040475344,0.01693695,0.090525219,0.242860579,0.103566,7.509958423,0.103538,2.0960784
0.040456199,-0.034019686,0.090314268,0.051980169,0.103666,7.485547198,0.103638,2.470838082
0.040396578,-0.080324992,0.090140181,0.135308763,0.103766,7.462258303,0.103738,2.438707965
0.040395436,-0.107034951,0.089965383,0.071532128,0.103866,7.612891007,0.103838,2.700531352
0.040451604,0.157512115,0.089846086,0.129196001,0.103966,7.654469877,0.103938,2.581189396
0.040386162,-0.089573763,0.089791332,0.045845986,0.104066,7.482757044,0.104038,2.518905484
0.040385994,-0.157832982,0.089743193,0.05988488,0.104166,7.928426743,0.104138,2.372782368
0.04038152,0.028005149,0.089724685,0.00039019,0.104266,7.600088418,0.104238,2.588138497
0.040404938,-0.106139085,0.089641919,-0.02667727,0.104366,7.706429927,0.104338,2.719367441
0.040453365,0.157144021,0.089668732,0.028383292,0.104466,7.61346975,0.104438,2.579495348
0.040402024,0.003487181,0.089634686,0.212240162,0.104566,7.819528405,0.104538,2.871752068
0.040332021,0.097845364,0.089564163,-0.14228298,0.104666,7.781844542,0.104638,2.788377978
0.040237311,-0.360227197,0.089596561,0.163191392,0.104766,7.875964008,0.104738,2.752810596
0.04037593,0.217451598,0.089515123,-0.093701686,0.104866,7.792644545,0.104838,2.843143268
0.040378817,-0.043415116,0.089450699,0.164926617,0.104966,7.84824933,0.104938,2.842147728
0.040377159,0.13127342,0.089370111,-0.185572634,0.105066,7.778108503,0.105038,2.83850069
0.040360904,-0.083507154,0.089337371,0.178205401,0.105166,7.889117287,0.105138,2.689455001
0.040346526,0.020855256,0.089203029,-0.142712562,0.105266,7.816714255,0.105238,2.855371041
0.040342407,-0.004230128,0.089102629,-0.101851831,0.105366,8.013955919,0.105338,2.92286264
0.040313829,0.027348796,0.089053414,0.214509062,0.105466,8.189229175,0.105438,2.927757504
0.040245565,-0.048803788,0.088935869,-0.025385793,0.105566,7.884085325,0.105538,3.075340516
0.040274036,0.058269726,0.088915388,0.070894223,0.105666,8.148176012,0.105638,3.138300475
0.040262941,0.014266996,0.088858322,0.012880963,0.105766,8.165645095,0.105738,3.329105257
0.040216407,-0.148760144,0.088816835,-0.096575388,0.105866,8.103739319,0.105838,3.080638404
0.040253934,0.087959596,0.088777363,-0.162561806,0.105966,8.010780839,0.105938,3.376871837
0.040254511,0.095580393,0.088800422,0.307462757,0.106066,8.274063491,0.106038,3.327006598
0.04020966,-0.209303426,0.088691333,-0.147993003,0.106166,8.174093939,0.106138,3.486201456
0.040252939,0.094276337,0.088665302,0.1158149,0.106266,8.143993043,0.106238,3.666070145
0.040258805,0.028880245,0.088658045,-0.10121447,0.106366,8.173103409,0.106338,3.465232904
0.040311614,0.044298881,0.088701044,0.135857274,0.106466,8.253139552,0.106438,3.532972064
0.040368141,-0.022328271,0.088655829,-0.068820139,0.106566,8.215574212,0.106538,3.720329458
0.040307545,0.002217457,0.08859964,0.231196082,0.106666,8.343401195,0.106638,3.559652757
0.04025656,0.027106035,0.088448498,-0.158423724,0.106766,8.284549934,0.106738,3.66445373
0.040250916,-0.193032702,0.088381973,-0.102925634,0.106866,8.381625539,0.106838,3.615381862
0.040330139,0.117698302,0.088360286,-0.0637645,0.106966,8.270404027,0.106938,3.941914816
0.040282101,0.016056111,0.088391191,0.025620786,0.107066,8.520113836,0.107038,3.731442602
0.040237091,0.051286888,0.088365857,-0.101321787,0.107166,8.348440984,0.107138,3.800899454
0.040212163,0.038777792,0.088343632,-0.05952022,0.107266,8.225240647,0.107238,3.612656622
0.040177442,0.09142342,0.088345714,-0.039579318,0.107366,8.26939574,0.107338,3.80210557
0.040199367,-0.154900884,0.088266784,-0.275031291,0.107466,8.378646664,0.107438,3.797384774
0.040321325,0.259112794,0.088294792,-0.02199068,0.107566,8.485369287,0.107538,3.944444956
0.040292453,-0.04930698,0.088302026,0.289897302,0.107666,8.494054969,0.107638,3.945851194
0.040295308,0.1417124,0.088208261,-0.212361463,0.107766,8.613105546,0.107738,3.926787982
0.040213605,0.082521685,0.088216463,0.167718395,0.107866,8.529876889,0.107838,3.903920945
0.040177414,0.0661058,0.088114316,0.064198654,0.107966,8.817975317,0.107938,3.68016324
0.040206459,0.011274742,0.088041736,-0.205599037,0.108066,8.777575012,0.108038,3.617771421
0.040295395,0.211016914,0.088081562,0.005357993,0.108166,8.766413193,0.108138,3.774410394
0.040247015,-0.121401587,0.088039734,0.004358702,0.108266,8.953133474,0.108238,3.663468533
0.040256977,0.21575225,0.088005186,-0.101985685,0.108366,9.016317865,0.108338,3.869906411
0.040200179,-0.149075313,0.087982496,0.132911667,0.108466,9.168235525,0.108438,3.84830414
0.040188886,0.064849427,0.087939569,0.152363302,0.108566,8.902696674,0.108538,3.827661495
0.040087595,-0.150166026,0.087895392,-0.042916789,0.108666,9.273526829,0.108638,3.81808919
0.04015061,-0.013612536,0.087882103,0.181928701,0.108766,9.143051008,0.108738,3.954045084
0.040274373,0.399342828,0.08783215,0.074058154,0.108866,9.281970098,0.108838,4.199008091
0.040216432,-0.043602791,0.087776972,-0.096692225,0.108966,9.33193393,0.108938,3.938495906
0.040180709,-0.079024392,0.087756901,0.021120346,0.109066,9.213332778,0.109038,4.162679014
0.040197487,-0.008843422,0.08772674,0.000806365,0.109166,9.391959408,0.109138,4.091158372
0.040202608,0.11884082,0.087675667,-0.169036796,0.109266,9.284434907,0.109238,4.230647602
0.040127358,0.007676426,0.087689171,0.174023824,0.109366,9.446127986,0.109338,4.279864692
0.04013723,-0.236690424,0.087613426,-0.062440853,0.109466,9.458331766,0.109438,4.223937584
0.040263256,0.209439952,0.087591849,-0.136366543,0.109566,9.418707235,0.109538,4.138028399
0.04023092,0.073287155,0.087600508,-0.00339681,0.109666,9.345204934,0.109638,4.444219401
0.040107496,-0.106153337,0.087597975,0.179018414,0.109766,9.231446213,0.109738,4.258901904
0.040115129,0.062647911,0.087494097,-0.128038948,0.109866,9.583257706,0.109838,4.346935623
0.040188735,-0.058910527,0.087505037,0.055965977,0.109966,9.312350492,0.109938,4.427803992
0.0402457,0.237541809,0.087501786,0.088309944,0.110066,9.336304267,0.110038,4.286777511
0.04013742,-0.037478059,0.08741746,-0.106495655,0.110166,9.417194362,0.110138,4.422157727
0.040119743,0.054169952,0.087421478,0.038263564,0.110266,9.5450111,0.110238,4.33069939
0.040156707,-0.045600513,0.08741781,0.043185098,0.110366,9.736370613,0.110338,4.401714672
0.04023466,0.05697336,0.087397063,0.005459735,0.110466,9.614129651,0.110438,4.52898834
0.040185811,-0.077535427,0.087392119,0.081654487,0.110566,9.579345051,0.110538,4.439608246
0.040133623,0.169413675,0.087377509,-0.141480024,0.110666,9.621185722,0.110638,4.232413663
0.04005766,-0.201064363,0.087392415,-0.04752416,0.110766,9.564658972,0.110738,4.436808276
0.040130219,0.181456497,0.087400166,0.186636393,0.110866,9.643034406,0.110838,4.59872279
0.040171543,-0.102444403,0.087324652,-0.008232931,0.110966,9.604077496,0.110938,4.511586721
0.040248762,0.162917956,0.08729585,0.046510592,0.111066,9.484407421,0.111038,4.458502455
0.040177861,-0.13413445,0.087228571,-0.051488641,0.111166,9.750678089,0.111138,4.585402987
0.040093413,0.036502616,0.087186863,0.075422084,0.111266,9.552386584,0.111238,4.50521199
0.040006884,-0.223178009,0.087142943,-0.076135773,0.111366,9.63880692,0.111338,4.551698343
0.040127465,0.070045802,0.087114306,-0.099667422,0.111466,9.889403737,0.111438,4.634255209
0.040184599,0.214121757,0.087125606,-0.104629306,0.111566,9.945088006,0.111538,4.634601351
0.040112987,-0.175054011,0.087101099,-0.120747972,0.111666,9.59660203,0.111638,4.649277088
0.040146226,0.192017113,0.087104478,0.041408692,0.111766,9.597876093,0.111738,4.531235002
0.040105339,-0.089692823,0.087129569,0.111400778,0.111866,9.741298557,0.111838,4.361152892
0.040129835,0.29998686,0.087117537,0.108736423,0.111966,9.670414702,0.111938,4.736031828
0.040009151,-0.085962683,0.087061441,-0.002038146,0.112066,9.959414487,0.112038,4.584850605
0.039997841,-0.017268502,0.087064277,-0.015489485,0.112166,9.803875077,0.112138,4.601970808
0.039999295,0.073292305,0.087022218,0.020731366,0.112266,9.752480999,0.112238,4.734697001
0.040013576,-0.000826309,0.086933757,-0.001250168,0.112366,9.843970579,0.112338,4.662407651
0.040013568,-0.004685593,0.086880424,-0.020040225,0.112466,9.762946536,0.112438,4.576326319
0.039985711,0.053384978,0.086885251,0.019225053,0.112566,9.736201212,0.112538,4.643608655
0.039966331,-0.072133522,0.086934882,0.145961126,0.112666,9.945966969,0.112638,4.685227623
0.040070299,0.022497202,0.086978761,0.088435333,0.112766,10.01350611,0.112738,4.759586082
0.040114032,0.027362623,0.08695558,-0.130056907,0.112866,10.06851933,0.112838,4.828736612
0.040094094,0.131467223,0.086968195,0.108521511,0.112966,10.06758232,0.112938,4.949931459
0.040018195,-0.166060919,0.086960928,-0.036430854,0.113066,10.05730994,0.113038,4.704934709
0.03997551,-0.04567331,0.086980003,0.008670388,0.113166,10.05393127,0.113138,4.628817496
0.039966119,-0.250109036,0.086949781,0.051560607,0.113266,10.26983488,0.113238,4.795380607
0.040063452,0.250392842,0.086886215,0.052293025,0.113366,10.21196118,0.113338,4.748730713
0.039991528,-0.0954986,0.086841732,-0.013936814,0.113466,10.3742084,0.113438,4.619441796
0.039952484,-0.100898018,0.086826453,-0.052380838,0.113566,10.4791911,0.113538,4.560000011
0.039966381,-0.135417078,0.086871016,0.114720054,0.113666,10.13868506,0.113638,4.725372748
0.040068063,0.339110302,0.086901155,0.132834138,0.113766,10.27433481,0.113738,4.571373484
0.039948156,-0.235409109,0.086835601,-0.235943765,0.113866,10.26470433,0.113838,4.389169347
0.040019438,0.046193908,0.086800531,-0.130678917,0.113966,10.29858725,0.113938,4.519866983
0.040080743,0.102922962,0.086828385,-0.224903626,0.114066,10.59248868,0.114038,4.693443226
0.040098366,0.08445955,0.086894537,0.121459355,0.114166,10.46467517,0.114138,4.486482008
0.040033612,0.030660421,0.086877439,-0.025556431,0.114266,10.35304125,0.114238,4.629206501
0.039945685,0.000809991,0.086808508,-0.084690841,0.114366,10.19543745,0.114338,4.648691554
0.039948084,-0.11069051,0.086782601,0.048323158,0.114466,10.121628,0.114438,4.367232747
0.040046245,0.221004797,0.086744705,0.078563885,0.114566,10.31997867,0.114538,4.594940638
0.040056878,0.230232548,0.086679264,9.18E-05,0.114666,10.31141514,0.114638,4.327277566
0.039938162,-0.018214206,0.08666769,-0.011179911,0.114766,10.52078219,0.114738,4.354437663
0.039929255,0.206946801,0.086667975,-0.082188637,0.114866,10.5532555,0.114838,4.416438356
0.039880784,-0.147380395,0.0866762,0.149079033,0.114966,10.69619573,0.114938,4.309710678
0.03991742,0.019656643,0.086656265,-0.087979193,0.115066,10.61322734,0.115038,4.416191385
0.039977538,0.06000877,0.086658578,0.061241086,0.115166,10.564836,0.115138,4.172655735
0.040001946,0.033779127,0.086647382,-0.045741777,0.115266,10.80637858,0.115238,4.229801987
0.039977128,0.030109112,0.086672042,0.042295227,0.115366,10.76785481,0.115338,4.484613703
0.039972782,-0.080592376,0.086635269,0.127116816,0.115466,10.70682154,0.115438,4.367896071
0.039997558,0.029974367,0.086603045,0.008191119,0.115566,10.80415893,0.115538,4.36355445
0.040030305,0.091564767,0.086573071,-0.090936457,0.115666,10.89089462,0.115638,4.250219861
0.03998375,-0.071730745,0.086550373,0.164812353,0.115766,10.7997723,0.115738,4.31010679
0.039970558,0.066025304,0.086433971,-0.168825793,0.115866,11.04324052,0.115838,4.209444979
0.039930158,0.112968686,0.086475638,0.108314396,0.115966,10.88510342,0.115938,4.228187559
0.039878576,-0.071222473,0.086489232,0.158251117,0.116066,10.84722952,0.116038,4.069098581
0.039913292,0.072044461,0.086413952,-0.063335297,0.116166,10.90702794,0.116138,4.112425072
0.03992472,0.03420059,0.086417439,-0.012141085,0.116266,10.86357451,0.116238,4.012041392
0.039938386,-0.087728089,0.08642005,0.014388804,0.116366,11.09128681,0.116338,4.085393108
0.039927812,0.017430532,0.086434665,0.010855838,0.116466,10.8045566,0.116438,3.841248515
0.039885502,0.104449547,0.086431041,0.134986231,0.116566,10.95461156,0.116538,3.836885948
0.039872781,-0.114341764,0.08630807,-0.07233832,0.116666,11.06023781,0.116638,3.926254421
0.03999786,0.006478572,0.086275289,-0.159533592,0.116766,10.83372248,0.116738,3.853045972
0.040023603,-0.023954967,0.086403545,0.072261542,0.116866,11.11365377,0.116838,4.064261596
0.039955883,-0.062310085,0.086443289,0.22133458,0.116966,10.99552767,0.116938,4.015168519
0.039925849,0.046021732,0.086342604,0.076393364,0.117066,11.14223643,0.117038,4.021443824
0.039845595,-0.195187148,0.086249021,-0.382337274,0.117166,11.13622002,0.117138,4.0971894
0.039869807,0.085354482,0.086390893,0.092632231,0.117266,11.22820868,0.117238,4.127698694
0.039892644,-0.149670168,0.086456028,0.109798016,0.117366,11.09008502,0.117338,4.164298142
0.039931663,0.141717946,0.086412068,0.044232452,0.117466,11.1064609,0.117438,4.199193403
0.039891376,-0.025517688,0.086309219,-0.040017935,0.117566,11.20437481,0.117538,4.243012656
0.039870137,-0.071259024,0.086249576,0.007205692,0.117666,11.20452658,0.117638,4.192753361
0.03983272,0.071060032,0.086210004,-0.106928892,0.117766,11.22419477,0.117738,4.2520533
0.039797955,-0.17027603,0.086222397,0.069725895,0.117866,11.14201226,0.117838,4.447937376
0.039867697,-0.024433978,0.086255227,-0.165865114,0.117966,11.14234388,0.117938,4.363806528
0.039899329,0.136882226,0.086261797,-0.063215478,0.118066,11.03877059,0.118038,4.522119939
0.03984091,-0.1477798,0.086264001,0.076831432,0.118166,11.4331203,0.118138,4.337738483
0.039864065,0.24311367,0.086261517,-0.076339192,0.118266,11.21550039,0.118238,4.32234799
0.039811037,-0.185179756,0.086271252,0.070298129,0.118366,11.32717161,0.118338,4.37669031
0.039822743,0.104213406,0.086246322,0.305452161,0.118466,11.18742604,0.118438,4.405340243
0.039804774,-0.097558835,0.086151488,-0.26330365,0.118566,11.3009097,0.118538,4.549635367
0.039860855,0.091116742,0.086165234,-0.178379604,0.118666,11.42771499,0.118638,4.329832951
0.03988209,-0.035069413,0.086195968,-0.096728243,0.118766,11.34607353,0.118738,4.430329613
0.039866637,-0.060876659,0.086218301,-0.030461462,0.118866,11.31239302,0.118838,4.515401467
0.039821597,-0.024092541,0.086165497,-0.329900764,0.118966,11.48476549,0.118938,4.585134967
0.039806505,0.006184362,0.086201679,0.0969154,0.119066,11.48153357,0.119038,4.629708744
0.039763229,-0.203051769,0.086119858,-0.084206869,0.119166,11.33664741,0.119138,4.668352395
0.039847829,0.071616986,0.086057065,-0.026467345,0.119266,11.51914076,0.119238,4.786464865
0.039896514,0.107144919,0.08607297,-0.219225681,0.119366,11.46239519,0.119338,4.702075099
0.039860569,-0.02782462,0.086096694,0.151512303,0.119466,11.5060805,0.119438,4.641943615
0.039858246,-0.06897796,0.086033043,-0.029950388,0.119566,11.87343231,0.119538,4.842235389
0.039907279,0.180945397,0.085995502,-0.057844791,0.119666,11.53278305,0.119638,4.992697282
0.039833214,-0.094814737,0.085998502,0.085296336,0.119766,11.71529428,0.119738,4.779556095
0.039837804,-0.190187704,0.085929744,-0.134684932,0.119866,11.80737499,0.119838,4.994340895
0.039903969,0.184927464,0.085935717,0.10138083,0.119966,11.92722216,0.119938,5.104461591
0.039909843,-0.086870287,0.085980048,0.047006484,0.120066,11.69698454,0.120038,5.137161199
0.039866933,-0.105785767,0.085951093,-0.009577516,0.120166,11.85633772,0.120138,5.119217751
0.039810734,-0.011393935,0.085913146,-0.222031275,0.120266,11.75546681,0.120238,5.353336373
0.039800955,0.204493223,0.086046279,0.083744586,0.120366,11.86130557,0.120338,5.28352827
0.039819857,-0.202843867,0.085991879,-0.130878791,0.120466,11.97338067,0.120438,5.308566257
0.039841542,-0.13375108,0.085910285,-0.0453053,0.120566,12.09992821,0.120538,5.300033525
0.039848022,0.145586572,0.085872764,-0.185735611,0.120666,12.27857029,0.120638,5.38628895
0.039784846,0.086835283,0.085954159,0.160251881,0.120766,12.11107266,0.120738,5.336623406
0.039723635,-0.058910542,0.085918195,-0.110744045,0.120866,12.18799787,0.120838,5.503647634
0.03976351,-0.015387474,0.085911737,-0.122982858,0.120966,12.17952332,0.120938,5.166652084
0.039863434,-0.030312172,0.085905029,-0.110443678,0.121066,12.27416471,0.121038,5.442255161
0.039850224,0.045662612,0.085880861,0.075185183,0.121166,12.4881293,0.121138,5.768712926
0.039800436,0.048101373,0.085822687,-0.107613588,0.121266,12.34805841,0.121238,5.7342478
0.039681784,-0.198143847,0.08588989,0.108717812,0.121366,12.39419822,0.121338,5.750050076
0.03967249,-0.140810403,0.085916123,0.061486967,0.121466,12.44211063,0.121438,5.847459267
0.039798369,0.047490193,0.085892916,0.019075599,0.121566,12.5139932,0.121538,5.990544966
0.039823863,-0.038691646,0.085841927,-0.013113116,0.121666,12.46053921,0.121638,6.083433702
0.039814433,0.143494291,0.08583146,0.076945613,0.121766,12.64885932,0.121738,5.815157003
0.039713518,-0.13192992,0.085772946,0.027711288,0.121866,12.59327197,0.121838,5.951202011
0.039688045,-0.144577506,0.085674497,-0.040305571,0.121966,12.61772242,0.121938,6.020290965
0.039783434,0.045327784,0.085615092,-0.090976974,0.122066,12.84093408,0.122038,6.163253788
0.039808188,-0.011966669,0.085703589,0.160815324,0.122166,12.99778863,0.122138,6.070283202
0.039709759,-0.090343706,0.085728138,0.093480005,0.122266,12.77608779,0.122238,6.187453347
0.039669002,-0.148892115,0.08570838,0.203816687,0.122366,12.75602011,0.122338,6.202933684
0.039753236,0.127040725,0.085638418,-0.048090839,0.122466,12.65139591,0.122438,6.25374487
0.039743013,-0.166613007,0.085709595,0.245386595,0.122566,13.08465641,0.122538,6.147108415
0.039803184,-0.011013447,0.085672087,-0.236492312,0.122666,12.94957112,0.122638,6.28373329
0.039838741,0.010774876,0.085645541,-0.01497279,0.122766,12.83759905,0.122738,6.104600414
0.039820625,0.118200735,0.085614829,-0.338285084,0.122866,12.94031177,0.122838,6.335118403
0.039741543,0.03056222,0.085702879,0.272121801,0.122966,12.88519589,0.122938,6.329682378
0.039688949,-0.015653018,0.085676528,0.016606019,0.123066,12.87213921,0.123038,6.38420778
0.03968676,-0.050671948,0.085566791,-0.06788741,0.123166,13.22290886,0.123138,6.616172718
0.039703887,-0.052151168,0.085568628,-0.197868271,0.123266,13.02196576,0.123238,6.560424157
0.039707357,0.042364594,0.085653282,0.05531446,0.123366,13.10299555,0.123338,6.66659909
0.039673114,0.082270183,0.085699434,0.368732597,0.123466,13.20773438,0.123438,6.679753154
0.039635075,-0.03623965,0.085640485,0.07233853,0.123566,13.37648158,0.123538,6.711862412
0.039703836,-0.102527364,0.085612973,0.009806195,0.123666,13.4005125,0.123638,6.931599232
0.039743511,0.074447569,0.085580344,-0.141490056,0.123766,13.45002245,0.123738,6.934873791
0.039664824,-0.044161204,0.085584676,-0.132124502,0.123866,13.60139999,0.123838,6.980310975
0.039619818,0.091816356,0.085677218,0.208626904,0.123966,13.64709768,0.123938,6.866410008
0.039605053,-0.100852679,0.085595084,0.114317403,0.124066,13.62340809,0.124038,7.079332359
0.039687235,-0.056708376,0.08552705,-0.070401746,0.124166,13.71596063,0.124138,6.991293011
0.039750733,0.371385262,0.085604112,0.064789222,0.124266,13.70044889,0.124238,7.163585249
0.039588956,-0.273988134,0.085649879,0.135770147,0.124366,13.77707836,0.124338,7.314032273
0.039615656,0.244268935,0.085616307,0.041529565,0.124466,13.90117144,0.124438,7.361737204
0.039582448,-0.037043062,0.085621079,-0.080114251,0.124566,14.05572314,0.124538,7.212940903
0.039579265,-0.26039648,0.085624009,0.165300743,0.124666,13.95443586,0.124638,7.361777851
0.039607496,-0.015871289,0.08553443,-0.140871673,0.124766,14.21042616,0.124738,7.252394002
0.039518489,-0.097201137,0.085541481,0.149325768,0.124866,13.8327413,0.124838,7.538265821
0.039502683,-0.040002788,0.085510437,-0.032681964,0.124966,14.19945866,0.124938,7.519902435
0.039582226,0.270426554,0.085506313,-0.151451846,0.125066,14.01983905,0.125038,7.369872449
0.039586413,0.129262733,0.08556433,0.131959847,0.125166,14.05277432,0.125138,7.338241215
0.039620604,0.1182897,0.085520481,-0.012758618,0.125266,14.16291017,0.125238,7.462183001
0.039610147,-0.053491336,0.085424835,-0.176857107,0.125366,14.3178373,0.125338,7.677243288
0.039578977,-0.05911941,0.085431026,0.096532784,0.125466,14.22308183,0.125438,7.783610398
0.039584351,0.015459514,0.085443742,-0.027854603,0.125566,14.51330595,0.125538,7.702264217
0.039567513,0.006302086,0.085482988,0.090422752,0.125666,14.36760086,0.125638,7.69092458
0.039581506,0.012703334,0.085427164,-0.000202072,0.125766,14.47000922,0.125738,7.709137009
0.039608298,-0.00170343,0.085391335,-0.142323805,0.125866,14.49794966,0.125838,7.78434362
0.039667007,0.214112239,0.085418335,0.052839782,0.125966,14.50267964,0.125938,7.938370674
0.039581631,-0.025603284,0.085408434,-0.064497301,0.126066,14.64728744,0.126038,7.804240296
0.03955853,-0.03110539,0.085408515,-0.064213105,0.126166,14.83222965,0.126138,7.91760476
0.039548551,0.009236338,0.085418817,0.175632519,0.126266,14.81519005,0.126238,7.98220133
0.039535344,-0.010330408,0.085340519,0.151678816,0.126366,14.74126413,0.126338,7.915193388
0.039557862,-0.066204624,0.08528331,-0.29715523,0.126466,14.90916404,0.126438,8.288767603
0.039622994,0.04573662,0.085371782,-0.149401157,0.126566,14.8451828,0.126538,8.263583656
0.039610443,0.011556024,0.08545804,0.19179404,0.126666,14.88797419,0.126638,8.155843782
0.039591,-0.058937012,0.085411515,0.003360223,0.126766,15.19800228,0.126738,8.335694593
0.039587032,-0.032100716,0.085346623,-0.133043265,0.126866,14.99143263,0.126838,8.388306544
0.039582971,0.011264427,0.085312021,0.09781282,0.126966,15.05416523,0.126938,8.352771363
0.039633246,0.054878066,0.08528039,0.043346916,0.127066,15.13375226,0.127038,8.409069116
0.039593849,-0.194354794,0.085299752,-0.057911066,0.127166,14.9403578,0.127138,8.579484629
0.039569031,0.109805263,0.085365217,0.196708595,0.127266,15.12389658,0.127238,8.513031282
0.039571035,-0.030979046,0.085286903,-0.295403474,0.127366,15.18522311,0.127338,8.587697793
0.03960516,0.092128771,0.085351679,0.117534872,0.127466,15.15035892,0.127438,8.534222881
0.039596318,-0.070320873,0.085307817,0.059670169,0.127566,15.33556999,0.127538,8.669774315
0.039602923,0.040323819,0.085237456,-0.01050999,0.127666,15.44462953,0.127638,8.574618089
0.039562179,-0.098057501,0.085253439,0.139675414,0.127766,15.31386716,0.127738,8.713525291
0.039608628,0.170919555,0.085215007,-0.207381874,0.127866,15.57663714,0.127838,8.474597789
0.039626557,0.019244953,0.085224158,0.003248671,0.127966,15.61591849,0.127938,8.688935048
0.039576481,0.083611382,0.085220015,-0.160710226,0.128066,15.55081282,0.128038,8.697993708
0.039485368,-0.110399648,0.085186717,0.016122871,0.128166,15.50608438,0.128138,8.772628035
0.039495464,-0.157049339,0.085141817,-0.062119863,0.128266,15.58938766,0.128238,9.043453432
0.03955863,0.115665012,0.085195843,-0.050382698,0.128366,15.83617345,0.128338,8.912352126
0.03956724,0.09524315,0.0852327,0.07612369,0.128466,15.73985572,0.128438,8.924748905
0.039564369,0.198490357,0.085250949,0.009432954,0.128566,15.81514538,0.128538,9.128374927
0.039523578,0.006441824,0.085235145,-0.094554799,0.128666,15.75968635,0.128638,9.059866677
0.039579367,0.170247438,0.085155865,-0.213135218,0.128766,15.8654116,0.128738,9.062767242
0.039496202,0.027923301,0.085190284,0.146937072,0.128866,15.8196068,0.128838,9.005396939
0.039425461,-0.059358751,0.085216116,0.010159561,0.128966,16.01486408,0.128938,9.03547531
0.039418895,0.066468583,0.085215056,0.226108846,0.129066,16.11224874,0.129038,9.242964884
0.039427114,-0.070202663,0.085121463,-0.00608236,0.129166,16.01073923,0.129138,9.301396339
0.039481931,-0.005813529,0.085087934,-0.150965372,0.129266,15.99844059,0.129238,9.283966926
0.039511331,-0.051422606,0.085181126,0.207806475,0.129366,16.08224126,0.129338,9.329280006
0.039556526,0.129175268,0.085172649,0.058222178,0.129466,16.12703149,0.129438,9.473429858
0.039538516,0.019388436,0.085168197,0.044362954,0.129566,16.19649844,0.129538,9.372169047
0.039547108,-0.05812106,0.085111256,0.119169484,0.129666,16.05425248,0.129638,9.643595284
0.039553717,-0.125725155,0.084980125,-0.359206429,0.129766,16.04761783,0.129738,9.600570853
0.039526691,0.07095819,0.085056365,0.200559441,0.129866,16.09517701,0.129838,9.586502645
0.039498499,-0.088918218,0.085127707,0.019959986,0.129966,16.10295963,0.129938,9.464547501
0.039563662,0.126161477,0.085147359,0.195939585,0.130066,16.27727322,0.130038,9.548178816
0.039534944,-0.116361532,0.085034634,-0.059241011,0.130166,16.17769875,0.130138,9.701840003
0.039518765,-0.170392148,0.084980193,-0.058040712,0.130266,16.29386678,0.130238,9.488717857
0.039494724,0.067993564,0.085022114,-0.067606425,0.130366,16.28752127,0.130338,9.574441372
0.039445192,0.101793428,0.085059888,0.159915893,0.130466,16.32362466,0.130438,9.806133041
0.039376572,-0.105650208,0.085035907,0.241955436,0.130566,16.24118521,0.130538,9.851439233
0.039475938,0.196317816,0.084885279,-0.20734441,0.130666,16.09621487,0.130638,9.670085247
0.03952042,-0.016427842,0.084888081,-0.091950931,0.130766,16.42073215,0.130738,9.84732993
0.03955109,0.161536947,0.084991184,0.066265534,0.130866,16.46070265,0.130838,9.727557841
0.039508318,0.099548902,0.085117701,0.203482044,0.130966,16.53224445,0.130938,9.771526163
0.039401613,-0.123380448,0.085102977,-0.064363935,0.131066,16.46926941,0.131038,9.911482497
0.039458715,0.130259693,0.085072614,-0.058526592,0.131166,16.4256746,0.131138,9.918786142
0.039488615,-0.121469257,0.085039708,0.030679632,0.131266,16.47413456,0.131238,10.06984136
0.039561571,0.193571492,0.084980308,0.151669199,0.131366,16.66701447,0.131338,10.1003725
0.039545938,-0.026886738,0.084878293,-0.225765515,0.131466,16.72218505,0.131438,10.01902982
0.039551515,0.272507037,0.08491107,-0.135465608,0.131566,16.77287866,0.131538,10.16106941
0.039445673,-0.015958825,0.084943497,-0.035581573,0.131666,16.93837516,0.131638,10.16674812
0.039477606,0.002041022,0.084951521,-0.009357204,0.131766,16.70908536,0.131738,10.22134704
0.039503772,0.020734347,0.084882118,0.011972236,0.131866,16.86662406,0.131838,10.05684386
0.039490974,-0.001413615,0.084834084,-0.101413611,0.131966,17.01639857,0.131938,10.0824772
0.039438733,0.016972144,0.084872958,-0.124770212,0.132066,16.99695312,0.132038,10.19516531
0.039430895,0.0021168,0.084939171,0.090376826,0.132166,16.97354485,0.132138,10.06997503
0.039420636,-0.116651072,0.084951342,0.039932115,0.132266,16.97455037,0.132238,10.14634083
0.0395368,0.316395157,0.084902167,0.035094634,0.132366,17.1851672,0.132338,10.07063552
0.039511685,0.019031747,0.084852493,-0.115065526,0.132466,17.08141734,0.132438,9.981220597
0.039439905,-0.158763118,0.084911801,0.159733062,0.132566,17.31996269,0.132538,10.10674654
0.03941757,-0.024895158,0.084900218,-0.116420527,0.132666,17.11404033,0.132638,10.16804841
0.039451022,0.117121589,0.084929604,0.316855813,0.132766,17.44149505,0.132738,10.35168732
0.039442001,-0.104544909,0.084804328,-0.125424718,0.132866,17.45971371,0.132838,10.26419623
0.03940771,-0.061204895,0.084810396,-0.082562036,0.132966,17.47465739,0.132938,10.0590663
0.039381186,-0.041596517,0.084876426,0.011896746,0.133066,17.57582986,0.133038,10.00200473
0.039423428,0.151384673,0.084870812,0.042429439,0.133166,17.50532262,0.133138,10.13225006
0.039375831,-0.091018428,0.084863358,-0.013630022,0.133266,17.64866144,0.133238,9.84630795
0.039395687,-0.068099744,0.084860675,-0.049182163,0.133366,17.67189322,0.133338,10.16810505
0.039452801,0.029795489,0.084924497,0.166570154,0.133466,17.58570194,0.133438,10.09870281
0.039399623,-0.147204532,0.084856312,-0.3036767,0.133566,17.63000236,0.133538,10.31956285
0.039442457,0.128315181,0.084800253,0.122137167,0.133666,17.74922947,0.133638,10.12695831
0.039487397,0.098675369,0.084729849,-0.208144971,0.133766,17.73906949,0.133738,10.19071027
0.039464415,-0.046970901,0.084819934,0.083897093,0.133866,17.92014745,0.133838,10.37832364
0.039452796,0.03668833,0.084835812,0.029719611,0.133966,17.63903395,0.133938,10.36326326
0.039431906,-0.167390714,0.084805539,-0.012844211,0.134066,17.87916205,0.134038,10.18571376
0.039457127,0.031299526,0.08479953,-0.253051277,0.134166,17.96109874,0.134138,10.2571434
0.039400576,-0.078055377,0.084816603,0.220639375,0.134266,18.00624755,0.134238,10.17732486
0.039359925,0.215624925,0.084729683,-0.035614383,0.134366,18.06654368,0.134338,10.23602677
0.039340211,-0.110926171,0.084687552,-0.102828505,0.134466,17.82384972,0.134438,10.22900838
0.039400544,0.171747357,0.084718202,-0.071454442,0.134566,18.15407665,0.134538,10.07882316
0.039400886,-0.049111723,0.084797628,0.185439226,0.134666,18.25027415,0.134638,10.29608636
0.039425956,0.043604673,0.084824156,-0.042143113,0.134766,18.08158772,0.134738,10.25377785
0.039451364,0.134807612,0.084875206,0.220326821,0.134866,18.5605858,0.134838,10.35307729
0.03943561,0.016765852,0.084832901,-0.032996321,0.134966,18.50131236,0.134938,10.20932369
0.039427999,0.080171015,0.084823853,0.191824213,0.135066,18.43453969,0.135038,10.02910213
0.0393844,-0.157032346,0.084747529,-0.010778398,0.135166,18.39628846,0.135138,10.30033186
0.039316348,-0.077625721,0.084738752,-0.263749602,0.135266,18.56097154,0.135238,10.19829204
0.039327182,-0.096471606,0.084811886,0.078005953,0.135366,18.30637472,0.135338,10.0690579
0.039419234,0.189045164,0.084802379,-0.161482516,0.135466,18.43170386,0.135438,10.22451126
0.039374596,-0.156681152,0.08484302,0.098789152,0.135566,18.44872254,0.135538,10.31060125
0.039385246,0.085090785,0.084796305,0.048730041,0.135666,18.45013079,0.135638,10.30077255
0.039403053,0.152021659,0.084744776,0.019312158,0.135766,18.86668331,0.135738,10.38128914
0.039393353,0.066273397,0.084724336,0.114523725,0.135866,18.75096343,0.135838,10.48010721
0.039344466,-0.205122014,0.084706844,0.096976573,0.135966,18.65293801,0.135938,10.34936146
0.039399872,0.163740138,0.084718557,-0.12465944,0.136066,18.92098427,0.136038,10.53248241
0.039471742,0.105624771,0.084774576,0.236977245,0.136166,18.63575008,0.136138,10.57981732
0.039407377,0.085178412,0.084748986,0.165564479,0.136266,18.92343571,0.136238,10.35579184
0.039327847,-0.076173597,0.084669512,-0.015479536,0.136366,18.87447245,0.136338,10.40098115
0.039351226,0.067527136,0.084676376,-0.114941843,0.136466,18.61976679,0.136438,10.46415262
0.039387362,-0.032856242,0.084748818,0.071348957,0.136566,19.09702344,0.136538,10.51738135
0.039424128,0.011527802,0.084742296,-0.016675439,0.136666,18.8717198,0.136638,10.46608675
0.039353418,-0.108125204,0.08475072,0.223120289,0.136766,19.09498374,0.136738,10.40445837
0.039293993,-0.096776387,0.084669843,-0.038869354,0.136866,19.01464248,0.136838,10.36051162
0.039317028,-0.175197445,0.084702574,-0.04297237,0.136966,19.16331639,0.136938,10.31434488
0.039464698,0.247041166,0.084755815,0.132592992,0.137066,19.10429002,0.137038,10.16051325
0.039448712,-0.031519443,0.084692383,-0.051764558,0.137166,19.03278927,0.137138,10.15624272
0.039347106,-0.077553624,0.084639582,0.008787554,0.137266,19.20176987,0.137238,10.36045108
,,0.084655032,-0.027421888,0.137366,19.05001219,0.137338,10.21510487
,,0.084714177,-0.002109461,0.137466,19.41807414,0.137438,10.45101793
,,0.084725155,0.146577308,0.137566,19.3175845,0.137538,10.20547423
,,0.084646434,-0.038998605,0.137666,19.37413515,0.137638,10.29566166
,,0.084623026,-0.061416258,0.137766,19.13547966,0.137738,10.11668956
,,0.084634988,-0.14691206,0.137866,19.37070511,0.137838,10.33570171
,,0.084654629,0.098683541,0.137966,19.66351014,0.137938,10.39530818
,,0.084702046,-0.026132998,0.138066,19.55452087,0.138038,10.45327565
,,0.084735637,-0.009047279,0.138166,19.73997766,0.138138,10.3246514
,,0.084744432,-0.081486847,0.138266,19.68655927,0.138238,10.48039758
,,0.084685113,0.043474142,0.138366,19.84352452,0.138338,10.64716377
,,0.084655482,0.13047137,0.138466,19.68181493,0.138438,10.55156086
,,0.084663882,-0.030929467,0.138566,19.9356134,0.138538,10.53902945
,,0.084650095,-0.037922641,0.138666,19.90258077,0.138638,10.53314084
,,0.084588992,-0.148308511,0.138766,19.995484,0.138738,10.62513554
,,0.084577641,-0.069719264,0.138866,19.96047892,0.138838,10.83781828
,,0.084601689,-0.105937261,0.138966,20.08690831,0.138938,10.84491536
,,0.084645079,0.003610426,0.139066,20.07392411,0.139038,10.75940069
,,0.084686621,0.196777238,0.139166,20.2739383,0.139138,10.83136509
,,0.084602252,0.024303116,0.139266,20.11160302,0.139238,10.60997245
,,0.084555598,-0.041477392,0.139366,20.15138519,0.139338,10.75311033
,,0.084629522,-0.019079149,0.139466,20.16100094,0.139438,10.79752339
,,0.084664327,0.055032373,0.139566,20.27430952,0.139538,10.78679247
,,0.084661478,-0.004284613,0.139666,20.41970753,0.139638,10.74769349
,,0.084634176,-0.101667531,0.139766,20.20947554,0.139738,10.87789468
,,0.084645534,0.037341528,0.139866,20.33953221,0.139838,10.70279216
,,0.084596864,0.104521592,0.139966,20.36622613,0.139938,10.89871046
,,0.084508503,-0.050962986,0.140066,20.29738662,0.140038,11.07800034
,,0.084550525,0.243715386,0.140166,20.58012026,0.140138,10.81048957
,,0.084525401,-0.015506617,0.140266,20.63289753,0.140238,10.94253064
,,0.084570788,0.027329557,0.140366,20.63715622,0.140338,10.92385439
,,0.084586799,-0.033503453,0.140466,20.5906442,0.140438,10.93381636
,,0.084608941,0.085031517,0.140566,20.84055186,0.140538,11.03118164
,,0.08459359,-0.010571377,0.140666,20.98688469,0.140638,10.99394322
,,0.084542036,-0.214973817,0.140766,20.9296864,0.140738,11.07682738
,,0.084601011,-0.056944885,0.140866,20.71632209,0.140838,11.07489788
,,0.084650822,0.111699265,0.140966,21.03993514,0.140938,11.34715332
,,0.084616038,-0.057726137,0.141066,20.89789422,0.141038,11.01448945
,,0.084551389,0.012893003,0.141166,21.00133277,0.141138,11.23037348
,,0.084431088,-0.229590551,0.141266,20.92028759,0.141238,11.28080654
,,0.084510871,0.073885763,0.141366,21.05294232,0.141338,11.27010493
,,0.084533788,-0.01161757,0.141466,21.19205762,0.141438,11.42828259
,,0.08453083,0.051050489,0.141566,20.8944715,0.141538,11.44053453
,,0.084558427,-0.036724859,0.141666,21.16491238,0.141638,11.52282344
,,0.084571569,-0.130484377,0.141766,21.31471193,0.141738,11.75154578
,,0.084550265,-0.012312548,0.141866,21.268312,0.141838,11.65541466
,,0.084433876,-0.05007518,0.141966,21.21480735,0.141938,11.74078879
,,0.084337618,-0.291471228,0.142066,21.45182542,0.142038,11.8695317
,,0.08449742,0.189075177,0.142166,21.60599345,0.142138,11.8394062
,,0.084502769,-0.133931765,0.142266,21.66828517,0.142238,11.96296591
,,0.084489489,0.144414764,0.142366,21.62234376,0.142338,11.9285613
,,0.084394005,-0.111896695,0.142466,21.68088423,0.142438,11.96217252
,,0.084423503,0.126023308,0.142566,21.67066285,0.142538,11.86394314
,,0.08443484,-0.013022841,0.142666,21.83532853,0.142638,11.9312687
,,0.084435801,0.038947322,0.142766,21.87501213,0.142738,12.02619333
,,0.084464472,-0.041415572,0.142866,21.9922285,0.142838,12.00440479
,,0.084518841,0.014378406,0.142966,21.97803393,0.142938,11.88537066
,,0.084569573,0.227165399,0.143066,21.99703879,0.143038,12.00843395
,,0.084473832,0.065554487,0.143166,21.88275749,0.143138,12.02872716
,,0.084396681,0.028831068,0.143266,22.04753766,0.143238,12.16915756
,,0.084384139,0.104652294,0.143366,21.98115134,0.143338,12.45058992
,,0.084411087,0.049933333,0.143466,22.03556455,0.143438,12.31136126
,,0.08446008,0.181411434,0.143566,22.25028081,0.143538,12.278614
,,0.08442681,-0.047888897,0.143666,21.90030767,0.143638,12.26790199
,,0.084463572,0.263009008,0.143766,22.14301695,0.143738,12.29501808
,,0.084381177,-0.191607261,0.143866,22.34135521,0.143838,12.4054067
,,0.08433991,-0.022982531,0.143966,22.19034344,0.143938,12.71735636
,,0.084243763,-0.156128293,0.144066,22.31879636,0.144038,12.56610911
,,0.084240422,0.05460841,0.141649921,11.0428924,0.144138,12.53681289
,,0.084271181,0.023893709,0.138833067,6.658678022,0.144238,12.48379053
,,0.084345004,0.121151197,0.13686794,4.140521624,0.144338,12.6598228
,,0.084338631,0.021272263,0.135398349,2.753819311,0.144438,12.87955482
,,0.084283527,-0.076677682,0.134203546,1.8486978,0.144538,12.62079111
,,0.084272033,-0.084132763,0.133280513,1.243368346,0.144638,13.0607519
,,0.084346753,0.150270389,0.1325264,1.014455931,0.144738,12.91180224
,,0.084319609,0.053005336,0.131858175,0.891498931,0.144838,13.19320847
,,0.08425306,0.035228895,0.131275318,0.612055174,0.144938,13.12559405
,,0.084199104,0.054112173,0.130762648,0.406092774,0.145038,13.06994653
,,0.084210709,0.003421787,0.130330538,0.3006336,0.145138,13.3575515
,,0.084242444,0.192087444,0.12992284,0.401784767,0.145238,13.44749159
,,0.084233626,0.040141049,0.129515248,0.349332278,0.145338,13.25334834
,,0.084253572,0.098003748,0.129209648,0.252249406,0.145438,13.59842062
,,0.084241787,0.006684366,0.128955788,0.10870737,0.145538,13.68850218
,,0.084238602,-0.002727067,0.128711841,0.11767009,0.145638,13.70544123
,,0.084241767,0.106628589,0.128493399,0.226137371,0.145738,13.70923849
,,0.084244538,-0.040366726,0.128282528,0.064572898,0.145838,13.6648877
,,0.084271334,-0.154670796,0.128098678,0.049066398,0.145938,13.69121166
,,0.084293537,0.180568551,0.127986633,0.094806746,0.146038,13.86993099
,,0.084134277,-0.040568334,0.127874838,-0.00282382,0.146138,13.80509532
,,0.08404984,-0.103239342,0.127754402,-0.045829138,0.146238,13.84913804
,,0.084054595,-0.132970117,0.127758379,-0.154323019,0.146338,13.98432868
,,0.084181318,0.047542088,0.127775947,-0.037987707,0.146438,13.95901743
,,0.084280284,0.217489785,0.127769457,0.285744027,0.146538,13.96043647
,,0.084238218,-0.016862456,0.127714854,-0.002040862,0.146638,14.0918673
,,0.08422879,0.020207226,0.127668865,-0.026802914,0.146738,14.0660292
,,0.084190612,-0.141838738,0.127632344,0.024508602,0.146838,14.17028296
,,0.084168664,0.024757191,0.12754163,-0.057990748,0.146938,13.94114663
,,0.084215046,-0.00111247,0.127444871,-0.056539281,0.147038,14.23897907
,,0.084209868,0.183563096,0.12744681,0.078369576,0.147138,14.2212072
,,0.084134926,-0.326780373,0.127367224,-0.054114631,0.147238,14.28303637
,,0.08423784,0.105947022,0.127234056,-0.167066864,0.147338,14.27817031
,,0.084239321,-0.067646505,0.127168435,0.006841149,0.147438,14.45617801
,,0.084176647,-0.135110698,0.127047966,0.05399679,0.147538,14.28204109
,,0.084110234,-0.146816863,0.126958713,0.103001157,0.147638,14.42975054
,,0.084103605,-0.070180938,0.126917107,-0.097076691,0.147738,14.26492443
,,0.084136669,-0.131631678,0.126841865,-0.083141442,0.147838,14.54847367
,,0.084217049,0.186012275,0.126756432,0.175172484,0.147938,14.51790967
,,0.084151269,0.077496724,0.126598121,0.028610288,0.148038,14.69683941
,,0.083991312,-0.202154841,0.126500372,-0.00342385,0.148138,14.58885665
,,0.08402003,0.099313612,0.126464343,0.131316155,0.148238,14.73634976
,,0.084009693,-0.311804926,0.126433063,0.244037251,0.148338,14.88116785
,,0.084117221,0.069306433,0.126349335,-0.120640309,0.148438,15.12940996
,,0.084136427,0.164038203,0.126298658,0.053884001,0.148538,15.01451388
,,0.084068594,-0.058989923,0.126202741,0.012252887,0.148638,15.04637953
,,0.084088078,0.164083391,0.126133171,-0.080527356,0.148738,15.1569538
,,0.084020933,-0.219913796,0.12612029,0.054193277,0.148838,15.30351953
,,0.084044852,-0.068130569,0.126057295,-0.218985516,0.148938,15.21469995
,,0.0841025,0.189401144,0.126013994,0.026354073,0.149038,15.21149158
,,0.084120213,0.13545678,0.125923718,-0.12508025,0.149138,15.39236638
,,0.084098523,-0.123527013,0.125905267,0.173560862,0.149238,15.54898138
,,0.084098559,-0.077515111,0.125833038,0.145024061,0.149338,15.41537607
,,0.084079277,-0.223624953,0.125782859,0.022271819,0.149438,15.47295215
,,0.084111905,0.075596986,0.12577902,0.082047332,0.149538,15.51676264
,,0.084109164,-0.052193278,0.125696595,-0.093866443,0.149638,15.71435807
,,0.084077429,0.042314213,0.12564614,-0.014669325,0.149738,15.6554189
,,0.084044888,-0.03278495,0.125630699,0.038109973,0.149838,15.69934995
,,0.084034122,-0.099247829,0.125622812,0.013326435,0.149938,15.85797926
,,0.084021891,0.041731258,0.125595001,0.156735337,0.150038,15.85236974
,,0.084032489,-0.124576322,0.12552227,-0.029644166,0.150138,15.7514913
,,0.08404654,0.052473277,0.125436512,-0.067647924,0.150238,16.04000588
,,0.083979902,0.046969129,0.125370588,-0.062059686,0.150338,15.94647492
,,0.083965146,0.088191661,0.125347752,-0.112935333,0.150438,15.93723322
,,0.083992961,0.134243749,0.125344117,0.182884419,0.150538,15.91532972
,,0.084036018,0.193673459,0.125237401,-0.026311026,0.150638,16.07449216
,,0.083995477,-0.241112909,0.12516417,0.117373454,0.150738,16.29267354
,,0.08404152,0.223556152,0.125087143,-0.27395636,0.150838,16.15604709
,,0.083952228,-0.147351233,0.125123393,0.21571498,0.150938,16.22370516
,,0.083922177,0.093526126,0.125044854,-0.14501057,0.151038,16.12531418
,,0.08387124,-0.317250725,0.124956215,-0.046533408,0.151138,16.33342693
,,0.083967949,0.073631759,0.124911199,0.080424235,0.151238,16.46861805
,,0.084084008,0.104723837,0.12484241,-0.144230203,0.151338,16.18400911
,,0.08406557,0.079316233,0.124790727,0.013665733,0.151438,16.35016373
,,0.083908957,-0.233614078,0.124717382,0.025835102,0.151538,16.59187462
,,0.08391209,0.14918985,0.124701249,-0.128720557,0.151638,16.47651492
,,0.08390222,-0.211497166,0.12478191,0.244436962,0.151738,16.50018323
,,0.08398999,0.138133248,0.124758045,0.176878306,0.151838,16.50854275
,,0.083945582,0.074495066,0.1246904,0.020387614,0.151938,16.77377365
,,0.083879372,-0.217727613,0.124613824,0.13076481,0.152038,16.50094364
,,0.083896728,0.012445544,0.124531146,0.026716756,0.152138,16.60056696
,,0.083897484,0.014508368,0.124532238,-0.129066232,0.152238,16.59702235
,,0.08392999,0.158230011,0.124580152,0.079040407,0.152338,16.70038626
,,0.083898933,-0.055663311,0.124543583,0.244002873,0.152438,16.59002754
,,0.083902891,0.14757874,0.124463383,-0.08694028,0.152538,16.81415314
,,0.083827828,-0.279329706,0.124458754,-0.001778324,0.152638,16.74594885
,,0.083898272,0.023991846,0.12444295,-0.107414566,0.152738,16.69461956
,,0.08391735,0.010348493,0.124445072,0.215735092,0.152838,16.92260395
,,0.083925193,-0.076301379,0.124339693,-0.055740269,0.152938,16.76068143
,,0.083967567,0.177475146,0.124301652,-0.016206051,0.153038,16.92952322
,,0.083877693,0.013695931,0.124327458,0.068589588,0.153138,16.65150785
,,0.083869949,-0.024358571,0.124301213,0.093528037,0.153238,16.90177458
,,0.083930033,-0.036022497,0.124229101,-0.098180019,0.153338,17.01209766
,,0.083946546,-0.184602856,0.124200059,-0.118966478,0.153438,17.07886691
,,0.083980275,0.184267679,0.124227056,-0.052645042,0.153538,17.05528829
,,0.083896329,-0.220942177,0.124184155,0.139488006,0.153638,17.04703182
,,0.083963281,-0.098838082,0.124132763,-0.091429588,0.153738,17.04531021
,,0.083969937,0.343722046,0.124139457,0.034387837,0.153838,17.37440678
,,0.083803838,-0.216306834,0.124134578,0.094566546,0.153938,17.23922792
,,0.083783542,0.027584067,0.124021671,-0.097228684,0.154038,17.49750496
,,0.083828048,-0.024808888,0.123973259,0.026631048,0.154138,17.35224647
,,0.083880921,0.023801431,0.123969426,-0.071992703,0.154238,17.39571521
,,0.083842735,0.175609857,0.123991216,-0.082200113,0.154338,17.39614815
,,0.083755586,-0.113481125,0.124017099,0.220122278,0.154438,17.50775107
,,0.083784976,0.060142378,0.123909468,0.048908232,0.154538,17.49734403
,,0.08381751,0.057206484,0.123824978,-0.086221004,0.154638,17.36521206
,,0.083788593,-0.030862602,0.123813226,-0.093472467,0.154738,17.51230083
,,0.08377367,-0.062380847,0.123908859,0.168271829,0.154838,17.46690092
,,0.083820866,0.086108434,0.123888796,-0.196493772,0.154938,17.30392583
,,0.083864742,-0.07611901,0.123832116,0.203160721,0.155038,17.35592111
,,0.083935903,0.210529228,0.123762889,-0.143819597,0.155138,17.5635992
,,0.083916608,0.156602811,0.123790604,0.114740702,0.155238,17.58948551
,,0.083833353,-0.095336709,0.123766338,-0.062146195,0.155338,17.63432105
,,0.08381546,0.181749229,0.123820624,0.295906857,0.155438,17.37600764
,,0.083758902,-0.226365483,0.123698917,-0.274269157,0.155538,17.63334175
,,0.083824511,0.054910113,0.123686802,0.111411129,0.155638,17.48609209
,,0.083764962,-0.062216487,0.123636288,0.019289708,0.155738,17.75743094
,,0.083796358,0.193457762,0.123558224,-0.28187347,0.155838,17.65893702
,,0.083796376,-0.062776205,0.123681592,0.075454996,0.155938,17.95879618
,,0.083803491,0.145375119,0.123749784,-0.068366305,0.156038,17.93803058
,,0.083727967,-0.068516727,0.123780359,0.341699338,0.156138,17.74728314
,,0.083730617,-0.056315745,0.123624009,-0.052851133,0.156238,17.80496175
,,0.083810405,0.016758332,0.123516876,-0.168118595,0.156338,18.02617856
,,0.083869193,0.147740664,0.123547557,0.171479303,0.156438,17.81082562
,,0.083791046,0.092212925,0.123543948,-0.089591875,0.156538,18.14946903
,,0.083701276,0.089143395,0.123504837,0.112606457,0.156638,18.08518361
,,0.083721845,-0.194581163,0.123408444,-0.260951597,0.156738,18.20570854
,,0.083791581,0.29714803,0.123428719,-0.044190606,0.156838,18.45121091
,,0.083739418,-0.115766874,0.123448415,0.150724464,0.156938,18.1852429
,,0.083761292,0.062757076,0.123418913,0.009351544,0.157038,18.20471007
,,0.083700931,-0.067549712,0.123361757,-0.135250813,0.157138,18.25291775
,,0.083730043,0.200273834,0.123393921,0.057903877,0.157238,18.24836539
,,0.08365759,-0.369900792,0.123361605,-0.031098029,0.157338,18.24803089
,,0.083769627,0.171372021,0.123315727,0.245153919,0.157438,18.30328388
,,0.083762545,0.010877114,0.123235025,-0.149034069,0.157538,18.26865793
,,0.083674417,-0.027005432,0.123212863,-0.09510501,0.157638,18.52979636
,,0.083706579,0.050729473,0.123233794,-0.023835357,0.157738,18.67624519
,,0.083749416,0.203519583,0.123248218,0.045128193,0.157838,18.55654195
,,0.083703501,0.01625318,0.123276967,-0.006273034,0.157938,18.44306424
,,0.083667867,0.131073871,0.123294079,0.045782141,0.158038,18.49596116
,,0.083550928,0.026261468,0.123268884,-0.124830218,0.158138,18.60328523
,,0.083510152,-0.10875551,0.123254184,-0.021094836,0.158238,18.38324623
,,0.083566813,-0.031530195,0.12323884,-0.202796898,0.158338,18.33664597
,,0.083626343,0.08550622,0.123292507,0.174953196,0.158438,18.47725117
,,0.083628811,-0.040977922,0.123222986,0.010042865,0.158538,18.38288284
,,0.083597679,-0.113958418,0.123194131,0.158374555,0.158638,18.4720703
,,0.083617545,0.105584186,0.123176024,-0.261106635,0.158738,18.64267847
,,0.083706678,0.033735298,0.12324475,0.448535542,0.158838,18.65084017
,,0.083723043,0.116539314,0.123104149,-0.21643747,0.158938,18.53423969
,,0.083615878,0.058603182,0.123069452,-0.064068849,0.159038,18.74538398
,,0.083593896,-0.239463219,0.12308631,0.207858906,0.159138,18.76548283
,,0.083708023,0.173174879,0.123006832,-0.0263356,0.159238,18.78491509
,,0.083665143,-0.065164339,0.122979953,0.086615256,0.159338,18.92507461
,,0.083573271,-0.133661516,0.12302311,0.040614798,0.159438,19.1239385
,,0.083589475,-0.053268071,0.123089503,0.197355761,0.159538,18.92926721
,,0.083635013,-0.110578217,0.122984367,-0.175851765,0.159638,18.91424059
,,0.083714495,0.172608151,0.122999521,0.151229036,0.159738,19.13874681
,,0.083658278,-0.18040889,0.123018668,0.080560585,0.159838,19.28081884
,,0.083575466,-0.082564876,0.122948228,-0.074579613,0.159938,19.03949549
,,0.083552914,-0.021658322,0.122900775,-0.098521556,0.160038,19.06234711
,,0.083539001,-0.026625465,0.122869417,-0.052068106,0.160138,18.99927875
,,0.083532691,-0.12253839,0.122867328,-0.037525206,0.160238,19.10813843
,,0.083596713,0.078238401,0.122887623,-0.05192046,0.160338,18.94637494
,,0.083587982,-0.077208058,0.122889923,0.167836362,0.160438,19.20332205
,,0.083617371,0.021605487,0.122825886,-0.117929069,0.160538,19.13106807
,,0.083602504,-0.122793012,0.122825013,-0.099766938,0.160638,19.13120349
,,0.083579919,-0.078377373,0.122805481,-0.128449421,0.160738,19.16320184
,,0.083607626,0.100441716,0.122773291,-0.079882308,0.160838,19.23278384
,,0.083604574,-0.057905489,0.122759202,-0.008809375,0.160938,19.12907992
,,0.083650349,-0.029176632,0.122749685,-0.090337718,0.161038,19.1180883
,,0.083665441,0.354951514,0.122766763,-0.135063852,0.161138,19.28144577
,,0.083511398,-0.255571543,0.122790806,-0.119524301,0.161238,19.2841922
,,0.083570515,0.08965877,0.122766256,0.10831364,0.161338,19.41384704
,,0.08361476,0.06171571,0.122709392,-0.257393173,0.161438,19.34137564
,,0.083588778,-0.170783091,0.122757394,0.306616654,0.161538,19.28906722
,,0.083556735,0.013395808,0.122664556,-0.212319778,0.161638,19.29672643
,,0.083471985,0.053017671,0.122660734,0.085377379,0.161738,19.58990258
,,0.083521676,-0.092592916,0.122610134,-0.075693748,0.161838,19.29192519
,,0.083640137,0.179404516,0.122582283,-0.071311756,0.161938,19.18041196
,,0.083598141,-0.164641492,0.122563759,0.058866718,0.162038,19.40839073
,,0.083604188,-0.028679082,0.122501567,-0.117814364,0.162138,19.39128565
,,0.083559988,-0.041085092,0.122500008,-0.100839189,0.162238,19.60355892
,,0.083563531,-0.038640269,0.122524138,-0.055631336,0.162338,19.60031488
,,0.083573827,0.091406644,0.122542432,0.157989274,0.162438,19.51197937
,,0.083510934,0.071297941,0.12245564,0.04574674,0.162538,19.46490058
,,0.083480273,-0.091284729,0.122380181,-0.183291817,0.162638,19.67420717
,,0.083529722,0.190982714,0.122399268,0.005011953,0.162738,19.62530777
,,0.083463576,-0.293443277,0.122448658,0.112882169,0.162838,19.90814188
,,0.08352803,0.041651207,0.122487556,0.137945946,0.162938,19.85217642
,,0.08354611,0.094375619,0.122505313,0.167420977,0.163038,19.71350461
,,0.083539151,-0.039326233,0.122463725,-0.133846226,0.163138,19.88345971
,,0.083578878,0.070142874,0.12240257,-0.058162668,0.163238,19.69682585
,,0.083567476,-0.013877872,0.122352671,0.047800728,0.163338,19.76686257
,,0.083579138,-0.159703621,0.122344626,-0.148647654,0.163438,19.69864151
,,0.083623833,-0.044273386,0.12241124,0.261532155,0.163538,19.81298177
,,0.083578929,-0.035260107,0.122342054,-0.06128934,0.163638,19.77092955
,,0.083542079,0.020098677,0.122310435,0.038445524,0.163738,19.84065119
,,0.083527295,0.019842178,0.122338959,-0.081095075,0.163838,19.92004031
,,0.083472166,-0.121204195,0.122375914,-0.047884309,0.163938,20.06969476
,,0.083500563,0.114950487,0.122320163,-0.121360014,0.164038,20.01504342
,,0.083577737,0.090771826,0.122263811,-0.024992661,0.164138,20.11905368
,,0.083588736,-0.041822158,0.122224795,0.000591991,0.164238,19.99764829
,,0.083501631,-0.166865063,0.122257017,0.108545946,0.164338,20.11380269
,,0.083517975,0.100405836,0.122198898,-0.027295728,0.164438,20.10219458
,,0.083543866,-0.095626599,0.122151427,-0.161232361,0.164538,20.01114675
,,0.083524208,0.036704736,0.12223228,0.128879448,0.164638,20.06606739
,,0.083446871,-0.018182232,0.122234812,-0.122647493,0.164738,20.21720461
,,0.083370893,-0.230271518,0.122228139,0.201952911,0.164838,20.33704338
,,0.083425267,0.046701784,0.122179265,-0.007681195,0.164938,20.20634779
,,0.083471926,0.166793719,0.12218392,-0.046214245,0.165038,20.32326233
,,0.083476594,-0.050772046,0.122178569,-0.052258777,0.165138,20.32663868
,,0.083472879,-0.068871616,0.122183132,0.016243584,0.165238,20.4246136
,,0.083453795,-0.028149575,0.122113872,-0.194419386,0.165338,20.4951116
,,0.083419955,-0.105814364,0.122158667,0.146749024,0.165438,20.59052006
,,0.083411858,0.040723683,0.122143199,0.016513905,0.165538,20.66825752
,,0.083407665,0.052373232,0.122124651,-0.058090671,0.165638,20.73951355
,,0.083441373,0.231287728,0.122106553,-0.13429998,0.165738,20.6046194
,,0.083448605,-0.013240664,0.122166543,0.104750854,0.165838,20.67616456
,,0.083455723,-0.119977074,0.122180149,0.074774447,0.165938,20.96928981
,,0.083432053,0.161857442,0.122106494,0.116721391,0.166038,20.89502482
,,0.083330502,-0.128261863,0.121974834,-0.288217789,0.166138,21.00235738
,,0.083362928,0.00407687,0.122008077,0.01475007,0.166238,20.93099888
,,0.083399607,0.154936525,0.122072307,0.030776203,0.166338,21.08692621
,,0.083386061,-0.188155881,0.122044378,0.148181421,0.166438,20.79907783
,,0.083470993,0.076392042,0.121961436,-0.103523199,0.166538,20.95981307
,,0.083416374,-0.045462996,0.121944916,-0.088014146,0.166638,21.15802388
,,0.083403116,-0.002532451,0.121948998,0.142089346,0.166738,21.16895066
,,0.083383646,0.068183207,0.121949212,-0.078566647,0.166838,21.11252011
,,0.083329384,-0.002082643,0.121943121,0.036693538,0.166938,20.76202562
,,0.083291172,-0.27991395,0.121849045,0.001001918,0.167038,21.13210755
,,0.083372874,0.080431037,0.12183125,-0.221370891,0.167138,20.87504601
,,0.083385391,-0.023992643,0.121912464,-0.082195812,0.167238,21.03399522
,,0.08342203,-0.015269301,0.121969347,0.110496918,0.167338,21.05254104
,,0.083503241,0.371497072,0.121924329,0.087278768,0.167438,20.91518096
,,0.083365752,-0.313494097,0.121773767,-0.186577278,0.167538,21.24506513
,,0.083386014,0.092939042,0.121771836,-0.141147468,0.167638,21.36388968
,,0.083352533,-0.022097663,0.121832539,0.193292048,0.167738,21.14814513
,,0.083315497,-0.1144941,0.121804912,0.031243175,0.167838,21.35423143
,,0.083337396,0.030177506,0.121757184,-0.192732371,0.167938,21.1138949
,,0.083403956,0.110472779,0.121781713,-0.11278189,0.168038,21.10470886
,,0.083373993,0.172739983,0.121811593,0.004417401,0.168138,21.33391447
,,0.083255173,-0.130697465,0.121843393,0.10761392,0.168238,21.27891226
,,0.083244067,-0.012576146,0.121810171,-0.0215101,0.168338,21.43930746
,,0.083305976,0.180304313,0.121762615,0.093634394,0.168438,21.29886318
,,0.083321189,-0.155964361,0.121731643,-0.102433731,0.168538,21.33565374
,,0.08339788,0.199698041,0.12171898,-0.058057379,0.168638,21.38333527
,,0.083390962,-0.038098689,0.121765627,0.049727129,0.168738,21.34985346
,,0.083360723,0.161261137,0.121743444,0.012184725,0.168838,21.52539275
,,0.083270051,-0.228018802,0.12167914,0.005228145,0.168938,21.40472471
,,0.083340863,-0.078349383,0.121666028,0.086909643,0.169038,21.43075305
,,0.083345327,-0.092257425,0.121588439,-0.142420449,0.169138,21.26883975
,,0.083283231,-0.001289205,0.121618642,-0.005283127,0.169238,21.52731286
,,0.083245404,0.022477425,0.121743199,0.24001397,0.169338,21.43184426
,,0.083349728,0.190607686,0.121689693,-0.050292008,0.169438,21.55206262
,,0.083392228,0.125035292,0.121642822,0.038438987,0.169538,21.73183893
,,0.083302926,-0.15021717,0.121660355,-0.017592527,0.169638,21.49380778
,,0.083316054,0.060388362,0.121682079,0.192417158,0.169738,21.66255054
,,0.083291282,-0.132107321,0.121568207,-0.239579254,0.169838,21.74127268
,,0.083304474,0.161821968,0.121584384,-0.02251119,0.169938,21.68812835
,,0.083238509,-0.0877907,0.12163539,-0.022429947,0.170038,21.59368682
,,0.08324341,0.090080062,0.121582158,-0.097302569,0.170138,21.53303387
,,0.083277183,0.034259894,0.121571363,-0.083052387,0.170238,21.65385763
,,0.083306973,-0.069053866,0.121598333,0.003317023,0.170338,21.81647466
,,0.083287819,0.035117262,0.121603316,0.138226787,0.170438,21.77568861
,,0.083276148,-0.014349874,0.121531922,0.073399018,0.170538,21.91639454
,,0.083250673,-0.167338802,0.121451419,-0.172208561,0.170638,21.75631736
,,0.083289719,0.207207526,0.121454182,-0.083563475,0.170738,21.96561021
,,0.083218018,-0.197058182,0.121485809,-0.174691495,0.170838,21.93665933
,,0.083275213,0.162835689,0.121513818,-0.126187488,0.170938,21.66091498
,,0.083254464,-0.061276891,0.121544261,0.038450714,0.171038,21.93885976
,,0.083231895,0.014977491,0.121509251,-0.021974374,0.171138,21.99594117
,,0.083215453,0.060854882,0.121463933,-0.205921792,0.171238,22.01615789
,,0.083185165,-0.247336049,0.121496166,-0.046804009,0.171338,21.91256317
,,0.083229374,-0.009390502,0.121512713,0.192278444,0.171438,22.10757018
,,0.083287491,0.120856292,0.121503499,0.009413941,0.171538,22.33345577
,,0.083326753,0.144613293,0.121516429,-0.036323289,0.171638,22.11961948
,,0.08326006,-0.235020921,0.121481878,0.163856322,0.171738,22.20662195
,,0.083262139,0.097552908,0.121434989,0.158790975,0.171838,22.0851596
,,0.083165954,-0.103709767,0.121367069,-0.297732201,0.171938,22.34512901
,,0.083177041,-0.058077282,0.121476496,0.280835998,0.170553805,13.95687442
,,0.083192759,-0.066627777,0.121373906,-0.006359867,0.167203162,7.382734692
,,0.083181805,-0.186275775,0.121311016,-0.01781771,0.164988054,5.119882451
,,0.083196318,0.145791613,0.121290933,-0.099351184,0.163259545,3.472019729
,,0.083118647,-0.090863394,0.121306443,-0.049837722,0.161862006,2.705826428
,,0.083134992,-0.084150251,0.121354662,0.345952314,0.160624993,1.912775642
,,0.083245081,0.017306626,0.121318037,-0.008617936,0.159610382,1.563985204
,,0.083245493,0.084311769,0.121345562,0.044003548,0.158746481,1.328932183
,,0.083179514,0.044338918,0.121285307,-0.174296857,0.157963022,1.100260656
,,0.083170757,-0.040359145,0.121313678,-0.027950194,0.157273962,0.925401102
,,0.083171476,0.051367918,0.12134773,-0.02031935,0.156615913,0.853793842
,,0.083098749,-0.164519737,0.121335172,0.054832189,0.155982939,0.744718312
,,0.083091714,0.001491274,0.121291843,-0.066289208,0.155406783,0.904473545
,,0.083121337,-0.005057289,0.12125527,0.011271679,0.154833323,0.838983747
,,0.083202431,0.179960784,0.12122989,-0.099534904,0.154228038,0.777807196
,,0.083220014,-0.067615747,0.121240927,-0.005424385,0.153651274,0.416009084
,,0.083252954,0.328944468,0.12124703,0.118919935,0.153170822,0.555268977
,,0.083130099,-0.161462231,0.121246111,-0.020890704,0.152691076,0.702617573
,,0.083053119,0.010295466,0.121238542,-0.112306479,0.152233879,0.202305784
,,0.083095379,0.015773601,0.121239057,-0.071663557,0.151920605,0.521109114
,,0.083086043,-0.083230389,0.121221175,0.0838573,0.151601872,0.174604572
,,0.083062243,-0.210685189,0.121141816,-0.013362968,0.151392294,0.26064078
,,0.083165417,0.284341279,0.12106059,0.041846658,0.151177131,0.177899704
,,0.083107818,0.085328299,0.121084102,0.02660225,0.151001613,0.104315676
,,0.083036096,-0.310174334,0.121129706,0.332353558,0.150875095,-0.101135097
,,0.083111527,0.092921934,0.121074585,-0.115601573,0.150770123,0.19486684
,,0.083224632,-0.061096756,0.121104665,-0.00078178,0.150603567,0.136737721
,,0.083306384,0.031814062,0.121185441,0.154615806,0.150451605,0.025549149
,,0.083268116,0.106188585,0.121170273,0.251848292,0.150332652,-0.008224127
,,0.083163491,-0.206359116,0.121043114,-0.102756051,0.150250346,-0.014531812
,,0.083137756,-0.082410389,0.121045379,-0.019973356,0.150188063,0.067671176
,,0.083119555,-0.185189036,0.121084944,0.021560035,0.150110019,0.241464248
,,0.083150803,0.197132614,0.121101576,-0.002015605,0.14991563,0.113996078
,,0.083046986,-0.355482996,0.121096811,0.135026748,0.149800072,-0.091738497
,,0.083121258,-0.025343211,0.121098149,-0.176332353,0.149772114,0.140217672
,,0.083223177,0.102555835,0.121121102,-0.069456207,0.149624152,-0.03495195
,,0.083218997,0.091552575,0.121118471,0.038378215,0.149514071,0.040333443
,,0.08311414,-0.062127038,0.121077458,0.139925028,0.149402812,0.042020509
,,0.083010681,-0.144510469,0.121019903,0.179251959,0.149299592,0.079741097
,,0.083066263,0.08936331,0.121002511,-0.089035938,0.149214078,0.154161146
,,0.083120727,0.087208996,0.121079571,0.118505972,0.149064687,0.180480653
,,0.083094044,-0.085025707,0.121109669,0.023527937,0.148866461,-0.130426645
,,0.083044233,-0.186597434,0.12108405,0.111841533,0.148771028,0.17522421
,,0.083060727,0.015848213,0.121028875,-0.056411747,0.148643854,-0.088364434
,,0.083051227,0.119535617,0.121041186,0.085654613,0.148602437,0.059874633
,,0.082953859,-0.096085181,0.121047628,0.182423603,0.148569509,0.144297009
,,0.082950563,-0.086100322,0.120996216,-0.075405166,0.148480569,0.06582775
,,0.083074933,0.186646843,0.120990342,-0.194763648,0.148355126,0.107342647
,,0.083078685,0.05999377,0.120955008,-0.036940147,0.148238339,0.036476549
,,0.082999107,-0.165273455,0.120911815,-0.030471839,0.148190833,0.093096964
,,0.083006171,-0.049379143,0.120941778,-0.26640587,0.148110299,0.182564389
,,0.083043734,0.05376543,0.121038708,-0.066449457,0.148002655,-0.021903892
,,0.083042644,0.046783799,0.121061419,0.024379524,0.147930464,0.081559761
,,0.083089601,0.168421196,0.121013372,-0.075562475,0.147832358,0.059901528
,,0.083073416,-0.1134912,0.120994958,0.09035956,0.147733514,-0.037759618
,,0.083074717,0.061135448,0.120928419,0.031502503,0.14763649,-0.184508529
,,0.083035021,0.056524205,0.120868359,0.198551344,0.147599359,-0.06014842
,,0.083006239,-0.042116376,0.120809213,-0.162502791,0.147530785,-0.192228755
,,0.083026603,-0.188340253,0.120810786,0.037476285,0.147522091,0.258486284
,,0.083151756,0.238045307,0.120829268,-0.018278429,0.147456034,0.111649511
,,0.08308257,0.054409687,0.120908837,0.079237591,0.147382912,-0.087454879
,,0.082992659,-0.153500131,0.120874947,0.073288659,0.147363179,0.025939071
,,0.083014699,-0.118420702,0.120871642,-0.085356458,0.147368199,0.037148198
,,0.083068128,-0.019571938,0.120879448,0.076473966,0.147335258,0.077759242
,,0.083058971,0.017171675,0.120793855,-0.178932083,0.14725233,-0.00608667
,,0.083034164,-0.191076395,0.120811346,0.058852445,0.147193681,0.056860797
,,0.083038255,-0.052715196,0.120867225,0.138974624,0.1471015,-0.03875405
,,0.083031529,-0.038062765,0.120821711,-0.041715037,0.147045663,0.047867719
,,0.083013107,-0.067189437,0.120801891,0.062247,0.147049956,0.096823902
,,0.082993459,-0.03285472,0.120753021,-0.094564165,0.146960305,-0.02116386
,,0.082979917,0.118924705,0.120791037,0.037955357,0.14689136,-0.06155999
,,0.082965812,-0.115351221,0.120746115,-0.111534602,0.146850212,0.026965605
,,0.08295045,-0.164014288,0.120774469,0.066898267,0.146794724,-0.054650937
,,0.083064841,0.170867023,0.120860707,-0.01841153,0.14677243,-0.058842666
,,0.083091197,0.058304414,0.120891239,0.056867043,0.146698212,0.175393646
,,0.083057677,0.091714785,0.120875419,0.257730746,0.146577195,-0.033960576
,,0.082989016,-0.235579035,0.120720099,-0.065556481,0.146548368,-0.103506798
,,0.083064072,0.247970877,0.120688436,0.011869468,0.146527848,-0.02992339
,,0.083021124,-0.131741126,0.120716829,-0.168983897,0.146532555,0.332224923
,,0.083030103,0.030640541,0.120748582,-0.057355023,0.146427134,0.17758227
,,0.083024082,0.040717324,0.120788039,-0.074123922,0.146334328,0.049896688
,,0.083004962,-0.278555928,0.120762996,-0.160576449,0.146289739,0.037057337
,,0.083022123,-0.141782934,0.120754103,0.074478003,0.146254704,0.121202009
,,0.083008247,-0.042160824,0.120754239,0.038594055,0.146150938,-0.055006261
,,0.083043275,0.058104718,0.120704249,0.147299846,0.14603362,0.005684024
,,0.083114546,0.159978216,0.12065062,-0.216486957,0.145912832,-0.041802715
,,0.083048553,-0.235298982,0.120710069,0.003874839,0.145896823,-0.036230016
,,0.083031742,0.038440787,0.120727494,0.044483005,0.145960947,0.050456682
,,0.082979148,-0.188958189,0.120790382,-0.103968166,0.145944184,-0.205467961
,,0.082949872,-0.026282809,0.120806418,0.03073284,0.145912972,0.145183312
,,0.082946976,-0.252180621,0.120717073,-0.210068002,0.145848204,-0.047149389
,,0.083008636,0.066495533,0.120718358,0.11511422,0.145787577,0.151262226
,,0.082948791,-0.117130262,0.120702565,-0.045602999,0.145670135,-0.183591644
,,0.082928117,-0.066914253,0.120687944,-0.054948273,0.145680051,0.217892866
,,0.082901893,-0.099765258,0.120668892,-0.11094273,0.145621893,0.025109091
,,0.082865805,-0.139814835,0.120687423,-0.098031149,0.145555672,0.016461085
,,0.082960058,0.221419128,0.120696969,0.08623149,0.145548399,0.070146003
,,0.082937428,-0.068194887,0.120610449,-0.005354408,0.145539131,0.057209482
,,0.082935209,0.04851734,0.120588327,-0.047788942,0.145484735,0.016649585
,,0.082875019,-0.169579156,0.120646176,0.059463849,0.145418205,0.048733035
,,0.082881076,-0.079107757,0.120626541,0.095127637,0.14539267,0.129004792
,,0.082901071,0.11778631,0.12055313,-0.056801473,0.145381335,-0.014118932
,,0.082945972,0.130528985,0.120587163,-0.025958906,0.145359781,0.018897289
,,,,0.12071331,0.14925677,0.145326341,-0.067373631
,,,,0.120667358,-0.124937676,0.145394147,0.135237793
,,,,0.120638338,0.20485456,0.145348722,0.003522202
,,,,0.120568268,-0.151934294,0.145288426,0.02538298
,,,,0.120569003,-0.052904473,0.145224694,-0.134656751
,,,,0.120552569,-0.032079672,0.145226493,0.244821959
,,,,0.120510068,0.123187371,0.145177334,0.336585536
,,,,0.12048397,-0.133858768,0.145048715,-0.194784188
,,,,0.120519869,0.039704555,0.145049025,0.062414466
,,,,0.120498856,-0.004114243,0.144982784,0.101120668
,,,,0.120504718,-0.093264622,0.144890662,-0.204664251
,,,,0.120572811,0.047661204,0.144922422,0.113849469
,,,,0.120606312,0.028195965,0.144895433,0.123048954
,,,,0.120567038,-0.032577306,0.144891173,-0.03606769
,,,,0.120569547,-0.096390438,0.144933739,0.270229903
,,,,0.12057856,0.094344706,0.144919185,0.173819155
,,,,0.120539115,-0.143662325,0.144833306,-0.0750745
,,,,0.12050872,0.076291601,0.144803361,0.148949825
,,,,0.120480688,-0.02283232,0.14474809,0.143530141
,,,,0.120508946,0.01709811,0.144706444,-0.051026352
,,,,0.120486869,0.096953027,0.144675437,-0.109058398
,,,,0.120428622,-0.055648263,0.144710394,-0.007437011
,,,,0.120438706,0.048262645,0.144732733,0.051061078
,,,,0.120446083,-0.178933882,0.144748199,0.033176778
,,,,0.1205081,0.274943094,0.144726918,0.073020502
,,,,0.120413521,-0.23344932,0.144639568,0.123316488
,,,,0.120399597,-0.069180521,0.144541941,-0.215817428
,,,,0.120412919,-0.203068887,0.144554887,0.144569271
,,,,0.120456398,0.182781355,0.144545215,0.136896109
,,,,0.120369272,-0.198474694,0.144503881,0.102087102
,,,,0.120422297,0.134838152,0.144421672,0.258815344
,,,,0.120426559,0.056787862,0.144276975,-0.1873798
,,,,0.120358631,-0.073974905,0.144310418,-0.086245173
,,,,0.12032004,0.043989315,0.144385399,-0.002317767
,,,,0.12029999,0.050502198,0.144346605,0.015622845
,,,,0.120353035,0.007796169,0.144263689,0.052674674
,,,,0.120474949,0.188435912,0.144121286,-0.154990255
,,,,0.120499997,0.158552353,0.144164918,0.021554171
,,,,0.12039587,-0.135074396,0.144200445,0.141521057
,,,,0.12029793,0.009083083,0.144159918,0.160180361
,,,,0.120245981,-0.069597878,0.144059527,0.093551965
,,,,0.120286933,0.011393457,0.143979607,-0.328753444
,,,,0.120259098,-0.085093463,0.14406542,0.229334632
,,,,0.120281029,-0.02655535,0.144035159,-0.033505862
,,,,0.120362488,0.204937637,0.143960052,-0.037546832
,,,,0.120290256,-0.117267052,0.143904921,-0.076925927
,,,,0.120252839,0.07994389,0.143920517,-0.170473691
,,,,0.120180413,0.057951339,0.143962894,0.349850244
,,,,0.120150811,0.007864479,0.143832676,-0.028937481
,,,,0.120179148,-0.186369135,0.143795735,-0.073509637
,,,,0.120273399,0.20221519,0.143742066,-0.154783922
,,,,0.120264751,-0.067950815,0.143805721,0.017764902
,,,,0.120248461,-0.035262616,0.143805109,0.007014558
,,,,0.120232389,-0.02068027,0.143738054,0.044197371
,,,,0.120239424,0.035079591,0.143653531,-0.299129822
,,,,0.120191154,-0.013966117,0.143706844,0.003295706
,,,,0.120220341,0.098655738,0.143735727,0.211594792
,,,,0.120232707,0.019539016,0.143572985,-0.061116477
,,,,0.120204936,-0.018586236,0.143482741,-0.206150717
,,,,0.120186381,0.007271252,0.143480832,-0.002382288
,,,,0.120178355,-0.130431505,0.14353603,0.273529887
,,,,0.120201726,0.124299505,0.143509071,-0.077113978
,,,,0.120143759,0.086967243,0.143457469,0.142788382
,,,,0.120061153,0.017057132,0.143406713,-0.098334863
,,,,0.12003512,-0.065211465,0.143421733,-0.21502983
,,,,0.120040951,-0.060733933,0.14347508,0.045368416
,,,,0.120117629,0.181487754,0.143449388,-0.028232281
,,,,0.120120788,0.089945157,0.143424197,0.113420078
,,,,0.120114753,0.201990627,0.14339081,0.081743432
,,,,0.12001688,-0.219439603,0.143374143,-0.258232529
,,,,0.120009107,0.174760929,0.143432164,0.007309858
,,,,0.119972343,-0.015770711,0.143418706,0.172744511
,,,,0.11999083,0.121737374,0.143308533,-0.203051182
,,,,0.119989221,0.094458329,0.143291253,-0.006334605
,,,,0.120022784,-0.106182706,0.143279804,-0.193014375
,,,,0.120069196,-0.066731664,0.143348053,0.1746506
,,,,0.120074393,0.200257784,0.143303011,0.070167985
,,,,0.11999552,-0.166402339,0.143246672,0.085492722
,,,,0.120000026,0.008943009,0.143174635,-0.174864881
,,,,0.120052735,0.074931806,0.14318928,0.207050195
,,,,0.120020163,0.16101136,0.143127949,-0.208508253
,,,,0.119839677,-0.106850646,0.143153374,0.079254561
,,,,0.119832984,0.065892728,0.143103874,-0.111754511
,,,,0.119931809,0.017968906,0.143078657,-0.052799821
,,,,0.119999901,-0.026572141,0.143054656,-0.111290484
,,,,0.119956713,0.07990002,0.143053034,0.035286678
,,,,0.119907338,-0.160012724,0.143067622,-0.078075687
,,,,0.119945358,-0.237578606,0.143068121,0.087461359
,,,,0.120035745,0.292022765,0.142991411,0.031378955
,,,,0.119944433,-0.063277805,0.142933688,-0.204613938
,,,,0.11987517,-0.281672049,0.142990182,0.083283335
,,,,0.11992132,0.115448911,0.142954423,-0.087468758
,,,,0.119944725,-0.107241775,0.142942783,0.039813409
,,,,0.119978581,0.058327135,0.142928027,-0.109599156
,,,,0.119970867,0.157478452,0.142973514,0.157573196
,,,,0.119872047,-0.175778084,0.142948551,-0.093328365
,,,,0.119889272,0.08198787,0.142997964,0.16685497
,,,,0.119875062,-0.176049312,0.1429403,-0.015510173
,,,,0.119955747,0.326067838,0.142837389,0.037655599
,,,,0.119860206,-0.179469453,0.142795471,-0.24649834
,,,,0.119841214,0.116682793,0.142894187,0.310930489
,,,,0.119851934,-0.060856742,0.142795022,-0.145756549
,,,,0.119962894,0.094051005,0.142786483,0.214781584
,,,,0.120029462,0.189741999,0.142740114,0.195427299
,,,,0.119875897,-0.175471143,0.142662941,-0.181920883
,,,,0.119845325,-0.106567414,0.142673737,0.025980313
,,,,0.119943908,-0.00880977,0.142709775,0.039655842
,,,,0.119974681,0.16453226,0.142685974,0.003132768
,,,,0.119889645,0.002820722,0.14267983,0.061373416
,,,,0.119828031,-0.028696884,0.142689554,0.203036381
,,,,0.119808205,0.024637963,0.14262605,0.001680188
,,,,0.119857748,-0.069355675,0.142593347,0.03814559
,,,,0.119876771,0.098321392,0.142524596,-0.071482226
,,,,0.119773616,-0.180887134,0.14250446,-0.161071451
,,,,0.119793716,0.078042932,0.142573641,0.10722627
,,,,0.119783289,-0.086370221,0.142572997,0.021097939
,,,,0.119797758,0.034438888,0.142522761,-0.129056534
,,,,0.119884751,0.187698766,0.142509522,-0.061534831
,,,,0.119891962,0.141872862,0.142475478,-0.071793179
,,,,0.119823074,0.015388328,0.142449732,-0.121170851
,,,,0.119785601,0.164190935,0.142461967,-0.069947529
,,,,0.119812819,0.048888274,0.14245992,-0.026371952
,,,,0.119823289,0.054061163,0.142447857,-0.18036825
,,,,0.119813538,-0.046837808,0.142449279,0.148957764
,,,,0.119794866,0.208446527,0.142396381,0.053487298
,,,,0.11974534,0.058301946,0.142402725,0.013998783
,,,,0.11970888,-0.056851762,0.142446772,0.133887518
,,,,0.11980085,0.152860143,0.142353559,-0.070144107
,,,,0.119887276,-0.029196412,0.142274779,-0.084433722
,,,,0.119927627,0.124797385,0.142274056,-0.063921781
,,,,0.119776146,-0.124786679,0.142308496,0.129504833
,,,,0.119708686,-0.214716294,0.142284318,-0.239266745
,,,,0.119736889,0.056165736,0.142353975,0.091160777
,,,,0.119733403,-0.095730901,0.142303052,0.06396674
,,,,0.119801252,0.150826773,0.142236186,-0.009986421
,,,,0.119757339,-0.00983104,0.142231122,0.114901867
,,,,0.119706398,-0.191910041,0.142219468,0.001578328
,,,,0.119739696,-0.153243765,0.142235839,0.189585017
,,,,0.119778252,0.022010244,0.142176391,-0.180822746
,,,,0.119728143,-0.046209361,0.142145812,0.022713978
,,,,0.119656331,-0.062163629,0.142087651,-0.081056142
,,,,0.119635081,0.051465048,0.14209907,-0.266138435
,,,,0.119627576,-0.088966336,0.142096201,0.053201871
,,,,0.119592089,0.035621041,0.141993301,-0.111868113
,,,,0.119555421,0.044871854,0.142037352,0.012725662
,,,,0.119600601,0.115482844,0.142076599,0.054525761
,,,,0.119628331,-0.080106747,0.142038226,0.070056296
,,,,0.11969017,0.261757303,0.141905803,-0.004057853
,,,,0.119634541,-0.093287349,0.141868396,-0.124457787
,,,,0.11969032,0.155508647,0.141912581,0.251998969
,,,,0.119690779,-0.099162375,0.141907552,0.107436765
,,,,0.119673423,-0.07729711,0.141882101,-0.268227859
,,,,0.119625375,-0.107485202,0.141940017,0.282297922
,,,,0.119617719,0.036891482,0.141895654,-0.172664688
,,,,0.119581245,0.030430786,0.141925476,-0.035241072
,,,,0.119540676,-0.137143007,0.14191861,0.038626365
,,,,0.119596763,0.003841602,0.141939725,0.14507449
,,,,0.119568505,0.073799698,0.141958116,0.305778607
,,,,0.119494959,-0.030841014,0.141860264,-0.171851183
,,,,0.119495631,0.025588046,0.141858244,-0.130759551
,,,,0.119520772,-0.142270699,0.141915574,0.038214491
,,,,0.119570067,0.158088379,0.141886457,0.113778656
,,,,0.119547827,-0.046542265,0.14182387,-0.001534882
,,,,0.119574072,0.043044694,0.141778541,-0.225991199
,,,,0.119511255,-0.109116983,0.141852863,0.33891059
,,,,0.119470421,-0.077075656,0.141763616,-0.061197578
,,,,0.119551216,0.174642522,0.1417032,-0.23747824
,,,,0.119521964,-0.086596638,0.141753116,0.083219648
,,,,0.119527959,0.059597378,0.141798135,0.218627254
,,,,0.119508139,-0.020520225,0.141728964,0.203367095
,,,,0.119515073,-0.068844291,0.141573439,-0.310407092
,,,,0.119515968,0.029202428,0.141507027,0.026889076
,,,,0.119480727,-0.122021895,0.141505052,-0.000762418
,,,,0.11951024,-0.171414305,0.141568823,0.158722655
,,,,0.119575958,0.261040914,0.14150824,-0.043415316
,,,,0.11947539,-0.158269615,0.141465045,0.115100421
,,,,0.119457977,-0.167036881,0.141463033,-0.094066927
,,,,0.119506792,0.02614879,0.141533541,0.080635867
,,,,0.119454984,-0.085680364,0.141458869,-0.271788663
,,,,0.119518071,0.21682593,0.141500944,-0.085277306
,,,,0.119507176,-0.108639427,0.141598431,0.244862058
,,,,0.119548558,0.098759963,0.141571937,0.057469867
,,,,0.119572954,0.266128558,0.141521555,0.006960415
,,,,0.11943062,-0.177727364,0.141476742,-0.017089218
,,,,0.119440669,0.122606466,0.141407925,-0.0085005
,,,,0.119416751,-0.126690751,0.141368254,-0.183563308
,,,,0.119389222,-0.131150601,0.141401233,-0.013282315
,,,,0.119400571,-0.001088748,0.141442958,0.040620776
,,,,0.119461863,0.083903552,0.14140786,0.127256654
,,,,0.119421117,0.184349024,0.141332662,-0.184271192
,,,,0.119364468,-0.105385893,0.141355963,-0.085908547
,,,,0.119439137,-0.055699037,0.141447335,0.229116814
,,,,0.119465067,0.194006996,0.141388554,-0.009878086
,,,,0.119414422,-0.091160373,0.141360545,0.082069378
,,,,0.119366121,-0.14910744,0.14136544,0.119096157
,,,,0.119348661,0.119519059,0.141318471,0.145276624
,,,,0.119301995,-0.115078533,0.141258925,-0.127585624
,,,,0.119332438,0.148672082,0.141209908,-0.265843495
,,,,0.119363179,-0.000246821,0.141234089,0.056391954
,,,,0.11939988,-0.05941564,0.14124151,0.019811649
,,,,0.119473128,0.032671703,0.141255991,0.141182347
,,,,0.119491822,0.124460734,0.141191188,0.022708996
,,,,0.119497838,0.10368637,0.141117358,0.022489403
,,,,0.119415419,0.070546274,0.141063748,-0.203041857
,,,,0.119320768,-0.331349696,0.141113223,0.19975299
,,,,0.119409074,0.016418053,0.141128891,0.023809111
,,,,0.119402775,-0.124480013,0.141103752,-0.004905368
,,,,0.119386451,-0.016293195,0.141075612,-0.015683916
,,,,0.119337287,-0.113825556,0.141112131,-0.043198307
,,,,0.119380817,0.183048284,0.141156642,0.216994383
,,,,0.119392401,0.229723832,0.14108976,0.09642927
,,,,0.119397158,0.0215049,0.140996814,-0.203079396
,,,,0.119440268,0.096460231,0.141026068,-0.020041912
,,,,0.119425012,0.131747834,0.141074896,0.329084999
,,,,0.119321495,-0.242044182,0.140962239,-0.03920129
,,,,0.119347957,0.047418129,0.14092155,-0.126871204
,,,,0.119343931,0.112747436,0.14098726,0.211962952
,,,,0.119339106,0.08987371,0.140994,0.130321698
,,,,0.119386035,-0.008470544,0.141010834,0.156910626
,,,,0.119397141,0.238586391,0.140917941,-0.163952374
,,,,0.119268775,0.002306507,0.140990694,0.151421186
,,,,0.119213903,-0.176187735,0.141012158,0.041167371
,,,,0.119281265,-0.086135897,0.140983826,-0.040456827
,,,,0.119314027,0.161444534,0.140986031,0.13350323
,,,,0.119263042,-0.178497475,0.140946864,0.234594345
,,,,0.119273335,-0.0350791,0.140885365,-0.120535233
,,,,0.119296812,0.011239645,0.14095485,-0.049103313
,,,,0.119321541,-0.001919466,0.1410854,0.160907197
,,,,0.119288585,0.171463323,0.141015174,-0.002583752
,,,,0.119256818,-0.095348287,0.140837549,-0.399329403
,,,,0.119299963,0.189129745,0.140882902,0.023373358
,,,,0.11926326,0.015767215,0.140850353,-0.112725698
,,,,0.119307833,0.205269071,0.140900009,-0.051255959
,,,,0.119222221,-0.186277894,0.140971775,0.031489419
,,,,0.119175204,-0.07709173,0.140933133,0.225596404
,,,,0.119231859,-0.054898433,0.140785051,-0.084649118
,,,,0.11929431,0.053926558,0.140762374,-0.205016512
,,,,0.119287369,0.167833398,0.140850989,0.028986278
,,,,0.119200559,-0.204374865,0.140894379,0.305954255
,,,,0.119179967,-0.135320184,0.140826069,-0.135339532
,,,,0.119201013,0.049520784,0.140776178,-0.11285093
,,,,0.119270294,0.126820692,0.140719151,-0.262262923
,,,,0.119279339,-0.011271134,0.140810054,0.046613753
,,,,0.119281398,-0.127133748,0.140813502,-0.012477971
,,,,0.119314829,0.229372676,0.140773944,0.05936814
,,,,0.119256646,0.052923191,0.14072781,-0.038301032
,,,,0.119254064,0.228478156,0.140708547,-0.154000351
,,,,0.119147737,-0.111610535,0.140725625,0.058342207
,,,,0.119148421,-0.008255925,0.140705141,0.108750153
,,,,0.119181006,0.200953313,0.140709099,0.053347232
,,,,0.119100976,-0.038273673,0.140733578,0.003660101
,,,,0.119086306,-0.198895339,0.140717279,0.212105278
,,,,0.119176303,0.094256187,0.140618911,-0.074862474
,,,,0.119241391,0.213932673,0.140619249,-0.046377482
,,,,0.119215198,0.09737962,0.140665144,0.140926799
,,,,0.119134045,-0.070219647,0.14067153,0.039680163
,,,,0.119152415,0.042838525,0.140607678,-0.066918888
,,,,0.119102663,-0.024365194,0.140568485,0.090725288
,,,,0.119070728,0.113719911,0.140538963,0.036342446
,,,,0.119012041,0.006695919,0.140491237,0.203679608
,,,,0.118979414,-0.14352142,0.140411961,-0.135462285
,,,,0.119049204,-0.11257214,0.140445324,-0.087016006
,,,,0.119171783,0.033404851,0.140484141,0.053299711
,,,,0.11913623,-0.133619891,0.140511199,-0.010861174
,,,,0.119071887,-0.057113056,0.140557157,0.120904353
,,,,0.119086893,0.111847097,0.14049533,-0.090972191
,,,,0.119019086,-0.072792209,0.140486385,0.049989073
,,,,0.119081957,0.091114612,0.140480063,-0.495038474
,,,,0.11912846,0.219314198,0.140591494,0.271608608
,,,,0.119064357,-0.021404522,0.140502335,-0.186707487
,,,,0.119053576,-0.1239187,0.140489349,0.169895367
,,,,0.119056619,-0.160863967,0.140457553,-0.09732832
,,,,0.119040972,0.125773719,0.140472464,-0.010078656
,,,,0.118985729,-0.142797985,0.140460034,0.031231028
,,,,0.119024697,0.116582366,0.140445417,0.122282965
,,,,0.119012123,-0.025953735,0.140346731,-0.178381905
,,,,0.119046875,-0.125806701,0.140401237,0.346750431
,,,,0.119076532,-0.050165517,0.140383043,-0.013367508
,,,,0.118993219,-0.075400105,0.140375976,-0.000781333
,,,,0.118956116,-0.183404035,0.140362334,-0.176553514
,,,,0.11902356,0.069748163,0.140375306,0.049652997
,,,,0.11903252,-0.096983357,0.140355604,-0.116024447
,,,,0.119027478,-0.080471962,0.140372357,0.136143611
,,,,0.11899624,0.114784003,0.140314825,-0.294727001
,,,,0.118988868,-0.114216485,0.140318381,-0.031986324
,,,,0.118970907,0.117903093,0.140346353,0.022103213
,,,,0.11888089,-0.161268768,0.140332571,0.040375288
,,,,0.118953455,-0.071527149,0.140324013,-0.043193239
,,,,0.119022767,0.141504402,0.140358526,0.017028102
,,,,0.118926455,-0.239128372,0.140364842,-0.076963721
,,,,0.11898882,0.125636239,0.140320538,-0.014928102
,,,,0.119014905,0.056730381,0.140338574,0.1183157
,,,,0.11894752,-0.05578522,0.140289458,-0.123171075
,,,,0.118935646,-0.052719696,0.140242846,-0.151453428
,,,,0.118949974,-0.001083369,0.140265134,0.028797661
,,,,0.118951399,-0.028525397,0.140353028,0.324172521
,,,,0.118995653,0.232910267,0.140281554,-0.121196424
,,,,0.118935734,-0.116341241,0.140206591,0.152796958
,,,,0.118913643,-0.058877246,0.140144134,0.042454967
,,,,0.118950912,0.025753421,0.140125687,-0.062522967
,,,,0.118982619,0.058239539,0.140202192,0.209448608
,,,,0.118988265,-0.094782507,0.140209154,0.001110089
,,,,0.118996356,0.258038021,0.14022637,0.217821928
,,,,0.118931566,-0.109416388,0.140137936,-0.149209764
,,,,0.118961412,0.018722628,0.140124418,-0.190550159
,,,,0.119013676,0.116902533,0.140211819,0.083127227
,,,,0.118997141,0.23988822,0.140232639,0.367297492
,,,,0.118873379,-0.06001102,0.140119663,-0.064187252
,,,,0.11881231,-0.17127291,0.140091892,0.016154616
,,,,0.11884666,0.109451922,0.140110232,0.014008888
,,,,0.118876276,-0.019540331,0.140114383,0.154904209
,,,,0.118933395,0.110263847,0.14004472,-0.029991859
,,,,0.118774168,-0.278066732,0.1400379,-0.009992794
,,,,0.118714923,-0.068483741,0.140019138,-0.143354048
,,,,0.11878272,-0.149735957,0.140080219,-0.090811976
,,,,0.118866809,0.150190984,0.140145574,0.153676697
,,,,0.118815039,0.02185704,0.140067212,0.01397288
,,,,0.11882325,0.053762,0.139976921,-0.15315138
,,,,0.118840195,-0.247480231,0.140084401,0.034928003
,,,,0.118862156,-0.075749838,0.140171534,0.283961491
,,,,0.118897545,0.184486882,0.140041802,0.056128556
,,,,0.118839184,-0.026108938,0.139984364,-0.072839189
,,,,0.118815921,-0.036719414,0.140013585,-0.058663871
,,,,0.118850458,-0.068763113,0.140043636,-0.079082863
,,,,0.118939632,0.310778146,0.140077817,-0.085471648
,,,,0.11888813,-0.091931393,0.140064293,0.203911771
,,,,0.118823701,0.097030051,0.139935967,-0.085903939
,,,,0.118724517,-0.154196022,0.139882873,-0.223135101
,,,,0.118757993,0.142162425,0.139978371,0.043491497
,,,,0.118787234,-0.155112835,0.139997081,-0.052324412
,,,,0.118841681,0.132751289,0.139981982,0.147022602
,,,,0.118814088,0.202019581,0.139927686,-0.069442798
,,,,0.118755592,0.092611947,0.139899687,0.023655744
,,,,0.11872447,-0.177776883,0.139898701,0.078937031
,,,,0.118819131,0.15062135,0.139857187,0.128733801
,,,,0.118839265,0.010116649,0.139845706,-0.181148769
,,,,0.118802249,-0.084031705,0.139847485,-0.013100851
,,,,0.118770158,0.14124603,0.139853355,0.026459375
,,,,0.118739235,-0.23478853,0.139885942,-0.11338616
,,,,0.118776762,0.135140198,0.139941693,-0.005511326
,,,,0.118763461,0.176222717,0.139918074,0.187000028
,,,,0.118732543,-0.323107969,0.139829952,-0.185128454
,,,,0.11889842,0.518621945,0.139889433,-0.043759237
,,,,0.118790435,-0.069785222,0.13991719,0.023903348
,,,,0.118706185,-0.226221761,0.139912528,0.119095165
,,,,0.118726929,0.022439168,0.139837864,-0.006288234
,,,,0.118730308,-0.080146933,0.13980221,-0.152404303
,,,,0.118734037,-0.121620471,0.139835975,0.18460246
,,,,0.118745249,0.027315425,0.139854063,-0.15533122
,,,,0.118711082,0.107834123,0.139896542,0.235014739
,,,,0.118671859,-0.208207697,0.139822296,-0.328864349
,,,,0.118762535,0.136276416,0.139873721,0.06885509
,,,,0.118781795,0.030175069,0.139877626,0.117782804
,,,,0.118748487,-0.005305856,0.139839181,-0.018990628
,,,,0.118681399,-0.141714753,0.139829804,0.035563222
,,,,0.118653487,-0.044065514,0.139838183,0.075604463
,,,,0.118654682,-0.149549292,0.139875375,-0.038393785
,,,,0.118705488,0.128159733,0.139855249,0.08691496
,,,,0.118663997,-0.107818939,0.139694496,-0.289983292
,,,,0.118674704,-0.146163375,0.139726535,0.05847408
,,,,0.118748851,0.187305483,0.139802252,-0.186090618
,,,,0.118744687,0.031519022,0.139844941,0.121825091
,,,,0.118663019,-0.164008636,0.139740783,-0.184187596
,,,,0.118656058,0.125163458,0.139698491,-0.275665431
,,,,0.118629057,-0.188498868,0.139753276,0.267453256
,,,,0.118709872,0.105843155,0.13969823,-0.079712374
,,,,0.11865925,0.07485143,0.139732657,-0.192619002
,,,,0.118574611,-0.064618452,0.13981885,0.021212866
,,,,0.118579173,-0.156974134,0.13974635,-0.130693943
,,,,0.118654113,0.226739945,0.139696135,0.173746043
,,,,0.118663975,-0.017980412,0.139681317,-0.066558284
,,,,0.118617096,-0.102805976,0.139730306,0.01979125
,,,,0.118696996,-0.086999593,0.13975175,0.045755661
,,,,0.118728284,0.187325862,0.139735443,-0.03512965
,,,,0.118656892,-0.111924513,0.139720748,0.202220638
,,,,0.118672248,0.056846841,0.139672404,-0.066401237
,,,,0.118693904,0.024556229,0.139692933,0.136069621
,,,,0.11869972,0.102646877,0.139662807,-0.001707458
,,,,0.11866913,-0.160403837,0.139592161,-0.136951624
,,,,0.118726853,0.279550931,0.13960414,-0.144254243
,,,,0.11863762,-0.101364048,0.139676829,0.134800936
,,,,0.118605037,0.152257341,0.139670045,-0.145817036
,,,,0.118564433,-0.220155048,0.13966054,0.072606644
,,,,0.118673856,0.299229427,0.139646876,-0.070463178
,,,,0.118654415,0.20703095,0.139685356,0.059360752
,,,,0.118556773,-0.177973417,0.139679719,-0.012222249
,,,,0.118552054,-0.076200625,0.139713963,0.144701368
,,,,0.118507887,-0.125123927,0.139638648,0.011807461
,,,,0.118510356,0.014109224,0.139572188,0.037451562
,,,,0.118592441,0.101829585,0.139538078,0.059516022
,,,,0.118618455,0.105589653,0.139538029,-0.093375693
,,,,0.118550141,0.039704207,0.139615334,0.12022116
,,,,0.118489157,0.000322381,0.139665199,0.068561887
,,,,0.118493049,-0.020241255,0.139667245,0.028134868
,,,,0.118544832,-0.083765235,0.139609964,0.016534327
,,,,0.118586597,0.167569174,0.139612237,-0.045948179
,,,,0.118546793,-0.141563648,0.139716311,0.321800073
,,,,0.118580302,-0.036473837,0.139688205,-0.101875755
,,,,0.118573913,-0.100262396,0.139697963,-0.008532925
,,,,0.118605006,0.033349895,0.139673336,-0.130682356
,,,,0.118674007,0.243844738,0.139656033,0.042687339
,,,,0.118579691,-0.036835032,0.139670452,0.039066744
,,,,0.118509878,-0.062149351,0.139618584,-0.073681871
,,,,0.118542421,0.188326153,0.139613453,-0.049131158
,,,,0.118505336,-0.243646026,0.139653408,0.091901434
,,,,0.118519306,-0.043264041,0.139658147,0.161305592
,,,,0.118534494,-0.031918064,0.139570896,-0.054604069
,,,,0.118558131,0.252341391,0.139475009,-0.196569851
,,,,0.118433645,-0.092638783,0.139477329,0.189401479
,,,,0.118432291,0.01000612,0.139528144,0.025008495
,,,,0.118477692,0.004102087,0.13956462,-0.013215086
,,,,0.118498153,-0.002213832,0.139589552,-0.022149261
,,,,0.118536513,0.259996178,0.139579531,0.240383071
,,,,0.118547596,0.028108915,0.139481453,0.087563084
,,,,0.118518295,-0.121867511,0.139426119,-0.073438408
,,,,0.118476096,-0.035958924,0.139423514,-0.102830832
,,,,0.118454571,-0.159426109,0.139476458,0.128043396
,,,,0.118475337,-0.031655208,0.139454807,-0.022147627
,,,,,,0.139460965,-0.03110398
,,,,,,0.139502608,0.114624373
,,,,,,0.139497892,0.084405113
,,,,,,0.139474483,-0.149601328
,,,,,,0.139506309,0.047828446
,,,,,,0.139499293,-0.155334799
,,,,,,0.139562264,0.028707929
,,,,,,0.139522136,-0.032706635
,,,,,,0.139447904,-0.139025239
,,,,,,0.139545396,0.253921874
,,,,,,0.139490607,-0.232100326
,,,,,,0.139432184,-0.012878564
,,,,,,0.139475352,0.003196729
,,,,,,0.139482331,0.067072454
,,,,,,0.139404947,-0.038502243
,,,,,,0.139394984,-0.1118012
,,,,,,0.139420431,0.229148035
,,,,,,0.139348473,0.080164827
,,,,,,0.139291675,0.085087553
,,,,,,0.139295702,-0.038703919
,,,,,,0.139402402,0.114940096
,,,,,,0.139440897,-0.018313755
,,,,,,0.13943457,0.202417619
,,,,,,0.139331146,-0.082900047
,,,,,,0.139275573,-0.031642431
,,,,,,0.139297696,0.048367546
,,,,,,0.139300095,0.072244262
,,,,,,0.139255638,-0.057060043
,,,,,,0.139250148,-0.141363205
,,,,,,0.139307542,0.181917209
,,,,,,0.139284323,0.143054663
,,,,,,0.139211599,-0.168565279
,,,,,,0.139282858,0.108973901
,,,,,,0.139284104,-0.036116503
,,,,,,0.139338522,0.029387873
,,,,,,0.139345604,-0.104007241
,,,,,,0.139353078,0.025070532
,,,,,,0.139312374,0.136151969
,,,,,,0.139203214,-0.117694822
,,,,,,0.139227957,0.008950164
,,,,,,0.139329609,0.122203172
,,,,,,0.139315687,0.025912739
,,,,,,0.139282438,0.083462488
,,,,,,0.139281126,-0.055126968
,,,,,,0.139268156,-0.060677287
,,,,,,0.139293782,0.067926663
,,,,,,0.139270886,0.072848317
,,,,,,0.139203786,-0.066287356
,,,,,,0.13918201,0.055801106
,,,,,,0.139147678,-0.131463035
,,,,,,0.139178274,0.105182929
,,,,,,0.139135634,-0.174811765
,,,,,,0.139190383,-0.004943616
,,,,,,0.13926729,0.046310557
,,,,,,0.139279637,0.089730706
,,,,,,0.139200789,-0.060465636
,,,,,,0.139199218,0.125246863
,,,,,,0.139119292,-0.084275282
,,,,,,0.139101217,-0.227077397
,,,,,,0.139164586,-0.144862714
,,,,,,0.139192907,0.033731713
,,,,,,0.139182707,0.018242458
,,,,,,0.139130913,-0.066426532
,,,,,,0.139108505,0.015760781
,,,,,,0.139148673,0.117819772
,,,,,,0.139123864,-0.195034282
,,,,,,0.139162216,0.060102376
,,,,,,0.139161698,-0.10668004
,,,,,,0.139198528,0.156204165
,,,,,,0.139153907,-0.165497175
,,,,,,0.139179998,-0.108137153
,,,,,,0.13923587,0.051517905
,,,,,,0.1391746,-0.177524634
,,,,,,0.139138182,0.024022325
,,,,,,0.139101512,-0.00319331
,,,,,,0.139114624,-0.127149866
,,,,,,0.139169538,0.472201832
,,,,,,0.13904826,-0.316384871
,,,,,,0.139136555,0.463974311
,,,,,,0.139124809,0.038170044
,,,,,,0.13907162,0.057450053
,,,,,,0.139114544,0.126066422
,,,,,,0.13906456,-0.07067079
,,,,,,0.139039142,0.201641574
,,,,,,0.139038048,-0.104190103
,,,,,,0.139127898,0.158794954
,,,,,,0.139038495,-0.101165481
,,,,,,0.139011219,-0.078381688
,,,,,,0.139075944,-0.066927827
,,,,,,0.139172304,0.194801054
,,,,,,0.139083384,-0.147066248
,,,,,,0.139063578,0.141646292
,,,,,,0.139085854,-0.062312422
,,,,,,0.139073805,-0.134367696
,,,,,,0.139033605,-0.201223654
,,,,,,0.139059049,0.141942344
,,,,,,0.138916966,-0.342586632
,,,,,,0.138950304,-0.069381926
,,,,,,0.139009901,0.019051621
,,,,,,0.139043779,0.06475506
,,,,,,0.139010595,-0.040755845
,,,,,,0.138989757,-0.225153295
,,,,,,0.139010494,0.039337022
,,,,,,0.138986465,-0.166213701
,,,,,,0.139030042,-0.003897856
,,,,,,0.138994306,-0.130356581
,,,,,,0.139027361,0.109799575
,,,,,,0.139025413,0.033297404
,,,,,,0.138931182,-0.234995566
,,,,,,0.138966469,0.071893631
,,,,,,0.13899272,-0.117270474
,,,,,,0.139020734,0.095430424
,,,,,,0.138973349,0.15339379
,,,,,,0.138949692,-0.0124156
,,,,,,0.138897683,-0.094519282
,,,,,,0.138856001,-0.127036756
,,,,,,0.138896084,-0.042593874
,,,,,,0.138923852,0.095310189
,,,,,,0.138867567,-0.119270095
,,,,,,0.138873719,0.023655586
,,,,,,0.138867112,-0.222800865
,,,,,,0.138904642,0.089318189
,,,,,,0.138823742,-0.045254707
,,,,,,0.138806451,0.028326239
,,,,,,0.13878758,-0.034680923
,,,,,,0.138793052,0.096920994
,,,,,,0.138750313,-0.128843616
,,,,,,0.138759688,-0.032072449
,,,,,,0.138749335,-0.227366377
,,,,,,0.138797658,0.235728069
,,,,,,0.138801409,-0.097079189
,,,,,,0.138838922,0.050153053
,,,,,,0.138812862,-0.020506716
,,,,,,0.138846215,-0.000317221
,,,,,,0.138848963,0.060910044
,,,,,,0.138865636,0.104614724
,,,,,,0.138867476,0.096477308
,,,,,,0.138760487,-0.121166436
,,,,,,0.138745422,-0.044542468
,,,,,,0.138792603,-0.029498983
,,,,,,0.13881676,0.153122499
,,,,,,0.138816455,0.026807864
,,,,,,0.138852739,0.156127449
,,,,,,0.138773915,-0.190725113
,,,,,,0.138799994,0.050445531
,,,,,,0.138822744,-0.147018795
,,,,,,0.138824973,0.147624641
,,,,,,0.138726276,-0.016525312
,,,,,,0.138668176,-0.161071935
,,,,,,0.138706388,0.131769215
,,,,,,0.138726218,0.048060965
,,,,,,0.138697952,-0.049824497
,,,,,,0.138678618,0.080102181
,,,,,,0.138639372,-0.001969837
,,,,,,0.138684117,0.169001456
,,,,,,0.138742354,0.172266032
,,,,,,0.138716164,-0.028767556
,,,,,,0.138678365,0.03534622
,,,,,,0.138623614,-0.073850733
,,,,,,0.138654502,0.043564613
,,,,,,0.138635882,-0.27909514
,,,,,,0.138611137,0.018798184
,,,,,,0.138597564,-0.05427802
,,,,,,0.138702882,0.107734953
,,,,,,0.13873454,0.114379596
,,,,,,0.138602422,-0.021588076
,,,,,,0.138488358,-0.156777133
,,,,,,0.138553732,0.0476838
,,,,,,0.138613066,0.240201747
,,,,,,0.138569334,-0.250150626
,,,,,,0.13859371,0.031131515
,,,,,,0.138575096,-0.090427923
,,,,,,0.138607506,0.009063319
,,,,,,0.138649243,0.254067421
,,,,,,0.138581888,0.000605825
,,,,,,0.138538981,0.110321767
,,,,,,0.138476452,-0.398963382
,,,,,,0.138656173,0.134906242
,,,,,,0.138723357,-0.040547771
,,,,,,0.13866428,0.077157376
,,,,,,0.138612714,0.043095857
,,,,,,0.138543899,-0.114575849
,,,,,,0.138588105,0.103600317
,,,,,,0.138623862,-0.230092995
,,,,,,0.138733218,0.0279218
,,,,,,0.138782914,0.173953984
,,,,,,0.138635559,-0.190770315
,,,,,,0.138571379,0.073456786
,,,,,,0.138542379,0.096376186
,,,,,,0.138534573,0.037508356
,,,,,,0.138550156,-0.096315178
,,,,,,0.138575898,0.025646001
,,,,,,0.138551678,-0.205809843
,,,,,,0.138571194,-0.018575199
,,,,,,0.138573911,0.244834817
,,,,,,0.138484067,-0.139196612
,,,,,,0.138518683,-0.098875468
,,,,,,0.138567729,0.025163512
,,,,,,0.138506914,0.151782356
,,,,,,0.138378117,-0.284104472
,,,,,,0.138401401,0.037210328
,,,,,,0.138423634,0.055415513
,,,,,,0.138442704,-0.001787021
,,,,,,0.138440883,0.061286969
,,,,,,0.138365789,-0.01988313
,,,,,,0.138360819,0.096005423
,,,,,,0.138371286,-0.166954716
,,,,,,0.138432569,0.0785455
,,,,,,0.138503962,0.093649193
,,,,,,0.138500131,-0.076960987
,,,,,,0.138459916,-0.14065657
,,,,,,0.138515446,0.074041424
,,,,,,0.138476629,0.077330123
,,,,,,0.138428568,0.019643779
,,,,,,0.138422289,-0.008350465
,,,,,,0.138461231,-0.070666204
,,,,,,0.138510312,-0.0240077
,,,,,,0.138485866,-0.114982352
,,,,,,0.138504974,-0.037345187
,,,,,,0.13847714,-0.127383099
,,,,,,0.13850586,0.09581836
,,,,,,0.138507165,-0.106771022
,,,,,,0.138502636,-0.05474732
,,,,,,0.138459865,-0.089205853
,,,,,,0.138415216,-0.167325059
,,,,,,0.138468222,0.16141713
,,,,,,0.138422507,0.022379531
,,,,,,0.138360306,-0.311179844
,,,,,,0.138420219,0.065391844
,,,,,,0.13842616,-0.070446112
,,,,,,0.138398683,0.088379767
,,,,,,0.138270479,-0.10686814
,,,,,,0.138204376,-0.108574633
,,,,,,0.13833998,0.02776375
,,,,,,0.138452178,0.204552093
,,,,,,0.138402103,0.0556927
,,,,,,0.138265574,-0.284646743
,,,,,,0.138274326,0.230999158
,,,,,,0.138262999,-0.278263679
,,,,,,0.138350694,0.076377879
,,,,,,0.138374468,0.071110048
,,,,,,0.138304005,-0.289776887
,,,,,,0.138307135,-0.131013873
,,,,,,0.138359458,-0.006997456
,,,,,,0.138342302,-0.098274764
,,,,,,0.138396808,-0.008168845
,,,,,,0.138395069,0.006573576
,,,,,,0.138315674,-0.112246092
,,,,,,0.138250209,-0.204854965
,,,,,,0.138332118,-0.114188501
,,,,,,0.138411451,0.039797033
,,,,,,0.138329566,-0.091974717
,,,,,,0.13830622,-0.084685099
,,,,,,0.138298892,0.209223523
,,,,,,0.138173235,-0.072091508
,,,,,,0.138207465,-0.01795488
,,,,,,0.138324001,0.177098711
,,,,,,0.138279841,-0.098211591
,,,,,,0.138239843,0.084602553
,,,,,,0.138184883,-0.001553275
,,,,,,0.138160116,-0.002852506
,,,,,,0.138152981,0.063035298
,,,,,,0.138198854,-0.034663325
,,,,,,0.138272833,0.216014276
,,,,,,0.138215689,-0.167424103
,,,,,,0.138254718,0.10737258
,,,,,,0.13824586,-0.017423058
,,,,,,0.138252602,0.200792721
,,,,,,0.138191663,-0.075104605
,,,,,,0.13821503,-0.001091226
,,,,,,0.138203366,0.063501518
,,,,,,0.138204524,0.100946536
,,,,,,0.138214467,0.000792701
,,,,,,0.138238949,0.036398937
,,,,,,0.138246599,-0.078659278
,,,,,,0.138240982,-0.078435881
,,,,,,0.138205477,0.013622084
,,,,,,0.138189975,-0.160992495
,,,,,,0.138217583,0.078511336
