7.80E-05,-85.89285272,7.60E-05,-86.19793083,6.60E-05,-80.15408793,3.80E-05,-78.62997024
0.000178,-82.19911178,0.000176,-83.96633417,0.000166,-77.53921382,0.000138,-70.85486902
0.000278,-80.97290217,0.000276,-83.55746086,0.000266,-76.96617917,0.000238,-57.93426448
0.000378,-78.29890678,0.000376,-82.88831141,0.000366,-77.104405,0.000338,-48.20684389
0.000478,-74.72869057,0.000476,-82.09858018,0.000466,-75.8521698,0.000438,-42.12661965
0.000578,-72.30576103,0.000576,-80.60864018,0.000566,-75.21315608,0.000538,-35.26540926
0.000678,-68.4887365,0.000676,-79.68022167,0.000666,-73.7002161,0.000638,-29.16567137
0.000778,-64.65755896,0.000776,-77.66908444,0.000766,-72.32757027,0.000738,-24.48633826
0.000878,-62.10785148,0.000876,-76.06775669,0.000866,-71.03262166,0.000838,-21.33801292
0.000978,-59.7922282,0.000976,-74.12976378,0.000966,-69.88724963,0.000938,-18.88618845
0.001078,-57.5996905,0.001076,-72.11120297,0.001066,-68.73799436,0.001038,-16.69611259
0.001178,-55.78804472,0.001176,-69.96283028,0.001166,-67.53836844,0.001138,-14.77854848
0.001278,-54.07406628,0.001276,-68.08598282,0.001266,-66.20823082,0.001238,-12.98508694
0.001378,-52.47130093,0.001376,-66.20811739,0.001366,-65.0401182,0.001338,-11.32914532
0.001478,-50.92796291,0.001476,-64.50653086,0.001466,-63.74063109,0.001438,-9.76357433
0.001578,-49.16910323,0.001576,-63.07641475,0.001566,-62.33109476,0.001538,-8.365371752
0.001678,-47.21729633,0.001676,-61.69371881,0.001666,-60.92266111,0.001638,-7.055262265
0.001778,-45.18190471,0.001776,-60.39942103,0.001766,-59.7286042,0.001738,-5.999567887
0.001878,-43.15678753,0.001876,-59.02664042,0.001866,-58.69527827,0.001838,-5.074377319
0.001978,-41.07558319,0.001976,-57.63929726,0.001966,-57.63982285,0.001938,-4.218767272
0.002078,-38.92510997,0.002076,-56.2423083,0.002066,-56.55528429,0.002038,-3.440685697
0.002178,-36.69965596,0.002176,-54.83530916,0.002166,-55.50715036,0.002138,-2.697415742
0.002278,-34.8319932,0.002276,-53.49986697,0.002266,-54.49908307,0.002238,-2.193237782
0.002378,-33.10062115,0.002376,-52.37205612,0.002366,-53.52386957,0.002338,-1.666218309
0.002478,-31.7228754,0.002476,-51.27379427,0.002466,-52.52855625,0.002438,-1.244671033
0.002578,-30.37959041,0.002576,-50.0631881,0.002566,-51.62610691,0.002538,-0.892142973
0.002678,-29.15180896,0.002676,-48.89236093,0.002666,-50.75456074,0.002638,-0.553779944
0.002778,-27.89141397,0.002776,-47.64277828,0.002766,-49.9649375,0.002738,-0.236641557
0.002878,-26.65784333,0.002876,-46.55015193,0.002866,-49.13904546,0.002838,0.041991192
0.002978,-25.31631864,0.002976,-45.30549813,0.002966,-48.3171971,0.002938,0.241363038
0.003078,-23.94642418,0.003076,-44.12700458,0.003066,-47.51740134,0.003038,0.377447574
0.003178,-22.57703051,0.003176,-43.03863536,0.003166,-46.73333294,0.003138,0.56762786
0.003278,-21.08482514,0.003276,-41.99422687,0.003266,-45.86768264,0.003238,0.738105835
0.003378,-19.77249657,0.003376,-40.94745149,0.003366,-45.05879917,0.003338,0.70949091
0.003478,-18.32168006,0.003476,-39.97102442,0.003466,-44.30204156,0.003438,0.791674378
0.003578,-16.90099199,0.003576,-39.00381575,0.003566,-43.54513163,0.003538,0.842681051
0.003678,-15.48165815,0.003676,-37.9688808,0.003666,-42.8682017,0.003638,0.871408203
0.003778,-14.02689765,0.003776,-37.00367242,0.003766,-42.13080432,0.003738,0.882380476
0.003878,-12.57579443,0.003876,-35.96683069,0.003866,-41.45750396,0.003838,0.906373113
0.003978,-11.11534581,0.003976,-35.10071441,0.003966,-40.72988795,0.003938,0.856461489
0.004078,-9.753921467,0.004076,-34.13144199,0.004066,-39.95191991,0.004038,0.876169196
0.004178,-8.499991897,0.004176,-33.14775534,0.004166,-39.17515753,0.004138,0.794205927
0.004278,-7.313565961,0.004276,-32.18346529,0.004266,-38.42725698,0.004238,0.844165347
0.004378,-6.188872786,0.004376,-31.36944585,0.004366,-37.75426905,0.004338,0.844131283
0.004478,-5.161535888,0.004476,-30.55826121,0.004466,-37.05539595,0.004438,0.77807271
0.004578,-4.291906934,0.004576,-29.84948217,0.004566,-36.42194934,0.004538,0.676756447
0.004678,-3.381845243,0.004676,-29.15234463,0.004666,-35.76184946,0.004638,0.605006654
0.004778,-2.621686274,0.004776,-28.47380513,0.004766,-35.127532,0.004738,0.608485468
0.004878,-1.822847851,0.004876,-27.84663752,0.004866,-34.49095164,0.004838,0.628780461
0.004978,-1.20212643,0.004976,-27.35577229,0.004966,-33.86961259,0.004938,0.548276254
0.005078,-0.739615034,0.005076,-26.8159869,0.005066,-33.23975964,0.005038,0.627461796
0.005178,-0.119576267,0.005176,-26.2912296,0.005166,-32.70717413,0.005138,0.597282276
0.005278,0.234363928,0.005276,-25.74512331,0.005266,-32.06036911,0.005238,0.546577462
0.005378,0.478189076,0.005376,-25.19888909,0.005366,-31.50193804,0.005338,0.510473101
0.005478,0.690146873,0.005476,-24.60231606,0.005466,-30.941896,0.005438,0.520964902
0.005578,0.915443809,0.005576,-24.01070771,0.005566,-30.40464963,0.005538,0.515496794
0.005678,0.990221927,0.005676,-23.35600264,0.005666,-29.81085095,0.005638,0.522991756
0.005778,1.1366023,0.005776,-22.74412101,0.005766,-29.3059245,0.005738,0.461143679
0.005878,1.218198543,0.005876,-22.07772953,0.005866,-28.78959725,0.005838,0.403601227
0.005978,1.291825012,0.005976,-21.36038629,0.005966,-28.28798957,0.005938,0.51496319
0.006078,1.369896932,0.006076,-20.64797145,0.006066,-27.81192434,0.006038,0.421185748
0.006178,1.351068099,0.006176,-19.97967748,0.006166,-27.35807346,0.006138,0.411134947
0.006278,1.521620442,0.006276,-19.19818234,0.006266,-26.86154563,0.006238,0.412662764
0.006378,1.419564153,0.006376,-18.46069438,0.006366,-26.43309873,0.006338,0.463512568
0.006478,1.422223711,0.006476,-17.66482904,0.006466,-25.94775721,0.006438,0.345681241
0.006578,1.352837156,0.006576,-16.99332161,0.006566,-25.50197141,0.006538,0.393261169
0.006678,1.268879957,0.006676,-16.2381791,0.006666,-25.02873265,0.006638,0.312061112
0.006778,1.267160283,0.006776,-15.40432152,0.006766,-24.63840755,0.006738,0.429111707
0.006878,1.20293302,0.006876,-14.62966388,0.006866,-24.22712343,0.006838,0.265014203
0.006978,1.114553018,0.006976,-13.86809398,0.006966,-23.76168226,0.006938,0.352523472
0.007078,0.977137819,0.007076,-13.04152466,0.007066,-23.36862134,0.007038,0.321957316
0.007178,0.954048228,0.007176,-12.33213878,0.007166,-22.87506405,0.007138,0.291037088
0.007278,0.847682765,0.007276,-11.52961753,0.007266,-22.45680617,0.007238,0.291683788
0.007378,0.740454621,0.007376,-10.76419405,0.007366,-22.04942149,0.007338,0.346372638
0.007478,0.668082238,0.007476,-10.01176604,0.007466,-21.52931796,0.007438,0.256267129
0.007578,0.723137395,0.007576,-9.338175801,0.007566,-21.04814429,0.007538,0.304816125
0.007678,0.75051145,0.007676,-8.701691735,0.007666,-20.67635024,0.007638,0.288152897
0.007778,0.775275493,0.007776,-7.99270138,0.007766,-20.2234114,0.007738,0.235941251
0.007878,0.774540022,0.007876,-7.397255655,0.007866,-19.74920234,0.007838,0.255491393
0.007978,0.785190593,0.007976,-6.760411345,0.007966,-19.33523096,0.007938,0.284802596
0.008078,0.806270912,0.008076,-6.183207422,0.008066,-18.94980604,0.008038,0.312011317
0.008178,0.82509062,0.008176,-5.551436955,0.008166,-18.48724775,0.008138,0.245922641
0.008278,0.800008999,0.008276,-5.046790781,0.008266,-18.09136672,0.008238,0.258883085
0.008378,0.738320677,0.008376,-4.531844073,0.008366,-17.59064065,0.008338,0.236162896
0.008478,0.728459487,0.008476,-3.992108484,0.008466,-17.18684343,0.008438,0.252828695
0.008578,0.684981253,0.008576,-3.484355546,0.008566,-16.75889226,0.008538,0.264460582
0.008678,0.679824456,0.008676,-3.105399513,0.008666,-16.37310543,0.008638,0.241653209
0.008778,0.668577211,0.008776,-2.657611572,0.008766,-15.8892794,0.008738,0.15533861
0.008878,0.834336876,0.008876,-2.196138534,0.008866,-15.52737353,0.008838,0.179676251
0.008978,0.79499994,0.008976,-1.772484375,0.008966,-15.0629866,0.008938,0.16179541
0.009078,0.774159948,0.009076,-1.413679762,0.009066,-14.69106955,0.009038,0.121871006
0.009178,0.713697351,0.009176,-1.035105707,0.009166,-14.29800398,0.009138,0.073600234
0.009278,0.866783604,0.009276,-0.819001633,0.009266,-13.83622914,0.009238,0.149374319
0.009378,0.846843834,0.009376,-0.380184192,0.009366,-13.39777107,0.009338,0.221378585
0.009478,0.927117749,0.009476,-0.052016649,0.009466,-13.0666608,0.009438,0.220624536
0.009578,0.900312997,0.009576,0.217542193,0.009566,-12.60929829,0.009538,0.249408573
0.009678,0.91597394,0.009676,0.447726007,0.009666,-12.24544573,0.009638,0.193570626
0.009778,1.028090898,0.009776,0.684350906,0.009766,-11.88382214,0.009738,0.223096815
0.009878,0.964851123,0.009876,0.886024711,0.009866,-11.41734315,0.009838,0.252376102
0.009978,0.930193197,0.009976,1.05371245,0.009966,-11.05669587,0.009938,0.3124668
0.010078,0.925377046,0.010076,1.118931921,0.010066,-10.66852009,0.010038,0.128380622
0.010178,0.89635917,0.010176,1.156128963,0.010166,-10.27176992,0.010138,0.194863995
0.010278,0.963815377,0.010276,1.144264605,0.010266,-9.860625701,0.010238,0.076671833
0.010378,0.893275536,0.010376,1.146931518,0.010366,-9.561694506,0.010338,0.081466137
0.010478,0.891827813,0.010476,1.102739874,0.010466,-9.147071116,0.010438,0.084330015
0.010578,0.885720402,0.010576,1.104590692,0.010566,-8.722498486,0.010538,0.16819452
0.010678,0.893933534,0.010676,1.074594993,0.010666,-8.372940975,0.010638,0.217420335
0.010778,0.97248595,0.010776,1.014024889,0.010766,-8.075912269,0.010738,0.210562436
0.010878,0.90398157,0.010876,0.874847221,0.010866,-7.721529172,0.010838,0.214248308
0.010978,0.880628554,0.010976,0.702553155,0.010966,-7.320052307,0.010938,0.255864281
0.011078,0.854433186,0.011076,0.608832185,0.011066,-7.014558222,0.011038,0.196903737
0.011178,0.850961123,0.011176,0.651917634,0.011166,-6.764064682,0.011138,0.217954555
0.011278,0.841696196,0.011276,0.619936452,0.011266,-6.399958189,0.011238,0.118447372
0.011378,0.906307664,0.011376,0.524801277,0.011366,-6.055945323,0.011338,0.125969262
0.011478,0.959191207,0.011476,0.630885907,0.011466,-5.721189874,0.011438,0.181522149
0.011578,1.089238419,0.011576,0.543779536,0.011566,-5.395502616,0.011538,0.100412487
0.011678,0.999456864,0.011676,0.52289354,0.011666,-5.153402881,0.011638,0.092039921
0.011778,1.070243767,0.011776,0.441058384,0.011766,-4.863819963,0.011738,0.073481365
0.011878,1.125072208,0.011876,0.426300303,0.011866,-4.512593498,0.011838,0.196029239
0.011978,1.308104492,0.011976,0.364310679,0.011966,-4.303782523,0.011938,0.164984485
0.012078,1.285705902,0.012076,0.334019688,0.012066,-4.088708088,0.012038,0.153705942
0.012178,1.372313085,0.012176,0.350095991,0.012166,-3.740082131,0.012138,0.159797539
0.012278,1.432370549,0.012276,0.292050958,0.012266,-3.446262742,0.012238,0.112704103
0.012378,1.348118303,0.012376,0.309598039,0.012366,-3.175233597,0.012338,0.16045914
0.012478,1.363893128,0.012476,0.29742044,0.012466,-2.903969492,0.012438,0.162708081
0.012578,1.401991064,0.012576,0.310021897,0.012566,-2.622115571,0.012538,0.157890773
0.012678,1.407064274,0.012676,0.288177996,0.012666,-2.380989629,0.012638,0.167004756
0.012778,1.429047432,0.012776,0.308988274,0.012766,-2.007971419,0.012738,0.224500128
0.012878,1.479517676,0.012876,0.161221707,0.012866,-1.738490432,0.012838,0.110977516
0.012978,1.507278864,0.012976,0.210616143,0.012966,-1.37539612,0.012938,0.123695318
0.013078,1.489920789,0.013076,0.205523456,0.013066,-1.149132793,0.013038,0.056696159
0.013178,1.553211439,0.013176,0.10002708,0.013166,-0.996957258,0.013138,0.07062458
0.013278,1.562045063,0.013276,0.149649812,0.013266,-0.763609953,0.013238,0.117202669
0.013378,1.509250336,0.013376,0.17799962,0.013366,-0.581623234,0.013338,0.079212963
0.013478,1.575659483,0.013476,0.186756183,0.013466,-0.392528647,0.013438,0.090798151
0.013578,1.52579065,0.013576,0.208282685,0.013566,-0.220003098,0.013538,0.054136239
0.013678,1.621282478,0.013676,0.152160146,0.013666,-0.177326899,0.013638,0.085169599
0.013778,1.546258258,0.013776,0.234536928,0.013766,-0.173717309,0.013738,0.141896208
0.013878,1.689219698,0.013876,0.28572798,0.013866,-0.111277242,0.013838,0.216957268
0.013978,1.707187019,0.013976,0.207959386,0.013966,0.011292447,0.013938,0.216665884
0.014078,1.759199015,0.014076,0.251032954,0.014066,-0.023884901,0.014038,0.209092998
0.014178,1.798095046,0.014176,0.288644175,0.014166,0.049588304,0.014138,0.183160348
0.014278,1.918144129,0.014276,0.24240357,0.014266,0.028690232,0.014238,0.218932956
0.014378,1.969859183,0.014376,0.23854592,0.014366,0.186988692,0.014338,0.218901468
0.014478,1.973736152,0.014476,0.228499409,0.014466,0.107819052,0.014438,0.102817333
0.014578,2.105743126,0.014576,0.160684098,0.014566,0.192971306,0.014538,0.155893532
0.014678,2.163218532,0.014676,0.101459755,0.014666,0.239429408,0.014638,0.124390369
0.014778,2.216294109,0.014776,0.107257759,0.014766,0.335523562,0.014738,0.039433245
0.014878,2.202254275,0.014876,0.045546853,0.014866,0.373488399,0.014838,0.147690104
0.014978,2.119455243,0.014976,0.045001207,0.014966,0.381461608,0.014938,0.156913493
0.015078,2.11396422,0.015076,0.087718043,0.015066,0.38784261,0.015038,0.075871441
0.015178,2.144153821,0.015176,0.138430547,0.015166,0.327833068,0.015138,0.162587435
0.015278,2.102288656,0.015276,0.080235479,0.015266,0.26327881,0.015238,0.148367233
0.015378,2.035060427,0.015376,0.151626755,0.015366,0.206550975,0.015338,0.110502755
0.015478,2.047734599,0.015476,0.109231508,0.015466,0.258705693,0.015438,0.156594501
0.015578,2.130137666,0.015576,0.014700562,0.015566,0.218803748,0.015538,0.145014569
0.015678,2.155817174,0.015676,0.137118355,0.015666,0.17473761,0.015638,0.149876637
0.015778,2.19462196,0.015776,0.140862723,0.015766,0.061006583,0.015738,0.205294357
0.015878,2.189164414,0.015876,0.158013786,0.015866,0.124664093,0.015838,0.164376824
0.015978,2.176049856,0.015976,0.10135121,0.015966,0.224098436,0.015938,0.174244727
0.016078,2.158049265,0.016076,0.118789365,0.016066,0.157764075,0.016038,0.245150615
0.016178,2.200984637,0.016176,0.172646545,0.016166,0.195487583,0.016138,0.279761619
0.016278,2.23784918,0.016276,0.135018195,0.016266,0.238036031,0.016238,0.190982509
0.016378,2.197912603,0.016376,0.110085277,0.016366,0.313615873,0.016338,0.241657867
0.016478,2.23746181,0.016476,0.07608621,0.016466,0.291835348,0.016438,0.215204793
0.016578,2.28569844,0.016576,0.010665973,0.016566,0.260645718,0.016538,0.240379691
0.016678,2.271409597,0.016676,0.129970438,0.016666,0.190913749,0.016638,0.289986792
0.016778,2.305123593,0.016776,0.117380543,0.016766,0.139831877,0.016738,0.263711907
0.016878,2.310251226,0.016876,0.104878492,0.016866,0.128723429,0.016838,0.361996939
0.016978,2.316527247,0.016976,0.113379732,0.016966,0.173658758,0.016938,0.209150751
0.017078,2.328337584,0.017076,0.149501278,0.017066,0.154870752,0.017038,0.302708848
0.017178,2.450144762,0.017176,0.208466525,0.017166,0.150040993,0.017138,0.210593652
0.017278,2.411646383,0.017276,0.043806784,0.017266,0.201588795,0.017238,0.259774802
0.017378,2.454668794,0.017376,0.119054578,0.017366,0.157551168,0.017338,0.28104426
0.017478,2.493601695,0.017476,0.087898004,0.017466,0.242513774,0.017438,0.218711631
0.017578,2.547546989,0.017576,0.127462762,0.017566,0.185973714,0.017538,0.17797175
0.017678,2.439205096,0.017676,0.048994441,0.017666,0.18312289,0.017638,0.371022901
0.017778,2.507097474,0.017776,0.078302463,0.017766,0.175302807,0.017738,0.402958519
0.017878,2.395834751,0.017876,0.17646456,0.017866,0.252423819,0.017838,0.302388068
0.017978,2.399628409,0.017976,0.259013209,0.017966,0.13511818,0.017938,0.312533172
0.018078,2.524247718,0.018076,0.135159121,0.018066,0.090295726,0.018038,0.370989056
0.018178,2.404221186,0.018176,0.166525077,0.018166,0.134326321,0.018138,0.34820244
0.018278,2.374055114,0.018276,0.090503724,0.018266,0.016447142,0.018238,0.311698124
0.018378,2.388050835,0.018376,0.083306745,0.018366,0.034840383,0.018338,0.330594851
0.018478,2.376585456,0.018476,0.120554565,0.018466,0.098800293,0.018438,0.345122822
0.018578,2.425522106,0.018576,0.068598064,0.018566,0.134771939,0.018538,0.292825575
0.018678,2.442383064,0.018676,0.10157738,0.018666,0.159345212,0.018638,0.294208777
0.018778,2.480624628,0.018776,0.026663237,0.018766,0.186424048,0.018738,0.162654693
0.018878,2.440251055,0.018876,0.057554335,0.018866,0.180699767,0.018838,0.218249157
0.018978,2.422090333,0.018976,-0.004030943,0.018966,0.181685257,0.018938,0.244912261
0.019078,2.537498833,0.019076,0.045361216,0.019066,0.211118321,0.019038,0.220830383
0.019178,2.422452214,0.019176,0.027874588,0.019166,0.248602251,0.019138,0.185908961
0.019278,2.566536465,0.019276,0.141984087,0.019266,0.169833055,0.019238,0.238808328
0.019378,2.545821742,0.019376,0.161607029,0.019366,0.212401745,0.019338,0.170313468
0.019478,2.716599735,0.019476,0.09831253,0.019466,0.133796513,0.019438,0.190086863
0.019578,2.706572448,0.019576,0.060437074,0.019566,0.130810802,0.019538,0.262806526
0.019678,2.833447297,0.019676,0.072129265,0.019666,0.038174512,0.019638,0.240430548
0.019778,2.836610877,0.019776,0.142270047,0.019766,0.016851272,0.019738,0.268577168
0.019878,2.875706418,0.019876,0.065996893,0.019866,0.078250201,0.019838,0.334460205
0.019978,2.893153904,0.019976,0.078023403,0.019966,0.006184754,0.019938,0.263790925
0.020078,2.974286692,0.020076,0.010331811,0.020066,0.117857335,0.020038,0.279548717
0.020178,3.009474336,0.020176,-0.022331349,0.020166,0.079481496,0.020138,0.196123636
0.020278,3.133940675,0.020276,0.043147067,0.020266,0.159110155,0.020238,0.174887168
0.020378,2.9793237,0.020376,0.019558748,0.020366,0.098754665,0.020338,0.150470698
0.020478,3.138743587,0.020476,0.0713762,0.020466,0.090394729,0.020438,0.084145935
0.020578,3.061578504,0.020576,0.026173848,0.020566,0.126511927,0.020538,0.078741454
0.020678,2.990641157,0.020676,0.089833638,0.020666,0.07941202,0.020638,0.148338933
0.020778,3.114290364,0.020776,0.047743802,0.020766,0.054384056,0.020738,0.081230946
0.020878,3.13170775,0.020876,0.090616194,0.020866,0.116302297,0.020838,0.070917293
0.020978,3.125957894,0.020976,0.098323491,0.020966,0.013562781,0.020938,0.125309755
0.021078,3.137760722,0.021076,0.129823838,0.021066,0.048213133,0.021038,0.099904764
0.021178,3.24784384,0.021176,0.091587762,0.021166,0.090312019,0.021138,0.071858966
0.021278,3.162841472,0.021276,0.08638137,0.021266,0.054223497,0.021238,0.099850852
0.021378,3.178678144,0.021376,0.04882102,0.021366,0.148732339,0.021338,0.060111366
0.021478,3.351200689,0.021476,0.053562221,0.021466,0.15864045,0.021438,0.05448651
0.021578,3.324852624,0.021576,0.090727475,0.021566,0.179690341,0.021538,0.058886213
0.021678,3.304582872,0.021676,0.053513239,0.021666,0.114703086,0.021638,0.10320484
0.021778,3.388174865,0.021776,0.075242781,0.021766,0.141451941,0.021738,0.102501234
0.021878,3.351151299,0.021876,0.159963053,0.021866,0.146816234,0.021838,0.053243341
0.021978,3.454552452,0.021976,-0.025524117,0.021966,0.086509021,0.021938,0.040164444
0.022078,3.493660512,0.022076,0.147889279,0.022066,0.084080774,0.022038,0.06447612
0.022178,3.531279396,0.022176,0.041604655,0.022166,0.117537447,0.022138,0.145710021
0.022278,3.5763293,0.022276,-0.011458037,0.022266,0.101222036,0.022238,0.136147871
0.022378,3.539352857,0.022376,0.091956199,0.022366,-0.001468824,0.022338,0.036334977
0.022478,3.579328109,0.022476,0.145089628,0.022466,0.11375,0.022438,0.051031602
0.022578,3.703899238,0.022576,0.094393865,0.022566,0.066053302,0.022538,0.10465198
0.022678,3.762127019,0.022676,0.052801229,0.022666,0.120944051,0.022638,0.070272409
0.022778,3.831189646,0.022776,0.141199686,0.022766,0.115108254,0.022738,0.054013746
0.022878,3.897797067,0.022876,0.096508332,0.022866,0.124652684,0.022838,0.03368386
0.022978,3.818907402,0.022976,0.167895158,0.022966,0.164603583,0.022938,0.029692583
0.023078,4.106612734,0.023076,0.149253615,0.023066,0.086312088,0.023038,0.119417651
0.023178,4.138269402,0.023176,0.10948476,0.023166,0.053979611,0.023138,0.215427671
0.023278,4.174058521,0.023276,0.101653747,0.023266,0.019206781,0.023238,0.101563609
0.023378,4.194172822,0.023376,0.169186851,0.023366,0.077677362,0.023338,0.075046884
0.023478,4.342589637,0.023476,0.07964062,0.023466,0.058205978,0.023438,0.021739044
0.023578,4.370207829,0.023576,0.025542745,0.023566,0.023225363,0.023538,0.069260659
0.023678,4.309745278,0.023676,0.011427006,0.023666,0.035020536,0.023638,0.01625697
0.023778,4.316763094,0.023776,0.052481101,0.023766,0.181611544,0.023738,0.154564553
0.023878,4.380766796,0.023876,0.047126091,0.023866,0.161709283,0.023838,0.091883283
0.023978,4.46482218,0.023976,0.093777557,0.023966,0.209178023,0.023938,0.175728991
0.024078,4.43028141,0.024076,0.022934811,0.024066,0.225652647,0.024038,0.025291579
0.024178,4.562107085,0.024176,0.003704653,0.024166,0.207425205,0.024138,0.06934912
0.024278,4.469450815,0.024276,0.072427104,0.024266,0.270451449,0.024238,0.101660005
0.024378,4.575758048,0.024376,0.07536953,0.024366,0.284117984,0.024338,0.125350104
0.024478,4.673507568,0.024476,0.03525013,0.024466,0.308354966,0.024438,0.103786627
0.024578,4.654680058,0.024576,-0.000913489,0.024566,0.233550736,0.024538,0.043947056
0.024678,4.58525385,0.024676,0.054507001,0.024666,0.299549414,0.024638,0.092743519
0.024778,4.639485776,0.024776,0.038134971,0.024766,0.27650853,0.024738,0.148730323
0.024878,4.543102873,0.024876,0.010663987,0.024866,0.354107349,0.024838,0.042332422
0.024978,4.680078218,0.024976,0.062578318,0.024966,0.464840992,0.024938,-0.008407862
0.025078,4.738869591,0.025076,0.275730811,0.025066,0.335316264,0.025038,0.066996751
0.025178,4.735484298,0.025176,0.260425734,0.025166,0.392541472,0.025138,0.121337123
0.025278,4.664473509,0.025276,0.165593276,0.025266,0.396073693,0.025238,0.129127919
0.025378,4.720938697,0.025376,0.197127035,0.025366,0.379991139,0.025338,0.122021112
0.025478,4.744083943,0.025476,0.207008154,0.025466,0.296417679,0.025438,0.104641741
0.025578,4.853907325,0.025576,0.321198324,0.025566,0.28240518,0.025538,0.228692155
0.025678,4.780622999,0.025676,0.362481354,0.025666,0.267803019,0.025638,0.287244023
0.025778,4.669164312,0.025776,0.206091402,0.025766,0.345759946,0.025738,0.239692194
0.025878,4.661628196,0.025876,0.223559435,0.025866,0.299597368,0.025838,0.251390463
0.025978,4.731310014,0.025976,0.21894876,0.025966,0.32189129,0.025938,0.303049816
0.026078,4.645060028,0.026076,0.150744754,0.026066,0.354036843,0.026038,0.228363755
0.026178,4.666038303,0.026176,0.113597763,0.026166,0.294738828,0.026138,0.32496835
0.026278,4.693418049,0.026276,0.152934163,0.026266,0.272291796,0.026238,0.258988636
0.026378,4.712834151,0.026376,0.093926077,0.026366,0.371349869,0.026338,0.259399571
0.026478,4.760715684,0.026476,0.132951588,0.026466,0.303528369,0.026438,0.192448676
0.026578,4.66967098,0.026576,0.194578885,0.026566,0.355489078,0.026538,0.225777481
0.026678,4.749979682,0.026676,0.165326752,0.026666,0.34864528,0.026638,0.353050673
0.026778,4.705296818,0.026776,0.17534015,0.026766,0.318479158,0.026738,0.335111807
0.026878,4.616937328,0.026876,0.189437972,0.026866,0.306117311,0.026838,0.436716945
0.026978,4.664504146,0.026976,0.224612291,0.026966,0.197076007,0.026938,0.362039733
0.027078,4.521143295,0.027076,0.276103141,0.027066,0.231746613,0.027038,0.432398604
0.027178,4.536956967,0.027176,0.155884551,0.027166,0.189622289,0.027138,0.409022713
0.027278,4.489545755,0.027276,0.188902659,0.027266,0.149635483,0.027238,0.432558162
0.027378,4.339406213,0.027376,0.207232915,0.027366,0.163628809,0.027338,0.208445235
0.027478,4.398263129,0.027476,0.252451511,0.027466,0.187537639,0.027438,0.260968695
0.027578,4.338426083,0.027576,0.155161902,0.027566,0.194149471,0.027538,0.254265337
0.027678,4.345887306,0.027676,0.225190306,0.027666,0.102060032,0.027638,0.188601909
0.027778,4.364134024,0.027776,0.106491408,0.027766,0.152914675,0.027738,0.105937315
0.027878,4.287227752,0.027876,0.091798602,0.027866,0.245526636,0.027838,0.096528685
0.027978,4.056377208,0.027976,0.123488246,0.027966,0.312757601,0.027938,-0.031543866
0.028078,4.01467324,0.028076,0.100543148,0.028066,0.284180905,0.028038,0.014227944
0.028178,3.900497545,0.028176,0.107911226,0.028166,0.246469271,0.028138,0.080583595
0.028278,3.961593245,0.028276,0.213491569,0.028266,0.145269341,0.028238,0.108844753
0.028378,3.910801799,0.028376,0.160830064,0.028366,0.176117456,0.028338,0.121861167
0.028478,3.683567055,0.028476,0.248958646,0.028466,0.229659283,0.028438,0.102581028
0.028578,3.631570931,0.028576,0.179852426,0.028566,0.185279675,0.028538,0.132577389
0.028678,3.473973082,0.028676,0.180157667,0.028666,0.178485934,0.028638,0.265017576
0.028778,3.512439778,0.028776,0.183980271,0.028766,0.196295409,0.028738,0.237862805
0.028878,3.286198033,0.028876,0.234699817,0.028866,0.082326197,0.028838,0.192237032
0.028978,3.227595207,0.028976,0.269718931,0.028966,0.114061688,0.028938,0.169579733
0.029078,3.138095395,0.029076,0.206601694,0.029066,0.177895171,0.029038,0.211184413
0.029178,2.998415195,0.029176,0.199755609,0.029166,0.06592737,0.029138,0.121131668
0.029278,2.790973539,0.029276,0.148255282,0.029266,0.120416938,0.029238,0.118166698
0.029378,2.665364915,0.029376,0.204538786,0.029366,0.109183783,0.029338,0.019988
0.029478,2.61169544,0.029476,0.136020748,0.029466,0.112959915,0.029438,0.084261477
0.029578,2.606355286,0.029576,0.069934803,0.029566,0.100453019,0.029538,0.13275394
0.029678,2.54118648,0.029676,0.049931979,0.029666,0.112511417,0.029638,0.084134724
0.029778,2.362943534,0.029776,0.082691389,0.029766,0.080930212,0.029738,0.030286813
0.029878,2.466330722,0.029876,0.067776123,0.029866,0.031606013,0.029838,0.077510054
0.029978,2.397546591,0.029976,0.248570886,0.029966,0.085216824,0.029938,0.047708556
0.030078,2.404070132,0.030076,0.149408233,0.030066,0.076522048,0.030038,0.063820542
0.030178,2.344216131,0.030176,0.197501556,0.030166,0.090681688,0.030138,0.104301726
0.030278,2.342733337,0.030276,0.130554142,0.030266,0.067039439,0.030238,0.040682221
0.030378,2.221368742,0.030376,0.27849373,0.030366,-0.000209314,0.030338,-0.021658696
0.030478,2.358461532,0.030476,0.181450226,0.030466,0.098990559,0.030438,0.026398526
0.030578,2.295921242,0.030576,0.205888455,0.030566,0.097589654,0.030538,0.076369004
0.030678,2.235150486,0.030676,0.27550547,0.030666,0.065743379,0.030638,0.157292332
0.030778,2.322539582,0.030776,0.307735439,0.030766,0.084137414,0.030738,0.089671179
0.030878,2.284403427,0.030876,0.38499044,0.030866,0.049696569,0.030838,0.025523857
0.030978,2.342485616,0.030976,0.301201792,0.030966,0.091912674,0.030938,0.080691414
0.031078,2.393982211,0.031076,0.369050779,0.031066,0.031119454,0.031038,0.052397471
0.031178,2.403206554,0.031176,0.36201295,0.031166,0.148926138,0.031138,0.103177995
0.031278,2.439073812,0.031276,0.346875419,0.031266,-0.007650303,0.031238,0.044176355
0.031378,2.497641356,0.031376,0.452115493,0.031366,-0.002486271,0.031338,0.004659473
0.031478,2.555230431,0.031476,0.365020166,0.031466,0.005906783,0.031438,-0.055179555
0.031578,2.56433717,0.031576,0.507224052,0.031566,0.0291531,0.031538,0.016151314
0.031678,2.621699224,0.031676,0.429880371,0.031666,0.113773796,0.031638,-0.022478111
0.031778,2.664780301,0.031776,0.354286637,0.031766,0.072305564,0.031738,-0.031289369
0.031878,2.556374135,0.031876,0.313489934,0.031866,0.120569142,0.031838,0.03533481
0.031978,2.675749773,0.031976,0.29573007,0.031966,0.127930805,0.031938,0.014824629
0.032078,2.72036369,0.032076,0.345829483,0.032066,0.061589538,0.032038,0.018204317
0.032178,2.828129539,0.032176,0.233691229,0.032166,0.16239043,0.032138,0.060124734
0.032278,2.792626814,0.032276,0.219614147,0.032266,0.0177699,0.032238,0.141736614
0.032378,2.90112753,0.032376,0.280034853,0.032366,0.053105043,0.032338,0.072872889
0.032478,2.899547928,0.032476,0.36320819,0.032466,0.039884671,0.032438,0.122277433
0.032578,2.949973336,0.032576,0.323862207,0.032566,-0.007060183,0.032538,0.099549709
0.032678,3.13019274,0.032676,0.346108722,0.032666,0.094648248,0.032638,0.106964455
0.032778,3.108182152,0.032776,0.31427121,0.032766,-0.012699789,0.032738,0.108166773
0.032878,3.210233703,0.032876,0.256525745,0.032866,0.001589547,0.032838,0.166655947
0.032978,3.356022295,0.032976,0.302545073,0.032966,0.001856959,0.032938,0.098257922
0.033078,3.202816442,0.033076,0.283685155,0.033066,0.05262762,0.033038,-0.033367532
0.033178,3.393153729,0.033176,0.300961723,0.033166,0.032021555,0.033138,-0.022528519
0.033278,3.43094786,0.033276,0.253097361,0.033266,0.030614965,0.033238,-0.036502705
0.033378,3.59508386,0.033376,0.291776375,0.033366,0.097871999,0.033338,0.005784586
0.033478,3.547619465,0.033476,0.316910308,0.033466,0.020380232,0.033438,0.026867056
0.033578,3.585791935,0.033576,0.29049848,0.033566,0.073569275,0.033538,-0.001680409
0.033678,3.610141568,0.033676,0.314911961,0.033666,-0.010332372,0.033638,-0.030074615
0.033778,3.719572779,0.033776,0.264273319,0.033766,-0.047512052,0.033738,0.03587504
0.033878,3.810108502,0.033876,0.347232149,0.033866,0.080435408,0.033838,0.076061959
0.033978,3.81825083,0.033976,0.323849891,0.033966,0.014498171,0.033938,0.061706595
0.034078,3.93358163,0.034076,0.384703495,0.034066,-0.017014995,0.034038,0.0538798
0.034178,4.038355845,0.034176,0.330032959,0.034166,0.070825626,0.034138,0.023697313
0.034278,4.204745385,0.034276,0.341673864,0.034266,0.082586319,0.034238,0.141292835
0.034378,4.292710522,0.034376,0.305015392,0.034366,0.088302992,0.034338,0.157823248
0.034478,4.260997824,0.034476,0.457790402,0.034466,0.036853992,0.034438,0.060745451
0.034578,4.402185905,0.034576,0.279983949,0.034566,0.064254916,0.034538,0.032453911
0.034678,4.400993456,0.034676,0.324033286,0.034666,0.034226406,0.034638,0.074339012
0.034778,4.621820373,0.034776,0.271499852,0.034766,0.084179423,0.034738,0.036988362
0.034878,4.658100262,0.034876,0.154570877,0.034866,0.041874232,0.034838,0.048593333
0.034978,4.716045247,0.034976,0.28421126,0.034966,-0.044856869,0.034938,0.031505326
0.035078,4.787037389,0.035076,0.280998956,0.035066,-0.023472337,0.035038,0.013736948
0.035178,4.876070118,0.035176,0.285503839,0.035166,0.046586503,0.035138,0.033230309
0.035278,4.945120336,0.035276,0.219321009,0.035266,0.001533336,0.035238,0.057841976
0.035378,5.028699296,0.035376,0.273033514,0.035366,0.067160161,0.035338,0.11568535
0.035478,5.22365828,0.035476,0.261513078,0.035466,-0.034978635,0.035438,0.035801081
0.035578,5.285575625,0.035576,0.301623954,0.035566,0.094026175,0.035538,0.066078963
0.035678,5.433545244,0.035676,0.016885714,0.035666,0.145034235,0.035638,-0.00313666
0.035778,5.409821203,0.035776,0.14850531,0.035766,0.092655232,0.035738,-0.012215271
0.035878,5.62160907,0.035876,0.075363656,0.035866,0.154535835,0.035838,0.087535971
0.035978,5.589423654,0.035976,0.070107369,0.035966,0.145088058,0.035938,-0.05332496
0.036078,5.777901938,0.036076,0.068572439,0.036066,0.019718557,0.036038,0.01227118
0.036178,5.806517519,0.036176,0.081711817,0.036166,0.021057888,0.036138,0.0355604
0.036278,5.869624788,0.036276,0.022270909,0.036266,0.020128688,0.036238,0.098318626
0.036378,6.021346247,0.036376,-0.012379458,0.036366,0.014349298,0.036338,0.001639714
0.036478,6.012621055,0.036476,0.019919636,0.036466,0.025643994,0.036438,0.059696839
0.036578,6.091833492,0.036576,0.111172604,0.036566,0.12847611,0.036538,0.101554285
0.036678,6.305367186,0.036676,-0.058278334,0.036666,0.072803241,0.036638,0.031566748
0.036778,6.232168729,0.036776,-0.049089482,0.036766,0.138729067,0.036738,0.04861662
0.036878,6.427834983,0.036876,0.042681225,0.036866,0.06491178,0.036838,0.1050873
0.036978,6.33621603,0.036976,-0.087249576,0.036966,0.063184631,0.036938,0.122794497
0.037078,6.54249576,0.037076,-0.251403624,0.037066,0.105452241,0.037038,0.099868841
0.037178,6.614816304,0.037176,-0.312261623,0.037166,0.085004888,0.037138,0.00445674
0.037278,6.62255675,0.037276,-0.181234028,0.037266,0.108413765,0.037238,0.12428767
0.037378,6.925387443,0.037376,-0.086488193,0.037366,0.050864505,0.037338,0.024243197
0.037478,7.070682202,0.037476,-0.012757312,0.037466,0.119993694,0.037438,0.063891929
0.037578,7.164465313,0.037576,-0.190783801,0.037566,0.067643102,0.037538,0.052176266
0.037678,7.258587959,0.037676,-0.169112228,0.037666,0.120611638,0.037638,-0.019019965
0.037778,7.274231379,0.037776,-0.242545136,0.037766,0.095655728,0.037738,0.03212191
0.037878,7.375165813,0.037876,-0.167231462,0.037866,0.073525454,0.037838,0.008084504
0.037978,7.591030191,0.037976,-0.216536199,0.037966,0.107571905,0.037938,0.058295914
0.038078,7.640334584,0.038076,-0.099034415,0.038066,0.081131017,0.038038,-0.028933327
0.038178,7.719269577,0.038176,-0.119539281,0.038166,0.096417355,0.038138,0.023053926
0.038278,7.873850243,0.038276,-0.21605837,0.038266,0.155785618,0.038238,0.104867938
0.038378,7.822610099,0.038376,-0.346571694,0.038366,0.166097694,0.038338,0.045729415
0.038478,7.916609543,0.038476,-0.331563261,0.038466,0.147592453,0.038438,0.097392147
0.038578,8.084617114,0.038576,-0.389782643,0.038566,0.150685575,0.038538,0.052388935
0.038678,8.115592131,0.038676,-0.310445552,0.038666,0.102748147,0.038638,0.030472007
0.038778,8.250075289,0.038776,-0.205591308,0.038766,0.053413916,0.038738,0.054203623
0.038878,8.433302146,0.038876,-0.240725192,0.038866,0.136793011,0.038838,0.047143244
0.038978,8.428563126,0.038976,-0.248917923,0.038966,0.160707072,0.038938,0.081827964
0.039078,8.529236203,0.039076,-0.149284909,0.039066,0.050251935,0.039038,-0.002066912
0.039178,8.726224144,0.039176,-0.138084675,0.039166,0.103040055,0.039138,-0.012672408
0.039278,8.824634523,0.039276,-0.092049584,0.039266,-0.017889404,0.039238,-0.012356442
0.039378,9.000879976,0.039376,-0.095495696,0.039366,0.091447691,0.039338,-0.026269874
0.039478,9.043199445,0.039476,-0.131674755,0.039466,0.066279083,0.039438,-0.038064885
0.039578,9.147739253,0.039576,0.076689984,0.039566,0.118526389,0.039538,0.058914135
0.039678,9.354302655,0.039676,-0.042976934,0.039666,0.129602331,0.039638,-0.039006345
0.039778,9.324136386,0.039776,0.00811951,0.039766,0.1024229,0.039738,-0.049951964
0.039878,9.584652766,0.039876,0.009212041,0.039866,0.095793565,0.039838,-0.011238429
0.039978,9.533786348,0.039976,0.107958381,0.039966,0.103437352,0.039938,0.043128387
0.040078,9.679831129,0.040076,0.057432266,0.040066,0.082751366,0.040038,0.037594459
0.040178,9.791507905,0.040176,0.095944692,0.040166,0.083693534,0.040138,0.010518721
0.040278,9.849262343,0.040276,0.067386829,0.040266,0.121211246,0.040238,0.04275213
0.040378,10.06525823,0.040376,0.14434177,0.040366,0.138515463,0.040338,0.155030075
0.040478,10.14465221,0.040476,0.209564424,0.040466,0.089059659,0.040438,0.032308643
0.040578,10.08249202,0.040576,0.498653351,0.040566,0.120861922,0.040538,0.071586425
0.040678,10.3329918,0.040676,0.539914933,0.040666,0.069480084,0.040638,0.081343698
0.040778,10.43747641,0.040776,0.531399943,0.040766,0.009857809,0.040738,0.072877676
0.040878,10.58443836,0.040876,0.630885925,0.040866,-0.07176851,0.040838,0.094053898
0.040978,10.59308576,0.040976,0.615633424,0.040966,0.156691819,0.040938,0.079624624
0.041078,10.7304418,0.041076,0.763776183,0.041066,0.013826522,0.041038,0.100495972
0.041178,10.70575092,0.041176,0.84846255,0.041166,-0.08496077,0.041138,-0.007460043
0.041278,10.68679544,0.041276,0.773446183,0.041266,-0.061771067,0.041238,-0.004409687
0.041378,10.98265496,0.041376,0.862729839,0.041366,-0.038609334,0.041338,0.104843379
0.041478,10.89713963,0.041476,0.724577715,0.041466,-0.026219899,0.041438,0.101416798
0.041578,10.99749492,0.041576,0.927989373,0.041566,0.00417227,0.041538,0.054778629
0.041678,10.99182988,0.041676,0.791228304,0.041666,0.100226156,0.041638,-0.009409031
0.041778,11.15508685,0.041776,0.886486863,0.041766,-0.080913426,0.041738,-0.048890796
0.041878,11.15881579,0.041876,0.916740754,0.041866,-0.073879701,0.041838,0.1037001
0.041978,11.04663872,0.041976,0.960355624,0.041966,0.03863706,0.041938,0.06443099
0.042078,11.28660873,0.042076,1.057543547,0.042066,-0.024484908,0.042038,0.020559045
0.042178,11.23456274,0.042176,1.045645828,0.042166,0.058804894,0.042138,0.057567396
0.042278,11.29933596,0.042276,1.035046489,0.042266,0.044977048,0.042238,0.0559376
0.042378,11.45332272,0.042376,1.108115859,0.042366,0.105603781,0.042338,0.044744138
0.042478,11.45289119,0.042476,1.134540625,0.042466,0.089026461,0.042438,0.000302244
0.042578,11.62236386,0.042576,1.393080069,0.042566,0.042342516,0.042538,0.067129889
0.042678,11.67490907,0.042676,1.350026832,0.042666,0.119254048,0.042638,0.150099896
0.042778,11.6088266,0.042776,1.385372305,0.042766,0.091623406,0.042738,0.067713737
0.042878,11.74856364,0.042876,1.294440559,0.042866,-0.004365257,0.042838,-0.053721796
0.042978,11.67311739,0.042976,1.468606361,0.042966,-0.015626642,0.042938,0.00143718
0.043078,11.84460537,0.043076,1.405190124,0.043066,0.04639847,0.043038,0.034639569
0.043178,11.85423754,0.043176,1.32897106,0.043166,0.07615571,0.043138,0.080327602
0.043278,11.91229296,0.043276,1.640509015,0.043266,-0.025164956,0.043238,-0.069114917
0.043378,11.87450925,0.043376,1.556601973,0.043366,0.046472976,0.043338,0.013918193
0.043478,11.83422642,0.043476,1.617633004,0.043466,0.065842957,0.043438,0.003442648
0.043578,11.9958823,0.043576,1.66673647,0.043566,0.133887919,0.043538,0.024756457
0.043678,12.14639789,0.043676,1.70606124,0.043666,0.039619182,0.043638,0.02627248
0.043778,12.13826927,0.043776,1.742136135,0.043766,0.069219695,0.043738,-0.000361089
0.043878,12.0899075,0.043876,1.762198179,0.043866,0.06667922,0.043838,0.045454254
0.043978,12.24962464,0.043976,1.937258425,0.043966,-0.015289997,0.043938,-0.034450903
0.044078,12.37420858,0.044076,1.896497173,0.044066,-0.068589975,0.044038,0.055177368
0.044178,12.13394038,0.044176,2.006834406,0.044166,-0.056070331,0.044138,0.127079545
0.044278,12.36586243,0.044276,2.00187248,0.044266,-0.004352997,0.044238,0.139639352
0.044378,12.30955832,0.044376,1.972281371,0.044366,0.031450231,0.044338,-0.064337325
0.044478,12.17233091,0.044476,2.037987728,0.044466,-0.022225934,0.044438,-0.002136381
0.044578,12.4812838,0.044576,2.086050699,0.044566,0.001736907,0.044538,0.122316155
0.044678,12.45265018,0.044676,2.056993281,0.044666,-0.097861604,0.044638,0.003608782
0.044778,12.72240703,0.044776,2.044241092,0.044766,-0.016262051,0.044738,-0.04862882
0.044878,12.64076196,0.044876,2.135727013,0.044866,0.05215655,0.044838,0.018503908
0.044978,12.56797312,0.044976,2.256544684,0.044966,-0.05568911,0.044938,0.003633128
0.045078,12.68175702,0.045076,2.141046578,0.045066,-0.108689188,0.045038,-0.048529256
0.045178,12.6315866,0.045176,2.040107768,0.045166,0.029460677,0.045138,-0.021543556
0.045278,12.77308158,0.045276,2.227198524,0.045266,-0.067167498,0.045238,-0.013152403
0.045378,12.71994455,0.045376,2.06073106,0.045366,-0.037385301,0.045338,-0.005770181
0.045478,12.68681093,0.045476,2.135307304,0.045466,-0.065314182,0.045438,-0.006196353
0.045578,12.82651128,0.045576,2.187984917,0.045566,-0.046275672,0.045538,-0.014975681
0.045678,12.81039026,0.045676,2.120543326,0.045666,-0.051932775,0.045638,0.020739252
0.045778,12.77697046,0.045776,2.145443192,0.045766,-0.004157701,0.045738,0.110190922
0.045878,12.73659543,0.045876,2.206879228,0.045866,-0.006913267,0.045838,0.032405344
0.045978,12.64618436,0.045976,2.251375469,0.045966,-0.00696282,0.045938,0.059983755
0.046078,12.68894933,0.046076,2.28849856,0.046066,-0.193956282,0.046038,0.088348592
0.046178,12.78839927,0.046176,2.271784471,0.046166,-0.12593646,0.046138,0.044304534
0.046278,12.60728803,0.046276,2.234920794,0.046266,-0.155436521,0.046238,0.129110424
0.046378,12.70034557,0.046376,2.192403359,0.046366,-0.055238465,0.046338,0.0020712
0.046478,12.61405571,0.046476,2.210063642,0.046466,-0.019152377,0.046438,0.00303642
0.046578,12.54811798,0.046576,2.136619275,0.046566,-0.02541894,0.046538,0.149750859
0.046678,12.49474033,0.046676,2.139007756,0.046666,0.008375531,0.046638,0.054988997
0.046778,12.40842073,0.046776,2.20574205,0.046766,0.072727875,0.046738,0.00021207
0.046878,12.45799581,0.046876,2.108709603,0.046866,-0.017861153,0.046838,-0.01222711
0.046978,12.45154491,0.046976,2.047149062,0.046966,0.016855616,0.046938,0.00126732
0.047078,12.31039942,0.047076,1.941428931,0.047066,-0.016336807,0.047038,0.007630158
0.047178,12.18476374,0.047176,1.92525113,0.047166,0.067171641,0.047138,-0.020474204
0.047278,12.09311291,0.047276,1.863651625,0.047266,0.074234268,0.047238,-0.001622561
0.047378,11.99446928,0.047376,1.904467278,0.047366,0.060343255,0.047338,0.078653221
0.047478,11.92231757,0.047476,1.683236387,0.047466,-0.068047398,0.047438,0.143987755
0.047578,11.76418856,0.047576,1.740878309,0.047566,0.051952842,0.047538,0.134766622
0.047678,11.71306342,0.047676,1.843023477,0.047666,0.054050928,0.047638,-0.01728892
0.047778,11.56625769,0.047776,1.851706597,0.047766,0.064581858,0.047738,0.011897492
0.047878,11.64062051,0.047876,1.843273089,0.047866,0.015056846,0.047838,0.046066916
0.047978,11.56626767,0.047976,1.808974991,0.047966,0.018192238,0.047938,0.021970842
0.048078,11.393277,0.048076,1.79487108,0.048066,0.011956091,0.048038,0.041786752
0.048178,11.37682786,0.048176,1.630642363,0.048166,0.007270999,0.048138,-0.031848824
0.048278,11.24110515,0.048276,1.537250684,0.048266,0.111506249,0.048238,0.046632288
0.048378,11.1176935,0.048376,1.61492897,0.048366,0.195562773,0.048338,-0.022793517
0.048478,11.0468321,0.048476,1.648192581,0.048466,0.10565053,0.048438,0.042369268
0.048578,10.95842095,0.048576,1.519627279,0.048566,0.228904803,0.048538,-0.000324476
0.048678,10.81695744,0.048676,1.584531612,0.048666,0.235456158,0.048638,-0.005498701
0.048778,10.86785346,0.048776,1.530532684,0.048766,0.164449051,0.048738,0.022894382
0.048878,10.76447387,0.048876,1.500025333,0.048866,0.182315427,0.048838,0.03331252
0.048978,10.64649017,0.048976,1.437036375,0.048966,0.280598624,0.048938,-0.01938417
0.049078,10.57515314,0.049076,1.303896255,0.049066,0.297469524,0.049038,0.015879419
0.049178,10.56374566,0.049176,1.352359966,0.049166,0.32310487,0.049138,0.055070488
0.049278,10.46838941,0.049276,1.319579123,0.049266,0.113533767,0.049238,0.093937422
0.049378,10.61109676,0.049376,1.257572779,0.049366,0.219140692,0.049338,0.001863046
0.049478,10.59579482,0.049476,1.139999535,0.049466,0.283615661,0.049438,-0.01310817
0.049578,10.46816342,0.049576,1.009779577,0.049566,0.284240891,0.049538,0.010221315
0.049678,10.59579178,0.049676,1.057785395,0.049666,0.280500236,0.049638,0.02949144
0.049778,10.52426842,0.049776,0.921683822,0.049766,0.170248408,0.049738,-0.073804882
0.049878,10.60756954,0.049876,0.758737002,0.049866,0.149015312,0.049838,-0.012248845
0.049978,10.42613466,0.049976,0.72867617,0.049966,0.103704935,0.049938,0.027551921
0.050078,10.60559527,0.050076,0.597643404,0.050066,0.253667749,0.050038,0.037417392
0.050178,10.68814513,0.050176,0.700884115,0.050166,0.292695175,0.050138,0.141815864
0.050278,10.70876079,0.050276,0.59330217,0.050266,0.198050189,0.050238,-0.030849741
0.050378,10.58562372,0.050376,0.446962149,0.050366,0.333600805,0.050338,0.065798746
0.050478,10.74084263,0.050476,0.484073706,0.050466,0.342420138,0.050438,0.101848058
0.050578,10.67818824,0.050576,0.331287253,0.050566,0.31428161,0.050538,0.062209182
0.050678,10.66519611,0.050676,0.293663243,0.050666,0.315456233,0.050638,-0.017424217
0.050778,10.76316952,0.050776,0.360367152,0.050766,0.412227789,0.050738,0.034694792
0.050878,10.74403648,0.050876,0.248487177,0.050866,0.421089097,0.050838,0.046943621
0.050978,10.91487853,0.050976,0.335720677,0.050966,0.394882886,0.050938,-0.069941798
0.051078,10.92949391,0.051076,0.276685846,0.051066,0.449711522,0.051038,-0.017125561
0.051178,10.85218159,0.051176,0.175395987,0.051166,0.278458653,0.051138,-0.008639719
0.051278,10.97883448,0.051276,0.1321796,0.051266,0.436149207,0.051238,0.033767878
0.051378,11.11543656,0.051376,0.089558344,0.051366,0.4917602,0.051338,0.095409038
0.051478,11.21009204,0.051476,0.09767098,0.051466,0.466367882,0.051438,0.054970055
0.051578,11.16894498,0.051576,0.101159313,0.051566,0.405955938,0.051538,0.101389491
0.051678,11.14075907,0.051676,-0.034232337,0.051666,0.388245813,0.051638,-0.002168419
0.051778,11.3090099,0.051776,0.053792089,0.051766,0.433899902,0.051738,-0.004520221
0.051878,11.22351017,0.051876,0.034909496,0.051866,0.435848597,0.051838,0.053098783
0.051978,11.41029855,0.051976,0.258151131,0.051966,0.569924054,0.051938,0.050877755
0.052078,11.34410586,0.052076,0.115811367,0.052066,0.557757083,0.052038,-0.05404979
0.052178,11.39355845,0.052176,0.094578151,0.052166,0.468820126,0.052138,-0.058363188
0.052278,11.4830024,0.052276,0.174527494,0.052266,0.475229565,0.052238,0.086853126
0.052378,11.54921434,0.052376,0.300447757,0.052366,0.420636986,0.052338,0.031730534
0.052478,11.58981915,0.052476,0.144497484,0.052466,0.429906075,0.052438,0.02517462
0.052578,11.79913593,0.052576,0.133337463,0.052566,0.448067205,0.052538,-0.082720235
0.052678,11.79905084,0.052676,0.252509476,0.052666,0.630980805,0.052638,0.075808902
0.052778,11.84251617,0.052776,0.297477321,0.052766,0.600092571,0.052738,0.05523931
0.052878,11.7978146,0.052876,0.33201573,0.052866,0.667305494,0.052838,0.075444537
0.052978,12.13474058,0.052976,0.436787101,0.052966,0.732163221,0.052938,0.125805321
0.053078,12.22783975,0.053076,0.48409178,0.053066,0.742057131,0.053038,0.061461169
0.053178,12.2194976,0.053176,0.541558201,0.053166,0.809301676,0.053138,0.115008414
0.053278,12.35843369,0.053276,0.505651777,0.053266,0.787564806,0.053238,0.080122933
0.053378,12.46142756,0.053376,0.420854286,0.053366,0.675399772,0.053338,0.006952349
0.053478,12.52832587,0.053476,0.577252767,0.053466,0.827457554,0.053438,0.001244387
0.053578,12.66539187,0.053576,0.6741724,0.053566,0.674367934,0.053538,0.010388658
0.053678,12.81400206,0.053676,0.646979895,0.053666,0.643158068,0.053638,0.050441114
0.053778,12.90753776,0.053776,0.784575281,0.053766,0.696473108,0.053738,0.02769241
0.053878,12.97449047,0.053876,0.847481312,0.053866,0.671931062,0.053838,0.053260583
0.053978,13.03056526,0.053976,0.778321912,0.053966,0.773392994,0.053938,-0.100103285
0.054078,13.31764378,0.054076,0.865298773,0.054066,0.709608907,0.054038,-0.051748853
0.054178,13.20193633,0.054176,0.976208678,0.054166,0.718586636,0.054138,0.086024453
0.054278,13.16768292,0.054276,1.031681591,0.054266,0.890053932,0.054238,0.033950999
0.054378,13.30267078,0.054376,1.174725512,0.054366,0.787984139,0.054338,-0.018659704
0.054478,13.39735957,0.054476,1.09608683,0.054466,0.853317912,0.054438,0.075971737
0.054578,13.36505299,0.054576,1.273176371,0.054566,0.696095089,0.054538,0.08206557
0.054678,13.4538357,0.054676,1.299424695,0.054666,0.695004086,0.054638,0.147835605
0.054778,13.67433217,0.054776,1.250283935,0.054766,0.80210602,0.054738,0.070304428
0.054878,13.63758223,0.054876,1.446955109,0.054866,0.810425123,0.054838,0.162569754
0.054978,13.72394366,0.054976,1.401090207,0.054966,0.713453751,0.054938,0.037381768
0.055078,13.90215068,0.055076,1.393966618,0.055066,0.698820629,0.055038,0.096222116
0.055178,13.90596424,0.055176,1.570294955,0.055166,0.690036328,0.055138,0.11614115
0.055278,14.00506213,0.055276,1.598064187,0.055266,0.69938191,0.055238,-0.069486491
0.055378,13.97005089,0.055376,1.661307527,0.055366,0.612878789,0.055338,-0.00486337
0.055478,14.1636453,0.055476,1.838902284,0.055466,0.676994869,0.055438,0.042504989
0.055578,14.145703,0.055576,1.864578096,0.055566,0.722964735,0.055538,-0.01652752
0.055678,14.199779,0.055676,1.838071746,0.055666,0.632481576,0.055638,-0.018403717
0.055778,14.27127628,0.055776,1.862682716,0.055766,0.607133241,0.055738,0.004919731
0.055878,14.34568928,0.055876,2.076671147,0.055866,0.621209842,0.055838,-0.036768289
0.055978,14.42661488,0.055976,2.206147655,0.055966,0.474251522,0.055938,-0.091415945
0.056078,14.53992091,0.056076,2.314229209,0.056066,0.65967407,0.056038,-0.143050983
0.056178,14.62320857,0.056176,2.246848641,0.056166,0.535025397,0.056138,-0.052985165
0.056278,14.60626949,0.056276,2.247185365,0.056266,0.524097765,0.056238,-0.058759197
0.056378,14.52608836,0.056376,2.30674853,0.056366,0.536542146,0.056338,0.005120394
0.056478,14.65535354,0.056476,2.479214784,0.056466,0.569353852,0.056438,-0.00832368
0.056578,14.7057355,0.056576,2.339550849,0.056566,0.492196589,0.056538,0.08701781
0.056678,14.86200018,0.056676,2.476422517,0.056666,0.454138755,0.056638,-0.020097057
0.056778,14.82322354,0.056776,2.555912857,0.056766,0.426904441,0.056738,0.072932873
0.056878,14.97959787,0.056876,2.433235466,0.056866,0.38240198,0.056838,-0.039856042
0.056978,14.84755935,0.056976,2.556323798,0.056966,0.412416997,0.056938,0.137312672
0.057078,14.94765061,0.057076,2.666208363,0.057066,0.406381325,0.057038,0.119223619
0.057178,14.98785652,0.057176,2.757054957,0.057166,0.265257367,0.057138,0.042645971
0.057278,15.09048206,0.057276,2.785022704,0.057266,0.308938665,0.057238,0.037999312
0.052990255,2.272207053,0.057376,2.867997887,0.057366,0.285801836,0.057338,0.029944101
0.05071311,0.656914664,0.057476,2.880179052,0.057466,0.206203764,0.057438,-0.089122785
0.049597257,0.292527264,0.057576,2.976351952,0.057566,0.286594672,0.057538,0.06077294
0.048797434,0.290872476,0.057676,2.989077763,0.057666,0.154272629,0.057638,0.013104867
0.048168013,0.104620712,0.057776,3.229383785,0.057766,-0.017271431,0.057738,0.024640326
0.047749852,-0.013495434,0.057876,3.206577372,0.057866,-0.025397751,0.057838,-0.073640951
0.047401518,0.015844019,0.057976,3.169541155,0.057966,-0.06354658,0.057938,0.012258727
0.04724729,0.082940492,0.058076,3.428248677,0.058066,-0.10640452,0.058038,0.081114145
0.047075968,0.084129359,0.058176,3.493980078,0.058166,-0.162790742,0.058138,0.198490232
0.046880877,0.003972587,0.058276,3.513773035,0.058266,-0.363295946,0.058238,0.13268169
0.046764378,-0.011825821,0.058376,3.615091391,0.058366,-0.415547265,0.058338,0.041914749
0.046646062,0.092872507,0.058476,3.62298748,0.058466,-0.460085588,0.058438,0.095690286
0.046521484,-0.079779181,0.058576,3.712897325,0.058566,-0.373504643,0.058538,0.186587914
0.046462398,0.061503005,0.058676,3.66898378,0.058666,-0.556756896,0.058638,0.097136118
0.046363138,0.005966598,0.058776,3.899312267,0.058766,-0.569843688,0.058738,0.100024978
0.046337343,0.049274426,0.058876,3.785854956,0.058866,-0.631797134,0.058838,0.061726234
0.046295133,0.033850242,0.058976,3.84315255,0.058966,-0.711016082,0.058938,0.117495958
0.046233084,-0.119778382,0.059076,3.901879637,0.059066,-0.704421509,0.059038,0.019483874
0.046193008,-0.031321655,0.059176,3.874607228,0.059166,-0.661773214,0.059138,0.024223524
0.046131108,-0.044687773,0.059276,3.965203332,0.059266,-0.764889157,0.059238,0.024458134
0.046052052,-0.080572853,0.059376,4.120672522,0.059366,-0.752200011,0.059338,-0.005851085
0.046019285,0.028260295,0.059476,4.18298963,0.059466,-0.703688351,0.059438,-0.018499206
0.045931536,0.028077435,0.059576,4.176024673,0.059566,-0.601119447,0.059538,0.060639548
0.045887323,-0.042161739,0.059676,4.215099435,0.059666,-0.568994166,0.059638,-0.003108896
0.045833964,-0.0968745,0.059776,4.152243002,0.059766,-0.386760507,0.059738,-0.008790212
0.045808676,0.041821379,0.059876,4.208094552,0.059866,-0.48109272,0.059838,0.20760438
0.045757308,0.00805429,0.059976,4.28890814,0.059966,-0.378434019,0.059938,0.194916293
0.045716434,0.03896328,0.060076,4.250865555,0.060066,-0.477299148,0.060038,0.159181857
0.045686482,-0.075634649,0.060176,4.274696575,0.060166,-0.283248412,0.060138,0.057368339
0.045662817,0.033522389,0.060276,4.338316418,0.060266,-0.228183782,0.060238,0.109815432
0.04563221,0.077761176,0.060376,4.379240912,0.060366,-0.136604427,0.060338,0.163558215
0.04559722,0.050091542,0.060476,4.535165353,0.060466,-0.126521189,0.060438,0.242785721
0.045539767,-0.028212146,0.060576,4.475593107,0.060566,-0.011430897,0.060538,0.174068257
0.045522992,0.048911106,0.060676,4.45692832,0.060666,0.050820605,0.060638,0.090406018
0.045512807,0.114418119,0.060776,4.517774653,0.060766,0.114103601,0.060738,0.228125592
0.04544875,-0.00346842,0.060876,4.667205811,0.060866,0.093565126,0.060838,0.07982166
0.045439119,0.051690903,0.060976,4.697030567,0.060966,0.081115705,0.060938,0.099713653
0.045389516,-0.091173295,0.061076,4.71747762,0.061066,0.046507195,0.061038,0.10782121
0.045367345,-0.113548102,0.061176,4.690680822,0.061166,0.09270038,0.061138,0.153187787
0.045360753,-0.01478407,0.061276,4.620466036,0.061266,0.332013693,0.061238,-0.079793212
0.045349675,0.016350449,0.061376,4.70078788,0.061366,0.28464418,0.061338,0.069686212
0.045321139,0.043208813,0.061476,4.779017681,0.061466,0.20298627,0.061438,0.192506877
0.045335523,0.002739906,0.061576,4.754178979,0.061566,0.26043724,0.061538,0.11417041
0.045320215,0.049799199,0.061676,4.702458953,0.061666,0.348742138,0.061638,0.045680421
0.045290149,0.045303484,0.061776,4.959532679,0.061766,0.43268797,0.061738,0.141875253
0.045280433,-0.118979655,0.061876,4.922364607,0.061866,0.344801225,0.061838,0.103160402
0.045248843,-0.015010707,0.061976,5.026591514,0.061966,0.361959322,0.061938,0.049840738
0.045247975,0.012670621,0.062076,4.98827562,0.062066,0.291500195,0.062038,0.129320705
0.045227988,-0.035864397,0.062176,5.003656535,0.062166,0.380840025,0.062138,0.109314514
0.045229528,0.007754407,0.062276,5.100386136,0.062266,0.509364164,0.062238,0.123436087
0.045183504,-0.180126917,0.062376,5.136633627,0.062366,0.507876793,0.062338,0.22022944
0.045177597,-0.073363948,0.062476,5.204388653,0.062466,0.507697555,0.062438,0.149350955
0.045155602,0.08935491,0.062576,5.072070926,0.062566,0.587334249,0.062538,0.186456471
0.045148858,-0.053160894,0.062676,5.167506213,0.062666,0.598191985,0.062638,0.062684647
0.04509637,-0.025476244,0.062776,5.053366829,0.062766,0.650874746,0.062738,0.155344925
0.045091261,-0.133601045,0.062876,5.108526954,0.062866,0.759497853,0.062838,0.223944676
0.045057841,-0.061380327,0.062976,5.131280834,0.062966,0.728849872,0.062938,0.182003368
0.045075043,0.05596511,0.063076,5.182805534,0.063066,0.888831863,0.063038,0.162476897
0.045043151,-0.041560685,0.063176,5.03784114,0.063166,0.842592934,0.063138,0.062758394
0.045035872,0.075548158,0.063276,4.911394024,0.063266,0.840927343,0.063238,0.01099205
0.045028148,0.073896766,0.063376,4.94552716,0.063366,0.91016142,0.063338,0.188585521
0.044987881,-0.12004441,0.063476,4.939297271,0.063466,0.848660299,0.063438,-0.05135176
0.044981913,0.083119668,0.063576,5.008993218,0.063566,0.933174061,0.063538,-0.01301309
0.044945744,0.027119149,0.063676,4.929063414,0.063666,1.085487881,0.063638,0.073416126
0.04498594,0.075032895,0.063776,4.896187842,0.063766,0.930982278,0.063738,0.146001545
0.044971173,0.110712693,0.063876,4.935893143,0.063866,0.922020959,0.063838,0.075095491
0.044964023,0.004567967,0.063976,4.785432236,0.063966,0.848364483,0.063938,0.12199111
0.044914828,-0.011535164,0.064076,4.865725406,0.064066,0.839907354,0.064038,0.096264649
0.044914971,-0.013378083,0.064176,4.897479933,0.064166,0.934797778,0.064138,0.127318879
0.044881554,0.001193478,0.064276,4.882400661,0.064266,1.006836752,0.064238,0.101118324
0.044881553,-0.039927249,0.064376,4.924785483,0.064366,0.993655836,0.064338,0.202929931
0.044859868,0.041610703,0.064476,4.818943467,0.064466,1.117455502,0.064438,0.131448799
0.04489353,-0.027684743,0.064576,4.731159276,0.064566,1.20162205,0.064538,0.139293126
0.044852159,0.024279748,0.064676,4.782693819,0.064666,1.093507818,0.064638,0.181785863
0.044860863,-0.02400509,0.064776,4.608998088,0.064766,1.150060054,0.064738,0.172140034
0.044835188,0.139854285,0.064876,4.680535985,0.064866,1.290164754,0.064838,0.176552866
0.044821523,0.081822858,0.064976,4.436115237,0.064966,1.15660208,0.064938,0.128846064
0.044811108,0.008563521,0.065076,4.408670677,0.065066,1.318530068,0.065038,0.120548443
0.044785092,-0.112503616,0.065176,4.398742054,0.065166,1.369441254,0.065138,0.191593588
0.04475504,-0.025790634,0.065276,4.333142987,0.065266,1.341629622,0.065238,0.195448457
0.044748398,0.033012475,0.065376,4.197642443,0.065366,1.375064765,0.065338,0.076966951
0.044741728,-0.025172716,0.065476,4.267115666,0.065466,1.447810635,0.065438,0.154452715
0.044740824,-0.026059174,0.065576,4.163176992,0.065566,1.41210109,0.065538,0.081073823
0.044742137,0.124942453,0.065676,4.029866463,0.065666,1.411114924,0.065638,0.130345646
0.044747078,0.148156046,0.065776,3.913239608,0.065766,1.445807855,0.065738,0.085802751
0.044707481,0.002525169,0.065876,3.860652039,0.065866,1.542374145,0.065838,0.162230606
0.044679119,-0.1500365,0.065976,3.779329223,0.065966,1.551612752,0.065938,0.247764532
0.044670113,0.026632253,0.066076,3.740044756,0.066066,1.53845245,0.066038,0.166189642
0.044682505,0.017219302,0.066176,3.63132929,0.066166,1.560116173,0.066138,0.206284034
0.044647312,-0.243634438,0.066276,3.677869784,0.066266,1.602048055,0.066238,0.098768854
0.044683051,-0.048414046,0.066376,3.497336333,0.066366,1.592674663,0.066338,0.11890864
0.044645983,-0.010290158,0.066476,3.255326633,0.066466,1.69896956,0.066438,0.020398521
0.044624355,-0.052521156,0.066576,3.363020256,0.066566,1.681254953,0.066538,0.086871856
0.04463147,-0.022744831,0.066676,3.329525585,0.066666,1.712222499,0.066638,0.06276129
0.04460749,0.029451415,0.066776,3.255788456,0.066766,1.88745736,0.066738,-0.056087429
0.044590479,-0.148558487,0.066876,3.08936184,0.066866,1.846473458,0.066838,0.050686776
0.044607047,0.026170729,0.066976,3.041797689,0.066966,1.881004662,0.066938,-0.040343686
0.044566562,0.001337588,0.067076,3.011662861,0.067066,1.981198734,0.067038,-0.021080891
0.044566113,-0.186171985,0.067176,2.829546895,0.067166,1.877995914,0.067138,0.069955031
0.044578945,0.027910982,0.067276,2.704737303,0.067266,2.009861427,0.067238,-0.065579338
0.044583091,0.059967309,0.067376,2.802617125,0.067366,1.947020166,0.067338,-0.052870953
0.044532506,-0.00405004,0.067476,2.768642696,0.067466,1.98013846,0.067438,-0.100951699
0.044554232,-0.040919498,0.067576,2.57896212,0.067566,2.04769085,0.067538,0.04581263
0.044549407,-0.041381651,0.067676,2.675679605,0.067666,2.02401994,0.067638,0.016915292
0.044547677,-0.030330441,0.067776,2.598401394,0.067766,2.13259778,0.067738,-0.031554684
0.044542126,0.067730928,0.067876,2.553808492,0.067866,1.908476768,0.067838,-0.166888864
0.044532533,0.080991769,0.067976,2.495285981,0.067966,2.126821614,0.067938,-0.060320826
0.04452297,-0.117686612,0.068076,2.353273721,0.068066,1.998946607,0.068038,-0.048000432
0.044514347,-0.017682702,0.068176,2.315399725,0.068166,2.114579461,0.068138,-0.065855802
0.044481857,0.015647141,0.068276,2.428969411,0.068266,2.12052701,0.068238,-0.12729376
0.044504606,0.004128167,0.068376,2.43749439,0.068366,2.148838433,0.068338,-0.140808756
0.044458763,0.021419473,0.068476,2.462525872,0.068466,2.208811957,0.068438,-0.179254105
0.044509446,0.06454995,0.068576,2.462533743,0.068566,2.250371689,0.068538,-0.118315403
0.044483481,-0.100456549,0.068676,2.360674128,0.068666,2.228932701,0.068638,-0.207423817
0.044512569,0.05813146,0.068776,2.407078432,0.068766,2.283373601,0.068738,-0.202556977
0.044482988,-0.004220797,0.068876,2.392993668,0.068866,2.34074635,0.068838,-0.065513339
0.044457078,-0.018914079,0.068976,2.566397066,0.068966,2.358728698,0.068938,-0.075751585
0.044426489,-0.136581314,0.069076,2.462994898,0.069066,2.251175763,0.069038,-0.177528742
0.044432092,-0.101184135,0.069176,2.545271472,0.069166,2.229169365,0.069138,-0.03753252
0.044436357,0.024056937,0.069276,2.446673394,0.069266,2.308937074,0.069238,-0.167208834
0.044405255,-0.027082717,0.069376,2.46773608,0.069366,2.214633983,0.069338,-0.106713784
0.044388461,0.076363021,0.069476,2.507212106,0.069466,2.217869081,0.069438,-0.127571685
0.044424879,0.10450882,0.069576,2.45908387,0.069566,2.197746188,0.069538,-0.124331995
0.044422067,0.016890985,0.069676,2.511134418,0.069666,2.298549379,0.069638,-0.094437177
0.044376838,-0.033135573,0.069776,2.431605605,0.069766,2.192771134,0.069738,-0.081975023
0.044363234,-0.011068122,0.069876,2.575797824,0.069866,2.309554226,0.069838,0.008367609
0.044384728,-0.021250666,0.069976,2.567545093,0.069966,2.150168972,0.069938,-0.032403589
0.044393297,0.040331935,0.070076,2.658071877,0.070066,2.28168717,0.070038,0.082224709
0.044348982,-0.035735474,0.070176,2.724507155,0.070166,2.195765746,0.070138,-0.091642684
0.044348304,-0.08900431,0.070276,2.685515255,0.070266,2.127749531,0.070238,0.022385
0.044351293,-0.022256105,0.070376,2.758712678,0.070366,2.089394249,0.070338,-0.082142904
0.044364212,0.002370372,0.070476,2.817326037,0.070466,2.034769984,0.070438,0.068075947
0.044336769,-0.01233404,0.070576,2.824566068,0.070566,2.090509155,0.070538,0.102446539
0.044343996,-0.0192282,0.070676,2.868391952,0.070666,2.00470512,0.070638,-0.0394001
0.044352165,-0.021253351,0.070776,2.876497715,0.070766,1.981799529,0.070738,0.041089718
0.044336286,-0.033959974,0.070876,3.00864427,0.070866,1.931904875,0.070838,-0.023199407
0.044336834,0.023839103,0.070976,2.998801407,0.070966,1.926239863,0.070938,0.066883713
0.044294503,-0.001322873,0.071076,3.064730413,0.071066,1.952952269,0.071038,0.12053744
0.044306184,0.024474671,0.071176,3.114150582,0.071166,1.978769522,0.071138,0.153935053
0.044271707,-0.089837061,0.071276,3.175635641,0.071266,2.032040479,0.071238,0.084892149
0.04429418,0.026804558,0.071376,3.0613634,0.071366,1.938604766,0.071338,0.031947266
0.044295963,0.213394459,0.071476,3.212220182,0.071466,1.99724531,0.071438,0.096092672
0.044295717,0.114755664,0.071576,3.067407568,0.071566,1.885844921,0.071538,0.179889244
0.044291411,-0.06363084,0.071676,3.291466281,0.071666,1.971175651,0.071638,0.219781976
0.044236115,-0.214336015,0.071776,3.420687748,0.071766,1.996052344,0.071738,0.160244435
0.04427256,0.103591259,0.071876,3.412269889,0.071866,1.998253281,0.071838,0.135327879
0.044269116,0.072046066,0.071976,3.447697158,0.071966,1.961130432,0.071938,0.117943647
0.044250151,-0.017728986,0.072076,3.50468385,0.072066,1.924319874,0.072038,0.210298836
0.044199917,-0.086517587,0.072176,3.500685128,0.072166,1.882148139,0.072138,0.174884006
0.04425518,-0.029697914,0.072276,3.716725363,0.072266,1.87903328,0.072238,0.149341882
0.044249079,0.140345026,0.072376,3.631166399,0.072366,1.904523963,0.072338,0.266597645
0.044237172,-0.009570005,0.072476,3.89379364,0.072466,1.964163919,0.072438,0.201723524
0.04423802,0.005825065,0.072576,3.948818459,0.072566,1.84424923,0.072538,0.233197373
0.044211955,-0.144351217,0.072676,4.003893987,0.072666,1.667987199,0.072638,0.199049053
0.044208707,-0.0204816,0.072776,3.972438438,0.072766,1.846583404,0.072738,0.299003596
0.044179208,-0.057546805,0.072876,4.126142075,0.072866,1.690727319,0.072838,0.21735581
0.044215944,0.035954267,0.072976,4.205103795,0.072966,1.598873453,0.072938,0.289915916
0.044210518,0.023471719,0.073076,4.266352764,0.073066,1.491440694,0.073038,0.343997904
0.044213118,0.03539135,0.073176,4.350539684,0.073166,1.480261142,0.073138,0.205022023
0.044177882,-0.001027299,0.073276,4.305943073,0.073266,1.432877758,0.073238,0.331302541
0.044179191,-0.058386017,0.073376,4.400319663,0.073366,1.273359135,0.073338,0.335439406
0.044178202,0.001989813,0.073476,4.400888698,0.073466,1.256682645,0.073438,0.316583601
0.044186884,0.114061146,0.073576,4.478078942,0.073566,1.063190553,0.073538,0.296829581
0.04420607,0.169074896,0.073676,4.512717955,0.073666,0.985288556,0.073638,0.412632041
0.044154381,-0.009297924,0.073776,4.566730021,0.073766,0.912267234,0.073738,0.358470234
0.044178968,0.112759763,0.073876,4.833737096,0.073866,0.873149993,0.073838,0.458860886
0.044146446,0.099011841,0.073976,4.781950582,0.073966,0.82736708,0.073938,0.494993106
0.044108276,-0.092877856,0.074076,4.856206001,0.074066,0.826601956,0.074038,0.479572419
0.044151137,0.073152115,0.074176,4.813351547,0.074166,0.595678226,0.074138,0.524037458
0.044125494,-0.055084454,0.074276,4.934610032,0.074266,0.554743421,0.074238,0.632562608
0.044103686,0.043561236,0.074376,4.919829074,0.074366,0.565850833,0.074338,0.62837729
0.044099883,-0.147262481,0.074476,4.983558375,0.074466,0.587234416,0.074438,0.616959562
0.044128063,0.014201193,0.074576,4.903065262,0.074566,0.538620385,0.074538,0.662717964
0.044105213,-0.090386466,0.074676,5.023609538,0.074666,0.359177984,0.074638,0.678100883
0.044099623,0.061206594,0.074776,5.212687113,0.074766,0.382276043,0.074738,0.617409064
0.044121909,0.082918321,0.074876,5.089162163,0.074866,0.412337959,0.074838,0.596639028
0.044111213,0.023566166,0.074976,5.116402696,0.074966,0.229948691,0.074938,0.619457241
0.04410832,-0.131432295,0.075076,5.248143925,0.075066,0.305233176,0.075038,0.609324092
0.044086354,-0.01255495,0.075176,5.292424824,0.075166,0.224087494,0.075138,0.68704627
0.044111111,-0.110382142,0.075276,5.491677648,0.075266,0.168215572,0.075238,0.538472341
0.044089328,-0.046317118,0.075376,5.518318584,0.075366,0.096710018,0.075338,0.656472219
0.044081817,-0.066053686,0.075476,5.555300536,0.075466,0.00398866,0.075438,0.602569155
0.044077767,-0.094896005,0.075576,5.73509139,0.075566,0.074086139,0.075538,0.658519967
0.044076467,-0.032291595,0.075676,5.792725973,0.075666,0.023161824,0.075638,0.755421627
0.044075815,-0.006239939,0.075776,5.814401588,0.075766,0.090302597,0.075738,0.691085961
0.044085821,0.088864862,0.075876,5.862950395,0.075866,-0.142191642,0.075838,0.719377302
0.044062227,-0.01047955,0.075976,6.022140731,0.075966,0.004644461,0.075938,0.798039907
0.044046464,-0.020236083,0.076076,5.909267271,0.076066,-0.114999315,0.076038,0.808971783
0.04404083,0.017842672,0.076176,6.118797088,0.076166,-0.054274309,0.076138,0.701781011
0.044076834,0.025496789,0.076276,6.126348016,0.076266,-0.055811684,0.076238,0.838729584
0.044066689,-0.018262957,0.076376,6.127848661,0.076366,-0.034379499,0.076338,0.828798731
0.044056932,0.152919568,0.076476,6.230975321,0.076466,-0.121420326,0.076438,0.881845611
0.044034314,-0.053127609,0.076576,6.166635474,0.076566,-0.089740024,0.076538,0.743661967
0.04401784,-0.069793084,0.076676,6.258678536,0.076666,-0.094660886,0.076638,0.696740923
0.04402724,0.002324409,0.076776,6.280789724,0.076766,-0.022093024,0.076738,0.576909107
0.044023953,0.003841314,0.076876,6.455877256,0.076866,0.039963665,0.076838,0.797949026
0.044002783,-0.122534807,0.076976,6.387562483,0.076966,0.023468937,0.076938,0.702674052
0.044032083,-0.056715999,0.077076,6.443574011,0.077066,0.07676131,0.077038,0.7504988
0.044023951,0.04647262,0.077176,6.589225952,0.077166,0.092560411,0.077138,0.697868517
0.044020314,0.078188775,0.077276,6.643672942,0.077266,0.075472462,0.077238,0.710801811
0.043989733,-0.067410851,0.077376,6.850637684,0.077366,0.124465442,0.077338,0.652684582
0.043980199,-0.103387099,0.077476,6.840669317,0.077466,0.24554298,0.077438,0.742542916
0.043976227,-0.100269017,0.077576,6.872721364,0.077566,0.296490328,0.077538,0.723844732
0.043980221,-0.144400377,0.077676,6.84628612,0.077666,0.278061459,0.077638,0.720880014
0.044007174,0.130212982,0.077776,7.107100901,0.077766,0.249051679,0.077738,0.77956302
0.043996636,-0.016484078,0.077876,7.153462977,0.077866,0.268041536,0.077838,0.765304214
0.044014496,0.005567436,0.077976,7.212339929,0.077966,0.252590888,0.077938,0.885816304
0.044000074,-0.042962152,0.078076,7.27356489,0.078066,0.235183497,0.078038,0.7795615
0.043999772,-0.039042184,0.078176,7.338024863,0.078166,0.361163898,0.078138,0.669616862
0.0439724,-0.031963714,0.078276,7.430442594,0.078266,0.477321106,0.078238,0.637813336
0.043995354,0.124590731,0.078376,7.390186718,0.078366,0.463725167,0.078338,0.826431691
0.043947841,-0.040327828,0.078476,7.554045189,0.078466,0.420784853,0.078438,0.770278056
0.043955435,-0.040557357,0.078576,7.58096274,0.078566,0.418048766,0.078538,0.816376498
0.043948632,-0.058297209,0.078676,7.505188864,0.078666,0.497825508,0.078638,0.782528598
0.043925086,0.04800891,0.078776,7.666315272,0.078766,0.645343347,0.078738,0.802444198
0.043912286,0.105041889,0.078876,7.581406874,0.078866,0.68446357,0.078838,0.791050555
0.043893466,0.114827348,0.078976,7.746778136,0.078966,0.57634211,0.078938,0.798778092
0.043896001,-0.074734121,0.079076,7.717927098,0.079066,0.743984705,0.079038,0.811065796
0.043891103,-0.063607879,0.079176,7.898799286,0.079166,0.727791465,0.079138,0.864434153
0.043878634,-0.034713444,0.079276,8.023158752,0.079266,0.74177425,0.079238,0.873382274
0.043865974,0.038931459,0.079376,8.00348967,0.079366,0.750147919,0.079338,0.767782276
0.043883673,0.138868594,0.079476,8.153872898,0.079466,0.944553331,0.079438,0.813375921
0.043872207,-0.041522826,0.079576,8.106463292,0.079566,0.962245273,0.079538,0.826567075
0.043870309,0.04840864,0.079676,8.030919098,0.079666,1.147917277,0.079638,0.88873813
0.04386908,0.007281481,0.079776,8.179448905,0.079766,1.107963924,0.079738,0.878890407
0.043866433,-0.084569355,0.079876,8.264983051,0.079866,1.22561054,0.079838,0.961878764
0.043864008,0.057114635,0.079976,8.450387543,0.079966,1.314157731,0.079938,0.935347439
0.04387675,-0.024589942,0.080076,8.450884323,0.080066,1.403453117,0.080038,0.86671411
0.043849808,-0.051374366,0.080176,8.439991881,0.080166,1.336221329,0.080138,0.929289133
0.043842954,0.000241737,0.080276,8.532416298,0.080266,1.375819485,0.080238,1.049177527
0.043827822,0.009291612,0.080376,8.700102957,0.080366,1.500994813,0.080338,0.986114178
0.043815693,-0.09285842,0.080476,8.501194219,0.080466,1.55699483,0.080438,1.02008012
0.043826867,0.030673697,0.080576,8.52231421,0.080566,1.641905334,0.080538,0.973974214
0.043819053,0.001820036,0.080676,8.52266858,0.080666,1.750657985,0.080638,1.049049455
0.04381975,-0.064111018,0.080776,8.503183291,0.080766,1.840932589,0.080738,1.054871679
0.043770007,-0.141726993,0.080876,8.59967363,0.080866,1.910775454,0.080838,1.052391057
0.043773716,-0.210075176,0.080976,8.689683285,0.080966,2.03384387,0.080938,1.094798665
0.043775829,-0.049207747,0.081076,8.641066206,0.081066,2.207179004,0.081038,1.040753756
0.043755891,-0.029050614,0.081176,8.89655624,0.081166,2.307862113,0.081138,1.027462081
0.04374078,-0.151418273,0.081276,8.942846156,0.081266,2.335947782,0.081238,1.168554164
0.043772828,0.073999822,0.081376,8.794265618,0.081366,2.440274009,0.081338,0.96464221
0.043769176,0.099469049,0.081476,8.882950073,0.081466,2.42988763,0.081438,1.012289741
0.043773826,0.102972123,0.081576,8.965695662,0.081566,2.573616085,0.081538,0.977630313
0.043755455,-0.039835527,0.081676,9.002667878,0.081666,2.546715716,0.081638,0.994478325
0.043758365,-0.126940285,0.081776,9.149072672,0.081766,2.802231084,0.081738,0.8965544
0.043766924,-0.023031121,0.081876,9.141760766,0.081866,2.853987855,0.081838,0.918161996
0.043732994,0.056738221,0.081976,9.152128057,0.081966,2.916146483,0.081938,0.906392114
0.043735775,0.006171002,0.082076,9.155759506,0.082066,2.962049246,0.082038,0.847577956
0.043738598,0.006836881,0.082176,9.448565412,0.082166,2.812181512,0.082138,0.731910315
0.043727313,0.020232913,0.082276,9.322704083,0.082266,3.145672761,0.082238,0.594455143
0.043738884,0.063650984,0.082376,9.383583273,0.082366,3.231242303,0.082338,0.70101999
0.043720677,0.005234401,0.082476,9.497542912,0.082466,3.204688173,0.082438,0.555810014
0.043712152,0.073805819,0.082576,9.486970262,0.082566,3.196814355,0.082538,0.547767412
0.043728877,0.076100017,0.082676,9.529710693,0.082666,3.361519585,0.082638,0.507000449
0.043726923,0.288916308,0.082776,9.440181815,0.082766,3.469377465,0.082738,0.461218033
0.043682948,-0.073993618,0.082876,9.442521592,0.082866,3.433132791,0.082838,0.441303969
0.043700882,0.115262843,0.082976,9.551535398,0.082966,3.639796417,0.082938,0.415477557
0.043678131,-0.062912418,0.083076,9.427780508,0.083066,3.655741099,0.083038,0.47753211
0.043687767,0.030317011,0.083176,9.563509741,0.083166,3.725493002,0.083138,0.243957667
0.043681865,0.049222989,0.083276,9.495734018,0.083266,3.833602305,0.083238,0.304592027
0.043683941,0.006081258,0.083376,9.496834662,0.083366,3.889518349,0.083338,0.245303766
0.043661153,-0.043645953,0.083476,9.602730902,0.083466,3.943104835,0.083438,0.195274082
0.043656778,-0.083943824,0.083576,9.576676722,0.083566,4.067063068,0.083538,0.166772885
0.043636912,-0.056357367,0.083676,9.541410915,0.083666,4.249922717,0.083638,0.121227381
0.043625812,-0.044732426,0.083776,9.528591031,0.083766,4.160305306,0.083738,0.020264822
0.043641785,0.034960025,0.083876,9.654303629,0.083866,4.434692366,0.083838,-0.153752309
0.043643415,0.053999261,0.083976,9.612389227,0.083966,4.469291329,0.083938,-0.281200077
0.043628709,0.063239792,0.084076,9.553836421,0.084066,4.510239867,0.084038,-0.177284461
0.043630871,-0.099852848,0.084176,9.60589428,0.084166,4.405225415,0.084138,-0.281768117
0.04363758,0.063709111,0.084276,9.572442841,0.084266,4.654181566,0.084238,-0.248678525
0.043632352,0.101188082,0.084376,9.589800483,0.084366,4.576963371,0.084338,-0.357779867
0.043633572,0.210027192,0.084476,9.548571007,0.084466,4.553844014,0.084438,-0.446470221
0.04361563,0.07285069,0.084576,9.615884111,0.084566,4.871504662,0.084538,-0.470087318
0.043610236,0.02119866,0.084676,9.719628336,0.084666,4.901655137,0.084638,-0.430005541
0.04359688,-0.011082214,0.084776,9.645294849,0.084766,4.83087129,0.084738,-0.494689387
0.043621137,-1.61E-05,0.084876,9.692868867,0.084866,4.968458571,0.084838,-0.48487334
0.043599261,-0.068046953,0.084976,9.63131387,0.084966,5.018186095,0.084938,-0.509520574
0.043600704,0.059209599,0.085076,9.674264221,0.085066,5.018612608,0.085038,-0.51151665
0.043599181,0.02965565,0.085176,9.621080838,0.085166,5.023985464,0.085138,-0.50773624
0.043572969,-0.004119203,0.085276,9.651849857,0.085266,5.003890172,0.085238,-0.528816273
0.043550429,-0.089528928,0.085376,9.649096549,0.085366,5.183399301,0.085338,-0.44634075
0.043556671,-0.070895965,0.085476,9.703018127,0.085466,5.205912367,0.085438,-0.54797631
0.043557757,-0.102361567,0.085576,9.681789575,0.085566,5.343017546,0.085538,-0.394079387
0.043595503,0.070701156,0.085676,9.659211214,0.085666,5.50305588,0.085638,-0.447939862
0.043586909,0.035257712,0.085776,9.692776305,0.085766,5.264907669,0.085738,-0.531966132
0.043571952,0.055458774,0.085876,9.548386183,0.085866,5.431919661,0.085838,-0.485628433
0.043553151,0.014984205,0.085976,9.660517509,0.085966,5.52119504,0.085938,-0.579467132
0.043580372,0.174548416,0.086076,9.625807318,0.086066,5.57341705,0.086038,-0.475793466
0.04354807,-0.080542895,0.086176,9.718481322,0.086166,5.745170918,0.086138,-0.365604859
0.04349805,-0.03396347,0.086276,9.607165276,0.086266,5.673249009,0.086238,-0.54001968
0.043526571,-0.153150233,0.086376,9.763574712,0.086366,5.719823708,0.086338,-0.417873893
0.04352817,0.041499362,0.086476,9.748336666,0.086466,5.932746001,0.086438,-0.505392999
0.043547451,0.09075312,0.086576,9.58641817,0.086566,5.987199965,0.086538,-0.576865445
0.043541418,-0.016473023,0.086676,9.666827707,0.086666,5.930933925,0.086638,-0.621398443
0.043534212,0.066053791,0.086776,9.764278525,0.086766,5.946855146,0.086738,-0.543596869
0.043486579,0.019461722,0.086876,9.695955557,0.086866,6.115175148,0.086838,-0.377857793
0.043514709,-0.068486075,0.086976,9.867658131,0.086966,5.910904909,0.086938,-0.347320314
0.043507079,-0.039060771,0.087076,9.776260006,0.087066,6.067502026,0.087038,-0.25187963
0.043533981,-0.094591527,0.087176,9.776352282,0.087166,6.088842606,0.087138,-0.376719582
0.043529034,0.042499205,0.087276,9.737015919,0.087266,6.159688196,0.087238,-0.202529926
0.043539038,0.047903451,0.087376,9.778619762,0.087366,6.214844295,0.087338,-0.233305418
0.043505225,0.053505806,0.087476,9.837434478,0.087466,6.096389498,0.087438,-0.219486464
0.043508888,0.138420464,0.087576,9.736060597,0.087566,6.209599164,0.087538,-0.211759085
0.043493291,0.003465918,0.087676,9.890917458,0.087666,6.255606638,0.087638,-0.167745731
0.043496844,-0.146829439,0.087776,9.831108496,0.087766,6.262997926,0.087738,0.029532705
0.043499139,-0.007799959,0.087876,9.811802985,0.087866,6.189210958,0.087838,0.091713114
0.043512697,-0.002994956,0.087976,9.892990958,0.087966,6.270583839,0.087938,0.050704977
0.04349764,-0.045895839,0.088076,9.86095283,0.088066,6.25079864,0.088038,0.165961622
0.043475129,-0.01474508,0.088176,9.977901915,0.088166,6.231058585,0.088138,0.275417082
0.043488576,0.084412701,0.088276,9.929623573,0.088266,6.056752024,0.088238,0.335114691
0.043487887,0.063544779,0.088376,10.03548798,0.088366,6.170124636,0.088338,0.311940966
0.043485251,-0.068936921,0.088476,9.971886394,0.088466,6.210560729,0.088438,0.460752021
0.043453808,-0.21010039,0.088576,10.08194523,0.088566,6.121520915,0.088538,0.435365307
0.043470668,-0.003624741,0.088676,9.98000574,0.088666,6.008885928,0.088638,0.453687368
0.043458036,0.084867872,0.088776,10.09540073,0.088766,6.080348097,0.088738,0.463466203
0.043477417,-0.085216369,0.088876,10.03134916,0.088866,6.010282518,0.088838,0.438375142
0.043443951,-0.079300042,0.088976,9.971546307,0.088966,5.883006491,0.088938,0.558929818
0.043479027,0.118573508,0.089076,10.10628119,0.089066,5.860344095,0.089038,0.653411239
0.04347675,-0.112070083,0.089176,10.13092276,0.089166,5.877495606,0.089138,0.614890861
0.043463652,-0.03754107,0.089276,10.09540578,0.089266,5.94023295,0.089238,0.600504219
0.043497905,-0.019068464,0.089376,10.11887386,0.089366,5.682449234,0.089338,0.652806064
0.043450446,0.010014881,0.089476,10.20678839,0.089466,5.93604967,0.089438,0.8607759
0.043475188,0.102114633,0.089576,10.21691089,0.089566,5.814949712,0.089538,0.819592958
0.043456897,0.009594067,0.089676,10.28560328,0.089666,5.891640895,0.089638,0.96003291
0.0434356,-0.013332091,0.089776,10.25664071,0.089766,5.674034824,0.089738,0.92045133
0.043420304,-0.045077051,0.089876,10.32647482,0.089866,5.740264017,0.089838,1.110375534
0.043449066,0.054735151,0.089976,10.13620193,0.089966,5.756856832,0.089938,1.050429964
0.043421931,0.051396974,0.090076,10.21897245,0.090066,5.610100827,0.090038,1.150492307
0.043413069,0.017261111,0.090176,10.36665417,0.090166,5.558643493,0.090138,1.203869606
0.043405279,-0.056144826,0.090276,10.36411388,0.090266,5.571358091,0.090238,1.288613005
0.043464488,0.094827204,0.090376,10.35250826,0.090366,5.497283036,0.090338,1.282792841
0.043424947,0.011686412,0.090476,10.52164262,0.090466,5.395248391,0.090438,1.540060569
0.043410376,-0.024365169,0.090576,10.42363441,0.090566,5.415759613,0.090538,1.477246586
0.043420488,0.099150798,0.090676,10.61914368,0.090666,5.143836475,0.090638,1.459319821
0.043421235,-0.023192312,0.090776,10.51090718,0.090766,5.206678341,0.090738,1.52884656
0.043413299,0.021720287,0.090876,10.60140953,0.090866,5.010775477,0.090838,1.642605395
0.043394061,-0.016391921,0.090976,10.45289231,0.090966,5.083612477,0.090938,1.733032902
0.043388021,-0.012343921,0.091076,10.6279683,0.091066,4.891764341,0.091038,1.680116235
0.04335956,-0.057713792,0.091176,10.64457008,0.091166,4.780159399,0.091138,1.770372669
0.043347454,0.06299122,0.091276,10.79560209,0.091266,4.754614044,0.091238,1.726842398
0.043393206,-0.083351874,0.091376,10.69314971,0.091366,4.722590802,0.091338,1.845120981
0.04340257,-0.01555111,0.091476,10.88905711,0.091466,4.583125414,0.091438,1.908833729
0.043377607,-0.03588549,0.091576,10.90743447,0.091566,4.453862051,0.091538,1.915958563
0.043370879,0.10284069,0.091676,11.01602149,0.091666,4.307783065,0.091638,2.049195327
0.043401156,0.137931148,0.091776,10.94309638,0.091766,4.134858948,0.091738,2.009359007
0.043365527,0.026589771,0.091876,11.01812372,0.091866,4.049795222,0.091838,2.076977974
0.043367917,0.05962655,0.091976,10.99038443,0.091966,3.958488639,0.091938,2.130581979
0.043381216,0.012289345,0.092076,11.11293113,0.092066,3.820586271,0.092038,2.094679023
0.043346016,-0.107396983,0.092176,11.01262557,0.092166,3.743730475,0.092138,2.165763377
0.043347546,0.012310943,0.092276,11.04301369,0.092266,3.637923291,0.092238,2.31571248
0.043326023,0.036522655,0.092376,11.05288757,0.092366,3.566497492,0.092338,2.393982397
0.0433459,-0.005046314,0.092476,11.23320178,0.092466,3.504748129,0.092438,2.445154394
0.043317622,0.05147654,0.092576,11.08897532,0.092566,3.434155151,0.092538,2.403117191
0.043298624,0.047688845,0.092676,11.01620281,0.092666,3.340559855,0.092638,2.468933059
0.043304625,0.127987576,0.092776,11.02394227,0.092766,3.393477702,0.092738,2.584870571
0.043318111,0.127539637,0.092876,11.17423046,0.092866,3.4111307,0.092838,2.528847658
0.043290801,-0.04654587,0.092976,11.13154297,0.092966,3.313706576,0.092938,2.601966721
0.043273058,0.03441459,0.093076,11.23269049,0.093066,3.115547119,0.093038,2.717804871
0.043276596,-0.083445881,0.093176,11.13898505,0.093166,3.097715334,0.093138,2.682100417
0.043265188,-0.062279256,0.093276,11.25936794,0.093266,2.961628954,0.093238,2.785467252
0.043254418,0.089867438,0.093376,11.23750105,0.093366,3.029474364,0.093338,2.712661403
0.043243279,-0.068921052,0.093476,11.22137983,0.093466,3.014537537,0.093438,2.887994931
0.043251069,-0.028328951,0.093576,11.40831224,0.093566,2.764816362,0.093538,2.89541946
0.043256599,0.170463363,0.093676,11.5511647,0.093666,2.958853097,0.093638,3.021345275
0.043245867,-0.01328985,0.093776,11.36616644,0.093766,2.844501374,0.093738,2.973576055
0.043229253,0.035952075,0.093876,11.55431153,0.093866,2.806418212,0.093838,2.975638914
0.043244402,0.043159245,0.093976,11.4254942,0.093966,2.805226009,0.093938,3.042592033
0.043246164,0.046155603,0.094076,11.56799509,0.094066,2.687006372,0.094038,2.987460222
0.043242728,0.006020708,0.094176,11.52101063,0.094166,2.669604611,0.094138,3.051357324
0.043205426,0.059215999,0.094276,11.72354921,0.094266,2.777516408,0.094238,3.054917358
0.043189054,-0.005344287,0.094376,11.78931767,0.094366,2.754882835,0.094338,2.971708666
0.043221071,-0.028365898,0.094476,11.7784382,0.094466,2.904522624,0.094438,2.981537172
0.043208801,-0.025729803,0.094576,11.8181023,0.094566,2.708839465,0.094538,3.133598245
0.043214211,0.033459427,0.094676,11.87066673,0.094666,2.820770531,0.094638,3.166489646
0.043202245,0.050042495,0.094776,11.81071101,0.094766,2.749610396,0.094738,3.020294771
0.043198541,-0.013828855,0.094876,11.7811522,0.094866,2.777140947,0.094838,3.057445095
0.043192146,0.030664535,0.094976,11.86651232,0.094966,2.832221289,0.094938,3.030894978
0.043169071,0.090532084,0.095076,12.02793464,0.095066,2.992847518,0.095038,2.925141906
0.043183322,-0.109727498,0.095176,11.93676793,0.095166,2.828971356,0.095138,2.875119499
0.043177063,0.000805584,0.095276,12.03929297,0.095266,2.900522942,0.095238,2.900831001
0.043174154,0.00270344,0.095376,12.06920142,0.095366,3.084433494,0.095338,3.048123402
0.043172513,0.029941585,0.095476,11.9534663,0.095466,3.113371012,0.095438,3.128481218
0.043169648,-0.127431074,0.095576,12.13068597,0.095566,3.08424774,0.095538,3.001279909
0.043189999,0.084748871,0.095676,12.25018422,0.095666,3.041014357,0.095638,3.004676529
0.043185093,-0.018946474,0.095776,12.32904627,0.095766,3.183972906,0.095738,2.88316607
0.043171857,0.004173733,0.095876,12.35718959,0.095866,3.200863172,0.095838,2.91769957
0.043179663,0.016067034,0.095976,12.50771003,0.095966,3.167119262,0.095938,2.842558841
0.043165879,0.094993543,0.096076,12.30943776,0.096066,3.203893163,0.096038,2.979867213
0.043167879,0.030785966,0.096176,12.52905827,0.096166,3.339954384,0.096138,2.915281702
0.043158632,0.029201903,0.096276,12.6673656,0.096266,3.326970472,0.096238,2.953409583
0.043141819,0.19711307,0.096376,12.78111954,0.096366,3.262465303,0.096338,2.891814399
0.043130475,0.01634147,0.096476,12.67878782,0.096466,3.424183527,0.096438,2.897849687
0.043148024,0.109081148,0.096576,12.62593265,0.096566,3.47255662,0.096538,2.932427165
0.043137579,0.010265207,0.096676,12.75093111,0.096666,3.558421892,0.096638,2.884227502
0.0431403,-0.046768809,0.096776,12.79382787,0.096766,3.65084628,0.096738,2.916217727
0.043144486,-0.090792013,0.096876,12.96738677,0.096866,3.723115994,0.096838,2.825181639
0.043157863,0.171263644,0.096976,12.92706355,0.096966,3.858557106,0.096938,2.619269192
0.043120791,-0.070175908,0.097076,13.0727642,0.097066,3.916443137,0.097038,2.730886045
0.043118665,0.019980066,0.097176,12.96630678,0.097166,4.058327209,0.097138,2.59684748
0.043139489,0.074404809,0.097276,12.97209481,0.097266,4.043657379,0.097238,2.574810148
0.043143512,0.025696647,0.097376,13.09344122,0.097366,4.246583461,0.097338,2.615201611
0.043140107,-0.026663318,0.097476,13.06466629,0.097466,4.235393356,0.097438,2.390259382
0.043126667,-0.125207204,0.097576,13.18867951,0.097566,4.24333438,0.097538,2.479983201
0.043091282,-0.175970397,0.097676,13.36207659,0.097666,4.278535725,0.097638,2.348837631
0.043111647,-0.052892242,0.097776,13.29464879,0.097766,4.388279304,0.097738,2.434130549
0.043103274,-0.009065927,0.097876,13.30066371,0.097866,4.43085969,0.097838,2.248201565
0.043076579,-0.053808533,0.097976,13.44280516,0.097966,4.596460875,0.097938,2.080838248
0.043076062,-0.159340006,0.098076,13.63984308,0.098066,4.556503377,0.098038,2.088707457
0.043067752,-0.048676658,0.098176,13.50864941,0.098166,4.570856292,0.098138,2.11687345
0.043078107,0.035978241,0.098276,13.63095589,0.098266,4.63362136,0.098238,1.927411297
0.043120098,0.195355284,0.098376,13.63245248,0.098366,4.747543198,0.098338,1.912762818
0.043095996,-0.074779501,0.098476,13.65472419,0.098466,4.925748461,0.098438,1.916411621
0.043083555,-0.065098063,0.098576,13.67041696,0.098566,4.961946322,0.098538,1.869585637
0.043100013,-0.065861766,0.098676,13.80249049,0.098666,4.98690982,0.098638,1.798214394
0.043088173,0.10274288,0.098776,13.64376868,0.098766,5.026294617,0.098738,1.696374379
0.043082947,0.036458699,0.098876,13.78861308,0.098866,5.355895747,0.098838,1.510891212
0.043056551,-0.106669293,0.098976,13.83975485,0.098966,5.182622087,0.098938,1.348752204
0.043047809,-0.024049085,0.099076,13.92837984,0.099066,5.33923725,0.099038,1.392451562
0.04307012,0.028468791,0.099176,13.7488828,0.099166,5.490738092,0.099138,1.179798203
0.043072884,0.01359923,0.099276,13.90125048,0.099266,5.491491312,0.099238,1.1002458
0.043056771,-0.020604266,0.099376,14.0861106,0.099366,5.576910275,0.099338,1.120046469
0.043050977,0.010768204,0.099476,13.98723923,0.099466,5.673362701,0.099438,1.008895866
0.043042947,0.039813601,0.099576,14.08438375,0.099566,5.727266252,0.099538,1.022606514
0.043020204,-0.023829767,0.099676,14.31138742,0.099666,5.839461323,0.099638,0.907612555
0.043045147,-0.012119307,0.099776,14.20526088,0.099766,5.902529458,0.099738,0.829362617
0.043046171,-0.036458368,0.099876,14.21926435,0.099866,5.920176102,0.099838,0.772235151
0.0430261,-0.225252687,0.099976,14.23173075,0.099966,6.008318017,0.099938,0.869273193
0.043016768,0.042227032,0.100076,14.1993075,0.100066,6.172192363,0.100038,0.687167613
0.043038847,0.02914,0.100176,14.43009631,0.100166,6.094077468,0.100138,0.686621841
0.043041137,-0.011254368,0.100276,14.2783515,0.100266,6.140708447,0.100238,0.580989382
0.043001512,-0.041549232,0.100376,14.34795339,0.100366,6.281953633,0.100338,0.592768342
0.042997754,0.060433149,0.100476,14.36167905,0.100466,6.301397701,0.100438,0.539225767
0.043002075,0.005513047,0.100576,14.53690113,0.100566,6.41954903,0.100538,0.50658948
0.043016518,0.063715949,0.100676,14.46051991,0.100666,6.462758529,0.100638,0.507765236
0.042981768,-0.04227597,0.100776,14.50979602,0.100766,6.483413368,0.100738,0.543720915
0.042992573,0.11089772,0.100876,14.62924918,0.100866,6.572131911,0.100838,0.519532369
0.042981439,0.083558273,0.100976,14.72997284,0.100966,6.666734761,0.100938,0.639435804
0.042983828,0.218099611,0.101076,14.55481725,0.101066,6.555230191,0.101038,0.613258482
0.042978254,-0.017253799,0.101176,14.66411632,0.101166,6.68140027,0.101138,0.765301448
0.042985576,0.01540918,0.101276,14.73344348,0.101266,6.787976072,0.101238,0.619164808
0.043000896,0.191783868,0.101376,14.64597435,0.101366,6.884532444,0.101338,0.812220019
0.042957369,-0.031048497,0.101476,14.58152249,0.101466,6.835445939,0.101438,0.815867897
0.042970665,-0.143110055,0.101576,14.83841962,0.101566,7.003877779,0.101538,0.864558714
0.042991765,0.158881742,0.101676,14.78736829,0.101666,6.966823616,0.101638,0.92786729
0.043005953,0.153744579,0.101776,14.92271176,0.101766,7.083351454,0.101738,0.862865053
0.042980948,-0.127998829,0.101876,14.71043621,0.101866,7.072956581,0.101838,0.946705473
0.042991926,-0.053987045,0.101976,14.84831071,0.101966,7.118858696,0.101938,0.948959269
0.042961674,-0.017394104,0.102076,14.96422472,0.102066,7.185263508,0.102038,1.127740229
0.042984636,-0.072663514,0.102176,14.92017633,0.102166,7.208633886,0.102138,1.111116721
0.042976203,0.000561731,0.102276,15.07115548,0.102266,7.220686909,0.102238,1.176912983
0.042988797,0.033425785,0.098126033,2.096189653,0.102366,7.377739495,0.102338,1.161358551
0.042961348,-0.036391307,0.095687065,0.933219399,0.102466,7.343961322,0.102438,1.233771012
0.042944077,-0.055639136,0.094294585,0.481425361,0.102566,7.284408498,0.102538,1.31223784
0.04293623,0.016468661,0.09328706,0.386444021,0.102666,7.304203829,0.102638,1.496279052
0.04294165,-0.120182663,0.092492108,0.27062541,0.102766,7.376572453,0.102738,1.30357696
0.042962351,0.008857604,0.091817292,0.128952498,0.102866,7.502624372,0.102838,1.634363501
0.042934985,-0.08425373,0.091296984,0.146786491,0.102966,7.647767748,0.102938,1.481027255
0.042947641,-0.046105642,0.090811909,0.154350134,0.103066,7.561443519,0.103038,1.564366425
0.042977376,0.005370346,0.090361941,0.104565856,0.103166,7.628469977,0.103138,1.728095993
0.042935177,-0.215087172,0.08998763,0.176103115,0.103266,7.696228711,0.103238,1.774215086
0.042943518,-0.005274358,0.089566297,0.0525424,0.103366,7.639773112,0.103338,1.835754066
0.042922618,-0.044423508,0.08923166,0.153293808,0.103466,7.746967911,0.103438,1.805587437
0.042957608,0.023236137,0.088909238,0.127293044,0.103566,7.813775257,0.103538,1.919168892
0.042921984,0.033055433,0.088653104,0.039166151,0.103666,7.732074488,0.103638,1.883097358
0.042928702,-0.016516595,0.08842109,-0.039961129,0.103766,7.949335443,0.103738,2.047967131
0.042913363,0.087937708,0.088298841,-0.034603025,0.103866,7.920431677,0.103838,2.062964094
0.042894203,-0.034238052,0.088214994,-0.069686155,0.103966,7.846802998,0.103938,2.249335262
0.042894331,-0.137516659,0.088117664,0.023142254,0.104066,7.744034167,0.104038,2.240331278
0.042922462,0.077331947,0.088088109,0.060182646,0.104166,7.925337947,0.104138,2.308676854
0.042900053,-0.009531352,0.088005624,-0.078418982,0.104266,7.803649639,0.104238,2.24096097
0.042904616,0.013852742,0.088030028,-0.022732566,0.104366,8.005076416,0.104338,2.393464171
0.042892985,0.054960887,0.08798407,-0.01176268,0.104466,7.883640491,0.104438,2.382922798
0.042897392,0.079779476,0.087973133,-0.01982946,0.104566,7.929017668,0.104538,2.537669572
0.042868847,-0.030077577,0.087950459,-0.035088597,0.104666,7.894886151,0.104638,2.559971049
0.042877589,0.033580205,0.087928425,0.009634638,0.104766,7.965712944,0.104738,2.779120314
0.042883561,0.0793382,0.087924437,-0.079836482,0.104866,7.832105621,0.104838,2.566819866
0.042876334,-0.037954394,0.087922182,0.120547451,0.104966,8.068411638,0.104938,2.762869194
0.042869808,-0.079709539,0.087856137,0.119530528,0.105066,8.163115482,0.105038,2.839039774
0.042866924,0.014437452,0.087838908,0.001746784,0.105166,8.09218685,0.105138,2.862040067
0.042855659,-0.075223934,0.087801563,0.081715024,0.105266,8.115426021,0.105238,3.029909358
0.042855454,-0.019691122,0.087777085,-0.103341716,0.105366,8.143389006,0.105338,3.107305716
0.042860899,-0.047361989,0.08774121,0.149086902,0.105466,8.27481183,0.105438,3.14341298
0.042851461,0.043633064,0.087655566,-0.003386051,0.105566,8.340389403,0.105538,3.178362717
0.042864114,-0.010736805,0.087636726,0.201545515,0.105666,8.09786584,0.105638,3.144188282
0.042845293,-0.079438442,0.087582877,-0.076979467,0.105766,8.125764552,0.105738,3.435531209
0.042873486,-0.022001668,0.0875303,0.08722815,0.105866,8.341177742,0.105838,3.454818606
0.042816582,-0.146022873,0.087472729,0.05975257,0.105966,8.271180883,0.105938,3.447720255
0.042811058,-0.10166039,0.087448869,0.056079018,0.106066,8.175141163,0.106038,3.514269079
0.04279967,-0.060294996,0.087397315,0.024148913,0.106166,8.171877409,0.106138,3.495217571
0.042818814,0.072230959,0.087357658,0.044488475,0.106266,8.246317259,0.106238,3.55786003
0.042849605,0.18250919,0.087362837,0.155436885,0.106366,8.296666332,0.106338,3.720415804
0.042824593,-0.027592093,0.087343347,-0.091177702,0.106466,8.240371404,0.106438,3.533870094
0.042823948,0.126282861,0.087320366,-0.036567388,0.106566,8.259503091,0.106538,3.58971737
0.042805233,-0.009019947,0.087296202,-0.042968388,0.106666,8.091439399,0.106638,3.618342619
0.042833794,-0.135700145,0.087291285,-0.014531359,0.106766,8.100780094,0.106738,3.763999367
0.042792734,-0.170135509,0.087285955,0.011909106,0.106866,8.030922562,0.106838,3.749072999
0.042784159,-0.1284749,0.087261814,0.107254909,0.106966,8.202108864,0.106938,3.818264821
0.042844105,0.169875706,0.087239069,-0.013531949,0.107066,8.040820136,0.107038,3.820631539
0.04282645,0.082100649,0.087213383,-0.07279049,0.107166,8.196802318,0.107138,3.785462908
0.04279673,-0.066042562,0.087205893,-0.097488932,0.107266,8.068237202,0.107238,3.881541379
0.04284306,0.187641935,0.087225532,0.143592855,0.107366,8.141000414,0.107338,3.987656434
0.042780828,-0.080454218,0.087208603,0.047994789,0.107466,8.005013166,0.107438,4.056992592
0.042802001,0.041131897,0.087169817,-0.172504774,0.107566,8.031876189,0.107538,4.161035634
0.04276634,0.010018066,0.087173256,0.086318203,0.107666,8.041348363,0.107638,4.085756875
0.042782998,-0.018370046,0.087153844,-0.055182881,0.107766,8.088806623,0.107738,4.155353278
0.042767119,-0.058335632,0.087133906,-0.104755471,0.107866,8.022581322,0.107838,4.261891504
0.042780263,-0.040966506,0.087115923,-0.008279093,0.107966,8.141005541,0.107938,4.20566322
0.042767126,0.05866682,0.087094669,-0.105676362,0.108066,7.987627393,0.108038,4.363962901
0.042755909,0.051287125,0.08706167,-0.049623472,0.108166,7.999817768,0.108138,4.391424222
0.042737446,-0.117918841,0.087047,-0.129354287,0.108266,7.970019028,0.108238,4.416809752
0.042743521,-0.072122005,0.086997399,-0.078063016,0.108366,8.131935369,0.108338,4.379667839
0.042751106,0.002794839,0.087007462,0.008381662,0.108466,8.133101498,0.108438,4.572810368
0.042730678,-0.064983557,0.086992482,-0.024330102,0.108566,7.993479714,0.108538,4.613646439
0.042759849,0.013867236,0.086989454,-0.014327998,0.108666,8.011348643,0.108638,4.65695178
0.042736165,0.137198473,0.086965939,0.014982537,0.108766,7.995377224,0.108738,4.640522148
0.042729662,-0.025356769,0.086973833,0.135729828,0.108866,7.83120393,0.108838,4.610509288
0.042727205,0.069235254,0.086956806,-0.023779453,0.108966,7.872145511,0.108938,4.661002627
0.042717706,-0.109370633,0.086947213,-0.011586377,0.109066,7.82289914,0.109038,4.826557282
0.04272551,-0.007692181,0.086904252,-0.074747806,0.109166,7.979440871,0.109138,4.932580444
0.042695385,-0.127123216,0.086917017,0.06651765,0.109266,7.76943577,0.109238,4.867163517
0.042719944,0.022776769,0.08690854,0.135690573,0.109366,7.922011831,0.109338,4.985120101
0.04275791,0.117266265,0.08689192,0.027704957,0.109466,7.968763639,0.109438,4.955277461
0.042733271,0.263418231,0.08688856,0.111300366,0.109566,7.854236752,0.109538,5.027722982
0.042716102,-0.042199655,0.086875508,-0.10049995,0.109666,7.786972504,0.109638,5.039156263
0.042732695,0.048636058,0.086850143,-0.014716411,0.109766,7.709844135,0.109738,5.212519037
0.042695141,-0.096065321,0.086838486,-0.083813423,0.109866,7.852802113,0.109838,5.070996962
0.04267592,-0.067666921,0.086802629,-0.067196313,0.109966,7.820045992,0.109938,5.2278162
0.042694996,0.034465965,0.0868062,0.028194469,0.110066,7.977960199,0.110038,5.233815196
0.042697743,-0.029414699,0.086777,-0.065687254,0.110166,7.993086962,0.110138,5.337247869
0.042681489,0.021100133,0.086783879,-0.105757364,0.110266,7.88419486,0.110238,5.272383744
0.042695393,0.0024483,0.086772707,0.024245309,0.110366,7.883428118,0.110338,5.318860889
0.042666337,-0.03390244,0.086770182,0.185185258,0.110466,7.908307407,0.110438,5.541872004
0.042670313,0.066215979,0.086744321,0.017109906,0.110566,7.943035537,0.110538,5.378166441
0.042681838,-0.011738046,0.086720533,0.008543827,0.110666,7.902905849,0.110638,5.342871203
0.042673272,0.226238842,0.086718242,-0.029111001,0.110766,8.053608485,0.110738,5.479091737
0.042678502,0.076355446,0.086712828,-0.074898376,0.110866,7.951710067,0.110838,5.546047994
0.042660555,0.045904156,0.086697082,-0.195538133,0.110966,7.962275002,0.110938,5.581890941
0.042682486,0.129909067,0.086706813,0.020651906,0.111066,7.982687137,0.111038,5.552277623
0.04266398,0.055318569,0.086691893,0.02243841,0.111166,7.938365548,0.111138,5.513945236
0.042681575,0.123875189,0.086688534,-0.04958479,0.111266,7.665876216,0.111238,5.50525039
0.042654054,0.017323422,0.086685475,0.066390926,0.111366,7.9384142,0.111338,5.465242699
0.042659931,-0.004497342,0.086688498,-0.148750061,0.111466,7.852165277,0.111438,5.615690195
0.042656995,0.031440089,0.086669634,-0.115205727,0.111566,7.891655602,0.111538,5.542085809
0.042641178,-0.025843717,0.086675123,-0.016135498,0.111666,7.822158915,0.111638,5.620232656
0.042641361,0.017590218,0.086647491,-0.008550667,0.111766,8.059058672,0.111738,5.536944786
0.04266307,-0.102989198,0.086618634,-0.052351115,0.111866,7.881762046,0.111838,5.528087498
0.0426399,0.174198059,0.086636073,-0.071360565,0.111966,8.063328381,0.111938,5.434883986
0.042644697,-0.008980689,0.086631576,0.077915296,0.112066,8.039772084,0.112038,5.47322171
0.04263521,-0.0171066,0.086580841,-0.141673859,0.112166,8.041017105,0.112138,5.495443286
0.042648767,0.173142669,0.086620881,-0.012165529,0.112266,7.952585784,0.112238,5.568542436
0.042579191,-0.137883303,0.086573043,0.012544105,0.112366,7.997250568,0.112338,5.65323904
0.042611707,0.104874622,0.086557619,0.018387532,0.112466,8.241727549,0.112438,5.576360747
0.042610473,-0.033628664,0.086552312,-0.061571378,0.112566,8.122718306,0.112538,5.375786395
0.042611484,0.035250305,0.086530408,-0.067899809,0.112666,8.251866841,0.112638,5.487797605
0.042613345,-0.061740713,0.086518433,-0.070211124,0.112766,8.398264057,0.112738,5.428966814
0.0425964,-0.171113632,0.086534029,0.131907144,0.112866,8.244984431,0.112838,5.235039849
0.042573995,-0.004886059,0.086516469,0.029987083,0.112966,8.468283361,0.112938,5.427869009
0.042608142,0.012066078,0.086506955,0.089787197,0.113066,8.36682163,0.113038,5.357226875
0.042586817,0.105594285,0.08649092,-0.125259032,0.113166,8.347065095,0.113138,5.341933955
0.042555112,-0.088120897,0.086556756,0.028794632,0.113266,8.433244958,0.113238,5.187465905
0.042601787,-0.041754107,0.086522205,-0.070324141,0.113366,8.369379535,0.113338,5.078433197
0.042575035,0.012743209,0.086512536,0.047918705,0.113466,8.574301939,0.113438,5.133038555
0.042591688,-0.038661501,0.086498457,0.009271164,0.113566,8.360252857,0.113538,5.041411003
0.042554264,-0.143778325,0.08650503,0.006014172,0.113666,8.594591672,0.113638,5.058922274
0.042567565,-0.053637309,0.086499734,4.63E-05,0.113766,8.554736339,0.113738,4.890473775
0.04256727,-0.003224272,0.086497786,0.043102372,0.113866,8.614897967,0.113838,4.812149909
0.042560704,-0.013429952,0.086460966,-0.129003229,0.113966,8.426347946,0.113938,4.742624371
0.042559472,0.012696795,0.086454942,-0.07543047,0.114066,8.750776749,0.114038,4.534898138
0.04255267,-0.004939033,0.086485405,-0.02666806,0.114166,8.633793832,0.114138,4.571686795
0.042584044,0.041057419,0.086497167,0.008103797,0.114266,8.662155772,0.114238,4.386813578
0.042555248,0.001077939,0.086463285,-0.053594365,0.114366,8.776447038,0.114338,4.154571693
0.042550293,0.002582933,0.086444932,0.01004213,0.114466,8.833131368,0.114438,4.024786788
0.042530249,-0.068591435,0.086442584,0.071832867,0.114566,8.921383879,0.114538,3.916217713
0.042581876,0.047174135,0.086452158,-0.01200052,0.114666,8.892695124,0.114638,3.705142801
0.042554281,-0.076999647,0.086433268,0.002513539,0.114766,8.965185535,0.114738,3.556430155
0.042557902,-0.028929475,0.086420909,-0.091543729,0.114866,8.953888713,0.114838,3.360871167
0.042553873,0.005189458,0.086419833,-0.123191866,0.114966,9.152439299,0.114938,3.279017038
0.042517938,-0.018159938,0.086417877,-0.140822801,0.115066,9.160216157,0.115038,3.002912985
0.042556248,-0.069112246,0.086419281,0.07715358,0.115166,9.012090806,0.115138,2.871131738
0.042561708,-0.11189707,0.086425449,0.013634407,0.115266,9.167690045,0.115238,2.773622818
0.042550459,0.045257063,0.086428799,-0.052200641,0.115366,9.100496663,0.115338,2.61709696
0.042531024,-0.136308421,0.086418583,0.071980801,0.115466,9.217454676,0.115438,2.440545598
0.042539831,-0.05238498,0.086436218,0.108192976,0.115566,9.26771362,0.115538,2.473090847
0.042571054,-0.037411585,0.08639977,-0.031416787,0.115666,9.317545313,0.115638,2.402944522
0.042515093,-0.004754408,0.086386308,0.058027785,0.115766,9.46623627,0.115738,2.234752186
0.042533982,0.018520806,0.086367878,0.001039518,0.115866,9.381126144,0.115838,2.095197835
0.042545806,-0.068372963,0.086373633,-0.054418484,0.115966,9.433676341,0.115938,1.995678706
0.042532476,0.012991992,0.086345762,-0.057725975,0.116066,9.493776896,0.116038,2.131252739
0.042556214,0.10363273,0.08635101,-0.166719146,0.116166,9.64128557,0.116138,1.90334201
0.042539569,-0.103920564,0.086353224,-0.069501203,0.116266,9.50634535,0.116238,1.882970681
0.042543091,-0.104357508,0.086361216,0.145926683,0.116366,9.540027158,0.116338,1.765324869
0.042545927,-0.080866581,0.086335799,-0.138542563,0.116466,9.616328982,0.116438,1.757883405
0.04254376,0.079137627,0.086310573,-0.09141735,0.116566,9.561418833,0.116538,1.814440077
0.042519658,0.010450207,0.086344685,0.029985749,0.116666,9.617575342,0.116638,1.799655593
0.042537972,0.015891001,0.0863161,-0.000520992,0.116766,9.681458509,0.116738,1.826583047
0.042524316,0.031323902,0.086319943,0.048964475,0.116866,9.79614141,0.116838,1.878187165
0.042526122,0.037195699,0.086311838,-0.013174692,0.116966,9.866682838,0.116938,1.881491588
0.04249066,-0.188738485,0.086255131,-0.067343556,0.117066,9.792730112,0.117038,1.924363141
0.042526514,-0.021275106,0.086291436,-0.121954894,0.117166,9.917251259,0.117138,2.029160062
0.042541608,0.091484297,0.086280821,-0.061155903,0.117266,9.773507597,0.117238,2.186183004
0.042509997,-0.081714387,0.086270394,-0.061190465,0.117366,9.977780967,0.117338,2.282105886
0.042540134,-0.001982602,0.086268108,0.066527011,0.117466,9.84688794,0.117438,2.499459465
0.04253539,-0.00189445,0.086264317,-0.049574461,0.117566,9.911691652,0.117538,2.596001313
0.042565121,0.072219574,0.08623006,0.015798008,0.117666,9.887044195,0.117638,2.719781161
0.042539823,-0.004144663,0.086247496,-0.030530089,0.117766,9.935202924,0.117738,2.631128396
0.042532629,-0.019448922,0.086222886,-0.06450294,0.117866,10.12400805,0.117838,2.782830029
0.042527676,0.05397476,0.086241756,-0.109188183,0.117966,9.994646686,0.117938,2.744209354
0.042514706,0.055413816,0.086243094,0.065565067,0.118066,9.949373662,0.118038,3.053951415
0.042488107,-0.049768478,0.086234046,-0.079829697,0.118166,10.03944088,0.118138,3.183694217
0.042499044,0.017124951,0.086223273,-0.076152312,0.118266,10.07189663,0.118238,3.176296052
0.042545735,0.104127792,0.08621715,0.049611555,0.118366,10.16394473,0.118338,3.111895557
0.042514975,0.028477764,0.086202131,-0.052511026,0.118466,10.17239198,0.118438,3.323165547
0.042496109,-0.06341429,0.086186537,-0.091888685,0.118566,10.09421575,0.118538,3.406890251
0.042484561,-0.019263234,0.086192592,-0.124111668,0.118666,10.38303129,0.118638,3.524445212
0.042500053,0.037058663,0.086185512,-0.161956661,0.118766,10.34472398,0.118738,3.669559229
0.042486016,0.047181923,0.086187436,-0.046126053,0.118866,10.29455554,0.118838,3.67059646
0.042497929,0.100514334,0.086198974,0.078759766,0.118966,10.1890168,0.118938,3.604468593
0.042522118,0.137505489,0.086178493,0.054932018,0.119066,10.15415801,0.119038,3.719257128
0.042492985,-0.000277306,0.086153241,0.034087284,0.119166,10.15459621,0.119138,3.926948433
0.04248883,0.070998208,0.086161118,0.164119553,0.119266,10.29812596,0.119238,4.028517338
0.042511375,0.065649823,0.086144006,0.156986695,0.119366,10.35828863,0.119338,4.02137715
0.04252255,0.057258602,0.086148802,0.069516287,0.119466,10.27362597,0.119438,4.159512976
0.042487529,-0.042026601,0.08610252,-0.220562252,0.119566,10.24920834,0.119538,4.215128375
0.042491334,0.012547991,0.086125835,-0.077088779,0.119666,10.20913752,0.119638,4.381040419
0.042485386,-0.069582386,0.08614478,0.107501861,0.119766,10.20006386,0.119738,4.297373014
0.042492095,-0.01966729,0.086123438,0.069091339,0.119866,10.42570594,0.119838,4.422315389
0.042510675,0.153785027,0.086127356,0.001875084,0.119966,10.42812454,0.119938,4.544419068
0.042491068,0.183385549,0.086115653,0.128509248,0.120066,10.44945537,0.120038,4.590989836
0.042480319,-0.064194722,0.086077383,0.047021656,0.120166,10.28825874,0.120138,4.703223056
0.042447625,-0.113579875,0.086079604,0.045075047,0.120266,10.41800419,0.120238,4.865696398
0.042482649,0.022785257,0.086077429,0.004026919,0.120366,10.43428715,0.120338,4.817355744
0.042484734,0.016511972,0.086066753,0.137709164,0.120466,10.50237499,0.120438,4.9421139
0.042458273,-0.008846793,0.08605767,-0.011266379,0.120566,10.52539814,0.120538,4.97881481
0.042458667,0.038963622,0.086080494,0.198979614,0.120666,10.47921609,0.120638,5.045501754
0.042471214,0.053249573,0.086022677,-0.078173908,0.120766,10.42771644,0.120738,5.258190899
0.042459282,-0.060811241,0.086027453,-0.042177619,0.120866,10.60871485,0.120838,5.357427801
0.042429907,-0.085197397,0.086057051,0.086558257,0.120966,10.62223417,0.120938,5.428068188
0.042464632,0.062388399,0.086039679,0.142952515,0.121066,10.57158073,0.121038,5.459580789
0.042422165,-0.036663696,0.085997345,-0.060784062,0.121166,10.67012396,0.121138,5.535971089
0.042439728,-0.02846651,0.086026475,0.046156291,0.121266,10.64416354,0.121238,5.693835954
0.042470625,0.034606414,0.086054187,0.130044821,0.121366,10.75310464,0.121338,5.602987418
0.042449939,-0.079295566,0.08600018,-0.098232101,0.121466,10.76160046,0.121438,5.799445045
0.042470955,0.013333345,0.08600447,-0.070602938,0.121566,10.69860787,0.121538,5.756186016
0.042439718,-0.110875938,0.085996324,-0.116079621,0.121666,10.8857283,0.121638,5.879592745
0.042434164,0.037194308,0.086017999,-0.034343295,0.121766,10.79207474,0.121738,5.780047759
0.042417683,-0.060766409,0.085989185,-0.059902917,0.121866,10.70052737,0.121838,5.955117514
0.042429437,0.053458938,0.085985064,-0.084999968,0.121966,10.95781027,0.121938,5.891431187
0.042401609,0.091944537,0.085994495,-0.016239729,0.122066,10.84362414,0.122038,5.943155972
0.042403953,-0.060467605,0.085986981,0.017950911,0.122166,10.82659101,0.122138,6.029360625
0.042435419,0.082078813,0.085988305,0.036132221,0.122266,10.82360345,0.122238,6.191771236
0.042407722,-0.052736781,0.08599224,0.115283691,0.122366,11.06687811,0.122338,6.104059747
0.04239889,0.033439918,0.085976616,0.007191029,0.122466,11.0837752,0.122438,6.272155267
0.042402723,0.066545173,0.085985867,0.150591949,0.122566,10.9156671,0.122538,6.322108065
0.042369997,-0.037447213,0.085971508,0.009328703,0.122666,10.81228505,0.122638,6.513981169
0.04236779,-0.025404569,0.08597057,0.101686642,0.122766,11.00581311,0.122738,6.394436182
0.042372005,-0.105074517,0.085939962,-0.091665309,0.122866,10.96210232,0.122838,6.690642762
0.042383154,0.085825446,0.085985062,0.030222585,0.122966,11.09993401,0.122938,6.7052547
0.042400646,-0.006418555,0.085978895,0.036105602,0.123066,11.17065258,0.123038,6.880072024
0.042378627,0.053819904,0.085990777,0.140356237,0.123166,11.12298114,0.123138,6.83103106
0.042362857,0.077525317,0.085965322,0.049614109,0.123266,10.95219696,0.123238,6.910972822
0.042391829,0.087500417,0.085986413,-0.003916231,0.123366,11.12446947,0.123338,6.803583889
0.04236851,-0.059388102,0.085964992,-0.083387507,0.123466,10.98747039,0.123438,7.018365071
0.042348199,-0.021454903,0.085968402,0.154050225,0.123566,11.24330391,0.123538,7.177435475
0.042380789,0.169449807,0.085967343,0.007515004,0.123666,11.19508395,0.123638,7.208494517
0.04240308,0.120374291,0.085928637,-0.021650404,0.123766,11.1537786,0.123738,7.153839659
0.042346917,-0.155787536,0.085937871,0.047286986,0.123866,11.17740661,0.123838,7.314456568
0.042380329,0.031563018,0.085956271,0.060738381,0.123966,11.16760168,0.123938,7.083040004
0.042353495,0.023638314,0.08593922,-0.022560342,0.124066,11.08936493,0.124038,7.250747424
0.042378245,0.190799234,0.085904358,-0.149198072,0.124166,11.14444759,0.124138,7.269325304
0.042325356,-0.018594249,0.085932199,-0.11034827,0.124266,11.17792612,0.124238,7.254276201
0.042327299,-0.074171744,0.085924073,0.046532014,0.124366,11.24104377,0.124338,7.448555345
0.042296803,-0.174569357,0.085902397,0.035017429,0.124466,11.19796549,0.124438,7.422768578
0.042307985,-0.042618771,0.085884081,0.12561271,0.124566,11.31934249,0.124538,7.494810123
0.042331018,0.067023228,0.085906746,0.054140714,0.124666,11.08695768,0.124638,7.515439892
0.042323628,-0.052476434,0.085914631,0.053970566,0.124766,11.33969046,0.124738,7.541410738
0.04233942,-0.107585456,0.085894881,-0.056246661,0.124866,11.31560172,0.124838,7.699348558
0.042332731,-0.045577719,0.085876093,-0.089364959,0.124966,11.48403373,0.124938,7.652948569
0.042341782,-0.013942957,0.085907108,0.028604085,0.125066,11.52042001,0.125038,7.702449166
0.042318985,-0.127431516,0.085873748,-0.06715878,0.125166,11.51528927,0.125138,7.790401781
0.042319127,0.044133457,0.085879929,0.005140754,0.125266,11.36945408,0.125238,7.731877665
0.042323997,-0.05537615,0.085878519,0.021856111,0.125366,11.39496292,0.125338,7.934671225
0.042310375,-0.095188348,0.085894786,0.014163777,0.125466,11.53754987,0.125438,7.829051376
0.042283996,0.031580563,0.085921584,0.05184154,0.125566,11.40349956,0.125538,7.979310675
0.042278957,-0.107689622,0.085890045,0.005724445,0.125666,11.45895192,0.125638,7.997727083
0.042286293,-0.054322419,0.085897422,0.032254882,0.125766,11.49730343,0.125738,8.037884214
0.042287119,0.017059016,0.085887964,0.029015521,0.125866,11.36493079,0.125838,8.030956625
0.042282591,0.027620194,0.085886937,-0.008436625,0.125966,11.50784819,0.125938,8.061128864
0.042317758,0.091615533,0.085875692,-0.097195554,0.126066,11.49932199,0.126038,8.116886284
0.042289657,-0.048310954,0.085864474,-0.042976698,0.126166,11.43815307,0.126138,7.95491897
0.042295059,-0.001677992,0.085889206,0.061869175,0.126266,11.34649975,0.126238,8.187445602
0.042276413,-0.032819938,0.085853657,-0.080296916,0.126366,11.47764544,0.126338,8.168893785
0.04225511,-0.006498878,0.085834298,-0.039232232,0.126466,11.39145739,0.126438,8.024300526
0.042285872,0.063838968,0.085831835,-0.145557035,0.126566,11.49210977,0.126538,8.113525273
0.042259905,-0.138027126,0.085795435,-0.172474813,0.126666,11.40869061,0.126638,8.120797517
0.042268339,-0.052284655,0.085827353,-0.054275948,0.126766,11.41015936,0.126738,8.136102944
0.042258651,0.058842449,0.085813473,-0.098443044,0.126866,11.42832189,0.126838,8.210694574
0.042276729,0.14033179,0.085822586,-0.080413424,0.126966,11.41230121,0.126938,8.260902675
0.042282283,0.014312207,0.085822768,-0.016758926,0.127066,11.44870926,0.127038,8.259964016
0.042280592,0.212637125,0.085858097,-0.015265066,0.127166,11.40454579,0.127138,8.382134688
0.042285825,0.132710132,0.085841822,-0.022440595,0.127266,11.45315243,0.127238,8.320939931
0.042238854,0.042904024,0.085811321,0.012165241,0.127366,11.50679848,0.127338,8.271104994
0.042253198,0.020932538,0.085856029,0.195948639,0.127466,11.41432438,0.127438,8.259016963
0.042208458,-0.137573293,0.085821583,-0.002865356,0.127566,11.39756521,0.127538,8.246818077
0.042235583,0.08514634,0.085790975,0.03612679,0.127666,11.51761859,0.127638,8.180333189
0.042256515,0.06589159,0.085764855,0.068277833,0.127766,11.50547026,0.127738,8.339938349
0.042250036,0.053149104,0.085786034,-0.027501859,0.127866,11.31303607,0.127838,8.419704877
0.042223383,0.015417426,0.085770322,-0.117347977,0.127966,11.40486665,0.127938,8.402450592
0.042261803,0.127008054,0.085796892,0.015278298,0.128066,11.38136041,0.128038,8.293105753
0.042232036,0.069903519,0.08578744,0.002832284,0.128166,11.48570286,0.128138,8.369146017
0.04223564,0.131962261,0.085772951,-0.037373308,0.128266,11.55639485,0.128238,8.31813192
0.042239446,-0.020257321,0.08575851,-0.019389639,0.128366,11.48249548,0.128338,8.468113961
0.042237238,0.025196669,0.0857587,-0.024405423,0.128466,11.54144053,0.128438,8.294406497
0.042197549,-0.033049575,0.085766159,0.173885985,0.128566,11.54995695,0.128538,8.29886098
0.042192625,-0.063911543,0.085798306,0.01136972,0.128666,11.73847959,0.128638,8.313185455
0.042210995,-0.027941266,0.085786016,-0.0063987,0.128766,11.54810963,0.128738,8.268853267
0.042193195,0.009255117,0.085795107,-0.016532452,0.128866,11.60726903,0.128838,8.190730691
0.042163719,-0.135252985,0.085781307,-0.021110369,0.128966,11.4864409,0.128938,8.215840702
0.042168206,0.009665731,0.085776497,-0.050618808,0.129066,11.55777347,0.129038,8.270910205
0.042170084,-0.016440259,0.085771713,0.070458396,0.129166,11.51907401,0.129138,8.064139979
0.042127563,-0.169475492,0.0858047,0.053230401,0.129266,11.72293158,0.129238,8.076547228
0.042132486,-0.00337003,0.085774935,-0.037836756,0.129366,11.65499834,0.129338,8.129092968
0.042159834,-0.119135379,0.085767813,-0.067927548,0.129466,11.5962622,0.129438,8.00534466
0.0421691,0.036671522,0.08578965,-0.121423102,0.129566,11.50277905,0.129538,8.062615975
0.042115727,-0.097904144,0.085760515,-0.060237397,0.129666,11.5820182,0.129638,8.051849682
0.042168588,0.008843163,0.085761199,-0.096427403,0.129766,11.41394333,0.129738,8.033989507
0.042147529,0.038589706,0.085771196,-0.136147052,0.129866,11.50861486,0.129838,8.116047098
0.042160054,-0.111894189,0.085797714,-0.023658585,0.129966,11.50129439,0.129938,7.979617722
0.042188206,-0.006316103,0.085791223,0.040413953,0.130066,11.60159633,0.130038,8.030084284
0.042153352,-0.128871213,0.085796388,0.026025002,0.130166,11.65241495,0.130138,7.970772662
0.042128833,-0.168440512,0.085779194,0.080741916,0.130266,11.62471182,0.130238,7.938402253
0.04212963,-0.175966768,0.085780611,0.258383834,0.130366,11.6205119,0.130338,7.941713937
0.042161695,0.085362436,0.08576941,-0.019462049,0.130466,11.53790497,0.130438,7.944110319
0.042166231,0.007573246,0.085778007,-0.102630382,0.130566,11.72344704,0.130538,7.83629774
0.04213959,0.02088806,0.085735797,-0.001328475,0.130666,11.67472831,0.130638,7.879467611
0.042113969,0.088330741,0.085781517,0.083837998,0.130766,11.73062113,0.130738,7.777633458
0.042159327,-0.006493522,0.085779963,-0.104306959,0.130866,11.92410099,0.130838,7.726385857
0.042153702,0.011931408,0.085753117,-0.12588865,0.130966,11.80151913,0.130938,7.780318119
0.042130169,-0.082485637,0.085731077,-0.139463424,0.131066,11.70980618,0.131038,7.803385991
0.042108368,-0.114527242,0.085741022,-0.014065989,0.131166,11.84920365,0.131138,7.771554993
0.04213416,-0.028744599,0.085776663,-0.079353479,0.131266,11.83161666,0.131238,7.775018356
0.042117726,-0.048782861,0.085746882,-0.144093844,0.131366,11.80500664,0.131338,7.771797267
0.04210633,-0.050245401,0.085822371,0.187942889,0.131466,11.8205292,0.131438,7.683661151
0.042158364,0.085221853,0.085780002,0.056466543,0.131566,11.8505369,0.131538,7.548229042
0.042133971,0.127646668,0.085754418,0.095083695,0.131666,11.85116982,0.131638,7.761422503
0.04213453,-0.092008031,0.085747797,-0.050255437,0.131766,11.86537557,0.131738,7.698468337
0.042150882,0.024107474,0.085759681,0.032192721,0.131866,11.77543518,0.131838,7.716671122
0.042087831,-0.075690731,0.085756245,-0.114820269,0.131966,11.98318706,0.131938,7.61582768
0.04211357,0.002268994,0.085762381,-0.02724866,0.132066,11.8139409,0.132038,7.382134486
0.042104629,-0.053584872,0.085749885,-0.037155185,0.132166,12.13870608,0.132138,7.508212791
0.042095069,-0.029682231,0.085785536,0.178920479,0.132266,11.80528321,0.132238,7.461495732
0.042125957,0.050477882,0.085801993,0.199335579,0.132366,11.76000811,0.132338,7.51910887
0.042125101,-0.043483579,0.085760611,-0.019824574,0.132466,11.74585914,0.132438,7.487632072
0.042109334,-0.08288298,0.085759177,-0.034722848,0.132566,11.74389216,0.132538,7.398117939
0.042110427,-0.072902302,0.08573549,-0.023441986,0.132666,11.79532105,0.132638,7.40982148
0.042097883,-0.001673636,0.085719441,-0.107465623,0.132766,11.82791476,0.132738,7.34055339
0.042096889,0.006766991,0.085743714,-0.006816668,0.132866,11.94222297,0.132838,7.53745557
0.042091386,-0.082622073,0.085729888,-0.112382365,0.132966,11.86731744,0.132938,7.358874172
0.042106273,0.020715497,0.085728039,0.016468522,0.133066,11.81163782,0.133038,7.261446168
0.042117091,0.049839685,0.08576347,0.107490641,0.133166,11.89837761,0.133138,7.466748417
0.042127137,0.022554314,0.085778581,0.13010129,0.133266,11.89701742,0.133238,7.365463057
0.042134172,-0.045356145,0.085721805,-0.062709039,0.133366,11.971933,0.133338,7.336414008
0.042138407,-0.055490288,0.085771695,0.127649396,0.133466,11.92033872,0.133438,7.388613612
0.042140276,-0.066567096,0.085732984,0.045770511,0.133566,11.92374819,0.133538,7.47553312
0.042091454,-0.098071215,0.085759562,0.181271962,0.133666,11.88279273,0.133638,7.445709637
0.042114407,0.026285919,0.085729729,0.001523706,0.133766,12.03908749,0.133738,7.629092932
0.042092023,-0.096786722,0.085741503,-0.002921931,0.133866,12.02520349,0.133838,7.686616304
0.042090557,0.073997742,0.08569395,0.001478317,0.133966,12.07318317,0.133938,7.573666155
0.04212083,0.117466903,0.085709288,0.03606968,0.134066,12.08475482,0.134038,7.560595194
0.042115265,0.082985328,0.085709034,0.022769529,0.134166,12.18918226,0.134138,7.570360291
0.042131154,0.069018605,0.085747656,0.060484228,0.134266,12.20674988,0.134238,7.522044376
0.042101603,-0.011459377,0.085699474,-0.032451305,0.134366,12.02986616,0.134338,7.492188906
0.042117398,0.016625078,0.085733277,-0.012892584,0.134466,12.04782065,0.134438,7.545627303
0.04211572,0.031479999,0.085712519,-0.101631287,0.134566,12.22719621,0.134538,7.431265462
0.042117846,0.07493986,0.085687256,-0.043790109,0.134666,12.12554014,0.134638,7.611581185
0.042126581,-0.019535082,0.085711374,-0.191952442,0.134766,12.29457407,0.134738,7.564270658
0.042125954,0.003047841,0.085692294,-0.100553738,0.134866,12.29919247,0.134838,7.427840166
0.042095423,-0.132009921,0.085709212,-0.040608963,0.134966,12.25473343,0.134938,7.546447817
0.042117014,0.170680887,0.085723002,0.001893672,0.135066,12.32311842,0.135038,7.543517104
0.042092254,-0.0012625,0.085708093,0.112617025,0.135166,12.22685983,0.135138,7.572370133
0.042114107,0.011746712,0.085680858,0.010787534,0.135266,12.24494712,0.135238,7.584610443
0.042070357,0.1737674,0.085685227,-0.005206755,0.135366,12.35460808,0.135338,7.591477247
0.042060336,0.0498315,0.085660638,-0.008626759,0.135466,12.31372411,0.135438,7.526881274
0.042042965,-0.080635584,0.085682959,0.128754283,0.135566,12.33788801,0.135538,7.402768119
0.042060404,0.025792401,0.085648176,-0.03435293,0.135666,12.32196813,0.135638,7.798090416
0.042048869,0.056522863,0.08567806,0.048217173,0.135766,12.47363128,0.135738,7.597806918
0.042055634,0.031290954,0.085660158,0.003599435,0.135866,12.36955073,0.135838,7.595940461
0.042026085,-0.032362308,0.085662085,-0.01331987,0.135966,12.31420219,0.135938,7.660818165
0.042045985,-0.012092219,0.085673181,-0.043608039,0.136066,12.49483884,0.136038,7.665498188
0.042050617,0.011300678,0.085637682,-0.146600213,0.136166,12.62555813,0.136138,7.614058394
0.042090405,0.127809376,0.085669105,0.125979117,0.136266,12.51254826,0.136238,7.649895352
0.042075155,0.110763545,0.085647547,-0.068753851,0.136366,12.59528432,0.136338,7.795595451
0.042055305,0.010146276,0.085681111,0.12533781,0.136466,12.60061738,0.136438,7.799619232
0.042073274,0.040420222,0.085650818,-0.077739569,0.136566,12.67140105,0.136538,7.694601131
0.04205108,0.045015016,0.085666206,0.00941007,0.136666,12.78240853,0.136638,7.83989671
0.042043213,-0.045806421,0.08563472,-0.010234586,0.136766,12.47528308,0.136738,7.779458034
0.042035439,0.019740966,0.085647758,0.089646153,0.136866,12.59659376,0.136838,7.802729418
0.042023569,-0.106340762,0.085655004,0.064124723,0.136966,12.76423633,0.136938,7.915888269
0.042051135,0.021089986,0.085631441,0.045732732,0.137066,12.69207225,0.137038,8.04032728
0.042039842,0.019436106,0.085635599,0.052597712,0.137166,12.66902602,0.137138,8.013362498
0.042044854,0.025771474,0.085660696,0.047840821,0.137266,13.01323263,0.137238,7.957896924
,,0.085677238,0.085039751,0.137366,12.98819455,0.137338,8.155053113
,,0.085663384,0.020977319,0.137466,12.97792136,0.137438,8.214838695
,,0.085668115,-0.014919055,0.137566,13.03225522,0.137538,8.319838755
,,0.085638822,-0.062650539,0.137666,13.00925938,0.137638,8.162142135
,,0.08564153,-0.05993772,0.137766,12.93348187,0.137738,8.420960566
,,0.085650419,-0.063006155,0.137866,13.13652756,0.137838,8.426669043
,,0.085633321,0.047297983,0.137966,13.01495132,0.137938,8.449107193
,,0.085659526,0.045262147,0.138066,12.9799025,0.138038,8.363855316
,,0.085637719,0.029572165,0.138166,13.087393,0.138138,8.525106545
,,0.085618096,-0.100580416,0.138266,13.15379908,0.138238,8.456224882
,,0.085643037,0.002829421,0.138366,13.07836763,0.138338,8.468278659
,,0.085622571,-0.026050333,0.138466,13.14700917,0.138438,8.520710683
,,0.085583517,-0.083422473,0.138566,13.21801615,0.138538,8.525767722
,,0.085623182,0.042126163,0.138666,13.14323562,0.138638,8.498203524
,,0.085570414,-0.15411514,0.138766,13.29088174,0.138738,8.549629196
,,0.085601135,0.014352409,0.138866,13.12917217,0.138838,8.600346689
,,0.085580963,-0.206413938,0.138966,13.14658113,0.138938,8.712722253
,,0.085595865,-0.013575313,0.139066,13.18188422,0.139038,8.744913104
,,0.085612364,-0.031171391,0.139166,13.26255753,0.139138,8.673893178
,,0.085610745,-0.027653349,0.139266,13.2340942,0.139238,8.78842852
,,0.085598544,0.029241197,0.139366,13.30016035,0.139338,8.970263871
,,0.085621866,0.039047521,0.139466,13.33598923,0.139438,8.797471761
,,0.085599644,-0.038562047,0.139566,13.29212041,0.139538,8.999773155
,,0.085611466,0.178537837,0.139666,13.37019252,0.139638,9.030532162
,,0.085584795,0.048070698,0.139766,13.44628837,0.139738,9.136411776
,,0.085614469,0.052172621,0.139866,13.33076848,0.139838,9.053505486
,,0.085580837,-0.040048597,0.139966,13.36191501,0.139938,9.189319531
,,0.085596067,-0.038846456,0.140066,13.46722385,0.140038,9.110680123
,,0.085613611,0.16672128,0.140166,13.64438208,0.140138,9.279667906
,,0.085642938,0.002800438,0.140266,13.43442322,0.140238,9.294399328
,,0.085592752,-0.068107845,0.140366,13.69930361,0.140338,9.390632695
,,0.085576139,-0.055019997,0.140466,13.62463252,0.140438,9.37701405
,,0.085554973,-0.077106209,0.140566,13.63104873,0.140538,9.383289964
,,0.085542447,-0.130546688,0.140666,13.67736833,0.140638,9.443030811
,,0.085553755,-0.036548329,0.140766,13.71235665,0.140738,9.195266249
,,0.085578647,0.011657923,0.140866,13.65659846,0.140838,9.374995193
,,0.085550684,0.10269512,0.140966,13.86011973,0.140938,9.441295061
,,0.085566058,0.11096006,0.141066,13.78825637,0.141038,9.444245255
,,0.085536719,-0.045066102,0.141166,13.79290286,0.141138,9.365943595
,,0.085546055,0.055445425,0.141266,13.83057057,0.141238,9.353969697
,,0.085553627,0.13511631,0.141366,13.67082225,0.141338,9.456607563
,,0.08554394,0.056174997,0.141466,13.81244633,0.141438,9.627951217
,,0.085531572,-0.128953655,0.141566,13.73594837,0.141538,9.475383895
,,0.0855361,-0.050702792,0.141666,13.81314155,0.141638,9.649576479
,,0.085519054,-0.136618851,0.141766,13.7630115,0.141738,9.535340105
,,0.085538529,-0.060710784,0.141866,13.82671205,0.141838,9.649825834
,,0.08554425,-0.057475594,0.141966,13.81272218,0.141938,9.763754169
,,0.085540579,-0.002541003,0.142066,13.82308152,0.142038,9.735481837
,,0.08551695,0.199357769,0.142166,13.90697746,0.142138,9.785600658
,,0.085538403,-0.052821819,0.142266,14.00995718,0.142238,9.656502141
,,0.085553134,0.031735658,0.142366,13.97785347,0.142338,9.764815749
,,0.085562759,0.107173641,0.142466,14.05375825,0.142438,9.802661814
,,0.085546784,-0.115866583,0.142566,14.01067013,0.142538,9.815714794
,,0.085529885,-0.030300122,0.142666,14.20062994,0.142638,9.740316957
,,0.085539383,0.051041638,0.142766,14.16510286,0.142738,9.790692145
,,0.085520274,-0.007893764,0.142866,14.22660045,0.142838,9.830435972
,,0.085502976,0.001057347,0.142966,14.30795306,0.142938,9.819507575
,,0.085520476,-0.089434508,0.143066,14.38852655,0.143038,9.933188154
,,0.085512166,-0.009842106,0.143166,14.27882752,0.143138,9.894847327
,,0.08552631,-0.06493374,0.143266,14.39756789,0.143238,9.974687679
,,0.085493973,0.024559298,0.143366,14.35750613,0.143338,10.04410202
,,0.085487005,-0.085050575,0.143466,14.4301873,0.143438,9.951370319
,,0.085488062,-0.00880995,0.143566,14.48572882,0.143538,10.05565126
,,0.085479417,-0.26838764,0.143666,14.58521165,0.143638,10.06769667
,,0.08548638,-0.075681583,0.143766,14.64243665,0.143738,9.971752977
,,0.085470836,-0.092570714,0.143866,14.7808529,0.143838,10.07327294
,,0.08550323,-0.08181269,0.143966,14.74713411,0.143938,10.20586155
,,0.085512249,0.08529278,0.144066,14.94217432,0.144038,10.21615504
,,0.085523867,0.037890978,0.140881029,1.608723122,0.144138,10.20205789
,,0.085485262,0.021329972,0.138752618,0.482059498,0.144238,10.39415024
,,0.085491449,-0.009112725,0.137641788,0.334564325,0.144338,10.24891849
,,0.08547096,-0.231012009,0.136778113,0.168491815,0.144438,10.25045166
,,0.085514092,0.007697415,0.136064879,0.21565692,0.144538,10.28085344
,,0.085499436,-0.080219292,0.135478428,0.279491736,0.144638,10.40611859
,,0.085499982,-0.06255049,0.134896007,0.220282281,0.144738,10.42203524
,,0.085493768,0.005040966,0.134384697,0.201661411,0.144838,10.35407433
,,0.085492434,-0.072675819,0.133850303,0.169895048,0.144938,10.32468824
,,0.085497656,-0.095292852,0.13337704,0.135299849,0.145038,10.4056474
,,0.085463379,-0.122211334,0.132895306,0.162302205,0.145138,10.38445496
,,0.085487832,0.124435371,0.132484714,0.053940972,0.145238,10.42875413
,,0.085500083,0.039145909,0.132105454,0.03420105,0.145338,10.42920199
,,0.085469812,0.129570902,0.131826467,0.036880304,0.145438,10.43467264
,,0.085423761,-0.162794247,0.131574173,-0.013538638,0.145538,10.59891989
,,0.085465237,0.199755967,0.131381203,-0.025424506,0.145638,10.61888232
,,0.085470398,0.036063257,0.131208799,0.013712204,0.145738,10.52722592
,,0.085465339,0.004726981,0.131076276,0.037383194,0.145838,10.63853809
,,0.085459178,-0.030037642,0.131000574,0.052796946,0.145938,10.53855317
,,0.085440465,-0.016752649,0.130941689,0.07027089,0.146038,10.54622844
,,0.085458699,0.057256985,0.130871135,-0.006920738,0.146138,10.79182523
,,0.085464489,0.044617577,0.130807752,-0.048057343,0.146238,10.71628181
,,0.08545448,-0.06055075,0.13076503,0.064529323,0.146338,10.72454046
,,0.08541698,-0.093573001,0.130678997,0.041274833,0.146438,10.75324633
,,0.085443439,-0.16694755,0.13064536,0.061524415,0.146538,10.71830034
,,0.085477777,0.059279298,0.130595072,-0.158215823,0.146638,10.91519287
,,0.085452736,-0.048225117,0.130525805,0.069165355,0.146738,10.90597963
,,0.085452657,-0.07223414,0.130468809,-0.095997702,0.146838,10.82099584
,,0.085460471,0.01282596,0.130404132,0.055270215,0.146938,10.95861164
,,0.085458444,0.10334081,0.130372945,0.120033336,0.147038,10.75882292
,,0.085396363,-0.039765492,0.130275191,-0.070508699,0.147138,10.82511563
,,0.0853867,-0.171361141,0.130198416,0.004318803,0.147238,10.76505774
,,0.085393113,-0.041068185,0.130123161,0.083153021,0.147338,10.74999579
,,0.085403895,-0.087586366,0.130049481,0.013162647,0.147438,10.81135179
,,0.085415644,0.052933724,0.129980141,-0.264917637,0.147538,10.83508369
,,0.085433082,0.007638511,0.129916327,0.059978311,0.147638,10.9063551
,,0.085445093,0.15586856,0.1298719,0.157460182,0.147738,10.82353529
,,0.085452673,0.132550947,0.129795463,0.191676773,0.147838,11.0520375
,,0.085414332,-0.028461259,0.129724805,-0.081627348,0.147938,10.93137086
,,0.085425964,0.112826901,0.129668379,-0.098708736,0.148038,11.0500314
,,0.08539285,-0.051748297,0.1296361,0.059785049,0.148138,11.26655658
,,0.085377206,0.044530275,0.12961711,0.194828219,0.148238,11.38281232
,,0.085406726,-0.042293381,0.129580887,0.076354047,0.148338,11.26386872
,,0.085391103,-0.001354314,0.129532998,0.126277172,0.148438,11.32034893
,,0.085412045,0.008352849,0.129499924,-0.080549828,0.148538,11.25924307
,,0.085378147,0.031395094,0.129465354,0.070058606,0.148638,11.3356657
,,0.085398888,-0.055779582,0.12945355,-0.014625732,0.148738,11.41853356
,,0.085407831,0.042474044,0.129419439,0.048773343,0.148838,11.40779015
,,0.085403541,0.104136546,0.12935536,-0.126689031,0.148938,11.41202492
,,0.085366183,-0.009380317,0.129304248,-0.163019204,0.149038,11.56770805
,,0.085371071,0.031028233,0.129247131,-0.1296835,0.149138,11.53842646
,,0.085384887,0.056918444,0.129273502,0.066229487,0.149238,11.46014891
,,0.085383848,-0.103538811,0.129237041,-0.014672717,0.149338,11.5919471
,,0.085397011,0.092349572,0.129211713,0.072169321,0.149438,11.467195
,,0.085397667,-0.095000651,0.129181589,-0.012829608,0.149538,11.4046303
,,0.085377533,0.066733287,0.12912914,-0.023081207,0.149638,11.39368877
,,0.085392645,0.184847804,0.129060324,0.004148779,0.149738,11.62636432
,,0.085353241,-0.114284064,0.129054664,0.044642677,0.149838,11.52774265
,,0.085354963,-0.04712098,0.129059519,0.169287805,0.149938,11.58471679
,,0.085336403,-0.026244718,0.12900791,0.037919144,0.150038,11.62636988
,,0.08535988,0.087013504,0.128980696,-0.093887458,0.150138,11.71761702
,,0.085372747,0.065483729,0.128966552,0.075964674,0.150238,11.73473308
,,0.085358904,-0.138779134,0.128946018,0.068008099,0.150338,11.62579373
,,0.085370601,0.028804041,0.128918441,-0.03279169,0.150438,11.84190232
,,0.085353626,-0.163983977,0.128900836,-0.008426226,0.150538,11.8117212
,,0.085349662,-0.204511702,0.128850859,-0.003517435,0.150638,11.88165044
,,0.085364538,-0.031477475,0.128832871,0.007699508,0.150738,11.8254151
,,0.085361474,0.111503525,0.128802375,-0.024812084,0.150838,11.80661543
,,0.085349749,-0.073232167,0.128790961,-0.099184658,0.150938,11.9453998
,,0.085329741,-0.153820851,0.128786221,0.090327986,0.151038,11.95276728
,,0.085335753,-0.029772403,0.128733474,0.010715229,0.151138,11.94277504
,,0.085348767,-0.073691677,0.128702067,0.075897062,0.151238,11.96701548
,,0.085355865,-0.10241181,0.128639721,0.056761136,0.151338,11.99379261
,,0.085354247,-0.013985321,0.128590467,-0.145093326,0.151438,12.02519479
,,0.085360877,0.051679116,0.12858958,-0.053743256,0.151538,12.08528049
,,0.085349022,-0.021844597,0.128578451,-0.044098028,0.151638,11.96591336
,,0.085354047,0.009495535,0.128574032,0.029889491,0.151738,12.01978964
,,0.085343701,-0.096984159,0.128551942,-0.031518123,0.151838,12.05617526
,,0.085372347,0.020990902,0.128518053,-0.052052929,0.151938,12.00413442
,,0.085331449,-0.102453148,0.128532996,0.139188132,0.152038,12.01851218
,,0.085342236,-0.039015348,0.128484956,-0.027934551,0.152138,12.09084843
,,0.085354189,0.056260592,0.128486135,-0.128010501,0.152238,12.29371281
,,0.085351358,-0.011886174,0.128456253,-0.037053088,0.152338,12.26140515
,,0.085345577,-0.077957943,0.128460439,0.095574775,0.152438,12.40659091
,,0.085364993,0.13735146,0.12841601,0.003472344,0.152538,12.32200381
,,0.085347066,-0.023757022,0.128377192,0.127057082,0.152638,12.52985931
,,0.085324741,-0.004723923,0.12840582,0.055111557,0.152738,12.53667675
,,0.08535167,-0.042911122,0.128381518,0.005751886,0.152838,12.47656993
,,0.085366865,0.001647129,0.128322261,-0.078445051,0.152938,12.55195451
,,0.085372093,-0.013691787,0.128333826,-0.054240651,0.153038,12.46889023
,,0.08536073,0.086080309,0.128312441,-0.044320401,0.153138,12.43041696
,,0.085343911,-0.138363511,0.128281891,-0.108244263,0.153238,12.57806872
,,0.085345931,-0.032631076,0.128273154,0.104045259,0.153338,12.62469921
,,0.085367498,-0.069413336,0.128257359,0.022092391,0.153438,12.620108
,,0.085356867,-0.126229781,0.128216827,-0.076455513,0.153538,12.55212429
,,0.085371434,-0.036817304,0.128206489,-0.020495039,0.153638,12.65477061
,,0.085349056,-0.04944819,0.128195918,0.082460085,0.153738,12.61333464
,,0.085346867,0.065145994,0.128122955,-0.018403297,0.153838,12.62908157
,,0.085348498,0.178830326,0.128129937,-0.007819024,0.153938,12.56485246
,,0.085311327,0.003437476,0.128125415,0.033663187,0.154038,12.57370824
,,0.085328828,0.123150198,0.12808665,-0.068972648,0.154138,12.61749185
,,0.085306535,0.041122944,0.128074659,0.092241906,0.154238,12.52760107
,,0.0853063,0.027884625,0.128047562,0.048063375,0.154338,12.64505959
,,0.085311909,-0.041768706,0.128032662,0.078782142,0.154438,12.64138175
,,0.085328313,0.022015858,0.127972098,0.122556916,0.154538,12.53680184
,,0.085296578,0.077273075,0.127943968,0.111979759,0.154638,12.76427627
,,0.085292294,0.178212685,0.127928883,-0.014901472,0.154738,12.70891472
,,0.085291781,0.054770244,0.127904797,-0.012925881,0.154838,12.5499151
,,0.085296082,0.08759791,0.127894048,0.027848168,0.154938,12.68378433
,,0.085305443,-0.065303769,0.127887388,-0.077723169,0.155038,12.53097192
,,0.085259434,-0.089624407,0.127878465,0.043684152,0.155138,12.56268382
,,0.085309038,0.031583214,0.127878486,0.130013496,0.155238,12.58133761
,,0.085299389,-0.026412402,0.127853249,-0.109438448,0.155338,12.62712652
,,0.085289837,0.042031566,0.127861542,-0.022818776,0.155438,12.55300784
,,0.085331115,0.23775907,0.127862278,0.026607656,0.155538,12.7021782
,,0.08529411,-0.03237441,0.127844847,0.114914289,0.155638,12.56274659
,,0.0852765,-0.121854421,0.127809321,-0.196161075,0.155738,12.63357161
,,0.08529286,0.153694157,0.127810197,0.11084454,0.155838,12.62602888
,,0.085284107,-0.131028202,0.127796806,0.057586114,0.155938,12.65992734
,,0.085281599,0.009767199,0.127723085,-0.043181708,0.156038,12.63993585
,,0.085288573,0.032589279,0.127711612,-0.053507829,0.156138,12.50762888
,,0.085281161,0.083767618,0.12770534,-0.077445135,0.156238,12.54362858
,,0.085288411,-0.016694035,0.127708775,0.058893569,0.156338,12.61273783
,,0.0852516,-0.064256808,0.127691215,-0.008144612,0.156438,12.44837847
,,0.085247508,-0.063892339,0.127672504,0.034660919,0.156538,12.57280241
,,0.085274634,0.004632275,0.127672422,0.110976141,0.156638,12.4347297
,,0.085266063,-0.05009517,0.127637185,-0.01104904,0.156738,12.4703303
,,0.085263946,-0.115747115,0.127647775,-0.006993904,0.156838,12.41045405
,,0.085279841,-0.033415814,0.127637544,-0.004858584,0.156938,12.54544689
,,0.085265368,-0.104060326,0.127622149,0.103453164,0.157038,12.55448253
,,0.085272104,-0.051899294,0.127601196,-0.040954165,0.157138,12.57434867
,,0.085296927,-0.071927394,0.127559274,0.064837272,0.157238,12.39460274
,,0.08529249,-0.060423333,0.127588808,0.023840188,0.157338,12.49464367
,,0.085295621,0.137785099,0.127559843,0.052580536,0.157438,12.45774604
,,0.08529136,-0.041503754,0.127545448,0.006256569,0.157538,12.57385528
,,0.085291299,0.153156777,0.127558863,0.107721929,0.157638,12.4915009
,,0.085269865,-0.092591376,0.127543119,0.007038153,0.157738,12.36929045
,,0.085227979,-0.063859367,0.127537528,-0.009901229,0.157838,12.42618974
,,0.085261846,-0.064210503,0.127521852,-0.002646617,0.157938,12.49626218
,,0.08528432,0.102340402,0.127551403,0.029330104,0.158038,12.53370012
,,0.08527422,-0.150079785,0.127529767,-0.010475184,0.158138,12.4434073
,,0.085263599,-0.087132868,0.127501763,0.016695548,0.158238,12.42645208
,,0.085252048,-0.154450137,0.127485861,-0.024475802,0.158338,12.54219794
,,0.085271806,0.075074126,0.127478215,-0.02130346,0.158438,12.47435022
,,0.085255185,-0.16277452,0.12746278,-0.006380416,0.158538,12.28708659
,,0.085265159,0.136644503,0.127444273,-0.047712667,0.158638,12.45000881
,,0.085239935,0.075995621,0.127437471,-0.096115763,0.158738,12.33510083
,,0.085248432,-0.088818543,0.127426175,-0.038000871,0.158838,12.56849492
,,0.085273843,0.087769985,0.127424352,0.033487792,0.158938,12.42343962
,,0.085250791,0.087459671,0.127423823,0.089070578,0.159038,12.47801893
,,0.085253378,0.110476345,0.127427928,0.000404051,0.159138,12.57249455
,,0.085256646,0.046671224,0.127422225,-0.019049463,0.159238,12.52876089
,,0.085236477,-0.058686439,0.12740801,-0.117666862,0.159338,12.49554028
,,0.085262824,-0.046957734,0.127394827,-0.02787175,0.159438,12.47711111
,,0.085248375,-0.048185582,0.127359205,-0.024400985,0.159538,12.45427394
,,0.085275933,0.072705239,0.127344373,-0.008043715,0.159638,12.50901772
,,0.085309478,0.241143814,0.127382155,-0.021563149,0.159738,12.60347583
,,0.085294896,0.085943456,0.127360651,-0.016326185,0.159838,12.50473411
,,0.085256614,0.024625839,0.127351895,0.021157417,0.159938,12.64529134
,,0.085237012,-0.0735441,0.127350694,0.004708659,0.160038,12.61830184
,,0.085265713,0.081097604,0.127333573,-0.104351044,0.160138,12.58477128
,,0.085255571,0.073374635,0.127327971,0.103822758,0.160238,12.58117591
,,0.085247024,-0.09985339,0.127312523,0.050349448,0.160338,12.39856769
,,0.085258702,-0.064688978,0.127332519,0.025237812,0.160438,12.40846699
,,0.085278887,0.084555558,0.127296937,0.069009656,0.160538,12.59797441
,,0.08527976,-0.012277905,0.127280166,-0.07650691,0.160638,12.59755134
,,0.085266042,0.016561011,0.127265306,-0.143539238,0.160738,12.74263815
,,0.085269293,-0.046251276,0.127265431,0.030479574,0.160838,12.75659747
,,0.085282357,0.052633309,0.127243589,-0.01810736,0.160938,12.55862813
,,0.085273459,-0.06841555,0.127225498,-0.031622127,0.161038,12.73329064
,,0.085282994,-0.008514332,0.127253055,-0.044744243,0.161138,12.64078913
,,0.085290777,-0.040540258,0.12724709,0.119061723,0.161238,12.60013967
,,0.085306309,0.177362677,0.127229578,0.085416762,0.161338,12.66077368
,,0.085272754,0.04074837,0.127197467,-0.013537405,0.161438,12.58780974
,,0.085282268,0.022110614,0.127217493,0.136071799,0.161538,12.57449246
,,0.085279813,-0.078612061,0.127184935,0.008313114,0.161638,12.51491553
,,0.085307105,0.162263669,0.127183121,-0.079619983,0.161738,12.50376431
,,0.085247516,-0.137330144,0.127174941,-0.003947436,0.161838,12.58503101
,,0.085275268,0.070664334,0.127198045,-0.017663234,0.161938,12.48225809
,,0.085276695,0.06236801,0.127188207,-0.043776594,0.162038,12.68318896
,,0.085274186,0.082143432,0.127205455,-0.06965487,0.162138,12.51442467
,,0.085279867,-0.01561018,0.127187129,-0.012435228,0.162238,12.57349729
,,0.08524933,-0.023734509,0.127173455,0.034507061,0.162338,12.51817924
,,0.085244916,-0.036162745,0.127170612,0.188535824,0.162438,12.49918279
,,0.085236172,0.128440234,0.127195165,0.093680314,0.162538,12.54745964
,,0.085207886,-0.131830544,0.127150864,0.121770139,0.162638,12.54667124
,,0.085222105,0.005641189,0.127131697,-0.028744831,0.162738,12.7147538
,,0.085234191,-0.092870712,0.127128707,0.032792999,0.162838,12.68010739
,,0.0852181,-0.12816513,0.127126198,0.188077951,0.162938,12.67082359
,,0.085234162,0.075043732,0.127103507,0.018641254,0.163038,12.55356293
,,0.085221365,-0.002486218,0.127095148,0.049259641,0.163138,12.71869964
,,0.085211301,-0.06086517,0.127073702,0.032997362,0.163238,12.5081331
,,0.085230764,-0.004132138,0.127064148,0.01509434,0.163338,12.32653936
,,0.085204703,-0.231013355,0.127040461,0.015173919,0.163438,12.69072602
,,0.085220232,-0.134012658,0.127057253,0.062039797,0.163538,12.61355905
,,0.085232824,0.095184675,0.127043611,0.084732982,0.163638,12.78150151
,,0.085232156,-0.075570206,0.127016617,-0.099203925,0.163738,12.65429558
,,0.085233752,-0.081408284,0.127048183,0.076563951,0.163838,12.71330364
,,0.085192062,-0.090924806,0.127030521,-0.03459814,0.163938,12.68763389
,,0.08518708,0.007826563,0.127025267,-0.03113008,0.164038,12.68505571
,,0.085203422,-0.156066206,0.127053311,0.096337723,0.164138,12.79859034
,,0.085221525,0.114137574,0.127028387,-0.010351252,0.164238,12.9239648
,,0.085216711,0.100533685,0.126997073,-0.070080184,0.164338,12.94689869
,,0.085207024,-0.091792027,0.127045469,0.268241338,0.164438,12.85106831
,,0.085185126,-0.043126582,0.126999304,0.019346799,0.164538,13.17003912
,,0.085185213,-0.021000318,0.126988003,-0.017840534,0.164638,12.9574679
,,0.085182054,0.12901884,0.127015594,-0.011028762,0.164738,12.97594457
,,0.08518001,0.050636379,0.126995655,0.011904985,0.164838,12.88875854
,,0.085169652,-0.150667734,0.126966716,-0.064660775,0.164938,13.17433048
,,0.085173432,-0.156588858,0.126981228,0.022611376,0.165038,13.2733046
,,0.085175968,-0.050473608,0.126956313,-0.060858378,0.165138,13.12255514
,,0.085180847,-0.131615813,0.126950143,0.001885496,0.165238,13.29541145
,,0.085183101,-0.055827115,0.126965956,0.021855086,0.165338,13.38308431
,,0.085199222,-0.081341532,0.126940639,-0.004276118,0.165438,13.25560558
,,0.085204623,0.053630218,0.126944749,0.018440998,0.165538,13.27325357
,,0.085172608,-0.032429789,0.126931305,0.00511517,0.165638,13.36828207
,,0.085187373,0.005559413,0.12692315,0.018468936,0.165738,13.3406175
,,0.085196886,0.046790769,0.12691219,0.140809113,0.165838,13.28749378
,,0.085210708,-0.014008253,0.126902018,0.019915745,0.165938,13.41012325
,,0.085221876,-0.01091317,0.126887395,-0.050143506,0.166038,13.20074509
,,0.085211432,0.055579901,0.126880053,0.064118608,0.166138,13.13137327
,,0.085167744,0.053815817,0.126878826,0.089539397,0.166238,13.25844914
,,0.085147498,-0.035327582,0.126813616,-0.118606859,0.166338,13.29970191
,,0.085173549,0.038023498,0.126837447,0.00977617,0.166438,13.34138698
,,0.085141765,-0.059888131,0.126822998,0.059815287,0.166538,13.40712164
,,0.085169063,0.033836866,0.126811505,-0.097946499,0.166638,13.52751317
,,0.085150983,-0.077678251,0.126836203,-0.024045884,0.166738,13.48074903
,,0.085148383,-0.051889627,0.126820952,-0.081725137,0.166838,13.44217244
,,0.085148965,0.070127405,0.126838949,0.071336351,0.166938,13.53959514
,,0.08513507,0.008559932,0.12680683,0.079441208,0.167038,13.56224087
,,0.085161464,0.212002031,0.126799663,0.015122458,0.167138,13.55540506
,,0.085133403,-0.014339092,0.126791124,-0.028958344,0.167238,13.72505218
,,0.085142486,0.031561362,0.126801476,-0.094326955,0.167338,13.6357664
,,0.085138177,0.041944529,0.12681463,0.012148677,0.167438,13.92359395
,,0.085157874,-0.09936039,0.126771331,0.014276041,0.167538,13.82329749
,,0.085112515,0.023675342,0.126756124,-0.072510299,0.167638,13.99413366
,,0.085124044,0.096343072,0.12676193,-0.038375326,0.167738,13.98163828
,,0.08518367,0.001701588,0.126737758,-0.087937037,0.167838,13.86453271
,,0.085140737,-0.013968435,0.126728839,-0.120490028,0.167938,14.01981714
,,0.08517062,0.015191581,0.12670957,-0.095113238,0.168038,14.11197396
,,0.085173569,-0.056761265,0.126744483,0.151976414,0.168138,13.94490591
,,0.085146276,-0.025268377,0.126729671,0.009873972,0.168238,14.1381683
,,0.085128713,-0.148544047,0.126716101,-0.14391284,0.168338,14.21268057
,,0.085152961,0.046857799,0.126686874,0.015002426,0.168438,14.21607537
,,0.085111313,-0.023432947,0.126675509,-0.064696898,0.168538,14.35037123
,,0.085100426,-0.06314617,0.126718913,0.045466519,0.168638,14.53878256
,,0.085108584,0.012152528,0.126712149,0.003385635,0.168738,14.64215488
,,0.085086519,-0.134684408,0.126714751,-0.060107839,0.168838,14.44664829
,,0.085096225,-0.055853463,0.126693425,0.120976449,0.168938,14.53867255
,,0.085118646,0.181040642,0.126648308,-0.034921755,0.169038,14.64933257
,,0.085137249,0.012934084,0.126631118,-0.109571801,0.169138,14.54902641
,,0.085113833,-0.109316645,0.126629031,0.004488389,0.169238,14.75191499
,,0.085102022,-0.134988051,0.126616898,-0.024074663,0.169338,14.64354629
,,0.085139328,0.144755716,0.126607468,-0.078725672,0.169438,14.75628535
,,0.085111741,0.093655426,0.126621109,0.002709888,0.169538,14.71817221
,,0.085103743,-0.005285166,0.126580084,-0.129020012,0.169638,14.6423317
,,0.085120061,0.066362089,0.126567108,-0.056243701,0.169738,14.81996354
,,0.085110623,-0.013365573,0.126557835,0.087351318,0.169838,14.94782981
,,0.085096956,-0.079301448,0.126564241,0.018219101,0.169938,14.81841598
,,0.085099736,0.015874468,0.126563686,-0.058723526,0.170038,15.05259536
,,0.085118414,0.011430715,0.126560501,0.019032555,0.170138,14.94881991
,,0.085123313,0.040107413,0.126538601,0.012250425,0.170238,15.06543256
,,0.08507028,-0.163257234,0.126550644,0.060975563,0.170338,15.0715437
,,0.085110488,-0.068765555,0.126535937,0.048371548,0.170438,15.13773491
,,0.085101075,0.006467063,0.126538148,-0.003080255,0.170538,14.88057092
,,0.085104816,-0.124991172,0.126525553,0.028504483,0.170638,15.05120036
,,0.085094972,-0.141526774,0.126508604,-0.060862911,0.170738,15.13084481
,,0.08508765,-0.039325927,0.126534186,-0.050547866,0.170838,15.02514374
,,0.085107118,-0.044431979,0.126506749,0.138420747,0.170938,15.14647194
,,0.085111475,-0.024696471,0.126524006,0.139291352,0.171038,14.95131454
,,0.085103065,0.065271134,0.126502197,-0.021538951,0.171138,15.13078264
,,0.085099666,0.082417875,0.126462882,-0.209776017,0.171238,15.19381316
,,0.085067291,-0.028149708,0.126502592,0.058439784,0.171338,15.2574888
,,0.085091932,0.086370082,0.126466007,-0.070674923,0.171438,15.29900462
,,0.085077754,-0.063879096,0.126499908,0.129106091,0.171538,15.41933796
,,0.085099817,0.033431862,0.126458282,-0.125269701,0.171638,15.27580034
,,0.085072064,0.043055815,0.126474571,0.172316121,0.171738,15.31729171
,,0.085126297,-0.065507158,0.126466453,0.069968978,0.171838,15.34205882
,,0.085126704,-0.015231449,0.126442835,-0.124219419,0.171938,15.41253414
,,0.085063171,-0.087676386,0.126421724,-0.120165971,0.169605261,2.732295379
,,0.085109011,0.07826832,0.126403589,-0.079545353,0.166629588,1.059493783
,,0.085093152,0.0301601,0.126448887,0.0966039,0.165097151,0.650190333
,,0.085100562,-0.147927819,0.126420241,0.138393281,0.163951084,0.528630887
,,0.085090837,0.053575693,0.126390245,-0.093408369,0.162957642,0.347062478
,,0.085077847,-0.065256547,0.126384898,-0.046447524,0.162096494,0.207439239
,,0.085073563,-0.065223114,0.126376004,-0.042352772,0.161340717,0.21518982
,,0.085090867,0.021368648,0.126390065,0.02320108,0.160595435,0.156467981
,,0.08510399,0.094138236,0.126373769,-0.067797843,0.159882782,0.325595297
,,0.085083724,-0.017445476,0.126408416,0.088036924,0.159156791,0.318007445
,,0.085071484,-0.181323463,0.126410462,0.064342564,0.158375931,0.134923903
,,0.085101214,0.112376182,0.126376377,0.083588266,0.15766615,0.188823108
,,0.085086193,0.006733413,0.1263744,0.087069164,0.157036606,0.239574838
,,0.08509779,0.036070717,0.126368902,0.073764326,0.156404101,0.067220352
,,0.085115771,0.082310702,0.126362745,-0.079915934,0.155945803,0.141065332
,,0.085074226,-0.022624748,0.126351741,0.14490247,0.155472865,0.074709639
,,0.085065704,-0.056053026,0.126352259,0.09268123,0.155101041,0.045458782
,,0.085078445,0.002851312,0.126310116,-0.023410173,0.154810641,0.075449715
,,0.085082426,0.125714103,0.126299672,-0.124025872,0.154585283,0.05569685
,,0.08507702,-0.054916533,0.12631059,-0.082294267,0.154379831,0.030533188
,,0.085074813,-0.098422275,0.126298356,-0.050635399,0.154218616,0.008192124
,,0.085071582,0.007953425,0.126288624,-0.045799459,0.154151807,0.072794115
,,0.085041913,-0.10104515,0.126299208,-0.064145018,0.154081435,-0.038989856
,,0.085041854,-0.044161144,0.126315135,-0.031043743,0.154011044,-0.04460339
,,0.085059434,-0.033227682,0.126312898,-0.066397644,0.154040418,0.084865977
,,0.085058585,0.002256317,0.12630501,-0.167401999,0.154031347,0.082063509
,,0.085051083,0.071723619,0.126283526,-0.036947398,0.153984585,-0.144549057
,,0.085008001,-0.039319277,0.126241585,-0.307501131,0.153980893,-0.113401695
,,0.085008005,-0.172246792,0.126281894,-0.065240785,0.154005751,0.052198055
,,0.085053993,-0.002190968,0.126283463,0.031750378,0.153938492,0.089689364
,,0.08503584,0.000313647,0.126268864,-0.015473192,0.153929311,-0.050515275
,,0.085026651,-0.141462706,0.126271846,0.226467454,0.153900924,0.163160654
,,0.085074611,0.116300308,0.126266176,0.15078169,0.153810968,-0.146703022
,,0.085034759,-0.006514394,0.126227492,-0.030082609,0.15377523,-0.022026543
,,0.085036982,0.07946408,0.126224503,0.08880438,0.153749866,0.017426369
,,0.085087642,0.097010161,0.126223368,-0.020788832,0.153693693,0.097518329
,,0.085066369,0.128050717,0.126216301,0.055073131,0.153576649,-0.035286567
,,0.085071122,0.04747201,0.126183529,-0.000929993,0.153505926,0.07860826
,,0.0850465,0.078788311,0.126217241,-0.119390385,0.153435711,0.079546091
,,0.085080987,0.043523152,0.126177938,0.010770926,0.153312587,-0.137039217
,,0.085046406,0.021891249,0.126190573,-0.140657165,0.153221517,-0.082111755
,,0.085077018,-0.011655244,0.12620989,0.004962122,0.153149617,-0.113799421
,,0.085065726,-0.024496711,0.126213708,0.070987692,0.153073501,-0.05049845
,,0.085065042,0.006704542,0.126206698,-0.103851532,0.153001889,-0.025437905
,,0.085078433,0.189821711,0.126221331,0.014783875,0.152912396,0.052129968
,,0.085027125,-0.040738824,0.126226105,0.091178172,0.152861409,0.142662119
,,0.085067306,0.196751183,0.126207738,0.217136376,0.15275665,-0.151988007
,,0.085082396,0.063709702,0.126174111,0.023724406,0.152725583,-0.040188649
,,0.085060219,0.054279359,0.126191508,0.004574074,0.152696151,-0.007515308
,,0.085043491,-0.096272535,0.126159852,-0.031260244,0.15269286,0.013323123
,,0.085038532,-0.113225654,0.126166623,-0.159021856,0.152638533,0.080149944
,,0.0850412,0.012865755,0.126161437,-0.138002461,0.152604614,-0.125102998
,,0.085024761,-0.066649894,0.126180241,-0.15281128,0.15258488,0.044112538
,,0.085062105,0.154880775,0.126173853,-0.078665748,0.152566201,0.163939909
,,0.085050356,-0.080174575,0.12617534,0.01386854,0.152550774,-0.020442727
,,0.08507163,0.093302023,0.126155216,-0.063348613,0.152531298,-0.035987475
,,0.085062211,-0.019430873,0.126173754,-0.002050862,0.152507157,0.002504306
,,0.085045569,0.04396454,0.126148705,0.021785819,0.152489886,-0.023027437
,,0.085065326,0.08767129,0.126100113,-0.219606887,0.152446616,-0.017166724
,,0.085051559,-0.032653665,0.126111628,0.032045223,0.152414626,-0.093087755
,,0.085037056,-0.032835649,0.126068687,-0.024946758,0.152407614,0.026092574
,,0.085035581,0.003056016,0.126093788,0.057685215,0.152343615,-0.068321929
,,0.085055654,0.018364456,0.126102806,-0.091118168,0.152302083,-0.001170442
,,0.085015852,-0.154173508,0.126095244,0.077462927,0.15223827,-0.028155973
,,0.085016161,-0.0504617,0.126053792,-0.090279229,0.152203765,0.017420437
,,0.085009881,0.092813885,0.126090868,-0.050719985,0.152199317,0.060223302
,,0.08500281,-0.077053871,0.126073079,-0.002734309,0.152174785,0.106624375
,,0.085014993,0.167651587,0.1260716,-0.010228988,0.15211122,-0.160106855
,,0.085013488,-0.028173712,0.126062714,-0.174918181,0.152071459,-0.024883157
,,0.085005884,0.114978818,0.126072845,0.05487979,0.152050712,-0.025063517
,,0.085022759,0.124742562,0.126085279,0.065013707,0.152034027,0.136998665
,,0.084992427,0.004638195,0.126070902,-0.019521645,0.151942908,-0.107383131
,,0.084996924,0.006656966,0.126071807,0.025467483,0.151922454,-0.131778534
,,0.084998509,-0.04432589,0.126039597,0.039430055,0.151919134,0.089495527
,,0.08502092,-0.015846436,0.12603353,-0.007064519,0.151920828,-0.028760615
,,0.085011865,-0.09279487,0.126024637,-0.006677374,0.151884738,0.000827232
,,0.085027193,0.17221997,0.126012865,-0.092586506,0.151846333,-0.08386461
,,0.084989051,-0.182507893,0.126042196,0.009433665,0.151806678,-0.087325516
,,0.085023103,-0.047251117,0.126004948,-0.091575482,0.15178597,-0.087379356
,,0.085007075,-0.034171769,0.125983544,-0.05609398,0.151756202,0.060244665
,,0.085008468,-0.079215582,0.126013202,0.067890403,0.151738324,0.061157081
,,0.085031277,0.018741085,0.125989394,0.070269792,0.151719764,0.046267593
,,0.084993503,-0.071489566,0.125977249,-0.076930454,0.151773561,0.077123057
,,0.085070735,0.135016407,0.126001243,0.032794403,0.151744406,-0.035261573
,,0.085011968,0.020837832,0.126027288,0.072222399,0.151723317,-0.084614303
,,0.085015402,-0.013153305,0.125982324,-0.075625513,0.151707348,-0.154241602
,,0.085031207,-0.017467809,0.126003902,0.136146385,0.151677975,-0.07166048
,,0.085008108,0.083868571,0.125984126,-0.101389411,0.151666793,0.092333315
,,0.08498727,0.055087613,0.125989791,0.019480184,0.151656815,0.044731477
,,0.085004012,-0.075900614,0.12599062,0.067923559,0.151612538,-0.074167652
,,0.085002287,0.013191527,0.125987049,0.029384083,0.151584344,-0.029057919
,,0.084999143,0.054854143,0.125972227,0.010206097,0.15150846,-0.068510119
,,0.084998452,0.091025587,0.125964356,0.023121419,0.151492922,-0.084094128
,,0.084990941,0.07063739,0.125962568,0.037454944,0.151490162,0.055523837
,,0.085012643,0.061798719,0.125977576,0.160275829,0.151517199,0.004114666
,,0.08498783,-0.062062234,0.125949896,-0.062462857,0.151456129,0.01823158
,,0.085022513,0.017014874,0.125951397,-0.072998878,0.151419309,-0.159788715
,,0.084997159,0.019053339,0.125942827,-0.020193703,0.151404803,0.193162649
,,0.085010577,0.171091807,0.125923932,0.020371384,0.151371171,0.070286166
,,0.085003616,0.050922747,0.125950259,0.012476872,0.15139722,0.161274595
,,0.084982728,0.006924282,0.125971047,0.091857981,0.151330874,-0.07250133
,,0.084984241,0.042186472,0.125959049,-0.053249884,0.151322658,0.030026048
,,0.084970779,-0.089783969,0.12595368,-0.011600911,0.151328247,0.136211459
,,,,0.125935868,-0.073652146,0.151279984,-0.146690128
,,,,0.125920072,0.011404977,0.151269127,0.101568414
,,,,0.12590766,0.013001265,0.151260415,0.132166747
,,,,0.125919432,-0.050764367,0.151209635,-0.039379943
,,,,0.125913517,0.029632023,0.151201678,0.020973006
,,,,0.125916444,-0.056336033,0.15118213,-0.039627031
,,,,0.125898435,0.201157208,0.151152489,0.038557856
,,,,0.125888896,-0.009959346,0.151161946,0.075104983
,,,,0.12586795,0.04467581,0.151125589,-0.032539862
,,,,0.125883957,-0.079605326,0.151095028,0.025501269
,,,,0.125851337,-0.05462056,0.151070825,-0.020081441
,,,,0.12586897,0.093125795,0.151042499,-0.208605644
,,,,0.125868371,0.131076224,0.151030986,-0.048895203
,,,,0.125866689,0.085384659,0.151040964,0.015710578
,,,,0.125855272,-0.094203547,0.151011778,-0.005452856
,,,,0.125837106,0.152663851,0.151021083,0.001802302
,,,,0.125839663,0.034214995,0.151011343,0.01808267
,,,,0.125818114,0.223729433,0.15094697,-0.060000746
,,,,0.12581295,-0.019066332,0.150963948,0.033513128
,,,,0.125808521,-0.017640471,0.150937805,0.126679051
,,,,0.125797215,0.104072434,0.150924819,0.10395242
,,,,0.125781634,-0.123800033,0.150888871,-0.056082549
,,,,0.125807062,-0.024197391,0.150907451,0.123693636
,,,,0.125821586,0.051286275,0.150848758,-0.1935134
,,,,0.125824376,0.021047192,0.150852047,0.018309256
,,,,0.125805182,0.097220121,0.150812629,0.021583271
,,,,0.125817725,0.14869176,0.150827327,-0.070063566
,,,,0.1257798,-0.065118319,0.150832601,0.054976109
,,,,0.125779603,0.050250205,0.150810759,0.145889811
,,,,0.12578195,0.040396805,0.150783334,-0.130149884
,,,,0.125742609,-0.012426274,0.150786084,-0.000416391
,,,,0.125749601,0.08788612,0.150742604,-0.072373184
,,,,0.125750885,0.04753964,0.150756603,-0.038649271
,,,,0.125735451,-0.062267742,0.150738208,0.052492058
,,,,0.125719076,-0.073483734,0.15072808,-0.152345535
,,,,0.125722173,0.20380313,0.150724346,0.00961499
,,,,0.125737646,-0.082607446,0.150689605,-0.038458796
,,,,0.125734804,0.035606279,0.150663533,-0.115378553
,,,,0.125712194,-0.109438439,0.150700205,0.071355283
,,,,0.125764067,0.191003877,0.150661911,-0.010427976
,,,,0.125690982,0.02666037,0.150676979,0.012081421
,,,,0.125707336,0.063319958,0.150663709,0.039609585
,,,,0.125693301,-0.000178013,0.150657361,0.046961432
,,,,0.125696637,-0.030794443,0.150629647,-0.102977925
,,,,0.125696107,-0.11348781,0.150616753,0.041514881
,,,,0.125688805,-0.077077806,0.150582889,-0.058328156
,,,,0.125738491,-0.031937879,0.150573533,-0.007712992
,,,,0.125746115,0.106002823,0.150550466,-0.042287487
,,,,0.125722879,0.057788009,0.150559628,0.173349503
,,,,0.125709897,-0.038644033,0.150519077,0.01555307
,,,,0.125718452,-0.048125928,0.150503793,0.034420934
,,,,0.125703031,-0.058623078,0.150479978,0.080178218
,,,,0.125735271,0.087000175,0.15048107,-0.091830601
,,,,0.125716814,0.000744219,0.150436788,0.006013371
,,,,0.125717857,0.163800101,0.150455982,0.176928637
,,,,0.125700833,-0.093701721,0.150404561,-0.110250516
,,,,0.125723278,-0.009379522,0.15040201,-0.072605716
,,,,0.125716983,0.014303579,0.150394497,-0.042737042
,,,,0.125693118,-0.049419931,0.150387922,-0.121649752
,,,,0.12568454,-0.09790639,0.150359367,-0.030477713
,,,,0.125681831,-0.068247384,0.150333444,-0.057334045
,,,,0.125655056,-0.017352281,0.150343655,-0.050386828
,,,,0.125616463,-0.093533706,0.15035531,-0.068998968
,,,,0.125652248,0.056343794,0.150343222,-0.014783019
,,,,0.125625657,-0.003217136,0.150330489,0.046934224
,,,,0.125620415,0.087020264,0.150345129,-0.052837307
,,,,0.125640586,-0.017126674,0.150332984,0.096442019
,,,,0.125652388,0.101925361,0.15031377,-0.175437454
,,,,0.125622633,-0.135877905,0.15032896,-0.005123739
,,,,0.125636311,-0.051629712,0.150289678,-0.092240002
,,,,0.125639905,-0.075374246,0.150343576,-0.008425794
,,,,0.125636039,-0.096441495,0.150306734,0.127352799
,,,,0.125649363,0.053389812,0.150293232,-0.066833618
,,,,0.125607578,-0.147915965,0.150287281,0.019700371
,,,,0.125629881,0.042310008,0.150264745,-0.178726621
,,,,0.12562178,-0.120289459,0.150270583,0.093905844
,,,,0.125604286,-0.083512849,0.150260583,0.080205947
,,,,0.125653891,0.212319677,0.150282782,0.084467827
,,,,0.12563476,-0.028951725,0.150251664,-0.131056423
,,,,0.125633568,-0.004463822,0.150252277,0.019786249
,,,,0.12560677,-0.151006381,0.150264425,0.131686559
,,,,0.125614241,-0.005181382,0.150252312,-0.024091499
,,,,0.125638291,0.15785722,0.150205677,-0.030453872
,,,,0.125611115,-0.031530064,0.150214375,0.086849194
,,,,0.125659257,0.080556926,0.150201857,-0.054244626
,,,,0.125656327,0.020691873,0.150179703,-0.119835623
,,,,0.125639227,0.033169402,0.150202977,0.009606558
,,,,0.125632686,0.056687319,0.150181944,-0.174636191
,,,,0.125631589,-0.012894665,0.150174593,-0.027486603
,,,,0.125635166,-0.091788686,0.150164155,-0.016264685
,,,,0.125621636,-0.047303488,0.150138027,-0.09287879
,,,,0.125585066,-0.03871214,0.150110824,-0.143568661
,,,,0.125577801,0.011808084,0.150110931,-0.075350093
,,,,0.12555123,-0.168078078,0.150089266,-0.089373482
,,,,0.12555722,0.023672673,0.150102228,-0.095545543
,,,,0.125574878,-0.104367009,0.150063638,-0.122513831
,,,,0.125574976,-0.073948933,0.150041174,0.049873559
,,,,0.125590192,-0.029807535,0.150078539,-0.0286205
,,,,0.125596178,0.153203107,0.150101493,0.033670878
,,,,0.125559732,-0.000891546,0.150068445,-0.159426987
,,,,0.125550738,-0.025665191,0.150082194,0.076933337
,,,,0.125565876,0.093020501,0.150098732,0.03143013
,,,,0.125578443,0.037266805,0.150067508,-0.010803016
,,,,0.125555636,-0.183803794,0.150030167,-0.027242691
,,,,0.125556135,0.043792485,0.150002803,-0.026506429
,,,,0.125573957,-0.04760034,0.149979258,-0.064868614
,,,,0.125565614,-0.032935188,0.149948749,0.075248527
,,,,0.125577111,-0.088672787,0.149968962,-0.047310909
,,,,0.12556222,-0.042095718,0.14997039,0.055992141
,,,,0.125579287,-0.051766405,0.149955333,-0.021210253
,,,,0.125574616,0.091674363,0.14991942,-0.025637395
,,,,0.125576175,0.053831735,0.149909107,-0.050964272
,,,,0.125589036,0.117771959,0.149890482,-0.159759137
,,,,0.125567464,-0.093164859,0.149913879,0.165150104
,,,,0.125603131,-0.021066614,0.149906873,0.02238462
,,,,0.125579031,-0.116684395,0.149877042,-0.005433515
,,,,0.125553732,-0.006161402,0.149885716,0.018895838
,,,,0.125543217,0.105665464,0.149859041,-0.059045354
,,,,0.125556464,0.169000887,0.149879278,-0.118330287
,,,,0.125563147,0.073949664,0.149870687,-0.008373642
,,,,0.125528185,-0.057460226,0.149875853,-0.019059777
,,,,0.125502676,-0.137282475,0.149852326,-0.033375245
,,,,0.125519406,-0.041679763,0.149829092,0.072356906
,,,,0.12550929,0.033589144,0.149791164,-0.156323995
,,,,0.125502894,-0.100317635,0.149794541,-0.129358787
,,,,0.125491755,-0.094495123,0.149787523,-0.054631833
,,,,0.125500057,-0.042545932,0.149785755,-0.198967559
,,,,0.125472784,-0.185556376,0.149814938,0.00776241
,,,,0.12551337,0.040866559,0.14983268,-0.004523975
,,,,0.125542164,0.01683378,0.149804523,-0.09895719
,,,,0.125487135,-0.054104749,0.149792707,-0.052591171
,,,,0.125486617,-0.0548598,0.149849076,0.267373594
,,,,0.12547621,-0.035442356,0.14980822,0.048598936
,,,,0.125506929,0.048549002,0.14979339,0.042716533
,,,,0.125458872,-0.023255071,0.149800069,-0.111100901
,,,,0.125465126,0.055828808,0.14975437,-0.007661088
,,,,0.125508053,0.046568411,0.149771042,0.0372165
,,,,0.125479212,0.071769914,0.149734875,-0.017129172
,,,,0.125490045,0.100166069,0.149754742,0.089605219
,,,,0.125449579,0.055356697,0.149736356,-0.165216898
,,,,0.125444942,-0.090828301,0.149770828,0.2051164
,,,,0.125414485,0.02882549,0.149768906,0.123356709
,,,,0.125418034,0.033516389,0.149735805,-0.133955458
,,,,0.125460481,0.010439306,0.14972401,0.01762965
,,,,0.125411705,-0.013382039,0.149694538,-0.084521208
,,,,0.125417058,0.099989826,0.149704138,-0.073320052
,,,,0.125398351,0.018330428,0.149695092,-0.065886844
,,,,0.125412159,0.125413991,0.149698488,-0.114072706
,,,,0.125416564,0.072044354,0.149684197,-0.007584373
,,,,0.125398534,0.036109204,0.149709996,0.083295926
,,,,0.125405735,-0.034020636,0.149708207,0.158720105
,,,,0.125379274,-0.016311263,0.149694736,-0.002168582
,,,,0.125386563,-0.124461351,0.149712488,0.018326689
,,,,0.125414077,0.094450277,0.149711428,0.012524268
,,,,0.125420535,0.244525273,0.149686385,-0.0782702
,,,,0.12536605,-0.109024391,0.149649175,-0.009447984
,,,,0.125368906,-0.038300518,0.149630892,-0.138327155
,,,,0.125392383,0.042372733,0.149694716,1.19E-01
,,,,0.125403548,0.061594614,0.149681998,0.070079587
,,,,0.125407246,-0.113309413,0.149659967,-0.00336138
,,,,0.125397656,-0.170366048,0.149627942,-0.107572269
,,,,0.125410173,0.164359814,0.149667807,0.033729947
,,,,0.125375763,0.153795945,0.149622252,0.057011718
,,,,0.125382625,0.011418356,0.149609906,-0.018328718
,,,,0.125365562,-0.055906977,0.149664604,0.124115945
,,,,0.125359095,-0.081058821,0.149617695,-0.092621088
,,,,0.125356636,-0.1241398,0.14962364,0.033161105
,,,,0.125365337,0.052719321,0.149614882,0.002053828
,,,,0.125361622,0.035282032,0.14960666,0.017546269
,,,,0.125323772,-0.007445931,0.149584914,-0.063434417
,,,,0.125297725,-0.10199825,0.149621142,0.122515656
,,,,0.12532152,0.038928022,0.149581732,-0.043629976
,,,,0.125311177,0.051432107,0.149545305,-0.054678435
,,,,0.125345497,0.20365966,0.14956563,0.127293858
,,,,0.12531619,0.025175833,0.149536678,-0.070830893
,,,,0.125289622,0.018046824,0.149534347,0.038278199
,,,,0.125288397,-0.003343348,0.149536937,0.028794477
,,,,0.12528641,-0.106437377,0.149534886,0.069957605
,,,,0.125311477,-0.011295217,0.149562202,0.113624315
,,,,0.125285784,-0.076891093,0.149562423,0.040462463
,,,,0.125267725,0.016187569,0.149575136,0.060883392
,,,,0.125286217,-0.049916171,0.14957285,0.039088389
,,,,0.125293163,-0.023208172,0.149549777,-0.040246235
,,,,0.125299028,0.164973102,0.149548478,-0.034795521
,,,,0.125281081,0.175989233,0.149534427,0.069744206
,,,,0.125251767,-0.062177787,0.149537372,-0.064629085
,,,,0.125270371,-0.141390216,0.14953802,0.019362572
,,,,0.125267566,-0.050199331,0.149538078,-0.051316169
,,,,0.125274246,-0.079146738,0.149538428,0.021500595
,,,,0.125271051,0.022981988,0.149495858,-0.116203044
,,,,0.125306591,0.093290339,0.149534406,-0.013844214
,,,,0.125279004,0.007561842,0.149520177,-0.036726073
,,,,0.125233382,-0.078732674,0.149521427,0.059979855
,,,,0.125255505,0.089021724,0.149524549,0.010665349
,,,,0.125239504,0.037212318,0.149502153,0.056871757
,,,,0.125210816,-0.101491473,0.149453231,-0.08579149
,,,,0.125232603,-0.007139723,0.149460432,0.049659085
,,,,0.125252613,0.166327089,0.149450294,-0.078108788
,,,,0.125228307,0.053810563,0.14942536,-0.068714494
,,,,0.125264301,0.083475251,0.149443104,-0.11975848
,,,,0.125246693,0.155602358,0.149464055,0.072708579
,,,,0.125224918,-0.035231851,0.149436548,0.04211511
,,,,0.125233658,-0.008174332,0.149419245,0.001185584
,,,,0.125227877,-0.050316525,0.149399551,-0.114074786
,,,,0.125238475,0.105762019,0.149377705,-0.233105581
,,,,0.125232056,-0.056616523,0.149424317,0.164721594
,,,,0.125257399,-0.017883307,0.14940257,0.13994291
,,,,0.125205289,-0.055946797,0.149381486,-0.043303641
,,,,0.125236439,-0.008790957,0.149400132,-0.089699219
,,,,0.12521375,-0.029272979,0.149416344,0.022427738
,,,,0.125218167,0.029368098,0.149392898,-0.080787027
,,,,0.125213128,-0.014791734,0.149396909,-0.002268537
,,,,0.125233141,0.177327102,0.149418691,0.058557091
,,,,0.125198727,0.144353043,0.149390753,0.054057459
,,,,0.125209923,-0.107560151,0.149405736,-0.016490226
,,,,0.125218709,-0.040453492,0.149408255,-0.061066194
,,,,0.125227626,0.047751336,0.149391498,0.084854661
,,,,0.12519283,-0.107399585,0.149350134,0.052407053
,,,,0.125183715,0.030641883,0.149398573,-0.041220075
,,,,0.125192293,0.026067901,0.149388746,0.029440259
,,,,0.125198336,-0.002648911,0.149373805,-0.105524536
,,,,0.125210441,-0.011403399,0.149405424,0.091309678
,,,,0.125184936,0.067076189,0.149425471,-0.102850277
,,,,0.125193827,0.10871033,0.14940032,0.005597636
,,,,0.125188221,0.078932339,0.14940269,0.08242817
,,,,0.125138987,-0.192893051,0.149344955,-0.086339609
,,,,0.125162364,-0.0099241,0.149345934,-0.131675478
,,,,0.12516763,0.099098118,0.149358092,-0.049170634
,,,,0.125148606,-0.045691799,0.14934368,0.070930926
,,,,0.125163668,0.000901784,0.14934642,-0.042847312
,,,,0.125143599,-0.06394696,0.149317223,-0.173595649
,,,,0.125175172,-0.045368913,0.149316171,0.12983675
,,,,0.125144558,-0.217704399,0.149297652,-0.082062582
,,,,0.125168579,0.085308167,0.149319496,0.078170172
,,,,0.125147054,0.102367654,0.149302054,0.090583899
,,,,0.125142039,-0.054782502,0.149310954,-0.001449255
,,,,0.125153272,-0.022307921,0.149314257,-0.132955897
,,,,0.125148273,0.027856933,0.149263987,0.014937983
,,,,0.125160093,-0.075184293,0.1492842,0.192660977
,,,,0.12519603,0.022088834,0.14930473,0.028240957
,,,,0.125147823,-0.113286964,0.149289175,0.065726016
,,,,0.12517414,0.097493485,0.149299516,0.137476448
,,,,0.125139066,0.010691681,0.149301069,0.048661855
,,,,0.125138535,-0.013726125,0.14930251,-0.105484242
,,,,0.125160051,-0.079386625,0.149284298,0.013029641
,,,,0.125133848,0.053587614,0.149260747,-0.088366657
,,,,0.125135013,0.009830345,0.149260768,-0.173501399
,,,,0.125128436,0.091640505,0.149277941,0.091984636
,,,,0.125133573,0.060004482,0.149281211,0.047249781
,,,,0.12512496,0.060610425,0.14929644,0.040629337
,,,,0.125138321,0.020788688,0.14925074,-0.185958064
,,,,0.12511573,-0.096851861,0.149254052,-0.031236908
,,,,0.125132018,-0.087193007,0.149220786,0.002909223
,,,,0.125119845,0.108729546,0.14923015,0.010278872
,,,,0.125130346,-0.087997187,0.149251433,0.099740119
,,,,0.125168717,0.19996688,0.149240993,0.039062649
,,,,0.125154472,0.127585164,0.149241604,-0.009422279
,,,,0.125160165,0.09228837,0.149209758,0.069360134
,,,,0.125112505,-0.045576113,0.149181497,-0.039508222
,,,,0.12511911,0.029763019,0.149186269,0.022183743
,,,,0.12513874,0.061125129,0.149188024,-0.001028717
,,,,0.125098978,-0.101817603,0.149191857,-0.061383999
,,,,0.12514413,0.028716326,0.14915138,-0.083906766
,,,,0.125109691,-0.015901751,0.149149889,0.05146191
,,,,0.125114001,0.096218117,0.149146296,0.058160673
,,,,0.125137731,0.09843037,0.149161645,0.022449801
,,,,0.125097938,0.078834657,0.149181176,0.189546727
,,,,0.125096,-0.053478967,0.149166175,0.112878693
,,,,0.125117069,0.042971144,0.149153123,-0.057552849
,,,,0.125082359,-0.146535142,0.149158749,0.002680128
,,,,0.125123361,0.149303111,0.149138653,-0.062013836
,,,,0.12508653,0.041666138,0.149134657,-0.042304553
,,,,0.125043836,-0.074932823,0.149148922,-0.008463001
,,,,0.125104352,0.054267393,0.149136644,-0.060665955
,,,,0.125095785,-0.017467877,0.149146044,0.106702698
,,,,0.125077104,-0.039047003,0.149117841,-0.034945538
,,,,0.125070048,0.009167108,0.149117026,-0.014237069
,,,,0.125069916,0.000598988,0.149161063,0.157595235
,,,,0.125072006,0.071816362,0.149104764,-0.015608462
,,,,0.125116236,0.134598894,0.149109911,-0.022201146
,,,,0.125081578,-0.125160637,0.149107326,0.016558741
,,,,0.125086261,-0.075708358,0.149060628,-0.218661858
,,,,0.125053907,0.08342071,0.149100713,-0.029138036
,,,,0.1250683,-0.121240781,0.149080887,0.067775202
,,,,0.125075281,0.047543898,0.149081084,0.06690847
,,,,0.125105211,0.095901147,0.149053387,-0.098501191
,,,,0.125072911,-0.075509506,0.149048517,0.102031264
,,,,0.125050181,-0.129742393,0.14902226,-0.285332836
,,,,0.125094724,0.139864946,0.149037984,-0.023522116
,,,,0.125050883,-0.019949147,0.149042629,0.002303537
,,,,0.125060364,0.028867376,0.149008703,-0.080037521
,,,,0.12502328,0.019735819,0.149002271,-0.053803642
,,,,0.125009756,-0.035726882,0.149015342,0.031281878
,,,,0.125033863,0.005941274,0.149005207,0.00507624
,,,,0.125039618,0.065161825,0.149012215,0.062189907
,,,,0.12505805,-0.062521601,0.148993418,-0.013556505
,,,,0.125010582,-0.013927578,0.148991494,-0.031903693
,,,,0.125029625,-0.087053767,0.148975125,-0.066832218
,,,,0.125030216,0.068467004,0.14900307,-0.003570636
,,,,0.125018487,0.005763097,0.149017219,-0.040303911
,,,,0.125002165,-0.056433395,0.149001808,-0.084028379
,,,,0.125006624,0.108446241,0.14900737,0.079128084
,,,,0.124991791,-0.020453927,0.149020924,0.080016813
,,,,0.125017946,-0.008710201,0.148954873,-0.081852515
,,,,0.125018723,-0.010669125,0.148995436,-0.000260933
,,,,0.125010334,-0.160941355,0.148991783,-0.083399562
,,,,0.124979474,0.056824729,0.148997639,-0.080876759
,,,,0.124997663,0.009372218,0.148980744,0.070696873
,,,,0.124998425,-0.058650695,0.148971049,0.11630664
,,,,0.124979711,0.056347804,0.14897048,-0.079158106
,,,,0.125006999,0.113613688,0.14895844,-0.050987485
,,,,0.124978431,-0.069547556,0.148936581,-0.055263917
,,,,0.124975273,-0.010241052,0.148946207,-0.011069413
,,,,0.124991192,-0.025216312,0.1489577,0.185561944
,,,,0.124973647,-0.13150739,0.148948572,0.014403033
,,,,0.124992715,0.080611966,0.148927124,-0.017532799
,,,,0.12500185,0.149878928,0.148960026,0.141464412
,,,,0.124969143,-0.110125189,0.148972014,-0.020939682
,,,,0.124992489,0.090316283,0.148927309,-0.038100893
,,,,0.124981296,0.064192545,0.148928392,-0.00029876
,,,,0.124976887,0.05260943,0.148939513,0.027573646
,,,,0.125002756,0.138839976,0.14893976,0.105308222
,,,,0.125009799,-0.006286893,0.148927582,0.020504611
,,,,0.124986168,0.044563341,0.148914632,0.114813231
,,,,0.124994636,0.008539475,0.148911409,0.012611227
,,,,0.124960267,-0.084997949,0.148907213,0.004049055
,,,,0.124930208,-0.123486659,0.148888423,-0.196764566
,,,,0.124938852,-0.077380184,0.148923684,0.106063577
,,,,0.124953909,-0.018606596,0.148907368,-0.034906818
,,,,0.124976688,0.102206162,0.148890098,-0.041197817
,,,,0.124976845,0.006814634,0.148899298,0.010950488
,,,,0.124996003,-0.020914016,0.148904247,0.089843322
,,,,0.125013396,0.053541494,0.148870329,0.140378968
,,,,0.124976723,0.012344485,0.148855494,0.073062145
,,,,0.125029988,-0.065854197,0.148832108,-0.091054822
,,,,0.12499369,0.027440661,0.14886446,-0.029057399
,,,,0.124950384,-0.10311976,0.14886033,-0.089246893
,,,,0.12497979,0.173228047,0.148883903,-0.038684485
,,,,0.124978066,-0.162402628,0.148861556,-0.025878383
,,,,0.124934577,-0.081529152,0.148838706,0.01502674
,,,,0.124957237,-0.097707858,0.148848638,-0.006650213
,,,,0.124959994,-0.067584365,0.14883215,-0.094782923
,,,,0.12494081,-0.042730315,0.148834253,-0.048472516
,,,,0.124937187,-0.058770488,0.148861007,0.17999181
,,,,0.124951111,0.141702329,0.148842071,-0.056906858
,,,,0.124958695,0.10719062,0.148836334,-0.049564103
,,,,0.124950375,-0.069276035,0.14886272,0.035400454
,,,,0.124929369,0.070868565,0.148840525,-0.092828039
,,,,0.124932278,-0.078688328,0.148834634,-0.052256939
,,,,0.124939864,-0.037148227,0.14884135,0.014763691
,,,,0.124936141,-0.042528914,0.148855596,0.141918161
,,,,0.124939142,0.07006469,0.148817828,-0.005162564
,,,,0.124936331,0.058621554,0.148847314,0.009163261
,,,,0.124914695,-0.01770747,0.14883494,0.006805854
,,,,0.12490567,-0.001157223,0.148805775,-0.059917926
,,,,0.124874646,-0.059136871,0.148845635,0.034169823
,,,,0.124921186,0.081815477,0.148807326,0.009510544
,,,,0.124921962,0.030665024,0.148809821,-0.029048546
,,,,0.124934275,-0.106895017,0.148793061,-0.005898927
,,,,0.124920594,0.052792537,0.148746068,-0.093131813
,,,,0.124881917,0.078561312,0.14877987,-0.080509091
,,,,0.124885987,-0.080722121,0.148756365,0.05460025
,,,,0.124930241,0.091579776,0.148748627,0.028475005
,,,,0.124894587,-0.075365484,0.148763623,0.124572253
,,,,0.124934089,0.121507355,0.148742539,0.111419807
,,,,0.124943444,-0.010833583,0.148717211,-0.050209685
,,,,0.124929325,-0.006004569,0.148701041,0.006306752
,,,,0.12494365,0.151596618,0.14869047,0.03675307
,,,,0.124924228,-0.056847666,0.148681176,0.017173675
,,,,0.124933042,0.034025067,0.1486936,-0.028368341
,,,,0.124908131,-0.194690432,0.148696049,0.087232515
,,,,0.124936089,0.066543811,0.148697899,0.089184612
,,,,0.124941747,0.141383574,0.14871145,0.017365062
,,,,0.124926725,0.005370643,0.148679082,0.176942431
,,,,0.124900701,-0.055231265,0.148660913,-0.175519437
,,,,0.124895787,0.074204218,0.148696793,0.10769613
,,,,0.124903024,-0.134294006,0.148690455,0.006776209
,,,,0.124900904,0.016121722,0.148689201,-0.071837526
,,,,0.124907234,0.114735432,0.14867674,-0.055546919
,,,,0.124894093,-0.073330862,0.148687324,-0.021010061
,,,,0.124901016,0.0857868,0.148680411,0.082876993
,,,,0.124906495,-0.021353576,0.148673225,0.087562918
,,,,0.124899639,0.010661107,0.148664531,-0.025681319
,,,,0.124879108,0.018595272,0.148673392,-0.011320195
,,,,0.124870163,-0.007161601,0.148676055,0.102998868
,,,,0.124888351,-0.040606634,0.148638385,0.096958995
,,,,0.12491514,-0.012974715,0.148620945,0.058690069
,,,,0.124899551,0.008069056,0.148602056,-0.097484959
,,,,0.124918342,0.129392376,0.148594876,-0.057136025
,,,,0.124916921,-0.00599511,0.148612553,0.07256552
,,,,0.124879987,0.00877389,0.148640474,0.116813571
,,,,0.124934041,0.117951532,0.148606071,0.045973175
,,,,0.124930518,0.035287609,0.148570811,-0.065790798
,,,,0.124904566,0.039052983,0.148577389,0.013906961
,,,,0.124897519,-0.035759742,0.148577844,-0.004792497
,,,,0.124907827,0.13048801,0.148555968,-0.075311338
,,,,0.124878412,0.031134762,0.148551924,-0.039149626
,,,,0.124862799,-0.116937152,0.148547018,0.041314051
,,,,0.124877872,0.012401822,0.148533106,-0.132906692
,,,,0.124860805,-0.069519138,0.148532621,0.023724886
,,,,0.124872457,0.125136781,0.148557776,0.008068729
,,,,0.12486619,0.073144146,0.148537299,-0.113959444
,,,,0.124861961,0.028109747,0.148556558,-0.019120522
,,,,0.124849907,-0.036809341,0.14859382,-0.009353741
,,,,0.124855551,0.056276827,0.148582954,0.018115417
,,,,0.124849851,0.126166147,0.148569233,0.068302412
,,,,0.12483752,0.054012999,0.148531871,-0.144778196
,,,,0.12487347,0.086163094,0.148538218,0.008523251
,,,,0.124849704,0.009607289,0.148471867,-0.221473782
,,,,0.124858555,0.033202515,0.148510635,-0.115611824
,,,,0.124834725,-0.023696332,0.148507535,-0.1395797
,,,,0.124865208,0.00492955,0.148461894,-0.087225778
,,,,0.124877584,0.067397993,0.148478225,-0.003809974
,,,,0.12491095,-0.039818929,0.148469435,0.00829374
,,,,0.124903825,0.002435375,0.148527041,0.111741019
,,,,0.124867053,-0.044925643,0.148487102,-0.065631114
,,,,0.124899034,-0.046132938,0.148486367,0.029541914
,,,,0.124898242,-0.056020921,0.148472429,-0.083960278
,,,,,,0.148464281,-0.044463149
,,,,,,0.148455632,0.072157069
,,,,,,0.148408264,-0.201369003
,,,,,,0.148460829,0.000254645
,,,,,,0.148467305,-0.068084066
,,,,,,0.148465216,0.061823374
,,,,,,0.148428737,-0.060514801
,,,,,,0.148451611,-0.033339281
,,,,,,0.148480346,0.069736346
,,,,,,0.148434054,-0.081434612
,,,,,,0.148438607,0.117365346
,,,,,,0.148444927,-0.062191565
,,,,,,0.148457729,0.117407879
,,,,,,0.14843101,0.142017462
,,,,,,0.148423198,-0.010254068
,,,,,,0.148426419,-0.024386345
,,,,,,0.148402171,-0.027829484
,,,,,,0.148403147,-0.020918644
,,,,,,0.148409824,0.147327373
,,,,,,0.148367927,-0.102251139
,,,,,,0.148367026,0.097956584
,,,,,,0.148388867,0.085018619
,,,,,,0.14837679,-0.004134891
,,,,,,0.148359112,0.054340878
,,,,,,0.148358676,0.03409822
,,,,,,0.148313657,-0.066166501
,,,,,,0.148353864,-0.057414493
,,,,,,0.148338861,-0.112691514
,,,,,,0.148355932,0.157892576
,,,,,,0.148352346,-0.063809445
,,,,,,0.1483761,0.189709748
,,,,,,0.148357052,-0.036422958
,,,,,,0.148390443,0.187629499
,,,,,,0.148379387,-0.076632075
,,,,,,0.148418653,0.178977263
,,,,,,0.148399662,0.06881089
,,,,,,0.148364386,-0.143970342
,,,,,,0.148377785,-0.012341264
,,,,,,0.148375344,-0.011535748
,,,,,,0.148363756,0.088292624
,,,,,,0.148369602,0.099818209
,,,,,,0.148343752,0.046151959
,,,,,,0.14831922,-0.090991581
,,,,,,0.148304773,-0.065534263
,,,,,,0.148361495,0.140454631
,,,,,,0.148325521,-0.02192312
,,,,,,0.148312666,-0.05535426
,,,,,,0.14832304,0.133339799
,,,,,,0.148269792,-0.067915987
,,,,,,0.148280794,-0.027181089
,,,,,,0.148290612,-0.025970601
,,,,,,0.148259229,-0.045156976
,,,,,,0.148265926,-0.067050307
,,,,,,0.148284315,-0.026195634
,,,,,,0.148333143,0.099822187
,,,,,,0.148313377,0.013019454
,,,,,,0.14829148,0.000604603
,,,,,,0.148290267,0.00392145
,,,,,,0.148277022,-0.028612282
,,,,,,0.148295206,-0.037863072
,,,,,,0.14830879,0.062995349
,,,,,,0.148305716,0.042388553
,,,,,,0.148276169,0.001689419
,,,,,,0.148276353,-0.035737896
,,,,,,0.148283207,0.073555444
,,,,,,0.148237554,0.03071782
,,,,,,0.148229618,-0.078871715
,,,,,,0.148264115,0.032440446
,,,,,,0.148268385,0.065243349
,,,,,,0.148279077,0.197268476
,,,,,,0.148216888,-0.080355775
,,,,,,0.148205802,-0.031640028
,,,,,,0.148208609,0.08226756
,,,,,,0.148216139,0.041465383
,,,,,,0.148205927,0.154255505
,,,,,,0.148180907,-0.0073606
,,,,,,0.14818754,-0.029263685
,,,,,,0.148187663,0.037405866
,,,,,,0.148191421,0.104748801
,,,,,,0.148171081,-0.042328455
,,,,,,0.148178014,0.030848821
,,,,,,0.148191567,0.11859741
,,,,,,0.148191109,-0.009927428
,,,,,,0.14818314,0.112464065
,,,,,,0.148177499,0.118383292
,,,,,,0.148199716,0.077499615
,,,,,,0.148202608,-0.00463702
,,,,,,0.148201417,0.090147121
,,,,,,0.148211277,-0.038249619
,,,,,,0.148195718,0.078769893
,,,,,,0.148200963,-0.006296823
,,,,,,0.148174781,0.010897394
,,,,,,0.148180212,0.015213568
,,,,,,0.148167571,0.084816117
,,,,,,0.148172994,0.03601913
,,,,,,0.148131776,0.06863558
,,,,,,0.148135169,0.084233311
,,,,,,0.148120099,-0.007989
,,,,,,0.148116356,-0.061207374
,,,,,,0.148097492,0.083031393
,,,,,,0.148076533,-0.071080478
,,,,,,0.148076956,0.068109937
,,,,,,0.148019152,-0.107794965
,,,,,,0.148079415,0.126373381
,,,,,,0.148042545,0.065404412
,,,,,,0.148056323,-0.070602492
,,,,,,0.148046785,0.023671172
,,,,,,0.148024301,-0.020247555
,,,,,,0.148043451,0.139975309
,,,,,,0.148049125,0.036219974
,,,,,,0.148030211,0.120626376
,,,,,,0.148037867,0.024931508
,,,,,,0.148032277,-0.143933838
,,,,,,0.148054984,0.050688812
,,,,,,0.148073563,0.014474519
,,,,,,0.148028811,-0.108924094
,,,,,,0.148031996,-0.181858476
,,,,,,0.148058406,0.032738141
,,,,,,0.148030345,-0.022406821
,,,,,,0.148051258,-0.000155427
,,,,,,0.148026957,0.117054733
,,,,,,0.148025269,-0.029747886
,,,,,,0.148035942,0.08975076
,,,,,,0.148021557,-0.006190944
,,,,,,0.148026324,-0.160240595
,,,,,,0.148029457,-0.002723257
,,,,,,0.148000872,0.114474183
,,,,,,0.147967011,-0.050292041
,,,,,,0.147966304,-0.03925154
,,,,,,0.147952575,-0.07890823
,,,,,,0.147984228,0.113814908
,,,,,,0.147932019,-0.135303187
,,,,,,0.147959394,-0.034426963
,,,,,,0.147975066,-0.034258505
,,,,,,0.147971546,-0.178848857
,,,,,,0.147951094,-0.030454654
,,,,,,0.14799731,-0.010122416
,,,,,,0.147978786,-0.023459892
,,,,,,0.14795403,-0.222100519
,,,,,,0.147953072,-0.090187234
,,,,,,0.147991959,0.117594639
,,,,,,0.147958155,-0.079274024
,,,,,,0.147962195,-0.046062548
,,,,,,0.147979521,0.096297875
,,,,,,0.147940978,-0.015901066
,,,,,,0.147948295,-0.06785034
,,,,,,0.14797081,0.054755271
,,,,,,0.147972178,0.036805416
,,,,,,0.147942186,-0.130287026
,,,,,,0.147953131,0.125178599
,,,,,,0.147926646,-0.224713326
,,,,,,0.147961697,-0.163963676
,,,,,,0.147971671,0.020187537
,,,,,,0.147974373,0.179064939
,,,,,,0.147981418,-0.004661133
,,,,,,0.147944797,-0.066464636
,,,,,,0.147938445,-0.037848552
,,,,,,0.147922563,-0.042939008
,,,,,,0.147928465,-0.050692145
,,,,,,0.147946998,-0.001056457
,,,,,,0.147896976,-0.087735946
,,,,,,0.147914138,0.016551402
,,,,,,0.147923715,0.009552393
,,,,,,0.147912146,-0.121506903
,,,,,,0.147932818,-0.053787557
,,,,,,0.14794863,0.062059981
,,,,,,0.147928551,0.085439552
,,,,,,0.147904012,0.024447014
,,,,,,0.147928312,-0.140155307
,,,,,,0.147904417,-0.069268714
,,,,,,0.147947957,0.217854201
,,,,,,0.147924078,0.147631987
,,,,,,0.147918712,-0.099376462
,,,,,,0.147928583,0.041432529
,,,,,,0.147928522,0.157065957
,,,,,,0.147881344,-0.09933958
,,,,,,0.147896168,0.065116788
,,,,,,0.147906611,0.01351299
,,,,,,0.147876446,0.038651901
,,,,,,0.147887521,0.093684574
,,,,,,0.147887326,0.055701478
,,,,,,0.147871066,0.009515506
,,,,,,0.147855379,-0.046963663
,,,,,,0.147851216,0.029376653
,,,,,,0.147845417,-0.11561116
,,,,,,0.147858928,0.085874663
,,,,,,0.147837442,-0.02109212
,,,,,,0.147821194,-0.096361684
,,,,,,0.147852144,0.08923281
,,,,,,0.147800547,-0.029436248
,,,,,,0.147785641,-0.073201807
,,,,,,0.147840635,0.110838268
,,,,,,0.147796362,-0.118586032
,,,,,,0.147827814,-0.013005175
,,,,,,0.147807472,-0.070024033
,,,,,,0.147828733,0.021148171
,,,,,,0.147821714,-0.063386348
,,,,,,0.147854827,0.17144378
,,,,,,0.147843124,-0.021030927
,,,,,,0.147835568,0.081915249
,,,,,,0.147860821,0.033769279
,,,,,,0.147876156,0.206790806
,,,,,,0.147849769,0.027474805
,,,,,,0.147866116,-0.044586462
,,,,,,0.147825277,-0.103112529
,,,,,,0.147846522,-0.01522787
,,,,,,0.147815587,-0.117762384
,,,,,,0.147833787,0.113964292
,,,,,,0.147827313,0.085090006
,,,,,,0.147833377,0.014903133
,,,,,,0.147800883,-0.086011436
,,,,,,0.147822248,0.034363232
,,,,,,0.147797728,0.021805916
,,,,,,0.147830759,-0.068817092
,,,,,,0.147850374,0.101749246
,,,,,,0.14779815,-0.026699347
,,,,,,0.147820022,0.063853135
,,,,,,0.147817398,-0.065739553
,,,,,,0.147814391,-0.034727353
,,,,,,0.147838892,0.134357404
,,,,,,0.147813569,-0.031038339
,,,,,,0.147827088,-0.071240941
,,,,,,0.147809056,0.101775616
,,,,,,0.147810621,0.026510059
,,,,,,0.147791224,-0.077166493
,,,,,,0.147763249,-0.097815238
,,,,,,0.147793409,0.067598678
,,,,,,0.147794333,0.104779153
,,,,,,0.147782074,-0.063488338
,,,,,,0.147790712,-0.094516154
,,,,,,0.14781728,0.079431074
,,,,,,0.147794809,-0.020520194
,,,,,,0.147789723,0.018941881
,,,,,,0.147778065,-0.07022197
,,,,,,0.147783933,-0.033936934
,,,,,,0.14777784,0.011222611
,,,,,,0.147797246,0.108370074
,,,,,,0.147740634,-0.098654248
,,,,,,0.147780494,0.034752718
,,,,,,0.147781486,0.050664405
,,,,,,0.147744511,-0.138986191
,,,,,,0.147755505,-0.111162261
,,,,,,0.14775196,0.039324146
,,,,,,0.14774257,-0.061421669
,,,,,,0.147762288,0.07506382
,,,,,,0.147770151,0.06338181
,,,,,,0.147744212,-0.013811246
,,,,,,0.147787296,-0.008155496
,,,,,,0.147782684,0.140555511
,,,,,,0.147771642,0.131351424
,,,,,,0.147778102,0.169297829
,,,,,,0.147777472,0.024902312
,,,,,,0.147766927,0.003619743
,,,,,,0.147797634,0.091229106
,,,,,,0.147797999,0.066242986
,,,,,,0.147768372,-0.045109955
,,,,,,0.147770198,0.153279252
,,,,,,0.147772457,-0.075955203
,,,,,,0.14777988,-0.070556184
,,,,,,0.147778324,-0.076979969
,,,,,,0.147792546,-0.144351271
,,,,,,0.147799262,-0.018932474
,,,,,,0.147779045,0.046318077
,,,,,,0.14777893,0.137186642
,,,,,,0.147740794,-0.051060113
,,,,,,0.147787542,0.177789302
,,,,,,0.147759262,-0.079681321
,,,,,,0.14772548,-0.013904092
,,,,,,0.147757819,0.063754733
,,,,,,0.147729509,-0.020305402
,,,,,,0.147726429,0.125491468
,,,,,,0.147705461,-0.098778992
,,,,,,0.147715516,0.00319338
,,,,,,0.147707359,-0.004912556
,,,,,,0.147716501,0.066760035
,,,,,,0.147694779,0.014903575
,,,,,,0.14772358,-0.046497417
,,,,,,0.147715452,-0.034444941
,,,,,,0.147695843,-0.032150295
