7.60E-05,-86.19793083,7.60E-05,-85.91746487,7.60E-05,-85.80453669,7.60E-05,-85.66409318,7.60E-05,-86.0435241
0.000176,-83.96633417,0.000176,-84.07026978,0.000176,-83.68567943,0.000176,-83.26346636,0.000176,-82.9726996
0.000276,-83.55746086,0.000276,-83.78815634,0.000276,-83.67634855,0.000276,-83.65017857,0.000276,-83.65146414
0.000376,-82.88831141,0.000376,-82.81811875,0.000376,-82.65057435,0.000376,-82.55732785,0.000376,-82.30363986
0.000476,-82.09858018,0.000476,-81.83845482,0.000476,-81.52104343,0.000476,-80.89676422,0.000476,-80.70235743
0.000576,-80.60864018,0.000576,-80.42646453,0.000576,-80.16396705,0.000576,-79.35630468,0.000576,-78.06920853
0.000676,-79.68022167,0.000676,-78.83023958,0.000676,-77.79839259,0.000676,-76.88662416,0.000676,-75.66383289
0.000776,-77.66908444,0.000776,-76.82586695,0.000776,-75.91467273,0.000776,-74.36432535,0.000776,-72.45808563
0.000876,-76.06775669,0.000876,-74.94730842,0.000876,-73.44834209,0.000876,-71.53919257,0.000876,-69.5508683
0.000976,-74.12976378,0.000976,-72.64994728,0.000976,-70.8673893,0.000976,-68.96137327,0.000976,-66.7855948
0.001076,-72.11120297,0.001076,-70.34487391,0.001076,-68.56517932,0.001076,-66.42990509,0.001076,-64.29914172
0.001176,-69.96283028,0.001176,-68.21494244,0.001176,-66.25905611,0.001176,-64.18080944,0.001176,-62.13581893
0.001276,-68.08598282,0.001276,-66.19625396,0.001276,-64.22195046,0.001276,-62.29205574,0.001276,-60.00323313
0.001376,-66.20811739,0.001376,-64.34586359,0.001376,-62.52890613,0.001376,-60.4495594,0.001376,-57.67843346
0.001476,-64.50653086,0.001476,-62.79830881,0.001476,-60.89153306,0.001476,-58.38519318,0.001476,-55.53312309
0.001576,-63.07641475,0.001576,-61.26590827,0.001576,-59.21347731,0.001576,-56.39124013,0.001576,-53.49322374
0.001676,-61.69371881,0.001676,-59.82593242,0.001676,-57.37364384,0.001676,-54.52579433,0.001676,-51.7326156
0.001776,-60.39942103,0.001776,-58.25982266,0.001776,-55.58880755,0.001776,-52.92439709,0.001776,-49.97906179
0.001876,-59.02664042,0.001876,-56.67164564,0.001876,-53.97331773,0.001876,-51.27460476,0.001876,-48.1333254
0.001976,-57.63929726,0.001976,-55.04503779,0.001976,-52.5212343,0.001976,-49.66528333,0.001976,-46.21484801
0.002076,-56.2423083,0.002076,-53.65632436,0.002076,-51.02744746,0.002076,-48.07285655,0.002076,-44.39983444
0.002176,-54.83530916,0.002176,-52.33183157,0.002176,-49.64995121,0.002176,-46.34040697,0.002176,-42.76073884
0.002276,-53.49986697,0.002276,-51.01017161,0.002276,-48.2212769,0.002276,-44.79380254,0.002276,-41.13437691
0.002376,-52.37205612,0.002376,-49.74670328,0.002376,-46.63143324,0.002376,-43.14878223,0.002376,-39.50633341
0.002476,-51.27379427,0.002476,-48.47165144,0.002476,-45.21236165,0.002476,-41.6638491,0.002476,-37.89208662
0.002576,-50.0631881,0.002576,-47.11370086,0.002576,-43.75978597,0.002576,-40.23110606,0.002576,-36.35841615
0.002676,-48.89236093,0.002676,-45.73838256,0.002676,-42.44469987,0.002676,-38.83214107,0.002676,-34.836931
0.002776,-47.64277828,0.002776,-44.49690274,0.002776,-41.17978667,0.002776,-37.45958017,0.002776,-33.18154917
0.002876,-46.55015193,0.002876,-43.26344233,0.002876,-39.84217585,0.002876,-36.00365799,0.002876,-31.64923909
0.002976,-45.30549813,0.002976,-42.04946319,0.002976,-38.62606489,0.002976,-34.61703927,0.002976,-30.34309341
0.003076,-44.12700458,0.003076,-40.91610778,0.003076,-37.31798587,0.003076,-33.18200886,0.003076,-29.14807819
0.003176,-43.03863536,0.003176,-39.76645089,0.003176,-36.09885761,0.003176,-31.89060848,0.003176,-28.03217918
0.003276,-41.99422687,0.003276,-38.58406208,0.003276,-34.7812856,0.003276,-30.67531814,0.003276,-27.07457009
0.003376,-40.94745149,0.003376,-37.51782722,0.003376,-33.57160869,0.003376,-29.62183545,0.003376,-26.18235187
0.003476,-39.97102442,0.003476,-36.38058544,0.003476,-32.36680646,0.003476,-28.69157336,0.003476,-25.18442164
0.003576,-39.00381575,0.003576,-35.30338193,0.003576,-31.22153608,0.003576,-27.76689588,0.003576,-24.19538347
0.003676,-37.9688808,0.003676,-34.30381378,0.003676,-30.23963418,0.003676,-26.91351056,0.003676,-23.13151501
0.003776,-37.00367242,0.003776,-33.18917083,0.003776,-29.30657096,0.003776,-26.09985753,0.003776,-21.94533508
0.003876,-35.96683069,0.003876,-32.15556995,0.003876,-28.45840445,0.003876,-25.25359174,0.003876,-20.7435529
0.003976,-35.10071441,0.003976,-31.17228847,0.003976,-27.70917975,0.003976,-24.34745873,0.003976,-19.53596697
0.004076,-34.13144199,0.004076,-30.28623216,0.004076,-26.99581463,0.004076,-23.4106391,0.004076,-18.23765681
0.004176,-33.14775534,0.004176,-29.46222609,0.004176,-26.27042804,0.004176,-22.35481926,0.004176,-17.02551191
0.004276,-32.18346529,0.004276,-28.68734086,0.004276,-25.50876402,0.004276,-21.36704846,0.004276,-15.61863953
0.004376,-31.36944585,0.004376,-27.99015045,0.004376,-24.81245144,0.004376,-20.27147684,0.004376,-14.27968562
0.004476,-30.55826121,0.004476,-27.34339906,0.004476,-23.98476511,0.004476,-19.13539204,0.004476,-12.95660212
0.004576,-29.84948217,0.004576,-26.68508591,0.004576,-23.2053716,0.004576,-18.01396096,0.004576,-11.65693477
0.004676,-29.15234463,0.004676,-26.06206638,0.004676,-22.32130122,0.004676,-16.85328715,0.004676,-10.36948448
0.004776,-28.47380513,0.004776,-25.46730933,0.004776,-21.41432344,0.004776,-15.60990595,0.004776,-9.092007902
0.004876,-27.84663752,0.004876,-24.79439823,0.004876,-20.44060309,0.004876,-14.51505273,0.004876,-7.92726809
0.004976,-27.35577229,0.004976,-24.10600362,0.004976,-19.42160865,0.004976,-13.3085643,0.004976,-6.717376218
0.005076,-26.8159869,0.005076,-23.32248728,0.005076,-18.36544488,0.005076,-12.11858711,0.005076,-5.685668345
0.005176,-26.2912296,0.005176,-22.5890695,0.005176,-17.3505141,0.005176,-10.96923032,0.005176,-4.633797142
0.005276,-25.74512331,0.005276,-21.80305479,0.005276,-16.30283956,0.005276,-9.898883538,0.005276,-3.70908056
0.005376,-25.19888909,0.005376,-21.01056911,0.005376,-15.21450438,0.005376,-8.783527347,0.005376,-2.822101748
0.005476,-24.60231606,0.005476,-20.16193483,0.005476,-14.21395021,0.005476,-7.718107336,0.005476,-1.919938845
0.005576,-24.01070771,0.005576,-19.37242763,0.005576,-13.2101118,0.005576,-6.69160827,0.005576,-0.975672118
0.005676,-23.35600264,0.005676,-18.49218556,0.005676,-12.12789871,0.005676,-5.78401295,0.005676,-0.122321093
0.005776,-22.74412101,0.005776,-17.59096641,0.005776,-11.1139648,0.005776,-4.852083299,0.005776,0.658892087
0.005876,-22.07772953,0.005876,-16.76931025,0.005876,-10.16307114,0.005876,-3.93564082,0.005876,1.348032557
0.005976,-21.36038629,0.005976,-15.84500734,0.005976,-9.22549304,0.005976,-3.225317051,0.005976,1.833039033
0.006076,-20.64797145,0.006076,-14.89590743,0.006076,-8.295927225,0.006076,-2.386015695,0.006076,2.13700542
0.006176,-19.97967748,0.006176,-14.02084906,0.006176,-7.371988393,0.006176,-1.678767925,0.006176,2.411532056
0.006276,-19.19818234,0.006276,-13.1675669,0.006276,-6.507119354,0.006276,-0.88526636,0.006276,2.592863508
0.006376,-18.46069438,0.006376,-12.1994297,0.006376,-5.700262873,0.006376,-0.179375148,0.006376,2.53731809
0.006476,-17.66482904,0.006476,-11.38117053,0.006476,-4.958648769,0.006476,0.555457459,0.006476,2.293970675
0.006576,-16.99332161,0.006576,-10.49082007,0.006576,-4.186966956,0.006576,1.204738182,0.006576,2.082145169
0.006676,-16.2381791,0.006676,-9.68827042,0.006676,-3.475178635,0.006676,1.685569539,0.006676,1.760435667
0.006776,-15.40432152,0.006776,-8.830928194,0.006776,-2.817044746,0.006776,2.096673175,0.006776,1.471690351
0.006876,-14.62966388,0.006876,-8.039473878,0.006876,-2.08791718,0.006876,2.243027349,0.006876,1.144332476
0.006976,-13.86809398,0.006976,-7.277422955,0.006976,-1.489617929,0.006976,2.360686178,0.006976,0.789019106
0.007076,-13.04152466,0.007076,-6.591955001,0.007076,-0.857789851,0.007076,2.334466406,0.007076,0.578860188
0.007176,-12.33213878,0.007176,-5.888569163,0.007176,-0.281257065,0.007176,2.225179356,0.007176,0.351108365
0.007276,-11.52961753,0.007276,-5.221212924,0.007276,0.312713701,0.007276,1.964120465,0.007276,0.021610874
0.007376,-10.76419405,0.007376,-4.575297831,0.007376,0.854644111,0.007376,1.711594224,0.007376,-0.062759546
0.007476,-10.01176604,0.007476,-4.026406906,0.007476,1.221135718,0.007476,1.456802282,0.007476,-0.415344017
0.007576,-9.338175801,0.007576,-3.391588168,0.007576,1.728597716,0.007576,1.204287676,0.007576,-0.41890535
0.007676,-8.701691735,0.007676,-2.885851126,0.007676,1.838210614,0.007676,0.931561799,0.007676,-0.511539911
0.007776,-7.99270138,0.007776,-2.33729991,0.007776,1.959222099,0.007776,0.64358831,0.007776,-0.558575546
0.007876,-7.397255655,0.007876,-1.864123455,0.007876,1.961476548,0.007876,0.414543546,0.007876,-0.600363205
0.007976,-6.760411345,0.007976,-1.203714829,0.007976,1.843380202,0.007976,0.068381395,0.007976,-0.580743005
0.008076,-6.183207422,0.008076,-0.76978573,0.008076,1.738746944,0.008076,-0.084624982,0.008076,-0.554108462
0.008176,-5.551436955,0.008176,-0.371899168,0.008176,1.613140524,0.008176,-0.302487684,0.008176,-0.367591142
0.008276,-5.046790781,0.008276,0.10380071,0.008276,1.46136581,0.008276,-0.355408978,0.008276,-0.35164093
0.008376,-4.531844073,0.008376,0.538152689,0.008376,1.26278955,0.008376,-0.550316657,0.008376,-0.247779346
0.008476,-3.992108484,0.008476,0.836451806,0.008476,1.102321013,0.008476,-0.450106339,0.008476,-0.258139495
0.008576,-3.484355546,0.008576,1.266014464,0.008576,0.775910578,0.008576,-0.482098779,0.008576,-0.068844789
0.008676,-3.105399513,0.008676,1.397569413,0.008676,0.557031942,0.008676,-0.343577828,0.008676,-0.045256269
0.008776,-2.657611572,0.008776,1.448296436,0.008776,0.341917373,0.008776,-0.194035197,0.008776,0.129529643
0.008876,-2.196138534,0.008876,1.444844906,0.008876,0.098279335,0.008876,-0.133629955,0.008876,0.117877541
0.008976,-1.772484375,0.008976,1.504777029,0.008976,-0.045882036,0.008976,-0.11661805,0.008976,0.146668566
0.009076,-1.413679762,0.009076,1.437207267,0.009076,-0.0662986,0.009076,-0.032876922,0.009076,0.184242609
0.009176,-1.035105707,0.009176,1.348547001,0.009176,-0.219012586,0.009176,0.00021383,0.009176,0.161298775
0.009276,-0.819001633,0.009276,1.282651334,0.009276,-0.079952434,0.009276,0.023645206,0.009276,0.13488415
0.009376,-0.380184192,0.009376,1.113366213,0.009376,-0.136509015,0.009376,0.060264777,0.009376,0.204175463
0.009476,-0.052016649,0.009476,1.045879887,0.009476,-0.115889212,0.009476,0.088581209,0.009476,0.247118952
0.009576,0.217542193,0.009576,0.910103585,0.009576,-0.049548989,0.009576,0.105423198,0.009576,0.288140025
0.009676,0.447726007,0.009676,0.725360332,0.009676,-0.020632706,0.009676,0.060819678,0.009676,0.12215672
0.009776,0.684350906,0.009776,0.635446451,0.009776,0.013599311,0.009776,0.067742845,0.009776,0.084194368
0.009876,0.886024711,0.009876,0.463170072,0.009876,0.064765736,0.009876,0.024629797,0.009876,0.160833904
0.009976,1.05371245,0.009976,0.362034418,0.009976,0.170247112,0.009976,0.166088246,0.009976,0.013557573
0.010076,1.118931921,0.010076,0.17615225,0.010076,0.19924555,0.010076,0.104464397,0.010076,0.117403419
0.010176,1.156128963,0.010176,0.248403207,0.010176,0.123237635,0.010176,0.177361075,0.010176,-0.026354386
0.010276,1.144264605,0.010276,0.289123422,0.010276,0.075577733,0.010276,0.217175588,0.010276,0.067909685
0.010376,1.146931518,0.010376,0.259085224,0.010376,0.020765381,0.010376,0.194291215,0.010376,-0.064727202
0.010476,1.102739874,0.010476,0.261030908,0.010476,0.040812951,0.010476,0.115352312,0.010476,-0.020233602
0.010576,1.104590692,0.010576,0.205438489,0.010576,0.056419321,0.010576,0.09805683,0.010576,-0.032745723
0.010676,1.074594993,0.010676,0.317398101,0.010676,0.132584584,0.010676,0.017497702,0.010676,0.045324652
0.010776,1.014024889,0.010776,0.209468601,0.010776,0.238347939,0.010776,-0.078641598,0.010776,0.018674431
0.010876,0.874847221,0.010876,0.274134597,0.010876,0.174153634,0.010876,-0.018676173,0.010876,0.06229118
0.010976,0.702553155,0.010976,0.131537561,0.010976,0.15045243,0.010976,-0.09031515,0.010976,-0.089506535
0.011076,0.608832185,0.011076,0.212907625,0.011076,0.179594376,0.011076,-0.024396981,0.011076,-0.043838533
0.011176,0.651917634,0.011176,0.219598708,0.011176,0.178984836,0.011176,-0.099397534,0.011176,-0.018501995
0.011276,0.619936452,0.011276,0.077757426,0.011276,0.127325361,0.011276,0.042103696,0.011276,-0.114406944
0.011376,0.524801277,0.011376,0.120918529,0.011376,0.218599841,0.011376,0.038693757,0.011376,-0.028925306
0.011476,0.630885907,0.011476,0.070971225,0.011476,0.065298767,0.011476,0.093124745,0.011476,-0.107877199
0.011576,0.543779536,0.011576,0.138869365,0.011576,0.095308697,0.011576,0.027927777,0.011576,-0.056337564
0.011676,0.52289354,0.011676,0.141452133,0.011676,0.016191686,0.011676,-0.093941773,0.011676,0.028856753
0.011776,0.441058384,0.011776,0.222364791,0.011776,-0.020437781,0.011776,-0.161040405,0.011776,0.13038243
0.011876,0.426300303,0.011876,0.243228311,0.011876,0.02550887,0.011876,-0.244448032,0.011876,-0.022982146
0.011976,0.364310679,0.011976,0.21153963,0.011976,-0.025006303,0.011976,-0.0636862,0.011976,0.080500109
0.012076,0.334019688,0.012076,0.197254278,0.012076,-0.051895884,0.012076,-0.090994457,0.012076,0.006297056
0.012176,0.350095991,0.012176,0.225796319,0.012176,-0.10236343,0.012176,-0.072749146,0.012176,0.032745744
0.012276,0.292050958,0.012276,0.114120172,0.012276,-0.036534687,0.012276,0.011777975,0.012276,0.058521484
0.012376,0.309598039,0.012376,0.127753856,0.012376,-0.015438995,0.012376,-0.018943255,0.012376,0.112404889
0.012476,0.29742044,0.012476,0.165197103,0.012476,0.0068093,0.012476,0.139184742,0.012476,0.133740136
0.012576,0.310021897,0.012576,0.184892022,0.012576,-0.080747345,0.012576,0.116994924,0.012576,0.189226096
0.012676,0.288177996,0.012676,0.071401908,0.012676,-0.136096313,0.012676,0.12560156,0.012676,0.18913646
0.012776,0.308988274,0.012776,0.011540774,0.012776,-0.164120819,0.012776,0.078587013,0.012776,0.174910083
0.012876,0.161221707,0.012876,-0.079665828,0.012876,-0.002605135,0.012876,0.010039274,0.012876,0.156227027
0.012976,0.210616143,0.012976,-0.03362631,0.012976,-0.148786,0.012976,0.131228516,0.012976,0.214021813
0.013076,0.205523456,0.013076,0.046248249,0.013076,-0.095758171,0.013076,0.040719786,0.013076,0.29644023
0.013176,0.10002708,0.013176,0.118812682,0.013176,-0.024398695,0.013176,0.06103003,0.013176,0.358096849
0.013276,0.149649812,0.013276,0.038992115,0.013276,0.020914015,0.013276,-0.004384144,0.013276,0.306866821
0.013376,0.17799962,0.013376,0.049890233,0.013376,0.079357346,0.013376,-0.165074638,0.013376,0.434692431
0.013476,0.186756183,0.013476,0.024147036,0.013476,0.171511212,0.013476,-0.100945689,0.013476,0.517970858
0.013576,0.208282685,0.013576,0.091121901,0.013576,0.042635159,0.013576,0.014284944,0.013576,0.454806045
0.013676,0.152160146,0.013676,-0.003591162,0.013676,0.167212043,0.013676,-0.024152555,0.013676,0.498992427
0.013776,0.234536928,0.013776,0.026945092,0.013776,0.062461829,0.013776,0.089997182,0.013776,0.487837917
0.013876,0.28572798,0.013876,0.080353438,0.013876,0.08982835,0.013876,-0.003786206,0.013876,0.483238045
0.013976,0.207959386,0.013976,0.082814158,0.013976,0.044795368,0.013976,0.03790882,0.013976,0.500533027
0.014076,0.251032954,0.014076,0.061452103,0.014076,0.061769292,0.014076,0.045382654,0.014076,0.336757098
0.014176,0.288644175,0.014176,0.027858741,0.014176,0.125653805,0.014176,-0.091941817,0.014176,0.327223787
0.014276,0.24240357,0.014276,0.067642061,0.014276,0.142748012,0.014276,-0.029494924,0.014276,0.336032462
0.014376,0.23854592,0.014376,0.054307026,0.014376,0.026854264,0.014376,0.014392913,0.014376,0.221769624
0.014476,0.228499409,0.014476,0.092215226,0.014476,-0.051374646,0.014476,0.012381383,0.014476,0.169090248
0.014576,0.160684098,0.014576,0.073762455,0.014576,0.021535629,0.014576,0.076400379,0.014576,0.152722822
0.014676,0.101459755,0.014676,0.122448682,0.014676,0.024893222,0.014676,0.079541855,0.014676,0.280377513
0.014776,0.107257759,0.014776,0.174366453,0.014776,-0.016574671,0.014776,0.078843552,0.014776,0.248961261
0.014876,0.045546853,0.014876,-0.037311225,0.014876,0.10218523,0.014876,0.079212553,0.014876,-0.115286
0.014976,0.045001207,0.014976,0.02225477,0.014976,-0.023457764,0.014976,0.187046997,0.014976,-0.063335245
0.015076,0.087718043,0.015076,0.047555264,0.015076,-0.059018264,0.015076,0.205364728,0.015076,-0.107498361
0.015176,0.138430547,0.015176,-0.074598386,0.015176,0.012427328,0.015176,0.205295207,0.015176,-0.178251369
0.015276,0.080235479,0.015276,-0.04650144,0.015276,-0.038207416,0.015276,0.231979829,0.015276,-0.120124538
0.015376,0.151626755,0.015376,-0.054343386,0.015376,-0.015913898,0.015376,0.325676335,0.015376,-0.128495289
0.015476,0.109231508,0.015476,-0.045899518,0.015476,0.034929411,0.015476,0.34533232,0.015476,-0.128853469
0.015576,0.014700562,0.015576,-0.007434023,0.015576,-0.010135335,0.015576,0.248085231,0.015576,-0.140005085
0.015676,0.137118355,0.015676,0.023762517,0.015676,-0.000875848,0.015676,0.284389884,0.015676,-0.146912508
0.015776,0.140862723,0.015776,0.008317552,0.015776,0.018823475,0.015776,0.223942081,0.015776,-0.15415341
0.015876,0.158013786,0.015876,0.062687983,0.015876,0.086817923,0.015876,0.16031594,0.015876,-0.282986649
0.015976,0.10135121,0.015976,0.181276979,0.015976,0.110373526,0.015976,0.21065685,0.015976,-0.154314176
0.016076,0.118789365,0.016076,0.13871629,0.016076,0.106023178,0.016076,0.176339875,0.016076,-0.042302467
0.016176,0.172646545,0.016176,0.120791474,0.016176,0.177523625,0.016176,0.140985205,0.016176,0.002669831
0.016276,0.135018195,0.016276,0.064115239,0.016276,0.182841994,0.016276,0.064720934,0.016276,-0.175338432
0.016376,0.110085277,0.016376,0.179417304,0.016376,0.209199985,0.016376,0.029257925,0.016376,-0.365790659
0.016476,0.07608621,0.016476,-0.008802091,0.016476,0.293276343,0.016476,0.141136023,0.016476,-0.219808414
0.016576,0.010665973,0.016576,0.077156768,0.016576,0.234884306,0.016576,0.186603692,0.016576,-0.22307608
0.016676,0.129970438,0.016676,0.026635875,0.016676,0.236173696,0.016676,0.195560701,0.016676,-0.180225317
0.016776,0.117380543,0.016776,0.017142713,0.016776,0.06806086,0.016776,0.192705757,0.016776,-0.1472206
0.016876,0.104878492,0.016876,0.077438958,0.016876,0.062129403,0.016876,0.051478973,0.016876,0.00340175
0.016976,0.113379732,0.016976,-0.051390676,0.016976,0.142495647,0.016976,0.19608454,0.016976,-0.009450738
0.017076,0.149501278,0.017076,0.025297309,0.017076,0.083579927,0.017076,0.275020274,0.017076,0.049873669
0.017176,0.208466525,0.017176,0.036762751,0.017176,0.126554354,0.017176,0.472349362,0.017176,0.183017587
0.017276,0.043806784,0.017276,0.038063694,0.017276,0.050314498,0.017276,0.456001459,0.017276,-0.010001531
0.017376,0.119054578,0.017376,0.103093887,0.017376,0.316965585,0.017376,0.516247512,0.017376,0.019234142
0.017476,0.087898004,0.017476,-0.012618035,0.017476,0.293789235,0.017476,0.457659974,0.017476,0.094622197
0.017576,0.127462762,0.017576,0.006325019,0.017576,0.176319596,0.017576,0.443942925,0.017576,0.145083702
0.017676,0.048994441,0.017676,0.044821328,0.017676,0.188155709,0.017676,0.348867113,0.017676,0.10217013
0.017776,0.078302463,0.017776,-0.021258196,0.017776,0.128005451,0.017776,0.35915503,0.017776,-0.06924326
0.017876,0.17646456,0.017876,0.04791527,0.017876,0.265305717,0.017876,0.316959142,0.017876,-0.099231859
0.017976,0.259013209,0.017976,-0.109514911,0.017976,0.108037945,0.017976,0.261898195,0.017976,-0.008716368
0.018076,0.135159121,0.018076,0.044106802,0.018076,0.10838194,0.018076,0.145692848,0.018076,-0.156033787
0.018176,0.166525077,0.018176,-0.093963384,0.018176,0.179992085,0.018176,-0.01233078,0.018176,-0.087793675
0.018276,0.090503724,0.018276,-0.073856514,0.018276,0.218629484,0.018276,-0.067319819,0.018276,0.032357719
0.018376,0.083306745,0.018376,0.114110832,0.018376,0.176122654,0.018376,-0.170273125,0.018376,-0.107633453
0.018476,0.120554565,0.018476,0.094285232,0.018476,0.12739915,0.018476,-0.246380317,0.018476,0.090109222
0.018576,0.068598064,0.018576,0.159936428,0.018576,0.154489492,0.018576,-0.422205752,0.018576,-0.152271211
0.018676,0.10157738,0.018676,0.148028397,0.018676,0.239855653,0.018676,-0.354799899,0.018676,0.097328766
0.018776,0.026663237,0.018776,0.086402049,0.018776,0.172019299,0.018776,-0.353350275,0.018776,0.079218819
0.018876,0.057554335,0.018876,0.166457657,0.018876,0.111798426,0.018876,-0.381348736,0.018876,0.083220141
0.018976,-0.004030943,0.018976,0.186733587,0.018976,0.27594993,0.018976,-0.411537442,0.018976,-0.087906403
0.019076,0.045361216,0.019076,0.191932652,0.019076,0.245108871,0.019076,-0.215858022,0.019076,-0.106044818
0.019176,0.027874588,0.019176,0.060777923,0.019176,0.290938659,0.019176,-0.185183968,0.019176,0.054147003
0.019276,0.141984087,0.019276,0.015019512,0.019276,0.295921429,0.019276,-0.230353593,0.019276,-0.044014573
0.019376,0.161607029,0.019376,0.051578097,0.019376,0.139713733,0.019376,-0.242245342,0.019376,0.002587765
0.019476,0.09831253,0.019476,0.083429345,0.019476,0.185395397,0.019476,-0.037723335,0.019476,-0.110587321
0.019576,0.060437074,0.019576,0.012411382,0.019576,0.258645771,0.019576,0.019245637,0.019576,-0.047462033
0.019676,0.072129265,0.019676,-0.025830714,0.019676,0.361207936,0.019676,-0.126611215,0.019676,-0.033980106
0.019776,0.142270047,0.019776,-0.039350046,0.019776,0.341845876,0.019776,0.09454622,0.019776,0.015979238
0.019876,0.065996893,0.019876,0.043487674,0.019876,0.301674675,0.019876,0.110669484,0.019876,0.059161911
0.019976,0.078023403,0.019976,-0.038150006,0.019976,0.224954477,0.019976,0.003126865,0.019976,0.143022553
0.020076,0.010331811,0.020076,-0.04437441,0.020076,0.157068614,0.020076,0.131215826,0.020076,0.007372285
0.020176,-0.022331349,0.020176,0.055634864,0.020176,0.201158484,0.020176,0.107863093,0.020176,0.059983561
0.020276,0.043147067,0.020276,0.033365899,0.020276,0.139892102,0.020276,0.159128575,0.020276,-0.010093681
0.020376,0.019558748,0.020376,0.122399707,0.020376,-0.063027566,0.020376,0.314687802,0.020376,0.063156768
0.020476,0.0713762,0.020476,0.067183654,0.020476,-0.218111859,0.020476,0.260036078,0.020476,-0.018381902
0.020576,0.026173848,0.020576,0.063457817,0.020576,-0.062946557,0.020576,0.255443904,0.020576,-0.0355324
0.020676,0.089833638,0.020676,-0.005618003,0.020676,-0.126065554,0.020676,0.067258537,0.020676,0.04443607
0.020776,0.047743802,0.020776,0.066667187,0.020776,-0.172761887,0.020776,0.011644676,0.020776,-0.171084755
0.020876,0.090616194,0.020876,-0.096430216,0.020876,-0.156713995,0.020876,0.035314439,0.020876,-0.057200004
0.020976,0.098323491,0.020976,-0.072767267,0.020976,-0.22971357,0.020976,-0.15190691,0.020976,-0.069345646
0.021076,0.129823838,0.021076,0.039145458,0.021076,-0.138038208,0.021076,0.047008993,0.021076,-0.064014811
0.021176,0.091587762,0.021176,0.013065308,0.021176,-0.10932669,0.021176,-0.082154154,0.021176,-0.032590258
0.021276,0.08638137,0.021276,0.096976119,0.021276,0.015983526,0.021276,-0.024774591,0.021276,-0.029263237
0.021376,0.04882102,0.021376,0.088139052,0.021376,0.058565289,0.021376,-0.08754476,0.021376,-0.066032031
0.021476,0.053562221,0.021476,-0.002048445,0.021476,-0.128485919,0.021476,-0.189796137,0.021476,-0.020337826
0.021576,0.090727475,0.021576,0.121283186,0.021576,-0.067839333,0.021576,-0.196636158,0.021576,0.04029163
0.021676,0.053513239,0.021676,-0.02210322,0.021676,0.083734407,0.021676,-0.231754104,0.021676,-0.064317217
0.021776,0.075242781,0.021776,0.014166141,0.021776,-0.040475401,0.021776,-0.09316149,0.021776,0.061683827
0.021876,0.159963053,0.021876,-0.02757348,0.021876,0.164565076,0.021876,-0.048524252,0.021876,0.08396453
0.021976,-0.025524117,0.021976,-0.038822728,0.021976,0.090616233,0.021976,-0.059305082,0.021976,-0.031016198
0.022076,0.147889279,0.022076,0.025496891,0.022076,0.067036188,0.022076,0.057921408,0.022076,0.095916916
0.022176,0.041604655,0.022176,-0.008051162,0.022176,0.109755226,0.022176,-0.048950667,0.022176,0.065876944
0.022276,-0.011458037,0.022276,0.041685216,0.022276,-0.013786584,0.022276,-0.011637518,0.022276,0.026136921
0.022376,0.091956199,0.022376,0.099383185,0.022376,0.063753823,0.022376,-0.09105058,0.022376,0.00819046
0.022476,0.145089628,0.022476,0.174881328,0.022476,-0.021171018,0.022476,-0.174429322,0.022476,-0.10493241
0.022576,0.094393865,0.022576,0.089314474,0.022576,0.085641864,0.022576,0.022111579,0.022576,0.043086345
0.022676,0.052801229,0.022676,0.223928947,0.022676,0.175186031,0.022676,-0.064505756,0.022676,0.045292572
0.022776,0.141199686,0.022776,0.161564727,0.022776,-0.049695656,0.022776,-0.149692367,0.022776,0.011169956
0.022876,0.096508332,0.022876,0.188213184,0.022876,-0.041875757,0.022876,-0.055519558,0.022876,-0.018114995
0.022976,0.167895158,0.022976,0.157638276,0.022976,-0.055513078,0.022976,-0.044243072,0.022976,-0.039808544
0.023076,0.149253615,0.023076,0.129034038,0.023076,-0.036458403,0.023076,-0.042008952,0.023076,0.079096232
0.023176,0.10948476,0.023176,0.179349046,0.023176,-0.094654081,0.023176,-0.051485128,0.023176,0.032667942
0.023276,0.101653747,0.023276,0.104015993,0.023276,-0.10847998,0.023276,0.073616885,0.023276,-0.141802149
0.023376,0.169186851,0.023376,0.111156346,0.023376,-0.069302777,0.023376,0.027886351,0.023376,-0.154101517
0.023476,0.07964062,0.023476,0.144901841,0.023476,-0.097665478,0.023476,0.008074077,0.023476,-0.069300834
0.023576,0.025542745,0.023576,0.134991704,0.023576,-0.201916827,0.023576,0.062747613,0.023576,0.012850528
0.023676,0.011427006,0.023676,0.205545331,0.023676,-0.249775686,0.023676,0.137196768,0.023676,0.07932688
0.023776,0.052481101,0.023776,0.269059043,0.023776,-0.088563639,0.023776,0.309884827,0.023776,0.007989999
0.023876,0.047126091,0.023876,0.164140877,0.023876,0.060664524,0.023876,0.144553961,0.023876,0.170960501
0.023976,0.093777557,0.023976,0.20084688,0.023976,-0.032394852,0.023976,0.037979974,0.023976,-0.006180317
0.024076,0.022934811,0.024076,0.18911846,0.024076,0.113621091,0.024076,0.154769312,0.024076,0.009521819
0.024176,0.003704653,0.024176,0.161053419,0.024176,0.281797365,0.024176,-0.09640599,0.024176,-0.051161468
0.024276,0.072427104,0.024276,0.138042871,0.024276,0.221371218,0.024276,0.073911446,0.024276,-0.002789275
0.024376,0.07536953,0.024376,0.175453627,0.024376,0.264995831,0.024376,0.109351367,0.024376,0.157032185
0.024476,0.03525013,0.024476,0.135938041,0.024476,0.186302784,0.024476,0.063403315,0.024476,0.15710649
0.024576,-0.000913489,0.024576,0.172557559,0.024576,0.210220875,0.024576,0.190489932,0.024576,0.085784902
0.024676,0.054507001,0.024676,0.231256759,0.024676,0.087022706,0.024676,0.13044976,0.024676,0.017560442
0.024776,0.038134971,0.024776,0.196452699,0.024776,0.305121648,0.024776,0.156248549,0.024776,0.120560446
0.024876,0.010663987,0.024876,0.131496951,0.024876,0.047714641,0.024876,0.145197947,0.024876,0.149141738
0.024976,0.062578318,0.024976,0.282095377,0.024976,0.115053414,0.024976,0.092261243,0.024976,0.261935904
0.025076,0.275730811,0.025076,0.257340669,0.025076,-0.002835753,0.025076,0.069461585,0.025076,0.171393383
0.025176,0.260425734,0.025176,0.431117347,0.025176,0.082421901,0.025176,0.181598473,0.025176,0.278417685
0.025276,0.165593276,0.025276,0.352916769,0.025276,0.064317633,0.025276,0.219120599,0.025276,0.173241216
0.025376,0.197127035,0.025376,0.223279647,0.025376,-0.024562725,0.025376,0.102769828,0.025376,0.18911684
0.025476,0.207008154,0.025476,0.393514833,0.025476,0.012681923,0.025476,0.176893385,0.025476,0.148055239
0.025576,0.321198324,0.025576,0.271506689,0.025576,-0.065153727,0.025576,0.186534084,0.025576,0.232621427
0.025676,0.362481354,0.025676,0.449039994,0.025676,0.025495001,0.025676,0.111763427,0.025676,0.23691298
0.025776,0.206091402,0.025776,0.422694725,0.025776,-0.018289264,0.025776,0.093148149,0.025776,0.20203094
0.025876,0.223559435,0.025876,0.443074215,0.025876,0.087644687,0.025876,0.239413836,0.025876,0.378707467
0.025976,0.21894876,0.025976,0.437541002,0.025976,0.069756432,0.025976,0.142945491,0.025976,0.226296226
0.026076,0.150744754,0.026076,0.11287626,0.026076,0.089061689,0.026076,0.238146601,0.026076,0.246215353
0.026176,0.113597763,0.026176,0.201393622,0.026176,0.127817923,0.026176,0.12780323,0.026176,0.23874124
0.026276,0.152934163,0.026276,0.138750462,0.026276,0.234134777,0.026276,0.257068371,0.026276,0.365802239
0.026376,0.093926077,0.026376,0.223072817,0.026376,0.154232943,0.026376,0.168824825,0.026376,0.313798878
0.026476,0.132951588,0.026476,0.114126155,0.026476,0.308021738,0.026476,0.319064659,0.026476,0.295989375
0.026576,0.194578885,0.026576,0.150432249,0.026576,0.388676899,0.026576,0.238630215,0.026576,0.326585961
0.026676,0.165326752,0.026676,0.129423059,0.026676,0.290021603,0.026676,0.240907369,0.026676,0.218314479
0.026776,0.17534015,0.026776,-0.017400579,0.026776,0.345778527,0.026776,0.25467858,0.026776,0.291946444
0.026876,0.189437972,0.026876,0.065784909,0.026876,0.176007752,0.026876,0.319909078,0.026876,0.243828848
0.026976,0.224612291,0.026976,0.0938758,0.026976,0.383596338,0.026976,0.478723796,0.026976,0.278132503
0.027076,0.276103141,0.027076,-0.052536573,0.027076,0.34856436,0.027076,0.340908649,0.027076,0.328115844
0.027176,0.155884551,0.027176,0.017715505,0.027176,0.372950454,0.027176,0.411860662,0.027176,0.297883426
0.027276,0.188902659,0.027276,0.089833988,0.027276,0.330897067,0.027276,0.376411564,0.027276,0.295493733
0.027376,0.207232915,0.027376,0.062440504,0.027376,0.207973543,0.027376,0.225006944,0.027376,0.346321474
0.027476,0.252451511,0.027476,0.109697064,0.027476,0.18058703,0.027476,0.291200666,0.027476,0.281605736
0.027576,0.155161902,0.027576,0.311867404,0.027576,0.361668446,0.027576,0.328547982,0.027576,0.33065399
0.027676,0.225190306,0.027676,0.378697506,0.027676,0.31840169,0.027676,0.356402111,0.027676,0.3432586
0.027776,0.106491408,0.027776,0.353836799,0.027776,0.340270258,0.027776,0.228567937,0.027776,0.235351989
0.027876,0.091798602,0.027876,0.435137251,0.027876,0.27986247,0.027876,0.149813865,0.027876,0.23296927
0.027976,0.123488246,0.027976,0.339858043,0.027976,0.253445517,0.027976,0.192027095,0.027976,0.383703678
0.028076,0.100543148,0.028076,0.35695268,0.028076,0.334597269,0.028076,0.212997875,0.028076,0.432605096
0.028176,0.107911226,0.028176,0.39486663,0.028176,0.155012828,0.028176,0.20303673,0.028176,0.456748958
0.028276,0.213491569,0.028276,0.407732374,0.028276,0.228021875,0.028276,0.257622867,0.028276,0.360974403
0.028376,0.160830064,0.028376,0.403676909,0.028376,0.216874612,0.028376,0.115846703,0.028376,0.230931464
0.028476,0.248958646,0.028476,0.302787361,0.028476,0.111367397,0.028476,0.207785158,0.028476,0.256970914
0.028576,0.179852426,0.028576,0.307811135,0.028576,0.214160896,0.028576,0.151517497,0.028576,0.291256554
0.028676,0.180157667,0.028676,0.248390476,0.028676,0.319582751,0.028676,0.203586364,0.028676,0.301472635
0.028776,0.183980271,0.028776,0.229255403,0.028776,0.249585037,0.028776,0.234269282,0.028776,0.188620532
0.028876,0.234699817,0.028876,0.207483977,0.028876,0.260531656,0.028876,0.173604704,0.028876,0.170236181
0.028976,0.269718931,0.028976,0.331685738,0.028976,0.311242245,0.028976,0.269783945,0.028976,0.36081868
0.029076,0.206601694,0.029076,0.255302065,0.029076,0.146023027,0.029076,0.354033056,0.029076,0.218296138
0.029176,0.199755609,0.029176,0.192243548,0.029176,0.386384369,0.029176,0.140472682,0.029176,0.257386203
0.029276,0.148255282,0.029276,0.167038567,0.029276,0.489926522,0.029276,0.16662487,0.029276,0.30266204
0.029376,0.204538786,0.029376,0.178021695,0.029376,0.360484117,0.029376,0.217040634,0.029376,0.290639444
0.029476,0.136020748,0.029476,0.202069047,0.029476,0.492532895,0.029476,0.110742417,0.029476,0.285687387
0.029576,0.069934803,0.029576,0.265637769,0.029576,0.346070526,0.029576,0.063478958,0.029576,0.405453207
0.029676,0.049931979,0.029676,0.285975405,0.029676,0.309981103,0.029676,0.238795483,0.029676,0.325469459
0.029776,0.082691389,0.029776,0.11565418,0.029776,0.336339678,0.029776,0.157994416,0.029776,0.200754871
0.029876,0.067776123,0.029876,0.302298915,0.029876,0.356271198,0.029876,0.144301291,0.029876,0.168412796
0.029976,0.248570886,0.029976,0.321730626,0.029976,0.388614339,0.029976,0.224702077,0.029976,0.202190398
0.030076,0.149408233,0.030076,0.232218933,0.030076,0.277821961,0.030076,0.137149573,0.030076,0.074118602
0.030176,0.197501556,0.030176,0.288700245,0.030176,0.254427781,0.030176,0.139301783,0.030176,0.216620451
0.030276,0.130554142,0.030276,0.20401824,0.030276,0.116858552,0.030276,0.081809619,0.030276,0.235898785
0.030376,0.27849373,0.030376,0.423719945,0.030376,0.146461184,0.030376,0.092850488,0.030376,0.174187986
0.030476,0.181450226,0.030476,0.239362961,0.030476,0.207207851,0.030476,0.021659435,0.030476,0.027159571
0.030576,0.205888455,0.030576,0.270399295,0.030576,0.188366548,0.030576,0.093161125,0.030576,0.102464101
0.030676,0.27550547,0.030676,0.340500243,0.030676,0.166983535,0.030676,-0.058397515,0.030676,-0.021154507
0.030776,0.307735439,0.030776,0.309621595,0.030776,0.181897159,0.030776,-0.130415485,0.030776,-0.122804787
0.030876,0.38499044,0.030876,0.293100889,0.030876,0.067114633,0.030876,0.019429911,0.030876,-0.131028357
0.030976,0.301201792,0.030976,0.339220491,0.030976,-0.018825342,0.030976,-0.201305201,0.030976,-0.104271942
0.031076,0.369050779,0.031076,0.282717329,0.031076,-0.118393171,0.031076,0.118532338,0.031076,-0.011963999
0.031176,0.36201295,0.031176,0.265922988,0.031176,0.032802522,0.031176,0.029100958,0.031176,-0.109561223
0.031276,0.346875419,0.031276,0.284938556,0.031276,-0.008958776,0.031276,0.037214113,0.031276,-0.052980263
0.031376,0.452115493,0.031376,0.200672447,0.031376,-0.040344532,0.031376,-0.070255737,0.031376,-0.112646748
0.031476,0.365020166,0.031476,0.125487795,0.031476,-0.182028243,0.031476,-0.150126334,0.031476,-0.193374699
0.031576,0.507224052,0.031576,0.212462997,0.031576,-0.121932391,0.031576,-0.137015255,0.031576,-0.313887798
0.031676,0.429880371,0.031676,0.128887164,0.031676,-0.125492153,0.031676,-0.242322983,0.031676,-0.24055023
0.031776,0.354286637,0.031776,0.109774427,0.031776,-0.247079473,0.031776,-0.171438229,0.031776,-0.124555329
0.031876,0.313489934,0.031876,0.173835692,0.031876,-0.184717481,0.031876,-0.152886264,0.031876,-0.319726471
0.031976,0.29573007,0.031976,0.038828121,0.031976,-0.153504173,0.031976,-0.371266717,0.031976,-0.245028742
0.032076,0.345829483,0.032076,0.026084875,0.032076,-0.087600141,0.032076,-0.173382093,0.032076,-0.342378386
0.032176,0.233691229,0.032176,0.20536277,0.032176,-0.115797626,0.032176,-0.173813181,0.032176,-0.158605328
0.032276,0.219614147,0.032276,0.029332391,0.032276,-0.012526285,0.032276,-0.115475695,0.032276,-0.354802745
0.032376,0.280034853,0.032376,0.010517528,0.032376,-0.094972731,0.032376,-0.314578735,0.032376,-0.106473316
0.032476,0.36320819,0.032476,0.013558185,0.032476,-0.220248551,0.032476,-0.279889249,0.032476,-0.287918279
0.032576,0.323862207,0.032576,0.040565706,0.032576,-0.094341962,0.032576,-0.316989774,0.032576,-0.345914662
0.032676,0.346108722,0.032676,-0.074388806,0.032676,-0.166442993,0.032676,-0.418780445,0.032676,-0.194373252
0.032776,0.31427121,0.032776,0.018050467,0.032776,-0.178461099,0.032776,-0.345589624,0.032776,-0.153775168
0.032876,0.256525745,0.032876,-0.1318065,0.032876,-0.152334029,0.032876,-0.390787467,0.032876,-0.197028027
0.032976,0.302545073,0.032976,-0.009027317,0.032976,-0.252254715,0.032976,-0.310379278,0.032976,-0.249372402
0.033076,0.283685155,0.033076,-0.038970054,0.033076,-0.133976819,0.033076,-0.256980363,0.033076,-0.35177739
0.033176,0.300961723,0.033176,-0.302165965,0.033176,-0.27907011,0.033176,-0.387480282,0.033176,-0.445105383
0.033276,0.253097361,0.033276,-0.245823538,0.033276,-0.30526435,0.033276,-0.42620869,0.033276,-0.389544222
0.033376,0.291776375,0.033376,-0.12365569,0.033376,-0.366009789,0.033376,-0.20629803,0.033376,-0.315742605
0.033476,0.316910308,0.033476,-0.229659051,0.033476,-0.313776773,0.033476,-0.287162247,0.033476,-0.321654805
0.033576,0.29049848,0.033576,-0.259344405,0.033576,-0.247393311,0.033576,-0.299917891,0.033576,-0.161836215
0.033676,0.314911961,0.033676,-0.176824292,0.033676,-0.402908373,0.033676,-0.33486912,0.033676,-0.533407173
0.033776,0.264273319,0.033776,-0.289947619,0.033776,-0.264769257,0.033776,-0.256533139,0.033776,-0.429866703
0.033876,0.347232149,0.033876,-0.25972552,0.033876,-0.454500236,0.033876,-0.315489361,0.033876,-0.293533243
0.033976,0.323849891,0.033976,-0.277628178,0.033976,-0.3921299,0.033976,-0.175825434,0.033976,-0.495365764
0.034076,0.384703495,0.034076,-0.150911999,0.034076,-0.508532846,0.034076,-0.257023401,0.034076,-0.397032524
0.034176,0.330032959,0.034176,-0.213815669,0.034176,-0.423880207,0.034176,-0.247207611,0.034176,-0.341196081
0.034276,0.341673864,0.034276,-0.161825167,0.034276,-0.534384581,0.034276,-0.291890013,0.034276,-0.380100029
0.034376,0.305015392,0.034376,-0.222216378,0.034376,-0.405312821,0.034376,-0.299374932,0.034376,-0.281792787
0.034476,0.457790402,0.034476,-0.190241717,0.034476,-0.39946881,0.034476,-0.277379492,0.034476,-0.285737775
0.034576,0.279983949,0.034576,-0.258297089,0.034576,-0.521090627,0.034576,-0.36504996,0.034576,-0.361619856
0.034676,0.324033286,0.034676,-0.336916441,0.034676,-0.51450731,0.034676,-0.305378616,0.034676,-0.365829191
0.034776,0.271499852,0.034776,-0.334879355,0.034776,-0.39571681,0.034776,-0.356016998,0.034776,-0.398054551
0.034876,0.154570877,0.034876,-0.328668147,0.034876,-0.378913459,0.034876,-0.221231843,0.034876,-0.375295768
0.034976,0.28421126,0.034976,-0.441262551,0.034976,-0.335263637,0.034976,-0.229496657,0.034976,-0.208403522
0.035076,0.280998956,0.035076,-0.294386703,0.035076,-0.448436612,0.035076,-0.29456967,0.035076,-0.205364773
0.035176,0.285503839,0.035176,-0.473505815,0.035176,-0.506318035,0.035176,-0.297832923,0.035176,-0.276320145
0.035276,0.219321009,0.035276,-0.418169557,0.035276,-0.162649205,0.035276,-0.224449949,0.035276,-0.073294684
0.035376,0.273033514,0.035376,-0.552666351,0.035376,-0.236652756,0.035376,-0.353136185,0.035376,-0.275471948
0.035476,0.261513078,0.035476,-0.470764671,0.035476,-0.320094536,0.035476,-0.300453714,0.035476,-0.323172759
0.035576,0.301623954,0.035576,-0.413246199,0.035576,-0.389094632,0.035576,-0.377408243,0.035576,-0.247646466
0.035676,0.016885714,0.035676,-0.454733542,0.035676,-0.235751621,0.035676,-0.228037897,0.035676,-0.205859422
0.035776,0.14850531,0.035776,-0.327044102,0.035776,-0.221937853,0.035776,-0.235642365,0.035776,-0.218021221
0.035876,0.075363656,0.035876,-0.467118768,0.035876,-0.267070328,0.035876,-0.185748281,0.035876,-0.151983037
0.035976,0.070107369,0.035976,-0.325550933,0.035976,-0.207590229,0.035976,-0.108872152,0.035976,-0.21632936
0.036076,0.068572439,0.036076,-0.218860632,0.036076,-0.23177751,0.036076,-0.236997327,0.036076,-0.147245105
0.036176,0.081711817,0.036176,-0.31345436,0.036176,-0.220024841,0.036176,-0.02930567,0.036176,-0.187302478
0.036276,0.022270909,0.036276,-0.288964793,0.036276,-0.235249743,0.036276,-0.178655684,0.036276,-0.011267395
0.036376,-0.012379458,0.036376,-0.407200293,0.036376,-0.17062386,0.036376,-0.004263652,0.036376,0.098419618
0.036476,0.019919636,0.036476,-0.265663519,0.036476,-0.299620007,0.036476,0.049325054,0.036476,-0.037136491
0.036576,0.111172604,0.036576,-0.266299448,0.036576,-0.057604933,0.036576,0.121195258,0.036576,0.078418349
0.036676,-0.058278334,0.036676,-0.186290487,0.036676,-0.010398405,0.036676,0.113356626,0.036676,0.072512664
0.036776,-0.049089482,0.036776,-0.251934769,0.036776,0.047788608,0.036776,0.167548736,0.036776,0.207458143
0.036876,0.042681225,0.036876,-0.239638448,0.036876,0.057394753,0.036876,-0.050431168,0.036876,0.088761053
0.036976,-0.087249576,0.036976,-0.239703217,0.036976,0.064297072,0.036976,0.008602557,0.036976,0.342585128
0.037076,-0.251403624,0.037076,-0.181998121,0.037076,0.08349468,0.037076,0.19177201,0.037076,0.352694406
0.037176,-0.312261623,0.037176,-0.225659021,0.037176,0.069224939,0.037176,0.215991534,0.037176,0.505718774
0.037276,-0.181234028,0.037276,-0.20807164,0.037276,0.057121734,0.037276,0.264662435,0.037276,0.373616079
0.037376,-0.086488193,0.037376,-0.042406373,0.037376,0.027233955,0.037376,0.184849402,0.037376,0.498633686
0.037476,-0.012757312,0.037476,-0.148938482,0.037476,0.143174076,0.037476,0.195675858,0.037476,0.353729656
0.037576,-0.190783801,0.037576,-0.050311236,0.037576,0.130223878,0.037576,0.160615516,0.037576,0.30573195
0.037676,-0.169112228,0.037676,0.043576445,0.037676,0.238703168,0.037676,0.200560211,0.037676,0.572822471
0.037776,-0.242545136,0.037776,0.069279718,0.037776,0.273400734,0.037776,0.437445585,0.037776,0.335133169
0.037876,-0.167231462,0.037876,0.115194254,0.037876,0.329190453,0.037876,0.39872535,0.037876,0.260929457
0.037976,-0.216536199,0.037976,0.007536879,0.037976,0.370100514,0.037976,0.20081838,0.037976,0.456537921
0.038076,-0.099034415,0.038076,0.192626335,0.038076,0.492151282,0.038076,0.398674177,0.038076,0.444676322
0.038176,-0.119539281,0.038176,0.241510568,0.038176,0.518976421,0.038176,0.247789516,0.038176,0.49834012
0.038276,-0.21605837,0.038276,0.197664719,0.038276,0.456836793,0.038276,0.518685658,0.038276,0.561554957
0.038376,-0.346571694,0.038376,0.375733755,0.038376,0.567544165,0.038376,0.579982423,0.038376,0.648272039
0.038476,-0.331563261,0.038476,0.208112677,0.038476,0.598440142,0.038476,0.597689873,0.038476,0.448234085
0.038576,-0.389782643,0.038576,0.24760525,0.038576,0.609043408,0.038576,0.501009918,0.038576,0.821469492
0.038676,-0.310445552,0.038676,0.319465229,0.038676,0.447081591,0.038676,0.578739854,0.038676,0.591927962
0.038776,-0.205591308,0.038776,0.433223927,0.038776,0.659617065,0.038776,0.720840069,0.038776,0.636122435
0.038876,-0.240725192,0.038876,0.441253748,0.038876,0.569647494,0.038876,0.361981988,0.038876,0.576214543
0.038976,-0.248917923,0.038976,0.530668553,0.038976,0.635754155,0.038976,0.417013757,0.038976,0.502153396
0.039076,-0.149284909,0.039076,0.591303983,0.039076,0.545739734,0.039076,0.588489598,0.039076,0.734280983
0.039176,-0.138084675,0.039176,0.382063732,0.039176,0.638729744,0.039176,0.648709187,0.039176,0.593878247
0.039276,-0.092049584,0.039276,0.387452572,0.039276,0.58705305,0.039276,0.651590272,0.039276,0.480446212
0.039376,-0.095495696,0.039376,0.579166301,0.039376,0.753122583,0.039376,0.616458583,0.039376,0.598418086
0.039476,-0.131674755,0.039476,0.622522004,0.039476,0.800557481,0.039476,0.50179715,0.039476,0.705204388
0.039576,0.076689984,0.039576,0.799289326,0.039576,0.559213415,0.039576,0.628849048,0.039576,0.727456185
0.039676,-0.042976934,0.039676,0.724925893,0.039676,0.716787664,0.039676,0.747948973,0.039676,0.824436554
0.039776,0.00811951,0.039776,0.679125035,0.039776,0.787219638,0.039776,0.716355698,0.039776,0.791313413
0.039876,0.009212041,0.039876,0.785198824,0.039876,0.824593833,0.039876,0.867360165,0.039876,0.886209096
0.039976,0.107958381,0.039976,0.911435955,0.039976,0.902994387,0.039976,0.883713563,0.039976,0.927659256
0.040076,0.057432266,0.040076,0.698200496,0.040076,0.866065899,0.040076,0.96886424,0.040076,0.925528211
0.040176,0.095944692,0.040176,0.845297436,0.040176,0.915961235,0.040176,0.968659976,0.040176,0.860335746
0.040276,0.067386829,0.040276,0.904295147,0.040276,0.932619998,0.040276,0.960359643,0.040276,0.913589923
0.040376,0.14434177,0.040376,1.026480781,0.040376,1.066456088,0.040376,1.147610028,0.040376,0.861794399
0.040476,0.209564424,0.040476,1.168149856,0.040476,1.059536632,0.040476,1.251407937,0.040476,0.948920907
0.040576,0.498653351,0.040576,1.267727756,0.040576,1.112502665,0.040576,1.160531118,0.040576,0.982425174
0.040676,0.539914933,0.040676,1.186211497,0.040676,0.993687914,0.040676,1.196012176,0.040676,1.039421974
0.040776,0.531399943,0.040776,1.195235162,0.040776,1.021788049,0.040776,1.102701613,0.040776,1.093305713
0.040876,0.630885925,0.040876,1.308929784,0.040876,1.088914141,0.040876,1.156172969,0.040876,0.815976856
0.040976,0.615633424,0.040976,1.252950096,0.040976,1.225729371,0.040976,1.181610937,0.040976,0.852902782
0.041076,0.763776183,0.041076,1.322702661,0.041076,1.373164154,0.041076,1.05490497,0.041076,0.862367982
0.041176,0.84846255,0.041176,1.246149035,0.041176,1.295404623,0.041176,1.156641901,0.041176,0.958655263
0.041276,0.773446183,0.041276,1.2681193,0.041276,1.221987028,0.041276,1.022407828,0.041276,1.062157763
0.041376,0.862729839,0.041376,1.397490128,0.041376,1.153278581,0.041376,0.943486285,0.041376,0.946631215
0.041476,0.724577715,0.041476,1.517040618,0.041476,1.279818621,0.041476,1.060433424,0.041476,0.901874018
0.041576,0.927989373,0.041576,1.531548793,0.041576,1.430600561,0.041576,1.137824835,0.041576,0.94173791
0.041676,0.791228304,0.041676,1.438938576,0.041676,1.354196917,0.041676,0.9900563,0.041676,1.118953769
0.041776,0.886486863,0.041776,1.613507688,0.041776,1.356829407,0.041776,1.151483713,0.041776,1.049377424
0.041876,0.916740754,0.041876,1.581839426,0.041876,1.392813452,0.041876,1.21497199,0.041876,1.122151463
0.041976,0.960355624,0.041976,1.571904176,0.041976,1.281570056,0.041976,1.295205395,0.041976,1.162020279
0.042076,1.057543547,0.042076,1.525763809,0.042076,1.560234127,0.042076,1.27113873,0.042076,1.20887969
0.042176,1.045645828,0.042176,1.634674118,0.042176,1.593522128,0.042176,1.191235812,0.042176,1.245226292
0.042276,1.035046489,0.042276,1.603091399,0.042276,1.605103002,0.042276,1.331784288,0.042276,1.330850653
0.042376,1.108115859,0.042376,1.664458145,0.042376,1.451820418,0.042376,1.442958801,0.042376,1.280171174
0.042476,1.134540625,0.042476,1.690304157,0.042476,1.527324588,0.042476,1.441624077,0.042476,1.242604432
0.042576,1.393080069,0.042576,1.580819116,0.042576,1.520828622,0.042576,1.426057722,0.042576,1.372760724
0.042676,1.350026832,0.042676,1.659749525,0.042676,1.52640746,0.042676,1.46034254,0.042676,1.210545792
0.042776,1.385372305,0.042776,1.794597544,0.042776,1.770751089,0.042776,1.470001739,0.042776,1.421562692
0.042876,1.294440559,0.042876,1.713792258,0.042876,1.670022631,0.042876,1.625908377,0.042876,1.254357233
0.042976,1.468606361,0.042976,1.725708612,0.042976,1.390979255,0.042976,1.523488863,0.042976,1.260021727
0.043076,1.405190124,0.043076,1.731328457,0.043076,1.489612555,0.043076,1.558185096,0.043076,1.457281298
0.043176,1.32897106,0.043176,1.905464611,0.043176,1.462278877,0.043176,1.564945678,0.043176,1.401605311
0.043276,1.640509015,0.043276,1.733174039,0.043276,1.527170186,0.043276,1.5337209,0.043276,1.376331083
0.043376,1.556601973,0.043376,1.688230753,0.043376,1.517524928,0.043376,1.524763602,0.043376,1.34169146
0.043476,1.617633004,0.043476,1.728904557,0.043476,1.535694819,0.043476,1.427853993,0.043476,1.497747793
0.043576,1.66673647,0.043576,1.761500837,0.043576,1.496593945,0.043576,1.468744414,0.043576,1.431089598
0.043676,1.70606124,0.043676,1.680126692,0.043676,1.4951516,0.043676,1.33334711,0.043676,1.314833702
0.043776,1.742136135,0.043776,1.757177831,0.043776,1.452683431,0.043776,1.454605106,0.043776,1.472982117
0.043876,1.762198179,0.043876,1.855725672,0.043876,1.571364423,0.043876,1.504331828,0.043876,1.67689219
0.043976,1.937258425,0.043976,1.952026143,0.043976,1.525842521,0.043976,1.531082704,0.043976,1.421842691
0.044076,1.896497173,0.044076,1.828942907,0.044076,1.580384145,0.044076,1.305240281,0.044076,1.292431082
0.044176,2.006834406,0.044176,1.863239795,0.044176,1.521993758,0.044176,1.336796576,0.044176,1.252104763
0.044276,2.00187248,0.044276,1.810702124,0.044276,1.594098196,0.044276,1.576157084,0.044276,1.255091342
0.044376,1.972281371,0.044376,1.8376695,0.044376,1.453761925,0.044376,1.475795139,0.044376,1.346705594
0.044476,2.037987728,0.044476,1.851518427,0.044476,1.514460688,0.044476,1.463092365,0.044476,1.370734181
0.044576,2.086050699,0.044576,1.839276983,0.044576,1.516563984,0.044576,1.302225172,0.044576,1.375860107
0.044676,2.056993281,0.044676,1.732031966,0.044676,1.393705209,0.044676,1.429097425,0.044676,1.398756823
0.044776,2.044241092,0.044776,1.616022202,0.044776,1.531835816,0.044776,1.400268877,0.044776,1.438620968
0.044876,2.135727013,0.044876,1.570600413,0.044876,1.504636768,0.044876,1.267915666,0.044876,1.404405986
0.044976,2.256544684,0.044976,1.673826024,0.044976,1.426689588,0.044976,1.330325249,0.044976,1.433711356
0.045076,2.141046578,0.045076,1.678939515,0.045076,1.429761074,0.045076,1.412008466,0.045076,1.398449222
0.045176,2.040107768,0.045176,1.577211781,0.045176,1.46986166,0.045176,1.307996661,0.045176,1.518601347
0.045276,2.227198524,0.045276,1.61760521,0.045276,1.561177981,0.045276,1.329239954,0.045276,1.386224083
0.045376,2.06073106,0.045376,1.596665545,0.045376,1.499161764,0.045376,1.352625001,0.045376,1.331861515
0.045476,2.135307304,0.045476,1.616169207,0.045476,1.474061424,0.045476,1.254521856,0.045476,1.337455413
0.045576,2.187984917,0.045576,1.59161933,0.045576,1.276178837,0.045576,1.114549242,0.045576,1.390005607
0.045676,2.120543326,0.045676,1.539197355,0.045676,1.44390152,0.045676,1.283938224,0.045676,1.336180877
0.045776,2.145443192,0.045776,1.596297349,0.045776,1.327179625,0.045776,1.301942691,0.045776,1.48545591
0.045876,2.206879228,0.045876,1.467702177,0.045876,1.403532697,0.045876,1.326617143,0.045876,1.323139819
0.045976,2.251375469,0.045976,1.524046337,0.045976,1.344791206,0.045976,1.172571979,0.045976,1.385093516
0.046076,2.28849856,0.046076,1.59291026,0.046076,1.389104218,0.046076,1.205899814,0.046076,1.34052611
0.046176,2.271784471,0.046176,1.610563333,0.046176,1.178014288,0.046176,1.189666597,0.046176,1.363579827
0.046276,2.234920794,0.046276,1.468438863,0.046276,1.198841865,0.046276,1.088324531,0.046276,1.284354099
0.046376,2.192403359,0.046376,1.578690526,0.046376,1.076253908,0.046376,1.133218539,0.046376,1.20231468
0.046476,2.210063642,0.046476,1.60477016,0.046476,0.952376444,0.046476,1.190684486,0.046476,1.209693482
0.046576,2.136619275,0.046576,1.739349368,0.046576,1.172175676,0.046576,1.213737877,0.046576,1.038135996
0.046676,2.139007756,0.046676,1.471475108,0.046676,0.953853587,0.046676,1.060326833,0.046676,1.071260455
0.046776,2.20574205,0.046776,1.554974007,0.046776,1.058678064,0.046776,1.199609238,0.046776,1.262474609
0.046876,2.108709603,0.046876,1.49728416,0.046876,1.005967195,0.046876,1.048517793,0.046876,1.247356605
0.046976,2.047149062,0.046976,1.407164669,0.046976,0.924672068,0.046976,1.085942509,0.046976,1.209923072
0.047076,1.941428931,0.047076,1.448240352,0.047076,1.076048699,0.047076,1.053152853,0.047076,1.117438789
0.047176,1.92525113,0.047176,1.448692999,0.047176,0.908573835,0.047176,1.059329977,0.047176,1.007003166
0.047276,1.863651625,0.047276,1.4826474,0.047276,0.969725357,0.047276,0.916438135,0.047276,0.885876031
0.047376,1.904467278,0.047376,1.339999101,0.047376,0.882844711,0.047376,1.083797762,0.047376,0.8674095
0.047476,1.683236387,0.047476,1.473015902,0.047476,0.772305593,0.047476,1.009938895,0.047476,0.840015993
0.047576,1.740878309,0.047576,1.266760986,0.047576,0.834154179,0.047576,1.053997637,0.047576,1.181965284
0.047676,1.843023477,0.047676,1.271108595,0.047676,0.824592333,0.047676,1.192772605,0.047676,0.884220842
0.047776,1.851706597,0.047776,1.32414296,0.047776,0.838629008,0.047776,1.008558363,0.047776,1.012540541
0.047876,1.843273089,0.047876,1.236348523,0.047876,0.715081728,0.047876,1.076801912,0.047876,1.079295051
0.047976,1.808974991,0.047976,1.221016305,0.047976,0.766655468,0.047976,0.916968917,0.047976,0.848474092
0.048076,1.79487108,0.048076,1.100727332,0.048076,0.701478937,0.048076,1.04456426,0.048076,1.045934332
0.048176,1.630642363,0.048176,1.129388376,0.048176,0.680731117,0.048176,1.113879823,0.048176,0.889046975
0.048276,1.537250684,0.048276,0.964338484,0.048276,0.590477936,0.048276,1.069156831,0.048276,1.09195602
0.048376,1.61492897,0.048376,1.042416111,0.048376,0.557818582,0.048376,0.852410697,0.048376,1.11845496
0.048476,1.648192581,0.048476,0.806928721,0.048476,0.679380775,0.048476,0.887954161,0.048476,1.16471209
0.048576,1.519627279,0.048576,0.699865816,0.048576,0.61332647,0.048576,0.93411419,0.048576,0.973780676
0.048676,1.584531612,0.048676,0.808694813,0.048676,0.613412059,0.048676,0.994396649,0.048676,1.101453796
0.048776,1.530532684,0.048776,0.627616128,0.048776,0.646928053,0.048776,0.954115054,0.048776,0.900815612
0.048876,1.500025333,0.048876,0.538861175,0.048876,0.604307981,0.048876,0.995435373,0.048876,0.831074685
0.048976,1.437036375,0.048976,0.532340686,0.048976,0.513064688,0.048976,0.999712489,0.048976,0.898871038
0.049076,1.303896255,0.049076,0.55919135,0.049076,0.634893727,0.049076,0.780559163,0.049076,0.893766778
0.049176,1.352359966,0.049176,0.520063253,0.049176,0.699819398,0.049176,0.634689263,0.049176,0.91867594
0.049276,1.319579123,0.049276,0.429693791,0.049276,0.579226109,0.049276,0.697994812,0.049276,0.827065907
0.049376,1.257572779,0.049376,0.395740474,0.049376,0.612372369,0.049376,0.766887501,0.049376,0.741512511
0.049476,1.139999535,0.049476,0.454902088,0.049476,0.651521562,0.049476,0.683250483,0.049476,0.600212091
0.049576,1.009779577,0.049576,0.311322994,0.049576,0.412070189,0.049576,0.758711441,0.049576,0.731146277
0.049676,1.057785395,0.049676,0.339280441,0.049676,0.425729167,0.049676,0.772898364,0.049676,0.570594242
0.049776,0.921683822,0.049776,0.358536766,0.049776,0.487800648,0.049776,0.643676172,0.049776,0.63042655
0.049876,0.758737002,0.049876,0.281160593,0.049876,0.516189228,0.049876,0.528630687,0.049876,0.804098241
0.049976,0.72867617,0.049976,0.431613893,0.049976,0.48608153,0.049976,0.433407279,0.049976,0.662796778
0.050076,0.597643404,0.050076,0.345038843,0.050076,0.366441255,0.050076,0.572469043,0.050076,0.729862699
0.050176,0.700884115,0.050176,0.389880995,0.050176,0.346649946,0.050176,0.529114524,0.050176,0.794936894
0.050276,0.59330217,0.050276,0.476397077,0.050276,0.438844892,0.050276,0.752453555,0.050276,0.72479519
0.050376,0.446962149,0.050376,0.386535309,0.050376,0.465539001,0.050376,0.523638527,0.050376,0.564444606
0.050476,0.484073706,0.050476,0.488434223,0.050476,0.363875441,0.050476,0.492042741,0.050476,0.672969144
0.050576,0.331287253,0.050576,0.430809856,0.050576,0.4306086,0.050576,0.683322031,0.050576,0.78821746
0.050676,0.293663243,0.050676,0.516735458,0.050676,0.489851473,0.050676,0.501986466,0.050676,0.886974456
0.050776,0.360367152,0.050776,0.501387243,0.050776,0.440110352,0.050776,0.679758455,0.050776,0.928385587
0.050876,0.248487177,0.050876,0.468858716,0.050876,0.405332112,0.050876,0.596576247,0.050876,0.834552284
0.050976,0.335720677,0.050976,0.468492007,0.050976,0.551818758,0.050976,0.491925438,0.050976,0.837815727
0.051076,0.276685846,0.051076,0.521991794,0.051076,0.583162113,0.051076,0.491765057,0.051076,0.985454958
0.051176,0.175395987,0.051176,0.512714935,0.051176,0.804009501,0.051176,0.508179712,0.051176,1.069510741
0.051276,0.1321796,0.051276,0.481457675,0.051276,0.856393167,0.051276,0.354269274,0.051276,1.067492997
0.051376,0.089558344,0.051376,0.56038669,0.051376,0.732737467,0.051376,0.522301458,0.051376,0.958848205
0.051476,0.09767098,0.051476,0.478763677,0.051476,0.797947636,0.051476,0.619604726,0.051476,0.929284172
0.051576,0.101159313,0.051576,0.562587563,0.051576,0.770762377,0.051576,0.63831563,0.051576,0.940010109
0.051676,-0.034232337,0.051676,0.651411682,0.051676,0.757873557,0.051676,0.714518468,0.051676,1.026914511
0.051776,0.053792089,0.051776,0.527754621,0.051776,1.002370464,0.051776,0.564571729,0.051776,1.13826086
0.051876,0.034909496,0.051876,0.551474835,0.051876,0.769626508,0.051876,0.562477316,0.051876,1.06753662
0.051976,0.258151131,0.051976,0.471152568,0.051976,0.8287635,0.051976,0.546324859,0.051976,1.187346047
0.052076,0.115811367,0.052076,0.472091479,0.052076,0.823553489,0.052076,0.769682517,0.052076,1.030281368
0.052176,0.094578151,0.052176,0.392085658,0.052176,0.999728516,0.052176,0.615301631,0.052176,1.145699155
0.052276,0.174527494,0.052276,0.461863983,0.052276,0.981028788,0.052276,0.702433553,0.052276,1.18402682
0.052376,0.300447757,0.052376,0.601544487,0.052376,0.881726674,0.052376,0.766587712,0.052376,1.012847412
0.052476,0.144497484,0.052476,0.630640092,0.052476,1.084254655,0.052476,0.701590513,0.052476,1.145819052
0.052576,0.133337463,0.052576,0.641111686,0.052576,1.014490432,0.052576,0.684020876,0.052576,1.164329915
0.052676,0.252509476,0.052676,0.605699815,0.052676,1.021798418,0.052676,0.862640555,0.052676,1.114961089
0.052776,0.297477321,0.052776,0.740272775,0.052776,1.110499236,0.052776,0.942721446,0.052776,1.285683568
0.052876,0.33201573,0.052876,0.803963649,0.052876,0.973614608,0.052876,1.013561384,0.052876,1.281203903
0.052976,0.436787101,0.052976,0.893337958,0.052976,1.175032399,0.052976,1.138165666,0.052976,1.319926063
0.053076,0.48409178,0.053076,0.783411784,0.053076,1.026261607,0.053076,1.040836912,0.053076,1.271821239
0.053176,0.541558201,0.053176,1.024680195,0.053176,1.14803281,0.053176,1.189212236,0.053176,1.292057061
0.053276,0.505651777,0.053276,1.039263134,0.053276,1.064334426,0.053276,1.131952806,0.053276,1.366571646
0.053376,0.420854286,0.053376,1.112574032,0.053376,1.218443076,0.053376,1.076434346,0.053376,1.320560578
0.053476,0.577252767,0.053476,1.26797371,0.053476,1.125620776,0.053476,1.209473493,0.053476,1.329610766
0.053576,0.6741724,0.053576,1.314124446,0.053576,1.258281733,0.053576,1.228450695,0.053576,1.491472178
0.053676,0.646979895,0.053676,1.299726742,0.053676,1.410826887,0.053676,1.287688548,0.053676,1.492979198
0.053776,0.784575281,0.053776,1.238821915,0.053776,1.501366548,0.053776,1.347129445,0.053776,1.658760639
0.053876,0.847481312,0.053876,1.466140035,0.053876,1.345943862,0.053876,1.230480599,0.053876,1.503220507
0.053976,0.778321912,0.053976,1.442219467,0.053976,1.391952113,0.053976,1.383809441,0.053976,1.531884961
0.054076,0.865298773,0.054076,1.416657466,0.054076,1.32276314,0.054076,1.47726187,0.054076,1.411485143
0.054176,0.976208678,0.054176,1.405225628,0.054176,1.567551407,0.054176,1.491214073,0.054176,1.556935656
0.054276,1.031681591,0.054276,1.613285998,0.054276,1.581368532,0.054276,1.383589388,0.054276,1.619377108
0.054376,1.174725512,0.054376,1.55359363,0.054376,1.323414452,0.054376,1.575103646,0.054376,1.523017631
0.054476,1.09608683,0.054476,1.743403955,0.054476,1.730508723,0.054476,1.674317815,0.054476,1.803530172
0.054576,1.273176371,0.054576,1.770243677,0.054576,1.524747003,0.054576,1.579358967,0.054576,1.774905206
0.054676,1.299424695,0.054676,1.66796845,0.054676,1.574082731,0.054676,1.628807265,0.054676,1.697414026
0.054776,1.250283935,0.054776,1.678745698,0.054776,1.606993098,0.054776,1.721011049,0.054776,1.759796773
0.054876,1.446955109,0.054876,1.726106787,0.054876,1.587765915,0.054876,1.790370315,0.054876,1.833157849
0.054976,1.401090207,0.054976,1.829033262,0.054976,1.6541915,0.054976,1.813366058,0.054976,1.683903309
0.055076,1.393966618,0.055076,1.945823339,0.055076,1.736692904,0.055076,1.692275308,0.055076,1.738524065
0.055176,1.570294955,0.055176,1.901659066,0.055176,1.82789687,0.055176,1.719353882,0.055176,1.631601656
0.055276,1.598064187,0.055276,1.883767279,0.055276,1.925458832,0.055276,1.899185181,0.055276,1.721018007
0.055376,1.661307527,0.055376,2.023840514,0.055376,1.948428271,0.055376,2.058862237,0.055376,1.616132683
0.055476,1.838902284,0.055476,2.053646348,0.055476,1.777235247,0.055476,2.008186272,0.055476,1.792488932
0.055576,1.864578096,0.055576,1.967989017,0.055576,2.042075223,0.055576,1.884384031,0.055576,1.93794037
0.055676,1.838071746,0.055676,2.153556156,0.055676,1.928182816,0.055676,2.123061522,0.055676,1.967923739
0.055776,1.862682716,0.055776,2.096329648,0.055776,2.097056678,0.055776,2.040374603,0.055776,1.920501784
0.055876,2.076671147,0.055876,2.211519827,0.055876,2.281538758,0.055876,2.222974573,0.055876,2.00434456
0.055976,2.206147655,0.055976,2.351926149,0.055976,2.133754183,0.055976,2.234328525,0.055976,2.156463235
0.056076,2.314229209,0.056076,2.294032761,0.056076,2.014931123,0.056076,2.129524437,0.056076,2.212223069
0.056176,2.246848641,0.056176,2.422628913,0.056176,2.013643062,0.056176,2.192255505,0.056176,2.152584401
0.056276,2.247185365,0.056276,2.33001465,0.056276,2.240901029,0.056276,2.083497157,0.056276,2.363005622
0.056376,2.30674853,0.056376,2.440926366,0.056376,2.254525892,0.056376,2.414325586,0.056376,2.418270807
0.056476,2.479214784,0.056476,2.488040024,0.056476,2.329629659,0.056476,2.480589291,0.056476,2.200028368
0.056576,2.339550849,0.056576,2.604988912,0.056576,2.202190654,0.056576,2.459865762,0.056576,2.322328986
0.056676,2.476422517,0.056676,2.755078448,0.056676,2.409942243,0.056676,2.422539073,0.056676,2.316839197
0.056776,2.555912857,0.056776,2.71531458,0.056776,2.409148004,0.056776,2.292403344,0.056776,2.280131432
0.056876,2.433235466,0.056876,2.762754108,0.056876,2.396949321,0.056876,2.535769451,0.056876,2.227232142
0.056976,2.556323798,0.056976,2.651053301,0.056976,2.559555053,0.056976,2.672217356,0.056976,2.254197678
0.057076,2.666208363,0.057076,2.836053984,0.057076,2.509964477,0.057076,2.594679531,0.057076,2.48573278
0.057176,2.757054957,0.057176,2.667504875,0.057176,2.61431306,0.057176,2.613764746,0.057176,2.67388893
0.057276,2.785022704,0.057276,2.894228202,0.057276,2.560429656,0.057276,2.648095995,0.057276,2.482795013
0.057376,2.867997887,0.057376,2.824216175,0.057376,2.652140474,0.057376,2.660794867,0.057376,2.525796534
0.057476,2.880179052,0.057476,2.93984219,0.057476,2.633249228,0.057476,2.758233798,0.057476,2.453346927
0.057576,2.976351952,0.057576,3.001912345,0.057576,2.549618965,0.057576,2.837478439,0.057576,2.516135443
0.057676,2.989077763,0.057676,2.931658816,0.057676,2.792202189,0.057676,2.879304641,0.057676,2.765435426
0.057776,3.229383785,0.057776,2.910893744,0.057776,2.705271133,0.057776,2.936553893,0.057776,2.601358999
0.057876,3.206577372,0.057876,2.920313289,0.057876,2.818412413,0.057876,2.986872152,0.057876,2.771196032
0.057976,3.169541155,0.057976,3.060128774,0.057976,2.888525088,0.057976,2.782252384,0.057976,2.71317207
0.058076,3.428248677,0.058076,3.08873315,0.058076,2.756380049,0.058076,2.984635116,0.058076,2.83095555
0.058176,3.493980078,0.058176,3.188326904,0.058176,2.795039222,0.058176,3.014251799,0.058176,2.677780597
0.058276,3.513773035,0.058276,3.151569077,0.058276,2.732347722,0.058276,2.903319343,0.058276,2.781241584
0.058376,3.615091391,0.058376,3.273456792,0.058376,2.854532232,0.058376,3.111794653,0.058376,2.845764433
0.058476,3.62298748,0.058476,2.994025058,0.058476,2.873412198,0.058476,2.990603499,0.058476,2.816338871
0.058576,3.712897325,0.058576,3.183542813,0.058576,2.901461159,0.058576,3.065810504,0.058576,2.921479544
0.058676,3.66898378,0.058676,3.275566132,0.058676,2.844633397,0.058676,3.073834322,0.058676,3.087581196
0.058776,3.899312267,0.058776,3.134698257,0.058776,2.927607518,0.058776,3.118678669,0.058776,3.161823707
0.058876,3.785854956,0.058876,3.375605249,0.058876,2.910526661,0.058876,3.036255201,0.058876,2.954942816
0.058976,3.84315255,0.058976,3.309491872,0.058976,3.00267277,0.058976,3.183225837,0.058976,3.213384692
0.059076,3.901879637,0.059076,3.479781312,0.059076,3.074155043,0.059076,3.177925342,0.059076,3.030411892
0.059176,3.874607228,0.059176,3.463837316,0.059176,3.234095419,0.059176,3.105354394,0.059176,3.263516747
0.059276,3.965203332,0.059276,3.416742677,0.059276,3.212944854,0.059276,3.244082895,0.059276,3.360807251
0.059376,4.120672522,0.059376,3.554034387,0.059376,3.205715256,0.059376,3.376562632,0.059376,3.36878688
0.059476,4.18298963,0.059476,3.644429352,0.059476,3.249979001,0.059476,3.260047587,0.059476,3.471532078
0.059576,4.176024673,0.059576,3.565272685,0.059576,3.212392687,0.059576,3.25021757,0.059576,3.53268423
0.059676,4.215099435,0.059676,3.661443981,0.059676,3.238863825,0.059676,3.40899096,0.059676,3.339774276
0.059776,4.152243002,0.059776,3.671636389,0.059776,3.428071784,0.059776,3.370708612,0.059776,3.489897479
0.059876,4.208094552,0.059876,3.785887695,0.059876,3.157404317,0.059876,3.405738285,0.059876,3.482860797
0.059976,4.28890814,0.059976,3.704592225,0.059976,3.418740875,0.059976,3.529314914,0.059976,3.435808349
0.060076,4.250865555,0.060076,3.67660686,0.060076,3.240710282,0.060076,3.640466967,0.060076,3.616560057
0.060176,4.274696575,0.060176,3.761450915,0.060176,3.44160095,0.060176,3.613878168,0.060176,3.393137843
0.060276,4.338316418,0.060276,3.893839966,0.060276,3.357286078,0.060276,3.712426207,0.060276,3.554346041
0.060376,4.379240912,0.060376,4.008744022,0.060376,3.298282413,0.060376,3.523716624,0.060376,3.456222709
0.060476,4.535165353,0.060476,3.785491479,0.060476,3.539560374,0.060476,3.688619974,0.060476,3.559638957
0.060576,4.475593107,0.060576,3.864653218,0.060576,3.727195839,0.060576,3.68975587,0.060576,3.604314647
0.060676,4.45692832,0.060676,3.696848438,0.060676,3.43968417,0.060676,3.775294876,0.060676,3.358549914
0.060776,4.517774653,0.060776,3.848340784,0.060776,3.673330396,0.060776,3.951689662,0.060776,3.766417009
0.060876,4.667205811,0.060876,3.818959635,0.060876,3.690504371,0.060876,3.845384007,0.060876,3.510325359
0.060976,4.697030567,0.060976,3.926179963,0.060976,3.652773921,0.060976,3.867820963,0.060976,3.642969871
0.061076,4.71747762,0.061076,4.037933428,0.061076,3.79674968,0.061076,3.968672967,0.061076,3.613330807
0.061176,4.690680822,0.061176,4.002449578,0.061176,3.856150933,0.061176,3.862865561,0.061176,3.623916442
0.061276,4.620466036,0.061276,3.905497123,0.061276,3.874463586,0.061276,4.135412401,0.061276,3.550996935
0.061376,4.70078788,0.061376,4.158424683,0.061376,3.761495976,0.061376,4.008734747,0.061376,3.674899993
0.061476,4.779017681,0.061476,4.065026419,0.061476,3.928795986,0.061476,4.016438852,0.061476,3.570357529
0.061576,4.754178979,0.061576,4.076377114,0.061576,4.192090754,0.061576,3.869459331,0.061576,3.621629868
0.061676,4.702458953,0.061676,4.051755968,0.061676,3.93267903,0.061676,3.808317514,0.061676,3.763351627
0.061776,4.959532679,0.061776,4.107008733,0.061776,4.027307934,0.061776,3.698994564,0.061776,3.638828904
0.061876,4.922364607,0.061876,4.127453027,0.061876,3.844496151,0.061876,4.026588622,0.061876,3.834634447
0.061976,5.026591514,0.061976,4.233511549,0.061976,4.037839465,0.061976,3.81041357,0.061976,3.815390757
0.062076,4.98827562,0.062076,3.979899343,0.062076,4.083850797,0.062076,3.947678166,0.062076,3.915019125
0.062176,5.003656535,0.062176,4.199635312,0.062176,4.077273848,0.062176,3.999901538,0.062176,3.871934984
0.062276,5.100386136,0.062276,4.12526016,0.062276,4.128602813,0.062276,3.750949116,0.062276,4.050409085
0.062376,5.136633627,0.062376,4.258574973,0.062376,4.217404009,0.062376,3.688807496,0.062376,3.919752069
0.062476,5.204388653,0.062476,4.323292885,0.062476,4.092477277,0.062476,3.674127278,0.062476,4.01950597
0.062576,5.072070926,0.062576,4.338711486,0.062576,4.363088754,0.062576,3.784653524,0.062576,3.972441136
0.062676,5.167506213,0.062676,4.455031956,0.062676,4.175331561,0.062676,3.921400357,0.062676,3.800032854
0.062776,5.053366829,0.062776,4.304445365,0.062776,4.342183931,0.062776,3.959413647,0.062776,3.820098481
0.062876,5.108526954,0.062876,4.290973149,0.062876,4.250047425,0.062876,3.954628452,0.062876,3.873607687
0.062976,5.131280834,0.062976,4.420004489,0.062976,4.291036832,0.062976,4.009445494,0.062976,3.919435665
0.063076,5.182805534,0.063076,4.432518533,0.063076,4.278021157,0.063076,4.042215885,0.063076,4.100177564
0.063176,5.03784114,0.063176,4.338403506,0.063176,4.347042201,0.063176,3.881602867,0.063176,3.763889958
0.063276,4.911394024,0.063276,4.3317233,0.063276,4.335655738,0.063276,4.070518609,0.063276,3.798582737
0.063376,4.94552716,0.063376,4.424675208,0.063376,4.317669002,0.063376,4.105554532,0.063376,4.040979875
0.063476,4.939297271,0.063476,4.366920172,0.063476,4.395237817,0.063476,4.042093496,0.063476,3.807423323
0.063576,5.008993218,0.063576,4.442132827,0.063576,4.256952245,0.063576,4.089320413,0.063576,3.786772582
0.063676,4.929063414,0.063676,4.497970548,0.063676,4.421399778,0.063676,4.219978711,0.063676,3.616575677
0.063776,4.896187842,0.063776,4.474646368,0.063776,4.303423039,0.063776,4.104254656,0.063776,4.045741916
0.063876,4.935893143,0.063876,4.358540342,0.063876,4.453684506,0.063876,4.259580866,0.063876,3.827496547
0.063976,4.785432236,0.063976,4.410924355,0.063976,4.350721799,0.063976,4.093698044,0.063976,4.153329684
0.064076,4.865725406,0.064076,4.507249004,0.064076,4.530197975,0.064076,4.207741648,0.064076,3.958558453
0.064176,4.897479933,0.064176,4.421768414,0.064176,4.673905389,0.064176,4.198220444,0.064176,3.955285922
0.064276,4.882400661,0.064276,4.400033675,0.064276,4.391136756,0.064276,4.255050152,0.064276,4.128750073
0.064376,4.924785483,0.064376,4.544684733,0.064376,4.571195556,0.064376,4.247588865,0.064376,4.228454162
0.064476,4.818943467,0.064476,4.322926129,0.064476,4.429076751,0.064476,4.248738824,0.064476,4.006321002
0.064576,4.731159276,0.064576,4.522838474,0.064576,4.409516464,0.064576,4.240638861,0.064576,4.063702877
0.064676,4.782693819,0.064676,4.556928513,0.064676,4.434576101,0.064676,4.129395712,0.064676,3.934964056
0.064776,4.608998088,0.064776,4.478367521,0.064776,4.444790805,0.064776,4.178270938,0.064776,3.97909639
0.064876,4.680535985,0.064876,4.5211881,0.064876,4.410962739,0.064876,4.011938231,0.064876,3.731653965
0.064976,4.436115237,0.064976,4.474199832,0.064976,4.75591429,0.064976,4.109623878,0.064976,3.926622615
0.065076,4.408670677,0.065076,4.44128621,0.065076,4.650440991,0.065076,3.921170483,0.065076,3.771469863
0.065176,4.398742054,0.065176,4.47402344,0.065176,4.540816368,0.065176,4.010411722,0.065176,3.983416834
0.065276,4.333142987,0.065276,4.476473455,0.065276,4.509656367,0.065276,3.833035171,0.065276,4.046590626
0.065376,4.197642443,0.065376,4.375305007,0.065376,4.688174671,0.065376,4.007012249,0.065376,3.973154996
0.065476,4.267115666,0.065476,4.42198735,0.065476,4.537020334,0.065476,4.07156808,0.065476,3.873211986
0.065576,4.163176992,0.065576,4.37390667,0.065576,4.779538383,0.065576,3.940302217,0.065576,3.852690307
0.065676,4.029866463,0.065676,4.42624135,0.065676,4.500471511,0.065676,3.97814929,0.065676,3.778983575
0.065776,3.913239608,0.065776,4.440122573,0.065776,4.356655485,0.065776,3.831950668,0.065776,3.801510434
0.065876,3.860652039,0.065876,4.493540502,0.065876,4.501491607,0.065876,4.039216952,0.065876,3.89632893
0.065976,3.779329223,0.065976,4.514193456,0.065976,4.527305294,0.065976,3.899627546,0.065976,3.813420254
0.066076,3.740044756,0.066076,4.398816888,0.066076,4.531965594,0.066076,3.889899449,0.066076,3.753600784
0.066176,3.63132929,0.066176,4.492727671,0.066176,4.529471123,0.066176,3.766859983,0.066176,3.771937796
0.066276,3.677869784,0.066276,4.522942797,0.066276,4.264843147,0.066276,3.93792571,0.066276,3.696014969
0.066376,3.497336333,0.066376,4.379721391,0.066376,4.408876901,0.066376,3.984218973,0.066376,3.685168198
0.066476,3.255326633,0.066476,4.431103458,0.066476,4.252944976,0.066476,3.92568691,0.066476,3.481487385
0.066576,3.363020256,0.066576,4.478400389,0.066576,4.315404595,0.066576,3.742684704,0.066576,3.613374724
0.066676,3.329525585,0.066676,4.595807385,0.066676,4.251038596,0.066676,3.950156264,0.066676,3.641510865
0.066776,3.255788456,0.066776,4.426804617,0.066776,4.227676872,0.066776,3.853746457,0.066776,3.594700406
0.066876,3.08936184,0.066876,4.353392318,0.066876,4.297642785,0.066876,3.688098662,0.066876,3.622792836
0.066976,3.041797689,0.066976,4.177035871,0.066976,4.325419592,0.066976,3.939148008,0.066976,3.544595737
0.067076,3.011662861,0.067076,4.068512049,0.067076,4.110635412,0.067076,3.953840885,0.067076,3.749765748
0.067176,2.829546895,0.067176,4.06870259,0.067176,4.321274554,0.067176,3.887486419,0.067176,3.854375441
0.067276,2.704737303,0.067276,3.973808767,0.067276,4.127335727,0.067276,3.792780009,0.067276,3.761087548
0.067376,2.802617125,0.067376,3.886394018,0.067376,4.146515938,0.067376,3.86376066,0.067376,3.802634561
0.067476,2.768642696,0.067476,3.986270547,0.067476,4.051069791,0.067476,3.76875351,0.067476,3.763163632
0.067576,2.57896212,0.067576,3.816874846,0.067576,4.088112636,0.067576,3.644885424,0.067576,3.754577108
0.067676,2.675679605,0.067676,3.866579982,0.067676,4.028294009,0.067676,3.650177089,0.067676,3.741193813
0.067776,2.598401394,0.067776,3.859024438,0.067776,3.910662585,0.067776,3.575290027,0.067776,3.881065479
0.067876,2.553808492,0.067876,3.852031444,0.067876,3.91053277,0.067876,3.68849644,0.067876,3.893568021
0.067976,2.495285981,0.067976,3.798990725,0.067976,3.929901534,0.067976,3.532032742,0.067976,4.143294059
0.068076,2.353273721,0.068076,3.891899291,0.068076,3.847426341,0.068076,3.623646769,0.068076,4.087089498
0.068176,2.315399725,0.068176,3.650397953,0.068176,3.937503896,0.068176,3.273943465,0.068176,4.064647379
0.068276,2.428969411,0.068276,3.64911692,0.068276,3.718552661,0.068276,3.519854806,0.068276,3.86548153
0.068376,2.43749439,0.068376,3.740318454,0.068376,3.74819487,0.068376,3.382498807,0.068376,4.156673114
0.068476,2.462525872,0.068476,3.579888521,0.068476,3.467950767,0.068476,3.317427551,0.068476,4.044291919
0.068576,2.462533743,0.068576,3.452722797,0.068576,3.421885259,0.068576,3.385264408,0.068576,4.059495664
0.068676,2.360674128,0.068676,3.406120668,0.068676,3.285829041,0.068676,3.231673943,0.068676,4.004343296
0.068776,2.407078432,0.068776,3.267517317,0.068776,3.255099373,0.068776,3.074997203,0.068776,4.086850622
0.068876,2.392993668,0.068876,3.285557123,0.068876,3.238996253,0.068876,3.114332473,0.068876,4.119273654
0.068976,2.566397066,0.068976,3.434486559,0.068976,2.913217341,0.068976,3.0620325,0.068976,4.020427593
0.069076,2.462994898,0.069076,3.174419414,0.069076,3.097822596,0.069076,2.924419384,0.069076,4.002794238
0.069176,2.545271472,0.069176,3.054816449,0.069176,2.981584405,0.069176,3.160513108,0.069176,4.101147938
0.069276,2.446673394,0.069276,3.020998536,0.069276,2.897213505,0.069276,3.137981667,0.069276,4.083903999
0.069376,2.46773608,0.069376,2.984566295,0.069376,3.066109127,0.069376,2.995011333,0.069376,4.158774169
0.069476,2.507212106,0.069476,2.830275942,0.069476,2.899410438,0.069476,3.050566836,0.069476,4.11957083
0.069576,2.45908387,0.069576,2.844666202,0.069576,2.953856821,0.069576,3.060585353,0.069576,4.239854888
0.069676,2.511134418,0.069676,2.703911358,0.069676,2.811902485,0.069676,3.014774159,0.069676,4.327353727
0.069776,2.431605605,0.069776,2.715804069,0.069776,2.754712936,0.069776,3.126353559,0.069776,4.188644675
0.069876,2.575797824,0.069876,2.806462769,0.069876,2.934760499,0.069876,2.998194837,0.069876,4.138647569
0.069976,2.567545093,0.069976,2.755861438,0.069976,2.674231644,0.069976,3.151381715,0.069976,4.28272193
0.070076,2.658071877,0.070076,2.7149522,0.070076,2.728274556,0.070076,3.105491307,0.070076,4.364967656
0.070176,2.724507155,0.070176,2.697559382,0.070176,2.835223191,0.070176,3.208398674,0.070176,4.301783351
0.070276,2.685515255,0.070276,2.692816192,0.070276,2.998783026,0.070276,3.153280609,0.070276,4.288275044
0.070376,2.758712678,0.070376,2.627916906,0.070376,2.695554127,0.070376,3.165212446,0.070376,4.288141288
0.070476,2.817326037,0.070476,2.523915898,0.070476,2.743671944,0.070476,3.167504451,0.070476,4.363686537
0.070576,2.824566068,0.070576,2.713518087,0.070576,2.798118549,0.070576,3.131351977,0.070576,4.426221056
0.070676,2.868391952,0.070676,2.693552115,0.070676,2.74536198,0.070676,3.054537726,0.070676,4.373185749
0.070776,2.876497715,0.070776,2.62110584,0.070776,2.643115658,0.070776,3.122964197,0.070776,4.561977613
0.070876,3.00864427,0.070876,2.657588346,0.070876,2.765023799,0.070876,3.196883781,0.070876,4.480038285
0.070976,2.998801407,0.070976,2.660979085,0.070976,2.627859576,0.070976,3.142984019,0.070976,4.566679821
0.071076,3.064730413,0.071076,2.738177744,0.071076,2.595913723,0.071076,3.082973171,0.071076,4.5260044
0.071176,3.114150582,0.071176,2.876196965,0.071176,2.66588167,0.071176,3.202858155,0.071176,4.680377157
0.071276,3.175635641,0.071276,2.954312895,0.071276,2.66885799,0.071276,3.288248739,0.071276,4.542956354
0.071376,3.0613634,0.071376,3.006273572,0.071376,2.639616435,0.071376,3.384730206,0.071376,4.702509414
0.071476,3.212220182,0.071476,3.154416801,0.071476,2.760076498,0.071476,3.253154737,0.071476,4.672068108
0.071576,3.067407568,0.071576,3.074518162,0.071576,2.766068303,0.071576,3.333469644,0.071576,4.855177493
0.071676,3.291466281,0.071676,3.164861094,0.071676,2.967830241,0.071676,3.355492374,0.071676,4.715463882
0.071776,3.420687748,0.071776,3.080113067,0.071776,2.942873338,0.071776,3.453205885,0.071776,4.713190964
0.071876,3.412269889,0.071876,3.140917981,0.071876,2.914308187,0.071876,3.471104075,0.071876,4.677208933
0.071976,3.447697158,0.071976,3.13710664,0.071976,2.866203252,0.071976,3.433878847,0.071976,4.794205668
0.072076,3.50468385,0.072076,3.157574875,0.072076,2.854506303,0.072076,3.507484866,0.072076,4.735722876
0.072176,3.500685128,0.072176,3.226463502,0.072176,3.030633004,0.072176,3.416635517,0.072176,4.83790269
0.072276,3.716725363,0.072276,3.346529113,0.072276,3.03345644,0.072276,3.530146757,0.072276,4.929968455
0.072376,3.631166399,0.072376,3.175143752,0.072376,3.243701329,0.072376,3.692185014,0.072376,5.124723893
0.072476,3.89379364,0.072476,3.544741707,0.072476,3.165938894,0.072476,3.726313863,0.072476,5.013338053
0.072576,3.948818459,0.072576,3.470235791,0.072576,3.186079097,0.072576,3.91537241,0.072576,5.037246982
0.072676,4.003893987,0.072676,3.475310739,0.072676,3.356985864,0.072676,3.863708051,0.072676,5.064048959
0.072776,3.972438438,0.072776,3.577320295,0.072776,3.315874387,0.072776,3.944291859,0.072776,5.223995202
0.072876,4.126142075,0.072876,3.596308505,0.072876,3.357693268,0.072876,3.929345687,0.072876,5.089255444
0.072976,4.205103795,0.072976,3.658816147,0.072976,3.509411668,0.072976,4.032933442,0.072976,5.297482454
0.073076,4.266352764,0.073076,3.737393206,0.073076,3.680831973,0.073076,3.967596701,0.073076,5.338648178
0.073176,4.350539684,0.073176,3.819318362,0.073176,3.713439756,0.073176,4.191191431,0.073176,5.466714995
0.073276,4.305943073,0.073276,3.855644596,0.073276,3.716875631,0.073276,4.294797664,0.073276,5.489490598
0.073376,4.400319663,0.073376,3.808003496,0.073376,3.839816157,0.073376,4.219041929,0.073376,5.388468649
0.073476,4.400888698,0.073476,3.967260804,0.073476,3.895491938,0.073476,4.233855161,0.073476,5.549303213
0.073576,4.478078942,0.073576,4.120401923,0.073576,4.047119838,0.073576,4.48570035,0.073576,5.56080098
0.073676,4.512717955,0.073676,4.168308767,0.073676,3.952687575,0.073676,4.188268925,0.073676,5.766586909
0.073776,4.566730021,0.073776,4.322548947,0.073776,4.042297752,0.073776,4.286048787,0.073776,5.623739062
0.073876,4.833737096,0.073876,4.239884928,0.073876,4.039803825,0.073876,4.437432693,0.073876,5.713396742
0.073976,4.781950582,0.073976,4.529520282,0.073976,4.232289284,0.073976,4.681007133,0.073976,5.786049919
0.074076,4.856206001,0.074076,4.496197783,0.074076,4.29790905,0.074076,4.432959104,0.074076,5.996096499
0.074176,4.813351547,0.074176,4.522408518,0.074176,4.39688033,0.074176,4.486177845,0.074176,5.713778924
0.074276,4.934610032,0.074276,4.550253499,0.074276,4.506613433,0.074276,4.577403218,0.074276,6.143548039
0.074376,4.919829074,0.074376,4.650025763,0.074376,4.442576251,0.074376,4.65592878,0.074376,6.108433851
0.074476,4.983558375,0.074476,4.599725808,0.074476,4.650282663,0.074476,4.633407442,0.074476,5.934482958
0.074576,4.903065262,0.074576,4.699094886,0.074576,4.552782575,0.074576,4.897073304,0.074576,6.041458594
0.074676,5.023609538,0.074676,4.745160044,0.074676,4.596263527,0.074676,4.927543155,0.074676,5.989705658
0.074776,5.212687113,0.074776,4.916391746,0.074776,4.676733074,0.074776,4.715197731,0.074776,6.14633605
0.074876,5.089162163,0.074876,5.036256784,0.074876,4.904099341,0.074876,5.051655444,0.074876,6.049853544
0.074976,5.116402696,0.074976,4.931129251,0.074976,4.826552233,0.074976,4.94897568,0.074976,6.089623775
0.075076,5.248143925,0.075076,5.243762509,0.075076,5.01707646,0.075076,4.876840554,0.075076,6.102131795
0.075176,5.292424824,0.075176,5.087528738,0.075176,5.134663347,0.075176,5.145309178,0.075176,6.27276706
0.075276,5.491677648,0.075276,5.201000544,0.075276,4.998610701,0.075276,5.113372223,0.075276,6.458670116
0.075376,5.518318584,0.075376,5.124722878,0.075376,5.084572374,0.075376,5.284375069,0.075376,6.497907197
0.075476,5.555300536,0.075476,5.229923116,0.075476,5.170625619,0.075476,5.354005849,0.075476,6.595479349
0.075576,5.73509139,0.075576,5.368527577,0.075576,5.134457067,0.075576,5.107484022,0.075576,6.372613675
0.075676,5.792725973,0.075676,5.449377671,0.075676,5.151178018,0.075676,5.290150472,0.075676,6.626136016
0.075776,5.814401588,0.075776,5.480108355,0.075776,5.41346461,0.075776,5.362069078,0.075776,6.615291283
0.075876,5.862950395,0.075876,5.540398845,0.075876,5.428467948,0.075876,5.346881722,0.075876,6.823803118
0.075976,6.022140731,0.075976,5.701624682,0.075976,5.264188143,0.075976,5.583387115,0.075976,6.554842596
0.076076,5.909267271,0.076076,5.731449685,0.076076,5.370016177,0.076076,5.550404588,0.076076,6.843591382
0.076176,6.118797088,0.076176,5.684281361,0.076176,5.555328447,0.076176,5.654064217,0.076176,7.071545747
0.076276,6.126348016,0.076276,5.708463265,0.076276,5.523838723,0.076276,5.518047254,0.076276,6.989674374
0.076376,6.127848661,0.076376,5.791152476,0.076376,5.660982732,0.076376,5.378054718,0.076376,6.894686086
0.076476,6.230975321,0.076476,5.761338147,0.076476,5.604883072,0.076476,5.817563755,0.076476,7.068764775
0.076576,6.166635474,0.076576,5.915559509,0.076576,5.570905438,0.076576,5.60014637,0.076576,6.948564908
0.076676,6.258678536,0.076676,6.050667296,0.076676,5.612578066,0.076676,5.649661406,0.076676,7.062604691
0.076776,6.280789724,0.076776,6.107189866,0.076776,5.783858388,0.076776,5.847911889,0.076776,7.173620989
0.076876,6.455877256,0.076876,6.089523436,0.076876,5.597734994,0.076876,5.86024346,0.076876,7.099167026
0.076976,6.387562483,0.076976,5.931102807,0.076976,5.722116786,0.076976,5.899361982,0.076976,7.082089942
0.077076,6.443574011,0.077076,6.214477377,0.077076,5.766776493,0.077076,5.893309987,0.077076,7.166684701
0.077176,6.589225952,0.077176,6.319161023,0.077176,5.980491465,0.077176,5.836395116,0.077176,7.151059559
0.077276,6.643672942,0.077276,6.380967001,0.077276,5.991903783,0.077276,5.976646835,0.077276,7.089323785
0.077376,6.850637684,0.077376,6.438076827,0.077376,5.893425574,0.077376,5.977338978,0.077376,7.227929249
0.077476,6.840669317,0.077476,6.535317667,0.077476,5.881614082,0.077476,6.2900532,0.077476,7.239836522
0.077576,6.872721364,0.077576,6.437289532,0.077576,6.105550591,0.077576,6.079843559,0.077576,7.067378888
0.077676,6.84628612,0.077676,6.527577898,0.077676,6.160537261,0.077676,6.202449629,0.077676,7.238168799
0.077776,7.107100901,0.077776,6.626093574,0.077776,6.132554501,0.077776,6.41522632,0.077776,7.451729315
0.077876,7.153462977,0.077876,6.631793482,0.077876,6.266529814,0.077876,6.455007147,0.077876,7.358331158
0.077976,7.212339929,0.077976,6.868252203,0.077976,6.249093679,0.077976,6.382617804,0.077976,7.274465985
0.078076,7.27356489,0.078076,6.945173184,0.078076,6.437207991,0.078076,6.466708886,0.078076,7.569488528
0.078176,7.338024863,0.078176,7.012588276,0.078176,6.392968938,0.078176,6.414467568,0.078176,7.425519371
0.078276,7.430442594,0.078276,6.939972246,0.078276,6.325421655,0.078276,6.355332122,0.078276,7.365113909
0.078376,7.390186718,0.078376,7.041324483,0.078376,6.547543975,0.078376,6.751381081,0.078376,7.489172509
0.078476,7.554045189,0.078476,7.157759923,0.078476,6.617040376,0.078476,6.506559323,0.078476,7.442532983
0.078576,7.58096274,0.078576,7.323713672,0.078576,6.792228988,0.078576,6.436689514,0.078576,7.442209025
0.078676,7.505188864,0.078676,7.251804113,0.078676,6.682443219,0.078676,6.62654561,0.078676,7.381301746
0.078776,7.666315272,0.078776,7.296517571,0.078776,6.796785943,0.078776,6.539029466,0.078776,7.504094962
0.078876,7.581406874,0.078876,7.203428596,0.078876,6.762678434,0.078876,6.650194284,0.078876,7.579756661
0.078976,7.746778136,0.078976,7.335260897,0.078976,6.846670914,0.078976,6.693067322,0.078976,7.734117627
0.079076,7.717927098,0.079076,7.214465985,0.079076,6.921596311,0.079076,6.61056677,0.079076,7.734341012
0.079176,7.898799286,0.079176,7.245478786,0.079176,6.936010656,0.079176,6.505617823,0.079176,7.661911073
0.079276,8.023158752,0.079276,7.384984796,0.079276,7.116426909,0.079276,6.880770214,0.079276,7.789322032
0.079376,8.00348967,0.079376,7.307044428,0.079376,6.958098705,0.079376,6.691049904,0.079376,7.804317586
0.079476,8.153872898,0.079476,7.407360565,0.079476,7.16949898,0.079476,6.859825317,0.079476,7.990080013
0.079576,8.106463292,0.079576,7.46343134,0.079576,7.179236892,0.079576,6.861632799,0.079576,7.955227477
0.079676,8.030919098,0.079676,7.330607529,0.079676,7.278902022,0.079676,6.962530712,0.079676,8.058565045
0.079776,8.179448905,0.079776,7.473065715,0.079776,7.302392001,0.079776,6.973527922,0.079776,8.1014565
0.079876,8.264983051,0.079876,7.550990072,0.079876,7.151329345,0.079876,6.965949808,0.079876,8.162676135
0.079976,8.450387543,0.079976,7.525095422,0.079976,7.306998659,0.079976,7.070680378,0.079976,8.216815819
0.080076,8.450884323,0.080076,7.631710156,0.080076,7.102322759,0.080076,7.075071377,0.080076,8.089252532
0.080176,8.439991881,0.080176,7.673452285,0.080176,7.223663391,0.080176,7.181439471,0.080176,8.07327675
0.080276,8.532416298,0.080276,7.66015072,0.080276,7.251263578,0.080276,6.903212277,0.080276,8.174195395
0.080376,8.700102957,0.080376,7.790736552,0.080376,7.465013212,0.080376,7.072942406,0.080376,8.258033816
0.080476,8.501194219,0.080476,7.747868221,0.080476,7.375676534,0.080476,6.863801682,0.080476,8.246839818
0.080576,8.52231421,0.080576,7.706827168,0.080576,7.33442195,0.080576,7.11772332,0.080576,8.270538813
0.080676,8.52266858,0.080676,7.773966956,0.080676,7.470791672,0.080676,6.867465163,0.080676,8.553555785
0.080776,8.503183291,0.080776,7.846377894,0.080776,7.283976286,0.080776,6.923066515,0.080776,8.29217619
0.080876,8.59967363,0.080876,7.791693917,0.080876,7.590354773,0.080876,7.038111576,0.080876,8.644859546
0.080976,8.689683285,0.080976,7.870703169,0.080976,7.496142079,0.080976,7.164039784,0.080976,8.290604271
0.081076,8.641066206,0.081076,7.758864072,0.081076,7.579558235,0.081076,7.279002053,0.081076,8.534425753
0.081176,8.89655624,0.081176,8.08096078,0.081176,7.469974649,0.081176,7.369253617,0.081176,8.501645173
0.081276,8.942846156,0.081276,8.083116759,0.081276,7.57050458,0.081276,7.444331218,0.081276,8.517574472
0.081376,8.794265618,0.081376,8.038311181,0.081376,7.620835724,0.081376,7.222108416,0.081376,8.48165987
0.081476,8.882950073,0.081476,8.104369901,0.081476,7.867091575,0.081476,7.37468174,0.081476,8.517731943
0.081576,8.965695662,0.081576,8.073190621,0.081576,7.613551978,0.081576,7.336765152,0.081576,8.503779253
0.081676,9.002667878,0.081676,8.061788874,0.081676,7.722021392,0.081676,7.459491074,0.081676,8.545462667
0.081776,9.149072672,0.081776,8.082210257,0.081776,7.859463623,0.081776,7.546639219,0.081776,8.645871268
0.081876,9.141760766,0.081876,8.118020523,0.081876,7.934531607,0.081876,7.546903599,0.081876,8.902413974
0.081976,9.152128057,0.081976,8.170692689,0.081976,7.660784466,0.081976,7.636565704,0.081976,8.717860394
0.082076,9.155759506,0.082076,8.183334964,0.082076,7.805279207,0.082076,7.77341121,0.082076,8.760225741
0.082176,9.448565412,0.082176,8.317773312,0.082176,7.651847949,0.082176,7.631100105,0.082176,8.931773123
0.082276,9.322704083,0.082276,8.238246868,0.082276,7.926728632,0.082276,7.76181102,0.082276,8.908956628
0.082376,9.383583273,0.082376,8.466489033,0.082376,7.84907722,0.082376,7.583543508,0.082376,8.946600439
0.082476,9.497542912,0.082476,8.32431651,0.082476,7.857352255,0.082476,7.726342059,0.082476,8.81959067
0.082576,9.486970262,0.082576,8.366978236,0.082576,7.822133924,0.082576,7.694657514,0.082576,9.190657615
0.082676,9.529710693,0.082676,8.446738536,0.082676,7.698664331,0.082676,7.830793919,0.082676,9.114248745
0.082776,9.440181815,0.082776,8.452761989,0.082776,7.876587659,0.082776,7.647325502,0.082776,8.960951072
0.082876,9.442521592,0.082876,8.468353923,0.082876,7.904916207,0.082876,7.82599595,0.082876,9.309309237
0.082976,9.551535398,0.082976,8.320015784,0.082976,8.253227804,0.082976,7.716590198,0.082976,9.018254844
0.083076,9.427780508,0.083076,8.293598128,0.083076,8.053526957,0.083076,7.90155885,0.083076,9.377886081
0.083176,9.563509741,0.083176,8.421998088,0.083176,7.987226207,0.083176,8.283085762,0.083176,9.335252683
0.083276,9.495734018,0.083276,8.445897515,0.083276,8.145032537,0.083276,8.052007937,0.083276,9.345996489
0.083376,9.496834662,0.083376,8.455469845,0.083376,8.239177601,0.083376,8.115144685,0.083376,9.486808027
0.083476,9.602730902,0.083476,8.525115261,0.083476,8.186985736,0.083476,8.064110331,0.083476,9.30954055
0.083576,9.576676722,0.083576,8.495339535,0.083576,8.243614426,0.083576,8.203375886,0.083576,9.524742102
0.083676,9.541410915,0.083676,8.481447229,0.083676,8.299436278,0.083676,8.258766019,0.083676,9.606246534
0.083776,9.528591031,0.083776,8.512871185,0.083776,8.338118163,0.083776,8.155284461,0.083776,9.587080668
0.083876,9.654303629,0.083876,8.500831918,0.083876,8.183636327,0.083876,8.020634588,0.083876,9.752254744
0.083976,9.612389227,0.083976,8.569234805,0.083976,8.099294292,0.083976,8.08961768,0.083976,9.648941237
0.084076,9.553836421,0.084076,8.553713959,0.084076,8.358726773,0.084076,8.120101332,0.084076,9.892719227
0.084176,9.60589428,0.084176,8.603371201,0.084176,8.431374016,0.084176,8.197291142,0.084176,9.805359659
0.084276,9.572442841,0.084276,8.677594086,0.084276,8.132619087,0.084276,8.191674775,0.084276,9.937420172
0.084376,9.589800483,0.084376,8.725016323,0.084376,8.322580703,0.084376,8.37613167,0.084376,9.761083448
0.084476,9.548571007,0.084476,8.759310753,0.084476,8.428862168,0.084476,8.459295307,0.084476,9.874979489
0.084576,9.615884111,0.084576,8.826267889,0.084576,8.366440112,0.084576,8.286191245,0.084576,9.949802241
0.084676,9.719628336,0.084676,8.841874979,0.084676,8.405590139,0.084676,8.496121819,0.084676,9.960232754
0.084776,9.645294849,0.084776,8.987979568,0.084776,8.482717854,0.084776,8.647879479,0.084776,10.0705572
0.084876,9.692868867,0.084876,8.913550284,0.084876,8.528469339,0.084876,8.512317701,0.084876,10.08350717
0.084976,9.63131387,0.084976,8.981908178,0.084976,8.486420879,0.084976,8.688065019,0.084976,10.16742688
0.085076,9.674264221,0.085076,9.016308535,0.085076,8.356399497,0.085076,8.571227246,0.085076,10.17120872
0.085176,9.621080838,0.085176,8.893646373,0.085176,8.545364221,0.085176,8.70245101,0.085176,10.1732845
0.085276,9.651849857,0.085276,9.068812463,0.085276,8.528920724,0.085276,8.558195591,0.085276,10.24419297
0.085376,9.649096549,0.085376,9.093630554,0.085376,8.55326855,0.085376,8.835179502,0.085376,10.19637972
0.085476,9.703018127,0.085476,9.069060259,0.085476,8.585221377,0.085476,8.859611591,0.085476,10.378068
0.085576,9.681789575,0.085576,9.116182084,0.085576,8.653337452,0.085576,8.807094875,0.085576,10.57931923
0.085676,9.659211214,0.085676,8.998087672,0.085676,8.741771977,0.085676,8.673362817,0.085676,10.40209605
0.085776,9.692776305,0.085776,9.139112173,0.085776,8.733725692,0.085776,8.757582849,0.085776,10.47462271
0.085876,9.548386183,0.085876,9.047829441,0.085876,8.76465932,0.085876,8.914665733,0.085876,10.69760307
0.085976,9.660517509,0.085976,9.219613248,0.085976,8.661938942,0.085976,8.843012921,0.085976,10.46209165
0.086076,9.625807318,0.086076,9.182387039,0.086076,8.87100637,0.086076,8.888883439,0.086076,10.74269587
0.086176,9.718481322,0.086176,9.124696948,0.086176,8.922574375,0.086176,9.006619821,0.086176,10.71927091
0.086276,9.607165276,0.086276,9.159587661,0.086276,9.023468425,0.086276,9.102675622,0.086276,10.45741862
0.086376,9.763574712,0.086376,9.202075741,0.086376,8.767810953,0.086376,8.854324633,0.086376,10.77690486
0.086476,9.748336666,0.086476,9.194027767,0.086476,8.885513033,0.086476,9.196685462,0.086476,10.58380349
0.086576,9.58641817,0.086576,9.280674547,0.086576,9.031708837,0.086576,9.341514626,0.086576,10.8332261
0.086676,9.666827707,0.086676,9.352337134,0.086676,8.772477003,0.086676,9.295158586,0.086676,10.86945066
0.086776,9.764278525,0.086776,9.40787898,0.086776,8.93501744,0.086776,9.355055936,0.086776,11.02820039
0.086876,9.695955557,0.086876,9.169685632,0.086876,8.846356446,0.086876,9.370197514,0.086876,11.03381638
0.086976,9.867658131,0.086976,9.25716113,0.086976,8.670472188,0.086976,9.492563424,0.086976,10.9738298
0.087076,9.776260006,0.087076,9.158735765,0.087076,9.052119375,0.087076,9.631500035,0.087076,11.03713119
0.087176,9.776352282,0.087176,9.430839695,0.087176,8.900550219,0.087176,9.306846988,0.087176,10.86722513
0.087276,9.737015919,0.087276,9.312941608,0.087276,8.95575484,0.087276,9.434307136,0.087276,11.21493962
0.087376,9.778619762,0.087376,9.399850501,0.087376,9.067088552,0.087376,9.582693272,0.087376,11.45163872
0.087476,9.837434478,0.087476,9.344175416,0.087476,8.958161563,0.087476,9.639279133,0.087476,11.20800495
0.087576,9.736060597,0.087576,9.342016907,0.087576,8.907969787,0.087576,9.668098141,0.087576,11.4086562
0.087676,9.890917458,0.087676,9.347325466,0.087676,8.883907575,0.087676,9.706955594,0.087676,11.42046095
0.087776,9.831108496,0.087776,9.492049283,0.087776,8.823126906,0.087776,9.758035517,0.087776,11.36858482
0.087876,9.811802985,0.087876,9.372910987,0.087876,8.966790832,0.087876,9.951316642,0.087876,11.65565621
0.087976,9.892990958,0.087976,9.529148554,0.087976,8.938377062,0.087976,9.946864879,0.087976,11.44159224
0.088076,9.86095283,0.088076,9.366520596,0.088076,9.085185559,0.088076,10.03228027,0.088076,11.63139193
0.088176,9.977901915,0.088176,9.472220909,0.088176,9.107630333,0.088176,10.14569856,0.088176,11.6752979
0.088276,9.929623573,0.088276,9.327197526,0.088276,9.030327011,0.088276,10.18182116,0.088276,11.6555846
0.088376,10.03548798,0.088376,9.425387232,0.088376,9.121105662,0.088376,10.18705422,0.088376,11.66046326
0.088476,9.971886394,0.088476,9.552326832,0.088476,9.276570158,0.088476,10.27843469,0.088476,11.76580111
0.088576,10.08194523,0.088576,9.487198032,0.088576,9.060794733,0.088576,10.26305643,0.088576,11.82850814
0.088676,9.98000574,0.088676,9.489230796,0.088676,9.342256805,0.088676,10.25409459,0.088676,11.70579611
0.088776,10.09540073,0.088776,9.474791066,0.088776,9.192885771,0.088776,10.58784925,0.088776,11.75732164
0.088876,10.03134916,0.088876,9.463097449,0.088876,9.15342787,0.088876,10.44879628,0.088876,11.98847016
0.088976,9.971546307,0.088976,9.491944964,0.088976,9.310421395,0.088976,10.5093982,0.088976,12.01257645
0.089076,10.10628119,0.089076,9.385790082,0.089076,9.244812215,0.089076,10.56721391,0.089076,11.79390925
0.089176,10.13092276,0.089176,9.685211114,0.089176,9.463244267,0.089176,10.6354432,0.089176,11.97859518
0.089276,10.09540578,0.089276,9.620520645,0.089276,9.156801429,0.089276,10.69621437,0.089276,12.01634296
0.089376,10.11887386,0.089376,9.716587772,0.089376,9.352312538,0.089376,10.66850518,0.089376,12.05705425
0.089476,10.20678839,0.089476,9.612385223,0.089476,9.280089361,0.089476,10.76832093,0.089476,11.78112261
0.089576,10.21691089,0.089576,9.538967273,0.089576,9.473676178,0.089576,10.81635427,0.089576,12.20716769
0.089676,10.28560328,0.089676,9.525939516,0.089676,9.417057653,0.089676,10.97975959,0.089676,12.16483213
0.089776,10.25664071,0.089776,9.659052953,0.089776,9.402162442,0.089776,11.02970338,0.089776,12.16478071
0.089876,10.32647482,0.089876,9.585713219,0.089876,9.391322322,0.089876,11.09173883,0.089876,12.30558118
0.089976,10.13620193,0.089976,9.584263645,0.089976,9.543178339,0.089976,11.22464157,0.089976,12.31881919
0.090076,10.21897245,0.090076,9.589854024,0.090076,9.453650553,0.090076,11.23752473,0.090076,12.11784707
0.090176,10.36665417,0.090176,9.79032878,0.090176,9.566668777,0.090176,11.30030654,0.090176,12.34099853
0.090276,10.36411388,0.090276,9.513887132,0.090276,9.650442791,0.090276,11.45367983,0.090276,12.3422625
0.090376,10.35250826,0.090376,9.593521932,0.090376,9.496114511,0.090376,11.63746967,0.090376,12.39940701
0.090476,10.52164262,0.090476,9.633509271,0.090476,9.597820202,0.090476,11.49918456,0.090476,12.29173413
0.090576,10.42363441,0.090576,9.700623128,0.090576,9.751848892,0.090576,11.74350132,0.090576,12.55151737
0.090676,10.61914368,0.090676,9.663181542,0.090676,9.78607429,0.090676,11.76006959,0.090676,12.44525967
0.090776,10.51090718,0.090776,9.791756435,0.090776,9.74954627,0.090776,11.80433066,0.090776,12.64457435
0.090876,10.60140953,0.090876,9.784067018,0.090876,9.90012312,0.090876,11.7885765,0.090876,12.40021678
0.090976,10.45289231,0.090976,9.833564469,0.090976,9.841149722,0.090976,11.751228,0.090976,12.30877961
0.091076,10.6279683,0.091076,9.735534193,0.091076,9.634049087,0.091076,11.9430254,0.091076,12.73224031
0.091176,10.64457008,0.091176,9.977150649,0.091176,9.873943589,0.091176,11.94654603,0.091176,12.85444418
0.091276,10.79560209,0.091276,9.961661571,0.091276,9.982388011,0.091276,11.96074895,0.091276,12.73625339
0.091376,10.69314971,0.091376,9.987105346,0.091376,10.07366927,0.091376,11.99743329,0.091376,12.61794989
0.091476,10.88905711,0.091476,9.877659971,0.091476,9.963321746,0.091476,12.01612753,0.091476,12.4970596
0.091576,10.90743447,0.091576,9.943333362,0.091576,10.02630696,0.091576,12.01331483,0.091576,12.82077979
0.091676,11.01602149,0.091676,9.871747241,0.091676,10.24947252,0.091676,12.24454633,0.091676,12.94933748
0.091776,10.94309638,0.091776,10.07900863,0.091776,10.33391419,0.091776,12.18262404,0.091776,12.88734754
0.091876,11.01812372,0.091876,10.00139959,0.091876,9.940917488,0.091876,12.33752814,0.091876,13.06300749
0.091976,10.99038443,0.091976,10.08223631,0.091976,10.43514046,0.091976,12.3565123,0.091976,13.05945328
0.092076,11.11293113,0.092076,9.871347726,0.092076,10.22224265,0.092076,12.29943016,0.092076,13.15544518
0.092176,11.01262557,0.092176,10.1675484,0.092176,10.27504209,0.092176,12.29640949,0.092176,13.07950031
0.092276,11.04301369,0.092276,10.09319653,0.092276,10.31885388,0.092276,12.41300175,0.092276,13.2185147
0.092376,11.05288757,0.092376,10.24051158,0.092376,10.26052611,0.092376,12.3926456,0.092376,13.13241354
0.092476,11.23320178,0.092476,10.20653877,0.092476,10.32725632,0.092476,12.4898655,0.092476,13.02043271
0.092576,11.08897532,0.092576,10.28284648,0.092576,10.31844347,0.092576,12.59863154,0.092576,13.08948642
0.092676,11.01620281,0.092676,10.24573912,0.092676,10.28777038,0.092676,12.67085632,0.092676,13.41831548
0.092776,11.02394227,0.092776,10.19325466,0.092776,10.37244329,0.092776,12.72587027,0.092776,13.25764163
0.092876,11.17423046,0.092876,10.33986298,0.092876,10.50202587,0.092876,12.82598185,0.092876,13.37980856
0.092976,11.13154297,0.092976,10.08768805,0.092976,10.41258493,0.092976,12.62093734,0.092976,13.59276121
0.093076,11.23269049,0.093076,10.32395648,0.093076,10.51508562,0.093076,12.62523095,0.093076,13.59202858
0.093176,11.13898505,0.093176,10.34294143,0.093176,10.33883208,0.093176,12.87538303,0.093176,13.4828625
0.093276,11.25936794,0.093276,10.43148309,0.093276,10.56307943,0.093276,12.94462933,0.093276,13.57406573
0.093376,11.23750105,0.093376,10.41472461,0.093376,10.51327816,0.093376,12.87790037,0.093376,13.69837735
0.093476,11.22137983,0.093476,10.57533235,0.093476,10.49561502,0.093476,12.79758009,0.093476,13.77491612
0.093576,11.40831224,0.093576,10.48737035,0.093576,10.51368068,0.093576,12.92933037,0.093576,13.67773092
0.093676,11.5511647,0.093676,10.49974129,0.093676,10.74007287,0.093676,12.84572776,0.093676,13.93148944
0.093776,11.36616644,0.093776,10.38567089,0.093776,10.63251252,0.093776,13.0209495,0.093776,13.86800177
0.093876,11.55431153,0.093876,10.60758812,0.093876,10.60061018,0.093876,13.08365987,0.093876,13.72965452
0.093976,11.4254942,0.093976,10.63551133,0.093976,10.50289093,0.093976,13.11139385,0.093976,13.90838776
0.094076,11.56799509,0.094076,10.89631581,0.094076,10.62072105,0.094076,13.0430101,0.094076,14.09517394
0.094176,11.52101063,0.094176,10.55557954,0.094176,10.60685382,0.094176,13.04038911,0.094176,14.00537297
0.094276,11.72354921,0.094276,10.62978735,0.094276,10.80242039,0.094276,13.09694708,0.094276,14.2413896
0.094376,11.78931767,0.094376,10.86020464,0.094376,10.6580693,0.094376,13.16164313,0.094376,13.92620252
0.094476,11.7784382,0.094476,10.84143808,0.094476,10.75753144,0.094476,13.16010089,0.094476,14.07584144
0.094576,11.8181023,0.094576,10.85957223,0.094576,10.77501665,0.094576,13.22955313,0.094576,14.01279471
0.094676,11.87066673,0.094676,10.81582436,0.094676,11.04238508,0.094676,13.27507853,0.094676,14.2573343
0.094776,11.81071101,0.094776,10.65222547,0.094776,11.07180892,0.094776,13.5190856,0.094776,14.15327016
0.094876,11.7811522,0.094876,10.84823903,0.094876,11.00854015,0.094876,13.34363427,0.094876,14.2833361
0.094976,11.86651232,0.094976,10.90173981,0.094976,10.98333956,0.094976,13.22895144,0.094976,14.21103585
0.095076,12.02793464,0.095076,10.97695788,0.095076,11.28674273,0.095076,13.42213685,0.095076,14.14296635
0.095176,11.93676793,0.095176,11.07949866,0.095176,11.3374925,0.095176,13.46120518,0.095176,14.21765327
0.095276,12.03929297,0.095276,11.03796315,0.095276,11.26150173,0.095276,13.27099051,0.095276,14.26037744
0.095376,12.06920142,0.095376,11.05802611,0.095376,11.36166374,0.095376,13.55039809,0.095376,14.36537393
0.095476,11.9534663,0.095476,11.13051955,0.095476,11.57692815,0.095476,13.42880312,0.095476,14.40847203
0.095576,12.13068597,0.095576,11.18743633,0.095576,11.63629446,0.095576,13.29334789,0.095576,14.60516035
0.095676,12.25018422,0.095676,11.07779706,0.095676,11.65227362,0.095676,13.538643,0.095676,14.45078719
0.095776,12.32904627,0.095776,10.95146794,0.095776,11.71077464,0.095776,13.5796656,0.095776,14.50574805
0.095876,12.35718959,0.095876,11.06999061,0.095876,11.62317409,0.095876,13.53967639,0.095876,14.72001008
0.095976,12.50771003,0.095976,11.31933933,0.095976,11.5852027,0.095976,13.60656491,0.095976,14.94006006
0.096076,12.30943776,0.096076,11.13060095,0.096076,11.83262212,0.096076,13.65540707,0.096076,14.80488831
0.096176,12.52905827,0.096176,11.19004319,0.096176,11.94739443,0.096176,13.72991967,0.096176,14.72678516
0.096276,12.6673656,0.096276,11.12304862,0.096276,11.86090711,0.096276,13.82671346,0.096276,14.88920182
0.096376,12.78111954,0.096376,11.20697392,0.096376,11.98076297,0.096376,13.70109701,0.096376,14.89995686
0.096476,12.67878782,0.096476,11.13565508,0.096476,12.06650106,0.096476,13.85167904,0.096476,15.04360642
0.096576,12.62593265,0.096576,11.17219042,0.096576,12.06673578,0.096576,14.03173053,0.096576,14.87862729
0.096676,12.75093111,0.096676,11.26679796,0.096676,11.92425818,0.096676,13.93487869,0.096676,14.84225666
0.096776,12.79382787,0.096776,11.14906105,0.096776,12.20420428,0.096776,13.83594123,0.096776,15.02654965
0.096876,12.96738677,0.096876,11.30099667,0.096876,12.22343085,0.096876,14.0667873,0.096876,15.00513173
0.096976,12.92706355,0.096976,11.33632795,0.096976,12.37174959,0.096976,14.15196993,0.096976,15.42849614
0.097076,13.0727642,0.097076,11.240378,0.097076,12.28818695,0.097076,14.09699869,0.097076,15.46569735
0.097176,12.96630678,0.097176,11.50127351,0.097176,12.41773114,0.097176,14.07416674,0.097176,15.51167854
0.097276,12.97209481,0.097276,11.33976534,0.097276,12.2603898,0.097276,14.143311,0.097276,15.44187319
0.097376,13.09344122,0.097376,11.29716281,0.097376,12.62476369,0.097376,14.1750801,0.097376,15.30864722
0.097476,13.06466629,0.097476,11.54001073,0.097476,12.63352491,0.097476,14.23604659,0.097476,15.4359936
0.097576,13.18867951,0.097576,11.40514538,0.097576,12.53567437,0.097576,14.5018369,0.097576,15.4397547
0.097676,13.36207659,0.097676,11.50734106,0.097676,12.58277759,0.097676,14.21456044,0.097676,15.48006619
0.097776,13.29464879,0.097776,11.55452117,0.097776,12.76423796,0.097776,14.55531346,0.097776,15.57814258
0.097876,13.30066371,0.097876,11.40898848,0.097876,12.46914131,0.097876,14.58678832,0.097876,15.7007362
0.097976,13.44280516,0.097976,11.64575559,0.097976,12.82056091,0.097976,14.68283604,0.097976,15.88003568
0.098076,13.63984308,0.098076,11.55695858,0.098076,12.63748289,0.098076,14.3408139,0.098076,15.74390035
0.098176,13.50864941,0.098176,11.57730583,0.098176,12.94483806,0.098176,14.64379441,0.098176,16.00166495
0.098276,13.63095589,0.098276,11.72487104,0.098276,12.81457747,0.098276,14.70427257,0.098276,15.88734649
0.098376,13.63245248,0.098376,11.44745373,0.098376,13.00385586,0.098376,14.72647601,0.098376,15.92178143
0.098476,13.65472419,0.098476,11.58297406,0.098476,13.07006366,0.098476,15.00605684,0.098476,16.007312
0.098576,13.67041696,0.098576,11.53509874,0.098576,13.04341689,0.098576,14.71985038,0.098576,16.19784031
0.098676,13.80249049,0.098676,11.49386991,0.098676,13.01628766,0.098676,14.91333676,0.098676,16.00341142
0.098776,13.64376868,0.098776,11.58936234,0.098776,13.1121472,0.098776,14.6629585,0.098776,16.22658677
0.098876,13.78861308,0.098876,11.52979001,0.098876,13.14994289,0.098876,14.89920068,0.098876,16.12235474
0.098976,13.83975485,0.098976,11.65526246,0.098976,13.30335796,0.098976,14.9046033,0.098976,16.37034406
0.099076,13.92837984,0.099076,11.4690792,0.099076,13.15912999,0.099076,15.11963344,0.099076,16.31609476
0.099176,13.7488828,0.099176,11.41644425,0.099176,13.34131746,0.099176,15.25786132,0.099176,16.25914834
0.099276,13.90125048,0.099276,11.4815891,0.099276,13.55671219,0.099276,15.24013091,0.099276,16.3712106
0.099376,14.0861106,0.099376,11.35543205,0.099376,13.36179371,0.099376,15.2985064,0.099376,16.0998011
0.099476,13.98723923,0.099476,11.61612274,0.099476,13.4841697,0.099476,15.37767084,0.099476,16.37540174
0.099576,14.08438375,0.099576,11.64654101,0.099576,13.61022458,0.099576,15.41135149,0.099576,16.23492622
0.099676,14.31138742,0.099676,11.67529862,0.099676,13.68075172,0.099676,15.23585218,0.099676,16.4658954
0.099776,14.20526088,0.099776,11.55469997,0.099776,13.72967043,0.099776,15.29502841,0.099776,16.866676
0.099876,14.21926435,0.099876,11.55921206,0.099876,13.90465103,0.099876,15.51366831,0.099876,16.50817107
0.099976,14.23173075,0.099976,11.59173706,0.099976,13.78864267,0.099976,15.63946391,0.099976,16.61480066
0.100076,14.1993075,0.100076,11.60315325,0.100076,14.04299379,0.100076,15.63070208,0.100076,16.68689886
0.100176,14.43009631,0.100176,11.76803684,0.100176,14.01594854,0.100176,15.71081799,0.100176,16.70612845
0.100276,14.2783515,0.100276,11.64101168,0.100276,13.99359409,0.100276,15.67898083,0.100276,16.83223213
0.100376,14.34795339,0.100376,11.57125272,0.100376,13.88987508,0.100376,15.7250365,0.100376,17.05768034
0.100476,14.36167905,0.100476,11.59209637,0.100476,14.20981022,0.100476,15.70841956,0.100476,16.96639213
0.100576,14.53690113,0.100576,11.67796367,0.100576,14.07158875,0.100576,15.72762494,0.100576,16.8759876
0.100676,14.46051991,0.100676,11.61192594,0.100676,14.34653207,0.100676,15.88919818,0.100676,16.94632028
0.100776,14.50979602,0.100776,11.79482466,0.100776,14.32302517,0.100776,15.70950103,0.100776,16.83541088
0.100876,14.62924918,0.100876,11.62441662,0.100876,14.16979776,0.100876,15.77250368,0.100876,17.25429962
0.100976,14.72997284,0.100976,11.60671361,0.100976,14.29004454,0.100976,15.81299243,0.100976,17.20118683
0.101076,14.55481725,0.101076,11.69183202,0.101076,14.29165995,0.101076,15.75478734,0.101076,17.07484881
0.101176,14.66411632,0.101176,11.58382275,0.101176,14.49751352,0.101176,16.05354019,0.101176,17.15776078
0.101276,14.73344348,0.101276,11.55701115,0.101276,14.63877603,0.101276,15.89370627,0.101276,17.36223622
0.101376,14.64597435,0.101376,11.69791335,0.101376,14.59282332,0.101376,15.904388,0.101376,17.18599473
0.101476,14.58152249,0.101476,11.47501458,0.101476,14.68265999,0.101476,15.97368854,0.101476,17.3200244
0.101576,14.83841962,0.101576,11.52938655,0.101576,14.60132464,0.101576,16.01252438,0.101576,17.38684043
0.101676,14.78736829,0.101676,11.48073571,0.101676,14.68469639,0.101676,16.03908825,0.101676,17.62239583
0.101776,14.92271176,0.101776,11.50493727,0.101776,14.90614505,0.101776,16.2358967,0.101776,17.52407319
0.101876,14.71043621,0.101876,11.5644592,0.101876,14.8720254,0.101876,16.20761925,0.101876,17.42820711
0.101976,14.84831071,0.101976,11.66859341,0.101976,14.92570609,0.101976,16.33537783,0.101976,17.70334821
0.102076,14.96422472,0.102076,11.71324788,0.102076,15.04431464,0.102076,16.18121477,0.102076,17.79566687
0.102176,14.92017633,0.102176,11.58144783,0.102176,15.26172844,0.102176,16.29832042,0.102176,17.86475397
0.102276,15.07115548,0.102276,11.87655659,0.102276,14.95679572,0.102276,16.43190733,0.102276,17.90906024
0.098126033,2.096189653,0.099340591,2.282234881,0.099395991,3.875236543,0.099551146,5.522471822,0.099658985,7.45046179
0.095687065,0.933219399,0.097225319,0.982388977,0.096978719,2.016984228,0.097116056,3.075910554,0.097100288,4.231867449
0.094294585,0.481425361,0.096103217,0.432306914,0.095566014,0.851345272,0.095559208,1.377089124,0.095423282,2.302538111
0.09328706,0.386444021,0.095424493,0.407916358,0.094627709,0.604437362,0.094550308,0.959109705,0.094240644,1.409866747
0.092492108,0.27062541,0.094854642,0.127102824,0.093989583,0.316900866,0.093826568,0.6145594,0.093361425,1.1794597
0.091817292,0.128952498,0.094461409,0.196267082,0.093481247,0.215516949,0.093222192,0.286951909,0.092669146,0.601156623
0.091296984,0.146786491,0.094082698,0.052736467,0.093071791,0.207344143,0.092772606,0.256059114,0.092166654,0.499362303
0.090811909,0.154350134,0.093727521,0.136465912,0.092717741,0.285391804,0.092380936,0.263577092,0.091743577,0.199707558
0.090361941,0.104565856,0.093393732,0.162963649,0.092400203,0.296650853,0.092072967,0.119030803,0.091437636,0.423250017
0.08998763,0.176103115,0.093053301,0.104401445,0.092043173,0.027465861,0.091821773,0.227873013,0.091139886,0.18803455
0.089566297,0.0525424,0.092715322,0.007752607,0.091771317,0.037813581,0.091594854,0.1222072,0.090925922,0.290550829
0.08923166,0.153293808,0.092388227,-0.046075835,0.09153533,0.1789963,0.091366252,0.08247553,0.090710739,0.033103325
0.088909238,0.127293044,0.092119445,0.060328313,0.09126413,0.136003897,0.091120643,0.103102007,0.090525219,0.242860579
0.088653104,0.039166151,0.091822559,-0.030861258,0.091067461,-0.025874467,0.090943671,0.20632882,0.090314268,0.051980169
0.08842109,-0.039961129,0.091621151,0.176917023,0.090860949,0.124117246,0.090756275,0.049916278,0.090140181,0.135308763
0.088298841,-0.034603025,0.091391543,-0.024925903,0.090669796,0.035840601,0.090643364,0.091741058,0.089965383,0.071532128
0.088214994,-0.069686155,0.091249473,-0.063158706,0.090592317,0.011167403,0.090502104,-0.003193475,0.089846086,0.129196001
0.088117664,0.023142254,0.091193817,0.166198012,0.090531691,0.082670021,0.090406323,0.119358571,0.089791332,0.045845986
0.088088109,0.060182646,0.091077928,-0.003074448,0.090452712,-0.179123793,0.09032697,-0.114802544,0.089743193,0.05988488
0.088005624,-0.078418982,0.090982543,0.052938962,0.090422484,0.079057528,0.090327513,-0.04456083,0.089724685,0.00039019
0.088030028,-0.022732566,0.090929119,0.115583988,0.090383348,-0.052992168,0.090330868,0.141928398,0.089641919,-0.02667727
0.08798407,-0.01176268,0.090908714,0.050610375,0.090420264,0.124281298,0.090291799,-0.059507123,0.089668732,0.028383292
0.087973133,-0.01982946,0.090852125,0.021993965,0.090345898,-0.221733702,0.090230617,0.045623489,0.089634686,0.212240162
0.087950459,-0.035088597,0.090810981,0.041494641,0.09038188,0.122893978,0.090192148,-0.072115358,0.089564163,-0.14228298
0.087928425,0.009634638,0.090769033,-0.030436319,0.090341875,-0.044079655,0.090161956,0.002427463,0.089596561,0.163191392
0.087924437,-0.079836482,0.090773146,0.068570859,0.090316318,0.117140758,0.090137415,0.013292989,0.089515123,-0.093701686
0.087922182,0.120547451,0.09073061,0.070228206,0.090259803,0.003556917,0.090131424,-0.081535424,0.089450699,0.164926617
0.087856137,0.119530528,0.090699777,0.052610512,0.090173158,0.049195054,0.090065744,0.009426939,0.089370111,-0.185572634
0.087838908,0.001746784,0.090614555,-0.102677818,0.090082167,-0.014746503,0.089950274,0.095716995,0.089337371,0.178205401
0.087801563,0.081715024,0.090581192,0.0456849,0.090028425,-0.186331666,0.089839791,-0.056969294,0.089203029,-0.142712562
0.087777085,-0.103341716,0.090493756,-0.03742286,0.090030458,0.145554545,0.089834654,-0.09023201,0.089102629,-0.101851831
0.08774121,0.149086902,0.090507636,0.014325504,0.08989224,-0.1447328,0.089798057,0.103507418,0.089053414,0.214509062
0.087655566,-0.003386051,0.090392085,-0.131669605,0.089828383,0.095934461,0.089685014,-0.027986727,0.088935869,-0.025385793
0.087636726,0.201545515,0.090369616,-0.019527907,0.089779146,0.104895368,0.089641908,0.037139849,0.088915388,0.070894223
0.087582877,-0.076979467,0.090307104,0.044316592,0.089715242,0.069186134,0.089579693,0.060184253,0.088858322,0.012880963
0.0875303,0.08722815,0.090248016,0.075519497,0.089696428,0.244704437,0.089522495,0.239245628,0.088816835,-0.096575388
0.087472729,0.05975257,0.090178835,0.042457507,0.089620466,-0.095595803,0.089463723,-0.087730138,0.088777363,-0.162561806
0.087448869,0.056079018,0.09008359,-0.143610376,0.089620604,0.181679067,0.089442227,0.075529848,0.088800422,0.307462757
0.087397315,0.024148913,0.090084573,0.103118513,0.089532802,-0.278615184,0.089406915,0.148879788,0.088691333,-0.147993003
0.087357658,0.044488475,0.090010578,-0.059260425,0.089456852,-0.080404165,0.089319868,-0.099648175,0.088665302,0.1158149
0.087362837,0.155436885,0.089970664,0.043917357,0.089400734,0.020130979,0.089319541,0.013129651,0.088658045,-0.10121447
0.087343347,-0.091177702,0.08998114,0.113201577,0.089384932,-0.130472132,0.089349076,0.099710852,0.088701044,0.135857274
0.087320366,-0.036567388,0.089884794,-0.006957135,0.089441367,0.127643728,0.089299088,0.045933376,0.088655829,-0.068820139
0.087296202,-0.042968388,0.089837844,-0.033883079,0.08938971,0.099810993,0.089290003,-0.133555947,0.08859964,0.231196082
0.087291285,-0.014531359,0.089857604,0.045935152,0.089330147,-0.194894234,0.089254595,0.291442451,0.088448498,-0.158423724
0.087285955,0.011909106,0.089768739,-0.145412252,0.089359682,0.086506201,0.08910942,-0.119997284,0.088381973,-0.102925634
0.087261814,0.107254909,0.089741442,0.000690931,0.089312115,-0.075252722,0.089165192,0.09521439,0.088360286,-0.0637645
0.087239069,-0.013531949,0.089701607,-0.129209575,0.089281963,0.130223841,0.089133757,-0.05440853,0.088391191,0.025620786
0.087213383,-0.07279049,0.089697083,-0.116368483,0.089211557,-0.010638697,0.08913187,0.020880991,0.088365857,-0.101321787
0.087205893,-0.097488932,0.089741988,-0.081386684,0.089155163,0.010525375,0.089075868,-0.135209723,0.088343632,-0.05952022
0.087225532,0.143592855,0.089676006,-0.005561459,0.089112539,-0.051289494,0.089064593,-0.032930042,0.088345714,-0.039579318
0.087208603,0.047994789,0.089625733,-0.025412724,0.089061972,-0.031002438,0.089040385,0.095737016,0.088266784,-0.275031291
0.087169817,-0.172504774,0.089633604,-0.030664052,0.089012589,-0.127113438,0.088975789,0.08835223,0.088294792,-0.02199068
0.087173256,0.086318203,0.089596653,-0.034108306,0.089010226,0.025782902,0.088920186,-0.11958391,0.088302026,0.289897302
0.087153844,-0.055182881,0.089566223,0.027375711,0.089033612,0.263703635,0.088952748,0.100416304,0.088208261,-0.212361463
0.087133906,-0.104755471,0.089523371,-0.14745579,0.088972125,0.121554031,0.08882785,-0.040585836,0.088216463,0.167718395
0.087115923,-0.008279093,0.089506042,-0.045359061,0.08895173,0.099199755,0.088710344,0.028822695,0.088114316,0.064198654
0.087094669,-0.105676362,0.089479804,0.060821797,0.088917067,0.091228842,0.088694668,-0.138498742,0.088041736,-0.205599037
0.08706167,-0.049623472,0.089411297,-0.050002225,0.088810857,-0.111314219,0.088731719,0.230676313,0.088081562,0.005357993
0.087047,-0.129354287,0.089417799,0.140851477,0.088835619,0.041766674,0.088681813,0.072090923,0.088039734,0.004358702
0.086997399,-0.078063016,0.089327276,-0.229975587,0.088856192,-0.050409466,0.088658839,-0.033767578,0.088005186,-0.101985685
0.087007462,0.008381662,0.089369072,0.209122184,0.088800819,0.024972338,0.088724392,0.256140695,0.087982496,0.132911667
0.086992482,-0.024330102,0.089328067,-0.032616595,0.088797696,0.069292231,0.088640518,-0.132938359,0.087939569,0.152363302
0.086989454,-0.014327998,0.08930254,-0.048483301,0.088771321,0.193666581,0.088596967,0.091032189,0.087895392,-0.042916789
0.086965939,0.014982537,0.089310037,-0.047864667,0.088722875,0.024842058,0.088560978,-0.095775921,0.087882103,0.181928701
0.086973833,0.135729828,0.089217452,0.008266089,0.088697083,0.179842556,0.088572161,0.102851337,0.08783215,0.074058154
0.086956806,-0.023779453,0.089136263,-0.062685268,0.088665081,-0.018350791,0.08848987,-0.000549248,0.087776972,-0.096692225
0.086947213,-0.011586377,0.08913983,0.026424078,0.088662735,0.056848944,0.088444747,-0.069043899,0.087756901,0.021120346
0.086904252,-0.074747806,0.089126212,-0.071905677,0.088675188,0.121224155,0.088479632,0.168258401,0.08772674,0.000806365
0.086917017,0.06651765,0.089146786,5.29E-05,0.088645621,0.210760372,0.088440159,0.098792194,0.087675667,-0.169036796
0.08690854,0.135690573,0.089144108,0.023590718,0.088502555,0.022523627,0.088304789,-0.187277203,0.087689171,0.174023824
0.08689192,0.027704957,0.089076683,0.071843108,0.088501087,0.021441514,0.088321833,0.086294698,0.087613426,-0.062440853
0.08688856,0.111300366,0.089067244,0.035328323,0.088533301,-0.058712656,0.088313554,-0.004229624,0.087591849,-0.136366543
0.086875508,-0.10049995,0.089020503,-0.126042467,0.088529705,0.19344259,0.088333227,0.031753071,0.087600508,-0.00339681
0.086850143,-0.014716411,0.089055995,0.152859374,0.088437072,-0.073441488,0.088333324,0.143080246,0.087597975,0.179018414
0.086838486,-0.083813423,0.089005681,-0.077502332,0.088412285,-0.066202982,0.08828835,0.075788243,0.087494097,-0.128038948
0.086802629,-0.067196313,0.089015954,0.066503831,0.088390232,-0.055478005,0.088278208,0.09658519,0.087505037,0.055965977
0.0868062,0.028194469,0.088954153,0.061179849,0.088377303,0.018252021,0.088237021,-0.035157675,0.087501786,0.088309944
0.086777,-0.065687254,0.08892302,0.02345231,0.088412141,0.156141925,0.088185026,-0.00863663,0.08741746,-0.106495655
0.086783879,-0.105757364,0.088935879,-0.003018616,0.088354878,-0.048956043,0.088153783,0.013146744,0.087421478,0.038263564
0.086772707,0.024245309,0.088908633,-0.026109032,0.088360743,0.229228195,0.088212427,-0.022927876,0.08741781,0.043185098
0.086770182,0.185185258,0.088828766,-0.151431131,0.088325558,-0.064367459,0.088261607,0.068389693,0.087397063,0.005459735
0.086744321,0.017109906,0.088846378,-0.048882807,0.088355826,-0.033090296,0.08820105,-0.025876375,0.087392119,0.081654487
0.086720533,0.008543827,0.08884329,-0.071669457,0.088311283,0.061021069,0.08818755,0.089241641,0.087377509,-0.141480024
0.086718242,-0.029111001,0.088828199,-0.128925636,0.088266643,-0.117863814,0.088168758,0.062731519,0.087392415,-0.04752416
0.086712828,-0.074898376,0.088799099,-0.055280241,0.088312767,-0.027690289,0.088100041,-0.01984815,0.087400166,0.186636393
0.086697082,-0.195538133,0.088771322,-0.05712172,0.088342967,0.276739652,0.088111754,0.171273393,0.087324652,-0.008232931
0.086706813,0.020651906,0.088753129,0.145101118,0.088286436,0.143351176,0.08811783,0.015609968,0.08729585,0.046510592
0.086691893,0.02243841,0.088685038,-0.088842865,0.088266542,0.023404313,0.088059923,-0.136828207,0.087228571,-0.051488641
0.086688534,-0.04958479,0.088696621,0.133959706,0.088251168,0.005878448,0.088039806,0.027789023,0.087186863,0.075422084
0.086685475,0.066390926,0.088682216,-0.031530495,0.088218538,-0.002452564,0.088064393,-0.102138365,0.087142943,-0.076135773
0.086688498,-0.148750061,0.088674111,0.171663383,0.088166152,-0.064944178,0.088075713,0.017115329,0.087114306,-0.099667422
0.086669634,-0.115205727,0.088635988,0.039402189,0.088127896,-0.189769597,0.088046965,0.122079787,0.087125606,-0.104629306
0.086675123,-0.016135498,0.088612132,0.088705,0.088190626,0.192811346,0.087951728,-0.186727212,0.087101099,-0.120747972
0.086647491,-0.008550667,0.088628964,0.013374004,0.088178886,-0.066590805,0.087936763,-0.113067607,0.087104478,0.041408692
0.086618634,-0.052351115,0.088585793,0.039421061,0.088145604,-0.03937102,0.087961516,-0.175275164,0.087129569,0.111400778
0.086636073,-0.071360565,0.088571832,0.092497073,0.088178657,0.238324008,0.088003746,0.038449173,0.087117537,0.108736423
0.086631576,0.077915296,0.088512549,-0.005185536,0.088106739,-0.190890591,0.087921719,-0.049497575,0.087061441,-0.002038146
0.086580841,-0.141673859,0.088577774,0.145226667,0.088095894,-0.01777874,0.087853858,0.009117762,0.087064277,-0.015489485
0.086620881,-0.012165529,0.088550943,-0.0074614,0.08804211,-0.059967755,0.087871512,-0.072297445,0.087022218,0.020731366
0.086573043,0.012544105,0.0885118,-0.141905462,0.088010597,0.045247816,0.087889751,0.042101222,0.086933757,-0.001250168
0.086557619,0.018387532,0.088474386,-0.225895922,0.087952361,-0.12320036,0.087809162,-0.076700589,0.086880424,-0.020040225
0.086552312,-0.061571378,0.088520861,0.039068947,0.087984534,-0.03347648,0.087787506,-0.024733604,0.086885251,0.019225053
0.086530408,-0.067899809,0.088435565,0.004244764,0.087981076,0.055225471,0.087777631,-0.048676848,0.086934882,0.145961126
0.086518433,-0.070211124,0.088420901,-0.068230736,0.08798401,0.012617274,0.08779031,0.126306695,0.086978761,0.088435333
0.086534029,0.131907144,0.08839677,-0.13463948,0.087988178,0.024058527,0.087704286,-0.136388108,0.08695558,-0.130056907
0.086516469,0.029987083,0.088443751,0.076156636,0.087988082,0.081724123,0.087707231,0.133516579,0.086968195,0.108521511
0.086506955,0.089787197,0.088452233,0.025518968,0.087883292,-0.029743028,0.087726003,-0.08763001,0.086960928,-0.036430854
0.08649092,-0.125259032,0.088402387,0.135374848,0.087829876,-0.200203274,0.087767708,-0.064829587,0.086980003,0.008670388
0.086556756,0.028794632,0.08834144,-0.0280588,0.087901379,0.079538502,0.087756403,0.103624378,0.086949781,0.051560607
0.086522205,-0.070324141,0.088303674,0.052319955,0.087827443,0.134593244,0.087710688,0.133523165,0.086886215,0.052293025
0.086512536,0.047918705,0.088293265,-0.110656642,0.087864816,0.079270257,0.087602674,-0.148696792,0.086841732,-0.013936814
0.086498457,0.009271164,0.088279761,0.039801138,0.087903101,0.12882218,0.087622006,0.066100784,0.086826453,-0.052380838
0.08650503,0.006014172,0.088315884,-0.055323187,0.087808751,-0.071389756,0.087624367,0.007584778,0.086871016,0.114720054
0.086499734,4.63E-05,0.088333856,0.05539167,0.087860871,0.211145564,0.087602972,-0.133619148,0.086901155,0.132834138
0.086497786,0.043102372,0.088253638,-0.000980201,0.087810496,0.02601074,0.087596293,0.057998346,0.086835601,-0.235943765
0.086460966,-0.129003229,0.088294567,0.048578845,0.087846008,0.043546557,0.087550956,0.05097257,0.086800531,-0.130678917
0.086454942,-0.07543047,0.088324878,0.071737019,0.087834205,0.098744805,0.087522276,-0.059507097,0.086828385,-0.224903626
0.086485405,-0.02666806,0.088278926,-0.083955749,0.087774053,0.140977992,0.087548999,0.003523082,0.086894537,0.121459355
0.086497167,0.008103797,0.088201776,-0.197541381,0.087742691,-0.04886397,0.087461034,-0.154789981,0.086877439,-0.025556431
0.086463285,-0.053594365,0.088240413,-0.06570268,0.087771416,0.073479539,0.087422541,-0.11565849,0.086808508,-0.084690841
0.086444932,0.01004213,0.088250695,0.045833009,0.087764715,-0.04874828,0.087463777,-0.124938621,0.086782601,0.048323158
0.086442584,0.071832867,0.08819869,-0.056300311,0.087807235,0.089351678,0.087423919,-0.114220934,0.086744705,0.078563885
0.086452158,-0.01200052,0.088190619,0.152654236,0.0878121,0.109611156,0.087384379,-0.010953871,0.086679264,9.18E-05
0.086433268,0.002513539,0.088167107,0.087472874,0.087669523,-0.371016253,0.087389608,0.020826926,0.08666769,-0.011179911
0.086420909,-0.091543729,0.088169135,0.072421379,0.087740028,-0.053384688,0.087397317,-0.080440085,0.086667975,-0.082188637
0.086419833,-0.123191866,0.088192563,0.074188558,0.087700623,-0.171252692,0.087456854,0.016184431,0.0866762,0.149079033
0.086417877,-0.140822801,0.088136114,-0.052241535,0.087698367,-0.007134752,0.087412886,0.114751437,0.086656265,-0.087979193
0.086419281,0.07715358,0.088142546,-0.028046825,0.08769964,-0.022439984,0.087331165,-0.072208046,0.086658578,0.061241086
0.086425449,0.013634407,0.088157987,-0.040523087,0.087683841,0.052042633,0.087375638,0.043384361,0.086647382,-0.045741777
0.086428799,-0.052200641,0.088139937,-0.097860417,0.087555254,-0.104765658,0.087403822,0.177645266,0.086672042,0.042295227
0.086418583,0.071980801,0.088102742,-0.009466587,0.08759072,0.001909725,0.087286058,-0.06085127,0.086635269,0.127116816
0.086436218,0.108192976,0.088060709,-0.034398897,0.087627669,-0.003726184,0.087230362,-0.143129841,0.086603045,0.008191119
0.08639977,-0.031416787,0.088112789,0.25468199,0.087567976,-0.02764789,0.087284779,0.111104801,0.086573071,-0.090936457
0.086386308,0.058027785,0.088053286,-0.031202788,0.087556914,0.030538438,0.087287299,-0.071210216,0.086550373,0.164812353
0.086367878,0.001039518,0.088048918,-0.079503289,0.087560265,-0.027164271,0.0872498,-0.041879952,0.086433971,-0.168825793
0.086373633,-0.054418484,0.088056955,-0.074293168,0.087546154,-0.103066323,0.087240873,-0.14567535,0.086475638,0.108314396
0.086345762,-0.057725975,0.088110459,0.055885865,0.087536883,0.121992035,0.087249564,0.047651774,0.086489232,0.158251117
0.08635101,-0.166719146,0.088090263,-0.111035263,0.087500529,0.013457011,0.087206556,0.063736809,0.086413952,-0.063335297
0.086353224,-0.069501203,0.088065024,-0.081681616,0.087472463,0.127814577,0.087178078,-0.048656642,0.086417439,-0.012141085
0.086361216,0.145926683,0.088013004,-0.164230264,0.087483272,0.085386518,0.087192051,-0.020994914,0.08642005,0.014388804
0.086335799,-0.138542563,0.088031295,-0.076277719,0.087408162,-0.276227249,0.087169932,0.185002355,0.086434665,0.010855838
0.086310573,-0.09141735,0.088060578,0.036241197,0.087437967,0.14087837,0.08708363,-0.134262245,0.086431041,0.134986231
0.086344685,0.029985749,0.088008449,-0.033732083,0.0873629,0.03001975,0.087068197,-0.146716953,0.08630807,-0.07233832
0.0863161,-0.000520992,0.087994841,-0.099434019,0.087385683,0.245939465,0.087106144,0.129885876,0.086275289,-0.159533592
0.086319943,0.048964475,0.087951759,-0.056755173,0.087343534,-0.150883423,0.087091367,-0.249969833,0.086403545,0.072261542
0.086311838,-0.013174692,0.088001097,0.163006702,0.087389369,-0.007427059,0.087140823,0.24889646,0.086443289,0.22133458
0.086255131,-0.067343556,0.08794715,-0.044108612,0.087335031,-0.062960599,0.087039477,-0.11325112,0.086342604,0.076393364
0.086291436,-0.121954894,0.087925917,0.016733164,0.087359073,0.159321891,0.087028788,0.002761296,0.086249021,-0.382337274
0.086280821,-0.061155903,0.088015741,0.129107874,0.087391221,0.152508557,0.08704228,-0.014717483,0.086390893,0.092632231
0.086270394,-0.061190465,0.087959403,-0.006688894,0.08736954,0.06212504,0.087070572,0.113751562,0.086456028,0.109798016
0.086268108,0.066527011,0.087934868,0.094957619,0.087352861,0.109848209,0.086988734,-0.024021342,0.086412068,0.044232452
0.086264317,-0.049574461,0.087940974,-0.073589516,0.087350562,0.051439798,0.086950493,0.054488862,0.086309219,-0.040017935
0.08623006,0.015798008,0.087952552,-0.017661965,0.087304769,0.006933565,0.086948778,0.033720474,0.086249576,0.007205692
0.086247496,-0.030530089,0.087956676,-0.011896951,0.087284857,-0.090525126,0.086985545,-0.064493498,0.086210004,-0.106928892
0.086222886,-0.06450294,0.087959323,-0.024909708,0.087305572,0.100930957,0.086947323,-0.106869387,0.086222397,0.069725895
0.086241756,-0.109188183,0.087896691,-0.190006013,0.087298148,-0.028575508,0.086979771,0.211406608,0.086255227,-0.165865114
0.086243094,0.065565067,0.087911042,-0.018702806,0.087233754,-0.056362462,0.086902216,-0.10102336,0.086261797,-0.063215478
0.086234046,-0.079829697,0.087879382,-0.174089284,0.087229386,0.09006681,0.086851819,-0.084689472,0.086264001,0.076831432
0.086223273,-0.076152312,0.08788026,-0.004484475,0.0872712,-0.10588455,0.086910274,0.013269443,0.086261517,-0.076339192
0.08621715,0.049611555,0.087834199,0.053718049,0.087304912,0.084553922,0.086921628,0.006683683,0.086271252,0.070298129
0.086202131,-0.052511026,0.08785837,0.172021869,0.087234835,-0.056392816,0.086891922,0.122580581,0.086246322,0.305452161
0.086186537,-0.091888685,0.087794945,-0.129728416,0.087234716,0.005829233,0.086808647,-0.256819652,0.086151488,-0.26330365
0.086192592,-0.124111668,0.087823637,-0.014163208,0.087285014,0.171537855,0.086837453,0.042837067,0.086165234,-0.178379604
0.086185512,-0.161956661,0.087774123,-0.022951807,0.087221153,-0.036587417,0.086794885,-0.105803634,0.086195968,-0.096728243
0.086187436,-0.046126053,0.087795095,0.009332117,0.087165323,-0.028396771,0.086819985,0.111766243,0.086218301,-0.030461462
0.086198974,0.078759766,0.087801784,-0.117863255,0.087152536,0.016316973,0.08677858,0.240841478,0.086165497,-0.329900764
0.086178493,0.054932018,0.087790972,0.047463757,0.087168835,0.088155332,0.086694392,-0.151998008,0.086201679,0.0969154
0.086153241,0.034087284,0.08771034,0.026885394,0.08714357,-0.004067833,0.086799358,0.340703505,0.086119858,-0.084206869
0.086161118,0.164119553,0.087747254,0.262273834,0.08714853,0.05836044,0.086817863,0.138216362,0.086057065,-0.026467345
0.086144006,0.156986695,0.087755033,0.068219129,0.087154318,0.012632145,0.086771155,-0.101897953,0.08607297,-0.219225681
0.086148802,0.069516287,0.087691083,-0.09285828,0.087087499,-0.047075389,0.086728838,-0.053794022,0.086096694,0.151512303
0.08610252,-0.220562252,0.087695366,0.058054342,0.087070237,0.01706578,0.086771591,0.208137819,0.086033043,-0.029950388
0.086125835,-0.077088779,0.087672732,-0.018138322,0.087155271,0.1493144,0.086674181,-0.095856826,0.085995502,-0.057844791
0.08614478,0.107501861,0.087672125,0.097099945,0.087098684,-0.092606496,0.086708768,0.089751204,0.085998502,0.085296336
0.086123438,0.069091339,0.087652511,-0.020731121,0.087098938,0.039023915,0.086728946,0.059316283,0.085929744,-0.134684932
0.086127356,0.001875084,0.087696367,-0.006313319,0.087068292,-0.051740268,0.086739135,0.020640429,0.085935717,0.10138083
0.086115653,0.128509248,0.087647298,0.037455587,0.087086788,0.051982804,0.086681056,-0.120988727,0.085980048,0.047006484
0.086077383,0.047021656,0.087620799,0.005661525,0.087056881,-0.097179169,0.086712744,0.092512375,0.085951093,-0.009577516
0.086079604,0.045075047,0.087657367,0.041240249,0.086999324,-0.092876472,0.086665561,-0.16274083,0.085913146,-0.222031275
0.086077429,0.004026919,0.087612581,-0.022558205,0.087049389,0.026763458,0.086738012,0.1332725,0.086046279,0.083744586
0.086066753,0.137709164,0.087619059,-0.123836317,0.086975274,-0.104821777,0.086728425,-0.031149721,0.085991879,-0.130878791
0.08605767,-0.011266379,0.087638255,0.031149225,0.086912958,0.016296819,0.086700172,0.129942909,0.085910285,-0.0453053
0.086080494,0.198979614,0.087579242,-0.173929685,0.086971074,-0.181959545,0.08665648,-0.157621351,0.085872764,-0.185735611
0.086022677,-0.078173908,0.087557156,-0.140665158,0.087015463,0.037365647,0.08666503,-0.029743439,0.085954159,0.160251881
0.086027453,-0.042177619,0.087608798,0.030639209,0.086999353,0.125663327,0.086651169,0.157888012,0.085918195,-0.110744045
0.086057051,0.086558257,0.087551164,-0.017415812,0.086933915,-0.123177044,0.08660833,-0.099327164,0.085911737,-0.122982858
0.086039679,0.142952515,0.087565849,0.152996358,0.086942173,0.01728969,0.086569636,-0.092996969,0.085905029,-0.110443678
0.085997345,-0.060784062,0.087538743,0.071870983,0.086972151,-0.085896331,0.086530222,-0.062989031,0.085880861,0.075185183
0.086026475,0.046156291,0.087551128,0.072386526,0.087002212,0.326780359,0.086584448,0.033316738,0.085822687,-0.107613588
0.086054187,0.130044821,0.087564812,0.075591425,0.086884319,0.060017852,0.086605308,-0.043196777,0.08588989,0.108717812
0.08600018,-0.098232101,0.08753031,0.025796393,0.086847934,-0.048992028,0.086620767,0.085379735,0.085916123,0.061486967
0.08600447,-0.070602938,0.087512763,-0.034070943,0.086864245,-0.016533351,0.086535319,0.000178819,0.085892916,0.019075599
0.085996324,-0.116079621,0.08749084,0.03810484,0.086861593,0.110276908,0.086502831,0.069685863,0.085841927,-0.013113116
0.086017999,-0.034343295,0.087457363,0.115599108,0.086872606,0.160350818,0.086475639,-0.241315301,0.08583146,0.076945613
0.085989185,-0.059902917,0.087424098,-0.084462863,0.086867822,0.131893532,0.086459943,0.116564917,0.085772946,0.027711288
0.085985064,-0.084999968,0.087470698,-0.076990128,0.086781009,-0.138955028,0.086470022,-0.06641984,0.085674497,-0.040305571
0.085994495,-0.016239729,0.087492353,0.019650415,0.08683096,0.017138777,0.086509036,0.017909886,0.085615092,-0.090976974
0.085986981,0.017950911,0.087458049,-0.182726989,0.086845014,0.052178641,0.086477594,-0.031454692,0.085703589,0.160815324
0.085988305,0.036132221,0.087454205,-0.038268449,0.086848171,0.139803516,0.086475765,-0.066476551,0.085728138,0.093480005
0.08599224,0.115283691,0.087378012,-0.097703227,0.086806335,-0.129252227,0.086470659,-0.194907282,0.08570838,0.203816687
0.085976616,0.007191029,0.087418953,0.106194575,0.086772012,-0.144710798,0.08650976,0.046941901,0.085638418,-0.048090839
0.085985867,0.150591949,0.087376824,-0.085193996,0.086772137,0.133411232,0.086507391,0.016456757,0.085709595,0.245386595
0.085971508,0.009328703,0.087397229,-0.1310654,0.086754804,0.134242851,0.086552273,-0.110034696,0.085672087,-0.236492312
0.08597057,0.101686642,0.087395329,-0.064932604,0.086759658,-0.002381856,0.08651265,0.073560393,0.085645541,-0.01497279
0.085939962,-0.091665309,0.087385034,-0.025912188,0.086746107,-0.167494725,0.086415206,-0.130535826,0.085614829,-0.338285084
0.085985062,0.030222585,0.087349946,-0.077559611,0.086801575,0.082328552,0.086476789,-0.022353492,0.085702879,0.272121801
0.085978895,0.036105602,0.087396889,0.078293127,0.08679011,-0.037072852,0.08647908,-0.005069434,0.085676528,0.016606019
0.085990777,0.140356237,0.087383711,0.036124247,0.08675359,-0.128816146,0.08645389,-0.22469333,0.085566791,-0.06788741
0.085965322,0.049614109,0.087353533,0.026262628,0.086765934,0.142791636,0.0865408,0.208403023,0.085568628,-0.197868271
0.085986413,-0.003916231,0.087370227,-0.140487,0.086789758,0.032864962,0.086531265,0.000509973,0.085653282,0.05531446
0.085964992,-0.083387507,0.087383342,0.15209794,0.086786057,-0.04153122,0.086415799,-0.223508577,0.085699434,0.368732597
0.085968402,0.154050225,0.087403867,0.177245105,0.086761893,-0.111222891,0.086411802,0.149977853,0.085640485,0.07233853
0.085967343,0.007515004,0.08735156,-0.183350205,0.086755826,-0.050197121,0.086333142,-0.072923196,0.085612973,0.009806195
0.085928637,-0.021650404,0.087354426,0.004361988,0.08677263,0.10653172,0.086277303,-0.238142253,0.085580344,-0.141490056
0.085937871,0.047286986,0.087314482,-0.07502033,0.086672837,-0.057454623,0.08635181,0.16484067,0.085584676,-0.132124502
0.085956271,0.060738381,0.08735999,0.14387497,0.086634669,-0.104789556,0.086325155,-0.230486533,0.085677218,0.208626904
0.08593922,-0.022560342,0.087338678,-0.0529264,0.086712472,0.118108451,0.086324415,-0.036492395,0.085595084,0.114317403
0.085904358,-0.149198072,0.087327226,0.042863369,0.086675676,-0.011560695,0.086310259,-0.215298708,0.08552705,-0.070401746
0.085932199,-0.11034827,0.087302023,0.069290924,0.086682084,-0.048904958,0.086383315,0.092370789,0.085604112,0.064789222
0.085924073,0.046532014,0.087288042,0.016175066,0.086744649,0.137345714,0.086397882,0.171948836,0.085649879,0.135770147
0.085902397,0.035017429,0.08725893,-0.054988317,0.086685145,0.027588822,0.086316196,-0.067950616,0.085616307,0.041529565
0.085884081,0.12561271,0.087347556,0.14656769,0.086706219,0.073031983,0.086298108,0.132475982,0.085621079,-0.080114251
0.085906746,0.054140714,0.087300925,0.188030989,0.086671708,-0.095542238,0.086274598,-0.079243018,0.085624009,0.165300743
0.085914631,0.053970566,0.087270976,0.191449352,0.086685513,-0.181302368,0.086261681,-0.123575153,0.08553443,-0.140871673
0.085894881,-0.056246661,0.087245853,0.064836681,0.08672887,0.147030233,0.086236835,-0.030269245,0.085541481,0.149325768
0.085876093,-0.089364959,0.087233746,-0.005110725,0.086676777,0.077901044,0.086291974,-0.064661699,0.085510437,-0.032681964
0.085907108,0.028604085,0.087265405,0.121640938,0.086561251,-0.226567084,0.086377328,0.323117097,0.085506313,-0.151451846
0.085873748,-0.06715878,0.087212193,-0.153748411,0.086549605,-0.011290262,0.08622957,-0.036809678,0.08556433,0.131959847
0.085879929,0.005140754,0.087262536,-0.01321582,0.08660347,-0.00357847,0.086170075,-0.13239405,0.085520481,-0.012758618
0.085878519,0.021856111,0.087219977,-0.043581657,0.086607292,0.045696136,0.086207408,-0.048306619,0.085424835,-0.176857107
0.085894786,0.014163777,0.08720426,-0.108610133,0.086577979,-0.029630963,0.086263743,-4.64E-05,0.085431026,0.096532784
0.085921584,0.05184154,0.087139886,0.062254062,0.086588155,0.1229385,0.086282444,0.138786493,0.085443742,-0.027854603
0.085890045,0.005724445,0.087148877,-0.051349395,0.08654617,0.058172948,0.086163748,0.080608627,0.085482988,0.090422752
0.085897422,0.032254882,0.087204035,-0.009337047,0.086550612,-0.060611271,0.086082213,-0.095048857,0.085427164,-0.000202072
0.085887964,0.029015521,0.087197427,0.06415029,0.086554273,0.184115106,0.086126915,0.069890347,0.085391335,-0.142323805
0.085886937,-0.008436625,0.087212441,0.005702892,0.08653515,0.054351944,0.086158075,-0.062182292,0.085418335,0.052839782
0.085875692,-0.097195554,0.08717468,-0.052124069,0.086519882,-0.029271565,0.086148847,0.041919408,0.085408434,-0.064497301
0.085864474,-0.042976698,0.087147078,-0.026453154,0.086507314,-0.027565414,0.086115352,0.038629229,0.085408515,-0.064213105
0.085889206,0.061869175,0.087190718,0.068807462,0.086526247,0.028885144,0.086114496,0.18112129,0.085418817,0.175632519
0.085853657,-0.080296916,0.087103611,-0.109095515,0.086488241,-0.071696281,0.086122193,0.06800776,0.085340519,0.151678816
0.085834298,-0.039232232,0.087101794,0.068156173,0.086459548,0.000561936,0.086093765,-0.026920954,0.08528331,-0.29715523
0.085831835,-0.145557035,0.087115818,0.007278981,0.086429177,-0.062256724,0.086123445,0.158778171,0.085371782,-0.149401157
0.085795435,-0.172474813,0.087067051,-0.109869203,0.086444103,-0.082309867,0.086046263,-0.138392587,0.08545804,0.19179404
0.085827353,-0.054275948,0.087070401,0.062528138,0.086476176,0.03170107,0.086081804,0.033983405,0.085411515,0.003360223
0.085813473,-0.098443044,0.087058174,-0.110037153,0.086426139,-0.025976192,0.086009153,-0.220678244,0.085346623,-0.133043265
0.085822586,-0.080413424,0.087074222,0.007637927,0.086414368,-0.09691621,0.086007008,0.025501005,0.085312021,0.09781282
0.085822768,-0.016758926,0.087069711,0.098306292,0.086464957,0.061418789,0.086062609,-0.037737805,0.08528039,0.043346916
0.085858097,-0.015265066,0.08710885,0.004781846,0.086404103,-0.062567173,0.086070183,0.126899227,0.085299752,-0.057911066
0.085841822,-0.022440595,0.087089399,-0.068041917,0.08638763,-0.12886207,0.08596401,-0.151097048,0.085365217,0.196708595
0.085811321,0.012165241,0.08706525,-0.130033643,0.086440499,-0.032236327,0.0859783,-0.050911736,0.085286903,-0.295403474
0.085856029,0.195948639,0.087094129,0.122561938,0.086495991,0.311044665,0.086017656,0.120008969,0.085351679,0.117534872
0.085821583,-0.002865356,0.087012481,0.006271301,0.086368476,-0.197607864,0.085989371,-0.044842438,0.085307817,0.059670169
0.085790975,0.03612679,0.087031929,0.038907773,0.086472674,0.113554645,0.086036709,0.05815331,0.085237456,-0.01050999
0.085764855,0.068277833,0.087044195,0.123719832,0.086470562,-0.135238615,0.085983518,-0.18759683,0.085253439,0.139675414
0.085786034,-0.027501859,0.087066196,0.106447685,0.086421864,-0.03062808,0.085981786,0.017429837,0.085215007,-0.207381874
0.085770322,-0.117347977,0.087019105,0.069457468,0.086351599,-0.107932945,0.086016705,-0.018099987,0.085224158,0.003248671
0.085796892,0.015278298,0.0869909,-0.089041968,0.086369414,-0.203825698,0.08598172,-0.053308217,0.085220015,-0.160710226
0.08578744,0.002832284,0.086986747,0.03342245,0.086458429,0.093722909,0.085951718,-0.078490087,0.085186717,0.016122871
0.085772951,-0.037373308,0.086960817,-0.058485525,0.086374266,-0.005545679,0.085979271,0.03819797,0.085141817,-0.062119863
0.08575851,-0.019389639,0.086929054,-0.018631939,0.08633572,-0.058567203,0.085969568,0.283849214,0.085195843,-0.050382698
0.0857587,-0.024405423,0.086889837,-0.078131419,0.086359961,0.057433862,0.085876337,-0.168422778,0.0852327,0.07612369
0.085766159,0.173885985,0.086891993,-0.022265689,0.086394117,0.022741732,0.085942504,0.195690455,0.085250949,0.009432954
0.085798306,0.01136972,0.086910803,0.172494977,0.086378508,-0.072394026,0.085971924,-0.174125764,0.085235145,-0.094554799
0.085786016,-0.0063987,0.086893986,0.104172141,0.086370356,-0.002981063,0.086002925,0.156414506,0.085155865,-0.213135218
0.085795107,-0.016532452,0.086859136,-0.006335522,0.086390299,0.005975417,0.085933745,-0.054695672,0.085190284,0.146937072
0.085781307,-0.021110369,0.086865912,-0.041406597,0.086355634,-0.032166306,0.085886995,-0.144659626,0.085216116,0.010159561
0.085776497,-0.050618808,0.086837345,-0.01838781,0.086323721,0.000609342,0.0859229,0.228799685,0.085215056,0.226108846
0.085771713,0.070458396,0.08685016,-0.000875929,0.08632815,-0.13962815,0.085888811,-0.098114016,0.085121463,-0.00608236
0.0858047,0.053230401,0.086861717,-0.042348942,0.086357885,0.004649988,0.085961995,0.044670839,0.085087934,-0.150965372
0.085774935,-0.037836756,0.086884213,-0.015471118,0.086323864,-0.14425044,0.085937415,0.00841879,0.085181126,0.207806475
0.085767813,-0.067927548,0.086832154,-0.079405835,0.086282397,-0.190264262,0.085869612,-0.094675529,0.085172649,0.058222178
0.08578965,-0.121423102,0.086829024,-0.024191949,0.086314464,-0.055739809,0.085852931,0.000278191,0.085168197,0.044362954
0.085760515,-0.060237397,0.086860078,0.210821523,0.08642254,0.275113507,0.085879923,-0.006356695,0.085111256,0.119169484
0.085761199,-0.096427403,0.086859224,0.131709731,0.086360005,-0.069976828,0.085871462,-0.052210643,0.084980125,-0.359206429
0.085771196,-0.136147052,0.086838842,0.019740449,0.086349186,0.086656534,0.085848698,0.030600826,0.085056365,0.200559441
0.085797714,-0.023658585,0.086820452,-0.130254524,0.08626238,-0.011773869,0.085832685,-0.177976467,0.085127707,0.019959986
0.085791223,0.040413953,0.08679437,-0.078136021,0.086257771,-0.062923257,0.085875752,-0.037046636,0.085147359,0.195939585
0.085796388,0.026025002,0.086842876,-0.044702547,0.086306639,0.150208106,0.085875713,-0.068386465,0.085034634,-0.059241011
0.085779194,0.080741916,0.086822882,-0.090239783,0.086208611,-0.147094735,0.085881818,-0.055076525,0.084980193,-0.058040712
0.085780611,0.258383834,0.08675488,-0.077854733,0.086286456,0.085222011,0.085872386,-0.215094237,0.085022114,-0.067606425
0.08576941,-0.019462049,0.086738862,-0.221730693,0.086279584,-0.031503976,0.085857548,-0.109220075,0.085059888,0.159915893
0.085778007,-0.102630382,0.086791105,-0.065587825,0.086350035,0.221570591,0.085828562,-0.01419418,0.085035907,0.241955436
0.085735797,-0.001328475,0.086771497,-0.039676674,0.086280197,0.090790518,0.085838688,0.065707088,0.084885279,-0.20734441
0.085781517,0.083837998,0.086758318,-0.001660364,0.086206092,-0.083038075,0.085841985,0.042919808,0.084888081,-0.091950931
0.085779963,-0.104306959,0.086702937,-0.05330222,0.086214352,0.051866518,0.085814663,-0.104677701,0.084991184,0.066265534
0.085753117,-0.12588865,0.086698178,-0.003330513,0.086211138,-0.075375652,0.085806876,0.108289584,0.085117701,0.203482044
0.085731077,-0.139463424,0.086702629,-0.014979792,0.086213362,-0.019230118,0.085737815,-0.208431533,0.085102977,-0.064363935
0.085741022,-0.014065989,0.086744115,-0.00570922,0.086224987,0.036033844,0.085731844,-0.136579506,0.085072614,-0.058526592
0.085776663,-0.079353479,0.086764733,0.039609272,0.086221833,-0.027017737,0.085806203,0.025356538,0.085039708,0.030679632
0.085746882,-0.144093844,0.086740131,0.092404499,0.086216948,-0.01082452,0.085821845,0.136603304,0.084980308,0.151669199
0.085822371,0.187942889,0.086694025,-0.110031644,0.086194863,0.120543428,0.085755002,-0.009511345,0.084878293,-0.225765515
0.085780002,0.056466543,0.086708996,-0.091175254,0.086101329,-0.150506574,0.08570689,-0.046188694,0.08491107,-0.135465608
0.085754418,0.095083695,0.086727894,-0.071200203,0.086149845,0.065120402,0.085749772,0.087566007,0.084943497,-0.035581573
0.085747797,-0.050255437,0.086726085,-0.101904443,0.086172499,0.102993606,0.085756956,-0.178955853,0.084951521,-0.009357204
0.085759681,0.032192721,0.086743389,-0.123121206,0.086103525,-0.124644633,0.085790106,0.001308155,0.084882118,0.011972236
0.085756245,-0.114820269,0.086742241,0.045874487,0.086129958,-0.064888388,0.085697402,-0.013191559,0.084834084,-0.101413611
0.085762381,-0.02724866,0.086699292,-0.081786317,0.086197628,0.216360893,0.08567384,-0.040926517,0.084872958,-0.124770212
0.085749885,-0.037155185,0.086707199,0.00729887,0.086149184,-0.186020416,0.085770231,0.010135752,0.084939171,0.090376826
0.085785536,0.178920479,0.086729821,0.095757959,0.086171662,0.095153305,0.08577409,0.135354652,0.084951342,0.039932115
0.085801993,0.199335579,0.086753204,0.083416058,0.086114845,-0.060063748,0.085713752,-0.018364657,0.084902167,0.035094634
0.085760611,-0.019824574,0.086719413,0.018026994,0.086135456,-0.023182977,0.085740237,0.031846462,0.084852493,-0.115065526
0.085759177,-0.034722848,0.086672736,-0.02508994,0.086172327,0.126996236,0.085742783,0.008896964,0.084911801,0.159733062
0.08573549,-0.023441986,0.086651481,0.074312845,0.086151713,0.037579185,0.085699223,-0.047988148,0.084900218,-0.116420527
0.085719441,-0.107465623,0.086640787,0.160492169,0.08617579,-0.02449442,0.08572424,0.162596394,0.084929604,0.316855813
0.085743714,-0.006816668,0.086649557,0.175599195,0.086181204,-0.098769344,0.085703609,-0.063150464,0.084804328,-0.125424718
0.085729888,-0.112382365,0.086654411,0.200485342,0.08615501,0.086578301,0.085752425,0.236446508,0.084810396,-0.082562036
0.085728039,0.016468522,0.086595434,-0.153921904,0.086148438,0.012831774,0.085711405,-0.187037162,0.084876426,0.011896746
0.08576347,0.107490641,0.086663089,0.086811712,0.086140348,-0.005721115,0.08567895,-0.140326227,0.084870812,0.042429439
0.085778581,0.13010129,0.086599206,-0.165422974,0.086161674,-0.062229694,0.085640056,-0.017757673,0.084863358,-0.013630022
0.085721805,-0.062709039,0.086587113,-0.129917409,0.086163718,-0.057003587,0.085689109,0.114420623,0.084860675,-0.049182163
0.085771695,0.127649396,0.086604135,0.0273763,0.086185267,0.00585256,0.085696307,0.04984187,0.084924497,0.166570154
0.085732984,0.045770511,0.086630436,0.100515546,0.086071786,-0.093693967,0.08567034,0.151384308,0.084856312,-0.3036767
0.085759562,0.181271962,0.086602847,0.003366209,0.086009326,-0.156524492,0.085666472,0.02353429,0.084800253,0.122137167
0.085729729,0.001523706,0.08661017,0.042469298,0.086072229,-0.044177348,0.085711861,0.04930167,0.084729849,-0.208144971
0.085741503,-0.002921931,0.08654599,-0.161458776,0.086107015,0.051533172,0.085669479,-0.078196381,0.084819934,0.083897093
0.08569395,0.001478317,0.086604333,0.068769288,0.086088056,-0.202094019,0.085608235,0.03129689,0.084835812,0.029719611
0.085709288,0.03606968,0.086598676,-0.03708964,0.086117351,-0.099380924,0.085576497,-0.033458798,0.084805539,-0.012844211
0.085709034,0.022769529,0.086572676,-0.003245487,0.086175265,0.083880747,0.085546314,-0.15102527,0.08479953,-0.253051277
0.085747656,0.060484228,0.086529552,-0.080280391,0.086129201,-0.073928797,0.08555863,-0.202537687,0.084816603,0.220639375
0.085699474,-0.032451305,0.08657623,0.00671869,0.086094507,-0.08338924,0.08564129,0.102019376,0.084729683,-0.035614383
0.085733277,-0.012892584,0.086548915,-0.005314154,0.086106152,0.030908973,0.085586784,-0.107915038,0.084687552,-0.102828505
0.085712519,-0.101631287,0.086495588,-0.143462228,0.086119779,-0.07280671,0.085590468,0.102118677,0.084718202,-0.071454442
0.085687256,-0.043790109,0.086545001,-0.060227314,0.086074633,-0.143463346,0.085596524,0.032896995,0.084797628,0.185439226
0.085711374,-0.191952442,0.086521784,0.062807419,0.086081115,-0.00295858,0.085555626,-0.172045328,0.084824156,-0.042143113
0.085692294,-0.100553738,0.086557055,-0.096742973,0.086062693,0.009297919,0.085646932,0.391276847,0.084875206,0.220326821
0.085709212,-0.040608963,0.08654748,-0.017331104,0.086094182,0.125578945,0.085557954,-0.189249133,0.084832901,-0.032996321
0.085723002,0.001893672,0.086507083,-0.114106154,0.086049812,-0.018150327,0.085595555,0.077417369,0.084823853,0.191824213
0.085708093,0.112617025,0.08647943,-0.128310107,0.08608762,0.108575619,0.085595935,0.079705759,0.084747529,-0.010778398
0.085680858,0.010787534,0.086543901,-0.008097795,0.086084435,0.048902013,0.085585444,0.021107167,0.084738752,-0.263749602
0.085685227,-0.005206755,0.086566656,0.162458757,0.086126491,-0.062467609,0.085563017,0.004830188,0.084811886,0.078005953
0.085660638,-0.008626759,0.086507479,-0.004992242,0.08607618,0.010854792,0.085583445,0.143500575,0.084802379,-0.161482516
0.085682959,0.128754283,0.086502648,-0.002846333,0.086036377,-0.075888767,0.085484074,-0.104368599,0.08484302,0.098789152
0.085648176,-0.03435293,0.086514003,0.05340104,0.086037157,0.082441413,0.085536544,0.248392565,0.084796305,0.048730041
0.08567806,0.048217173,0.086465195,-0.087850065,0.086043449,0.053436212,0.085498739,0.022721352,0.084744776,0.019312158
0.085660158,0.003599435,0.086501047,0.182173135,0.086049641,-0.014518054,0.085402395,-0.014710385,0.084724336,0.114523725
0.085662085,-0.01331987,0.086442834,-0.055642316,0.086072954,0.075011735,0.08536422,-0.093940651,0.084706844,0.096976573
0.085673181,-0.043608039,0.086486298,0.011940606,0.086060448,-0.002589655,0.085490163,0.152489817,0.084718557,-0.12465944
0.085637682,-0.146600213,0.086498131,-0.064713456,0.086046359,-0.085475195,0.085562225,0.144627015,0.084774576,0.236977245
0.085669105,0.125979117,0.086527733,0.109398957,0.086044847,0.036568448,0.085500723,-0.050881646,0.084748986,0.165564479
0.085647547,-0.068753851,0.086412118,-0.241297894,0.085961573,0.011845145,0.085472365,0.11675353,0.084669512,-0.015479536
0.085681111,0.12533781,0.086517755,0.043099843,0.085970664,0.099347478,0.085479291,0.073676417,0.084676376,-0.114941843
0.085650818,-0.077739569,0.086521384,-0.025243551,0.085986147,0.167252688,0.085422918,-0.223787686,0.084748818,0.071348957
0.085666206,0.00941007,0.086446263,-0.115020939,0.085925891,-0.186386369,0.085433039,0.040499105,0.084742296,-0.016675439
0.08563472,-0.010234586,0.086476529,0.09858407,0.085984744,0.097202745,0.085447015,-0.053448266,0.08475072,0.223120289
0.085647758,0.089646153,0.086437926,0.005679763,0.085938746,0.003296497,0.085441594,0.028255887,0.084669843,-0.038869354
0.085655004,0.064124723,0.086390279,-0.17285329,0.085956956,0.090581915,0.085434608,0.058784354,0.084702574,-0.04297237
0.085631441,0.045732732,0.086465013,0.020198995,0.085957637,-0.030440872,0.0853962,0.022462801,0.084755815,0.132592992
0.085635599,0.052597712,0.086404677,-0.064338772,0.085960247,0.190106209,0.085359221,-0.186264699,0.084692383,-0.051764558
0.085660696,0.047840821,0.086352657,-0.160668335,0.085937413,0.028368497,0.085379075,-0.035602928,0.084639582,0.008787554
0.085677238,0.085039751,0.086412438,0.10053776,0.085922128,-0.031300417,0.085405228,0.058586175,0.084655032,-0.027421888
0.085663384,0.020977319,0.086370036,0.026222804,0.085908488,-0.011774124,0.08533605,-0.172968537,0.084714177,-0.002109461
0.085668115,-0.014919055,0.086374079,0.025456702,0.085906911,0.061100705,0.085332189,-0.006504825,0.084725155,0.146577308
0.085638822,-0.062650539,0.086310255,-0.018435139,0.085845538,-0.191055432,0.08543737,0.264746807,0.084646434,-0.038998605
0.08564153,-0.05993772,0.086347172,-0.043718095,0.08590314,-0.053731678,0.085443063,-0.079578762,0.084623026,-0.061416258
0.085650419,-0.063006155,0.086371717,-0.000543978,0.085914748,-0.16974134,0.085506445,0.201185143,0.084634988,-0.14691206
0.085633321,0.047297983,0.086301634,-0.13018783,0.085908995,-0.023476689,0.08535751,-0.212042526,0.084654629,0.098683541
0.085659526,0.045262147,0.086315347,0.055133692,0.085893551,-0.015183014,0.085334595,-0.11783635,0.084702046,-0.026132998
0.085637719,0.029572165,0.086387234,0.055437199,0.08589557,0.164366286,0.085428847,0.01989493,0.084735637,-0.009047279
0.085618096,-0.100580416,0.086367967,-0.042756695,0.085822152,-0.072586776,0.085418152,0.040609248,0.084744432,-0.081486847
0.085643037,0.002829421,0.086321446,-0.024464599,0.085856398,-0.024216512,0.085369485,0.090800628,0.084685113,0.043474142
0.085622571,-0.026050333,0.086362674,0.001882608,0.085883595,0.036490002,0.085390485,-0.000152395,0.084655482,0.13047137
0.085583517,-0.083422473,0.086275355,-0.107615236,0.085888549,0.049542478,0.085350175,0.137380725,0.084663882,-0.030929467
0.085623182,0.042126163,0.086332964,0.024903802,0.085889528,0.003769654,0.085234542,-0.23623791,0.084650095,-0.037922641
0.085570414,-0.15411514,0.086293908,-0.091224635,0.085874564,-0.188063229,0.085322059,0.184085677,0.084588992,-0.148308511
0.085601135,0.014352409,0.086294432,-0.091909882,0.085891161,-0.180341378,0.085301662,-0.027034037,0.084577641,-0.069719264
0.085580963,-0.206413938,0.086273382,-0.138726303,0.085905062,0.087340526,0.085312952,-0.048236348,0.084601689,-0.105937261
0.085595865,-0.013575313,0.086313991,-0.007352379,0.085852631,0.058385267,0.085295765,-0.016193958,0.084645079,0.003610426
0.085612364,-0.031171391,0.086295509,0.028906925,0.085866694,0.132282565,0.085331213,0.230069742,0.084686621,0.196777238
0.085610745,-0.027653349,0.086311464,0.127277866,0.085892933,-0.084394555,0.085290513,0.028893962,0.084602252,0.024303116
0.085598544,0.029241197,0.08628665,-0.026028063,0.085924257,0.258651944,0.085274238,0.049090737,0.084555598,-0.041477392
0.085621866,0.039047521,0.086250552,0.122791626,0.085840708,-0.113430782,0.085242897,-0.156814957,0.084629522,-0.019079149
0.085599644,-0.038562047,0.086266549,-0.08520474,0.085886466,0.176366609,0.085224337,-0.185142878,0.084664327,0.055032373
0.085611466,0.178537837,0.086293877,-0.003663174,0.085951987,0.17583015,0.085279365,0.11407256,0.084661478,-0.004284613
0.085584795,0.048070698,0.086297322,0.096737076,0.08586345,-0.178682179,0.085221756,-0.054863406,0.084634176,-0.101667531
0.085614469,0.052172621,0.08627941,-0.034346164,0.085799707,-0.085467571,0.085226509,0.04684271,0.084645534,0.037341528
0.085580837,-0.040048597,0.086255435,-0.04637738,0.085781597,-0.049941096,0.085235213,-0.14137166,0.084596864,0.104521592
0.085596067,-0.038846456,0.086267181,0.152985885,0.085799004,-0.109934076,0.085251098,-0.060450334,0.084508503,-0.050962986
0.085613611,0.16672128,0.086289101,0.080277423,0.085842366,-0.021036244,0.085223554,0.235343679,0.084550525,0.243715386
0.085642938,0.002800438,0.086273805,0.131019321,0.085831611,0.007572598,0.085158894,-0.21865587,0.084525401,-0.015506617
0.085592752,-0.068107845,0.086286882,0.025740245,0.085806251,0.038720534,0.085281701,0.208738751,0.084570788,0.027329557
0.085576139,-0.055019997,0.086241394,0.018452913,0.08571014,-0.13101248,0.085225959,0.041827864,0.084586799,-0.033503453
0.085554973,-0.077106209,0.086202362,-0.094071167,0.085809295,0.321321066,0.085089354,-0.214476042,0.084608941,0.085031517
0.085542447,-0.130546688,0.086280856,0.114524007,0.085772654,0.002640139,0.08514227,0.02506897,0.08459359,-0.010571377
0.085553755,-0.036548329,0.086227444,-0.017143465,0.085773765,-0.02662973,0.08515992,-0.208767513,0.084542036,-0.214973817
0.085578647,0.011657923,0.086244531,0.145729858,0.08576101,-0.258833865,0.08527051,0.173859245,0.084601011,-0.056944885
0.085550684,0.10269512,0.086192137,-0.082024403,0.08575519,0.040086223,0.085186756,-0.080299068,0.084650822,0.111699265
0.085566058,0.11096006,0.086211065,0.080475225,0.085731846,0.007141977,0.085161038,0.16061662,0.084616038,-0.057726137
0.085536719,-0.045066102,0.086190207,0.104942075,0.085843647,0.166163454,0.085168179,0.094592526,0.084551389,0.012893003
0.085546055,0.055445425,0.08616708,-0.012060744,0.085846373,0.091276899,0.08519957,0.143902012,0.084431088,-0.229590551
0.085553627,0.13511631,0.086235128,-0.047002619,0.085761112,-0.02982605,0.085130367,-0.165376142,0.084510871,0.073885763
0.08554394,0.056174997,0.086275413,0.122251114,0.08581281,0.08710305,0.085222892,0.095894833,0.084533788,-0.01161757
0.085531572,-0.128953655,0.086196223,-0.052151669,0.085823591,-0.058277688,0.085226049,-0.000209997,0.08453083,0.051050489
0.0855361,-0.050702792,0.08622193,0.037743604,0.085845161,0.070367426,0.08518036,-0.02300614,0.084558427,-0.036724859
0.085519054,-0.136618851,0.086201561,0.009459368,0.085758893,-0.042697782,0.085129239,-0.135717273,0.084571569,-0.130484377
0.085538529,-0.060710784,0.08616588,0.035955873,0.085738625,0.013610689,0.085179055,0.041189907,0.084550265,-0.012312548
0.08554425,-0.057475594,0.086198069,0.125218794,0.085767569,0.027567082,0.085244491,0.227899501,0.084433876,-0.05007518
0.085540579,-0.002541003,0.086174438,-0.006274007,0.085786381,0.108555283,0.085146676,-0.101227358,0.084337618,-0.291471228
0.08551695,0.199357769,0.086194345,-0.058002976,0.085782018,0.041615416,0.085095466,-0.127658574,0.08449742,0.189075177
0.085538403,-0.052821819,0.086149351,-0.057453579,0.085847144,-0.037236958,0.085187095,0.08159886,0.084502769,-0.133931765
0.085553134,0.031735658,0.086145519,-0.014261315,0.085863824,0.141425447,0.085237598,0.015720327,0.084489489,0.144414764
0.085562759,0.107173641,0.086125453,-0.116565652,0.085782938,-0.180292171,0.085144407,-0.106291541,0.084394005,-0.111896695
0.085546784,-0.115866583,0.08612557,-0.00817894,0.085801042,0.21034627,0.085080155,0.131629508,0.084423503,0.126023308
0.085529885,-0.030300122,0.086179298,-0.086110556,0.08579641,0.002894332,0.08503545,-0.124428682,0.08443484,-0.013022841
0.085539383,0.051041638,0.086177758,-0.096072416,0.085836484,0.077852379,0.085107886,-0.017614903,0.084435801,0.038947322
0.085520274,-0.007893764,0.086181744,-0.165147194,0.085772093,-0.127487482,0.085158187,0.21899799,0.084464472,-0.041415572
0.085502976,0.001057347,0.086143711,-0.015919349,0.085777459,0.137596744,0.085055087,-0.096486081,0.084518841,0.014378406
0.085520476,-0.089434508,0.086098977,0.041543596,0.085744038,-0.101215382,0.085005321,-0.105843263,0.084569573,0.227165399
0.085512166,-0.009842106,0.086118405,0.015491001,0.085747969,-0.070133582,0.085086446,0.047175881,0.084473832,0.065554487
0.08552631,-0.06493374,0.086091411,-0.156854499,0.085789005,0.265513525,0.085073093,-0.072147287,0.084396681,0.028831068
0.085493973,0.024559298,0.086097554,0.010773873,0.085767637,0.215934957,0.085068844,-0.05337665,0.084384139,0.104652294
0.085487005,-0.085050575,0.086097528,0.001817709,0.085668044,-0.160305913,0.085104345,-0.028639636,0.084411087,0.049933333
0.085488062,-0.00880995,0.086073848,-0.013780799,0.085686269,-0.233168144,0.085128972,0.064829429,0.08446008,0.181411434
0.085479417,-0.26838764,0.086099543,-0.044229511,0.085713494,0.043437752,0.085142387,0.206980898,0.08442681,-0.047888897
0.08548638,-0.075681583,0.086107168,-0.122999309,0.085699823,0.042204134,0.085029717,-0.22316757,0.084463572,0.263009008
0.085470836,-0.092570714,0.086103314,0.010352528,0.085668469,-0.113387511,0.085060507,0.055351515,0.084381177,-0.191607261
0.08550323,-0.08181269,0.086144231,0.073425492,0.085695566,-0.065160237,0.085046177,-0.043627304,0.08433991,-0.022982531
0.085512249,0.08529278,0.086068026,-0.111140747,0.085708767,0.112175373,0.085036573,0.152489191,0.084243763,-0.156128293
0.085523867,0.037890978,0.086124313,0.218333129,0.085642419,-0.112090799,0.085012442,-0.048268869,0.084240422,0.05460841
0.085485262,0.021329972,0.086083909,0.027375655,0.085691912,0.154522639,0.085050896,-0.111906553,0.084271181,0.023893709
0.085491449,-0.009112725,0.086050205,-0.051330814,0.085649711,0.108486156,0.08504562,-0.145151315,0.084345004,0.121151197
0.08547096,-0.231012009,0.086088301,-0.092871026,0.085634755,-0.210645226,0.085078822,0.078602196,0.084338631,0.021272263
0.085514092,0.007697415,0.08614472,0.230615164,0.085711767,-0.023638334,0.085055085,-0.039761858,0.084283527,-0.076677682
0.085499436,-0.080219292,0.086113635,0.071894695,0.085647185,-0.107697672,0.08501433,-0.023062202,0.084272033,-0.084132763
0.085499982,-0.06255049,0.086096153,-0.019726087,0.085688101,0.088399365,0.085011835,-0.010811846,0.084346753,0.150270389
0.085493768,0.005040966,0.086090954,-0.125847723,0.085651221,-0.172979398,0.084989006,-0.116624375,0.084319609,0.053005336
0.085492434,-0.072675819,0.086064536,-0.236775837,0.085656733,0.086326702,0.085058541,0.051532558,0.08425306,0.035228895
0.085497656,-0.095292852,0.086047918,-0.022267045,0.085628074,0.075502245,0.08501296,0.009668758,0.084199104,0.054112173
0.085463379,-0.122211334,0.086071804,-0.090545882,0.085604359,-0.106238605,0.08500427,-0.042470878,0.084210709,0.003421787
0.085487832,0.124435371,0.086090446,0.016543126,0.085682357,0.036290135,0.085056221,-0.049059443,0.084242444,0.192087444
0.085500083,0.039145909,0.086068425,0.053523044,0.085667214,-0.004210175,0.085016288,-0.153195962,0.084233626,0.040141049
0.085469812,0.129570902,0.086024528,-0.10058848,0.085623537,-0.068282445,0.085043899,0.320620826,0.084253572,0.098003748
0.085423761,-0.162794247,0.086069915,-0.022785322,0.085580205,0.044977767,0.084964177,-0.02247363,0.084241787,0.006684366
0.085465237,0.199755967,0.086026978,-0.12738406,0.085537715,0.112941542,0.085002923,0.05204905,0.084238602,-0.002727067
0.085470398,0.036063257,0.086039294,-0.087458835,0.085641567,0.059796098,0.084981664,0.105411543,0.084241767,0.106628589
0.085465339,0.004726981,0.086049889,0.090711103,0.085669993,-0.078055896,0.084909655,-0.067481629,0.084244538,-0.040366726
0.085459178,-0.030037642,0.08601314,0.123315272,0.085614023,-0.039044435,0.084934106,-0.007552989,0.084271334,-0.154670796
0.085440465,-0.016752649,0.086036444,0.083766046,0.085571103,-0.298186142,0.085005518,0.144977094,0.084293537,0.180568551
0.085458699,0.057256985,0.085992518,0.08440113,0.085643253,0.232690953,0.084979942,-0.04132124,0.084134277,-0.040568334
0.085464489,0.044617577,0.085978536,0.088587703,0.085609027,-0.170155331,0.085032664,0.082183532,0.08404984,-0.103239342
0.08545448,-0.06055075,0.085927751,0.076889346,0.085626653,-0.081603064,0.084987896,-0.336110237,0.084054595,-0.132970117
0.08541698,-0.093573001,0.085959447,0.050628223,0.085570173,-0.020982855,0.085010019,-0.058699628,0.084181318,0.047542088
0.085443439,-0.16694755,0.086000094,0.108830217,0.085623992,-0.013570726,0.084943526,-0.188085864,0.084280284,0.217489785
0.085477777,0.059279298,0.08599303,0.015685406,0.08562372,-0.038032754,0.084931545,0.082284033,0.084238218,-0.016862456
0.085452736,-0.048225117,0.08594733,-0.071859167,0.085581092,-0.23234577,0.084921294,0.005347895,0.08422879,0.020207226
0.085452657,-0.07223414,0.085946503,0.065910352,0.085601716,0.043602188,0.084928354,0.005339158,0.084190612,-0.141838738
0.085460471,0.01282596,0.085969575,0.045102912,0.085572816,0.061196454,0.084943247,-0.0107406,0.084168664,0.024757191
0.085458444,0.10334081,0.085973627,-0.045297773,0.085546687,-0.088979644,0.084961541,0.039241543,0.084215046,-0.00111247
0.085396363,-0.039765492,0.085967577,0.171395881,0.085557431,-0.013890965,0.084976957,0.150796618,0.084209868,0.183563096
0.0853867,-0.171361141,0.085975625,0.193097121,0.085533391,0.010023082,0.084896676,-0.177125272,0.084134926,-0.326780373
0.085393113,-0.041068185,0.085934858,0.098425841,0.085572762,0.09889488,0.084900784,-0.005577864,0.08423784,0.105947022
0.085403895,-0.087586366,0.085919734,0.042077671,0.085560576,0.045268774,0.084983804,0.141818,0.084239321,-0.067646505
0.085415644,0.052933724,0.085902103,0.007357565,0.085525229,0.012188791,0.084968626,0.042729163,0.084176647,-0.135110698
0.085433082,0.007638511,0.085919495,0.032338519,0.085587547,0.150829612,0.084885035,-0.088377586,0.084110234,-0.146816863
0.085445093,0.15586856,0.085873576,0.014698084,0.085631179,0.018160155,0.084830138,-0.310599922,0.084103605,-0.070180938
0.085452673,0.132550947,0.085898522,0.072467448,0.085543902,-0.028415374,0.084903552,-0.018333069,0.084136669,-0.131631678
0.085414332,-0.028461259,0.085866043,-0.075341003,0.085500471,-0.141631823,0.084940767,0.135166917,0.084217049,0.186012275
0.085425964,0.112826901,0.085867393,-0.031841047,0.085569776,0.031475359,0.084828429,0.072385527,0.084151269,0.077496724
0.08539285,-0.051748297,0.085868541,-0.050339785,0.085567725,0.094459913,0.084811948,0.029330773,0.083991312,-0.202154841
0.085377206,0.044530275,0.08587224,0.034065784,0.085537406,-0.006690213,0.084886517,0.196243724,0.08402003,0.099313612
0.085406726,-0.042293381,0.085869506,0.027001728,0.085497138,-0.086682226,0.08487763,-0.055210735,0.084009693,-0.311804926
0.085391103,-0.001354314,0.085851038,0.097055838,0.085538925,-0.026483183,0.08491748,-0.102034032,0.084117221,0.069306433
0.085412045,0.008352849,0.085864407,-0.000505366,0.085536749,-0.03960885,0.08490897,0.181423484,0.084136427,0.164038203
0.085378147,0.031395094,0.085880038,-0.042276027,0.08553938,0.049059862,0.084853003,-0.051238947,0.084068594,-0.058989923
0.085398888,-0.055779582,0.085829822,-0.217030523,0.085562505,0.081210422,0.084816043,-0.13796221,0.084088078,0.164083391
0.085407831,0.042474044,0.085914473,0.064087144,0.085518461,-0.015860835,0.084827899,-0.024010961,0.084020933,-0.219913796
0.085403541,0.104136546,0.085827375,-0.139733511,0.085531093,-0.11613184,0.08477995,-0.142321629,0.084044852,-0.068130569
0.085366183,-0.009380317,0.085837667,0.113538205,0.085521205,0.071162553,0.084804402,-0.013634458,0.0841025,0.189401144
0.085371071,0.031028233,0.085826337,0.14216628,0.085468365,0.128535114,0.084840698,-0.061627779,0.084120213,0.13545678
0.085384887,0.056918444,0.085831421,-0.011956257,0.085504866,0.128120379,0.084886188,0.128127323,0.084098523,-0.123527013
0.085383848,-0.103538811,0.08578249,-0.124859911,0.085501286,0.015295304,0.084780987,-0.300529505,0.084098559,-0.077515111
0.085397011,0.092349572,0.085799485,-0.031831793,0.085432548,-0.289425683,0.084793262,0.068238578,0.084079277,-0.223624953
0.085397667,-0.095000651,0.085801187,-0.009477913,0.085549175,0.198941925,0.08485026,-0.059381801,0.084111905,0.075596986
0.085377533,0.066733287,0.085787611,-0.0600817,0.085547032,0.107720898,0.084877258,0.167100832,0.084109164,-0.052193278
0.085392645,0.184847804,0.085807969,0.052587357,0.085531183,0.159243369,0.084755732,-0.037276244,0.084077429,0.042314213
0.085353241,-0.114284064,0.08579395,0.088658192,0.085437294,-0.127905832,0.084717116,-0.132115163,0.084044888,-0.03278495
0.085354963,-0.04712098,0.085770425,-0.002147274,0.085511484,-0.060625199,0.084812247,0.085403008,0.084034122,-0.099247829
0.085336403,-0.026244718,0.085789933,-0.068997187,0.085581686,0.122107567,0.084813733,0.038327038,0.084021891,0.041731258
0.08535988,0.087013504,0.085822265,0.065328244,0.085534538,0.020083633,0.084839254,-0.034626564,0.084032489,-0.124576322
0.085372747,0.065483729,0.085741969,-0.150945445,0.085504896,0.055056955,0.08480443,-0.354626908,0.08404654,0.052473277
0.085358904,-0.138779134,0.085819839,0.063966068,0.085467706,-0.174170865,0.084835241,0.13852516,0.083979902,0.046969129
0.085370601,0.028804041,0.08573945,-0.017819854,0.085554405,-0.021561273,0.084780656,0.065753063,0.083965146,0.088191661
0.085353626,-0.163983977,0.08573211,-0.027685947,0.085526297,-0.034214522,0.08473565,-0.233554955,0.083992961,0.134243749
0.085349662,-0.204511702,0.085804489,0.073345129,0.085429703,-0.086143551,0.084788179,-0.083124111,0.084036018,0.193673459
0.085364538,-0.031477475,0.085818574,0.169069024,0.085456753,0.146427116,0.084849568,0.216626518,0.083995477,-0.241112909
0.085361474,0.111503525,0.085779643,-0.023675507,0.085524659,0.063848208,0.084726879,-0.204161504,0.08404152,0.223556152
0.085349749,-0.073232167,0.085800095,0.110479907,0.085537805,0.038202765,0.084704544,0.112123532,0.083952228,-0.147351233
0.085329741,-0.153820851,0.085801855,-0.079899586,0.085470791,-0.11008869,0.084704048,0.021221774,0.083922177,0.093526126
0.085335753,-0.029772403,0.085753432,-0.247677897,0.085469805,0.062102474,0.084763594,0.104084378,0.08387124,-0.317250725
0.085348767,-0.073691677,0.085749413,0.029899082,0.085391524,-0.050207688,0.0847667,0.006745108,0.083967949,0.073631759
0.085355865,-0.10241181,0.085726647,-0.054611132,0.085343986,-0.12695154,0.084705591,-0.049346337,0.084084008,0.104723837
0.085354247,-0.013985321,0.08575018,-0.047740303,0.085419229,-0.056599751,0.084722385,-0.038972686,0.08406557,0.079316233
0.085360877,0.051679116,0.085723019,0.026459502,0.085524205,0.121533138,0.084729807,-0.162369167,0.083908957,-0.233614078
0.085349022,-0.021844597,0.085786549,0.188917448,0.08546599,0.012195723,0.084754431,0.184017502,0.08391209,0.14918985
0.085354047,0.009495535,0.08576089,0.22637148,0.08543039,-0.090022095,0.084707395,-0.068977939,0.08390222,-0.211497166
0.085343701,-0.096984159,0.085708516,-0.000866651,0.085455053,-0.059810356,0.084704785,-0.071551844,0.08398999,0.138133248
0.085372347,0.020990902,0.085706594,0.010450518,0.085390063,-0.124286021,0.084678823,0.113026625,0.083945582,0.074495066
0.085331449,-0.102453148,0.085698756,0.023340922,0.08534135,-0.081300624,0.084610447,-0.144622616,0.083879372,-0.217727613
0.085342236,-0.039015348,0.085657632,0.062802136,0.085391137,0.103325212,0.084700359,0.106986591,0.083896728,0.012445544
0.085354189,0.056260592,0.085701839,0.030753473,0.085398944,-0.029655704,0.084685389,0.045761147,0.083897484,0.014508368
0.085351358,-0.011886174,0.085688285,-0.092966666,0.08543226,0.074568442,0.084652032,0.110193202,0.08392999,0.158230011
0.085345577,-0.077957943,0.08569528,-0.06020054,0.085402586,0.069106699,0.084642654,0.307154834,0.083898933,-0.055663311
0.085364993,0.13735146,0.085710284,-0.067636035,0.0854397,0.235478034,0.084623053,-0.17525271,0.083902891,0.14757874
0.085347066,-0.023757022,0.08571333,0.019191946,0.085433509,0.060697905,0.084654517,-0.033376116,0.083827828,-0.279329706
0.085324741,-0.004723923,0.085729286,0.117197523,0.085425904,-0.097535376,0.084694411,0.095274824,0.083898272,0.023991846
0.08535167,-0.042911122,0.085686882,0.074897147,0.085436585,0.166986418,0.084602883,-0.150823462,0.08391735,0.010348493
0.085366865,0.001647129,0.085678016,-0.07087408,0.085338053,-0.134184572,0.084651507,0.112991803,0.083925193,-0.076301379
0.085372093,-0.013691787,0.085702973,-0.053801472,0.085367077,0.099193353,0.084683516,-0.013718623,0.083967567,0.177475146
0.08536073,0.086080309,0.085692369,-0.006764998,0.085318359,0.109859971,0.084718795,0.133063901,0.083877693,0.013695931
0.085343911,-0.138363511,0.085724018,0.022469612,0.085293531,-0.111961258,0.084708993,-0.109417523,0.083869949,-0.024358571
0.085345931,-0.032631076,0.085694112,-0.17952617,0.085350191,0.037941297,0.084711612,0.046640995,0.083930033,-0.036022497
0.085367498,-0.069413336,0.085749852,0.157252878,0.085374559,0.110563452,0.084634372,-0.162621665,0.083946546,-0.184602856
0.085356867,-0.126229781,0.085711105,0.094780193,0.085345651,0.022715531,0.084587366,-0.192867714,0.083980275,0.184267679
0.085371434,-0.036817304,0.085631993,-0.191962986,0.085348635,-0.096559132,0.084619459,0.09588466,0.083896329,-0.220942177
0.085349056,-0.04944819,0.085704665,-0.130351192,0.085398432,0.100663678,0.084649089,0.315234247,0.083963281,-0.098838082
0.085346867,0.065145994,0.085695853,0.101711405,0.085358804,0.0219464,0.084662148,0.074226158,0.083969937,0.343722046
0.085348498,0.178830326,0.085673641,0.130580831,0.08529408,-0.17524971,0.084620476,-0.105235455,0.083803838,-0.216306834
0.085311327,0.003437476,0.085646798,0.142329078,0.085351192,0.013239503,0.084616813,0.19913826,0.083783542,0.027584067
0.085328828,0.123150198,0.085572963,-0.212884073,0.085336805,-0.055342722,0.08462375,-0.155050127,0.083828048,-0.024808888
0.085306535,0.041122944,0.085651003,-0.009995626,0.08533368,-0.160289572,0.084686446,0.097758603,0.083880921,0.023801431
0.0853063,0.027884625,0.085613152,-0.042335954,0.08541657,0.210782933,0.084703311,-0.003915913,0.083842735,0.175609857
0.085311909,-0.041768706,0.085649301,0.054371113,0.085314094,-0.290437005,0.084630419,-0.084815718,0.083755586,-0.113481125
0.085328313,0.022015858,0.085654349,-0.056041743,0.085309218,-0.092268458,0.084575549,-0.015927259,0.083784976,0.060142378
0.085296578,0.077273075,0.085626141,-0.11692756,0.085312624,0.036655413,0.084584954,0.023599607,0.08381751,0.057206484
0.085292294,0.178212685,0.085662751,-0.099019005,0.085306613,-0.025102308,0.084582879,-0.097791476,0.083788593,-0.030862602
0.085291781,0.054770244,0.08570977,-0.01486148,0.085248548,-0.194482159,0.084651531,0.199914985,0.08377367,-0.062380847
0.085296082,0.08759791,0.085635897,-0.175023531,0.085345804,0.110523883,0.084641976,-0.001658716,0.083820866,0.086108434
0.085305443,-0.065303769,0.085654841,0.027011494,0.085397793,-0.029692007,0.084614323,-0.023794783,0.083864742,-0.07611901
0.085259434,-0.089624407,0.085676236,0.16550905,0.085317798,-0.04597521,0.084627309,0.142921646,0.083935903,0.210529228
0.085309038,0.031583214,0.085614037,-0.12222096,0.08526722,-0.142708961,0.08461151,0.09607285,0.083916608,0.156602811
0.085299389,-0.026412402,0.085658058,0.068777521,0.085332364,0.103810222,0.084607505,0.043517066,0.083833353,-0.095336709
0.085289837,0.042031566,0.085625561,-0.036029389,0.085359717,0.03093725,0.084626451,-0.045622244,0.08381546,0.181749229
0.085331115,0.23775907,0.085638926,0.138967047,0.085327224,0.036615896,0.084609406,-0.002748856,0.083758902,-0.226365483
0.08529411,-0.03237441,0.085622315,0.029613555,0.085300321,-0.124985369,0.084581496,0.03399974,0.083824511,0.054910113
0.0852765,-0.121854421,0.085603038,-0.033673062,0.085364159,0.169893773,0.084568468,0.008204779,0.083764962,-0.062216487
0.08529286,0.153694157,0.085608577,-0.094893302,0.085365737,-0.025997604,0.084544903,-0.037763832,0.083796358,0.193457762
0.085284107,-0.131028202,0.085622528,0.052311375,0.08535641,0.117845025,0.084546956,-0.038295352,0.083796376,-0.062776205
0.085281599,0.009767199,0.08560506,0.02428996,0.085265403,-0.220757112,0.084586854,0.248477699,0.083803491,0.145375119
0.085288573,0.032589279,0.085548165,-0.167374028,0.085295026,-0.102242345,0.084532653,-0.147720874,0.083727967,-0.068516727
0.085281161,0.083767618,0.08553939,0.053849802,0.08534484,0.072536169,0.084580519,0.090980533,0.083730617,-0.056315745
0.085288411,-0.016694035,0.085614995,0.247346984,0.085317162,-0.032718156,0.084536585,-0.119552152,0.083810405,0.016758332
0.0852516,-0.064256808,0.085590361,-0.103571474,0.085310646,0.055065331,0.084529974,-0.074689994,0.083869193,0.147740664
0.085247508,-0.063892339,0.085561935,0.038656351,0.085314519,0.187464152,0.084547161,-0.010354216,0.083791046,0.092212925
0.085274634,0.004632275,0.085634079,0.238304418,0.085258886,0.028278404,0.084535709,-0.041467546,0.083701276,0.089143395
0.085266063,-0.05009517,0.085568038,-0.104984014,0.085218413,-0.137667002,0.084513897,-0.047626562,0.083721845,-0.194581163
0.085263946,-0.115747115,0.085523034,-0.093278158,0.085272887,0.165520146,0.084515037,0.019185717,0.083791581,0.29714803
0.085279841,-0.033415814,0.085510235,-0.041880569,0.085294781,0.104106493,0.084527638,0.074930357,0.083739418,-0.115766874
0.085265368,-0.104060326,0.085571466,0.157544627,0.08528893,0.188213311,0.084514848,-0.068967707,0.083761292,0.062757076
0.085272104,-0.051899294,0.085570559,-0.033331801,0.085243535,-0.054986103,0.084518814,0.11953642,0.083700931,-0.067549712
0.085296927,-0.071927394,0.085532513,0.031098818,0.085285142,0.090861216,0.084549306,0.100557888,0.083730043,0.200273834
0.08529249,-0.060423333,0.08550027,-0.037912475,0.085216045,0.056707225,0.084519018,-0.037117139,0.08365759,-0.369900792
0.085295621,0.137785099,0.085553969,0.243690939,0.085221557,0.059383352,0.084508032,-0.003554884,0.083769627,0.171372021
0.08529136,-0.041503754,0.085507815,-0.016386145,0.085254172,-0.013615499,0.084536396,0.042511616,0.083762545,0.010877114
0.085291299,0.153156777,0.085518104,-0.141152985,0.085258398,0.019307688,0.084541235,0.062174849,0.083674417,-0.027005432
0.085269865,-0.092591376,0.085580555,0.142461632,0.085265302,-0.099673815,0.084514393,-0.024093267,0.083706579,0.050729473
0.085227979,-0.063859367,0.085562503,0.205492292,0.085333234,0.192757646,0.084493727,0.162469558,0.083749416,0.203519583
0.085261846,-0.064210503,0.085491247,-0.097685076,0.085270054,-0.093101515,0.084438937,-0.248145862,0.083703501,0.01625318
0.08528432,0.102340402,0.085532205,0.069068707,0.085255851,-0.016629028,0.084536184,0.32523846,0.083667867,0.131073871
0.08527422,-0.150079785,0.08559594,-0.010666195,0.085288075,0.10947539,0.084481609,-0.08707607,0.083550928,0.026261468
0.085263599,-0.087132868,0.085546755,-0.07961722,0.085247831,-0.208225476,0.084500954,0.07614972,0.083510152,-0.10875551
0.085252048,-0.154450137,0.085529567,0.030472825,0.085290085,0.059414634,0.084481208,0.035508807,0.083566813,-0.031530195
0.085271806,0.075074126,0.085490941,-0.11996666,0.085240438,0.08852053,0.084459451,0.07120645,0.083626343,0.08550622
0.085255185,-0.16277452,0.085546993,0.124976916,0.085242887,0.101659103,0.084483948,0.050323682,0.083628811,-0.040977922
0.085265159,0.136644503,0.085501728,-0.051509808,0.085214664,0.045779387,0.084462436,-0.000527777,0.083597679,-0.113958418
0.085239935,0.075995621,0.085537058,0.000442157,0.085214367,0.053758864,0.08444381,0.036450495,0.083617545,0.105584186
0.085248432,-0.088818543,0.085548132,-0.04896227,0.085263327,0.037390375,0.084469037,-0.118117371,0.083706678,0.033735298
0.085273843,0.087769985,0.085564683,0.134792614,0.085278796,0.08595627,0.084514556,0.126337448,0.083723043,0.116539314
0.085250791,0.087459671,0.085550858,0.12612575,0.085252551,0.004134277,0.08448288,0.101069113,0.083615878,0.058603182
0.085253378,0.110476345,0.085511555,0.023925486,0.085260008,-0.126054189,0.084397581,-0.163483758,0.083593896,-0.239463219
0.085256646,0.046671224,0.085542504,0.041897962,0.085272355,0.081042457,0.084447145,-0.089017541,0.083708023,0.173174879
0.085236477,-0.058686439,0.085509226,0.015924177,0.085237747,-0.081500553,0.084462002,0.085833466,0.083665143,-0.065164339
0.085262824,-0.046957734,0.085457533,0.044719142,0.08522951,0.094891862,0.084450187,-0.077858445,0.083573271,-0.133661516
0.085248375,-0.048185582,0.085497877,0.004275799,0.085246841,-0.034799174,0.084434993,0.017453308,0.083589475,-0.053268071
0.085275933,0.072705239,0.085492072,-0.07311054,0.085302293,0.050768553,0.084363543,-0.147808956,0.083635013,-0.110578217
0.085309478,0.241143814,0.085458538,-0.206258386,0.085215842,-0.145541683,0.084421401,-0.170782096,0.083714495,0.172608151
0.085294896,0.085943456,0.085482086,0.113962564,0.085222851,-0.074954456,0.084472414,0.134148381,0.083658278,-0.18040889
0.085256614,0.024625839,0.085459751,-0.013512242,0.0851985,-0.030899286,0.084470801,0.092921396,0.083575466,-0.082564876
0.085237012,-0.0735441,0.085448567,0.014737054,0.08518253,0.152829223,0.084486235,-0.037736782,0.083552914,-0.021658322
0.085265713,0.081097604,0.085483326,-0.002072565,0.085187754,-0.005248018,0.084480497,0.098564344,0.083539001,-0.026625465
0.085255571,0.073374635,0.085449599,-0.074678433,0.085191417,0.168344681,0.084410779,-0.181077451,0.083532691,-0.12253839
0.085247024,-0.09985339,0.085452804,0.09992898,0.085188553,0.094996339,0.084464367,0.125255987,0.083596713,0.078238401
0.085258702,-0.064688978,0.08541947,0.04024132,0.08519536,-0.172935086,0.084421832,-0.059140117,0.083587982,-0.077208058
0.085278887,0.084555558,0.085436636,0.063703639,0.085186663,0.088211102,0.084434479,0.099476925,0.083617371,0.021605487
0.08527976,-0.012277905,0.085403909,0.127586687,0.085111484,-0.037595019,0.084432275,-0.046540404,0.083602504,-0.122793012
0.085266042,0.016561011,0.085412802,0.073945599,0.085136388,-0.06687575,0.084452179,0.102970761,0.083579919,-0.078377373
0.085269293,-0.046251276,0.08537713,-0.217059194,0.0851524,0.160850186,0.084403821,-0.096942159,0.083607626,0.100441716
0.085282357,0.052633309,0.085393803,0.014503007,0.085165089,-0.02531008,0.084426027,0.154582606,0.083604574,-0.057905489
0.085273459,-0.06841555,0.085407204,0.002374954,0.085197788,-0.073497523,0.084385074,0.120206021,0.083650349,-0.029176632
0.085282994,-0.008514332,0.085407333,-0.037841372,0.085196944,0.06094782,0.084397709,0.006574346,0.083665441,0.354951514
0.085290777,-0.040540258,0.085431724,0.124460878,0.085199857,-0.041488391,0.084448052,0.04335586,0.083511398,-0.255571543
0.085306309,0.177362677,0.085419842,0.066222272,0.085163198,-0.065665772,0.084526252,0.015670264,0.083570515,0.08965877
0.085272754,0.04074837,0.085398457,-0.076677464,0.085160306,0.289952648,0.084529884,0.070745414,0.08361476,0.06171571
0.085282268,0.022110614,0.085382986,-0.135100671,0.085131714,0.029814007,0.084409432,-0.140268318,0.083588778,-0.170783091
0.085279813,-0.078612061,0.085384083,-0.011263785,0.085167964,-0.033332213,0.084364823,-0.052645361,0.083556735,0.013395808
0.085307105,0.162263669,0.085344587,0.0071589,0.085166142,-0.082074725,0.084342852,0.005884016,0.083471985,0.053017671
0.085247516,-0.137330144,0.085375201,0.127018507,0.085141451,0.042801997,0.084306557,-0.169093346,0.083521676,-0.092592916
0.085275268,0.070664334,0.085322155,0.13926685,0.085122667,-0.005527301,0.084394733,0.112449416,0.083640137,0.179404516
0.085276695,0.06236801,0.085337309,0.148533533,0.085141961,0.075784903,0.084408943,-0.166321238,0.083598141,-0.164641492
0.085274186,0.082143432,0.08532137,-0.038532488,0.085210203,0.095750696,0.084465838,0.221179937,0.083604188,-0.028679082
0.085279867,-0.01561018,0.085341801,0.177323993,0.085217174,0.026782006,0.084307935,-0.168023776,0.083559988,-0.041085092
0.08524933,-0.023734509,0.085336383,0.140974168,0.08517893,0.001969889,0.084365223,0.137231331,0.083563531,-0.038640269
0.085244916,-0.036162745,0.085362213,0.007471248,0.085170422,0.010995675,0.084466518,0.161211155,0.083573827,0.091406644
0.085236172,0.128440234,0.085344899,0.011962868,0.085133632,-0.135419189,0.084352758,0.005784175,0.083510934,0.071297941
0.085207886,-0.131830544,0.085329672,-0.015158647,0.08514311,-0.076455811,0.084313482,-0.048302566,0.083480273,-0.091284729
0.085222105,0.005641189,0.085316795,0.07117808,0.085200181,0.079054901,0.084415498,-0.172160663,0.083529722,0.190982714
0.085234191,-0.092870712,0.085350034,0.124366025,0.085166606,-0.132971008,0.084491977,0.148127581,0.083463576,-0.293443277
0.0852181,-0.12816513,0.085376475,0.12013001,0.085183017,0.02844456,0.084439012,0.048210886,0.08352803,0.041651207
0.085234162,0.075043732,0.085317633,-0.001576376,0.085130192,-0.019010617,0.084414712,-0.124567653,0.08354611,0.094375619
0.085221365,-0.002486218,0.085333116,0.065931198,0.085122367,-0.025627648,0.08445128,0.088992759,0.083539151,-0.039326233
0.085211301,-0.06086517,0.085347437,0.001743275,0.085160219,0.027100787,0.084403939,0.008939125,0.083578878,0.070142874
0.085230764,-0.004132138,0.085372583,-0.077647714,0.085103829,0.01643268,0.084451642,-0.013324666,0.083567476,-0.013877872
0.085204703,-0.231013355,0.085370557,-0.100698495,0.085045186,-0.083435385,0.084363145,-0.099628495,0.083579138,-0.159703621
0.085220232,-0.134012658,0.085313403,-0.23837349,0.085078031,-0.071772656,0.084305651,0.000689049,0.083623833,-0.044273386
0.085232824,0.095184675,0.085362733,0.033301459,0.085087553,0.051547909,0.0843923,0.003636021,0.083578929,-0.035260107
0.085232156,-0.075570206,0.085364637,-0.09023565,0.085037907,0.081305754,0.08446252,0.188864218,0.083542079,0.020098677
0.085233752,-0.081408284,0.085327489,-0.120628525,0.085098179,0.023136519,0.084409763,0.149973701,0.083527295,0.019842178
0.085192062,-0.090924806,0.085342728,0.003170728,0.085141791,0.144155222,0.084364782,0.019706403,0.083472166,-0.121204195
0.08518708,0.007826563,0.085306579,-0.148016979,0.085098779,-0.075174483,0.084385574,0.024854134,0.083500563,0.114950487
0.085203422,-0.156066206,0.085324923,-0.060093852,0.085049209,-0.158328498,0.084351358,-0.168832677,0.083577737,0.090771826
0.085221525,0.114137574,0.085303698,0.095621357,0.085070552,-0.022029834,0.084356447,0.075722113,0.083588736,-0.041822158
0.085216711,0.100533685,0.085319211,0.079320474,0.085114797,0.137569942,0.08426466,-0.151045956,0.083501631,-0.166865063
0.085207024,-0.091792027,0.085336494,-0.034892576,0.085077386,-0.19025618,0.084301061,0.024746899,0.083517975,0.100405836
0.085185126,-0.043126582,0.085289076,-0.186951969,0.085081479,-0.081497777,0.084361302,0.000272012,0.083543866,-0.095626599
0.085185213,-0.021000318,0.08523444,-0.130553468,0.085089514,-0.133248507,0.084375391,-0.142442313,0.083524208,0.036704736
0.085182054,0.12901884,0.085279296,-0.056512659,0.085055828,-0.050738037,0.084322438,0.057609911,0.083446871,-0.018182232
0.08518001,0.050636379,0.085297622,0.010769911,0.085044447,0.015614497,0.084283561,-0.189025654,0.083370893,-0.230271518
0.085169652,-0.150667734,0.085327092,0.085062996,0.085058176,-0.088201991,0.084359315,0.100390841,0.083425267,0.046701784
0.085173432,-0.156588858,0.085258024,-0.008505907,0.085073557,-0.040012214,0.084344592,0.104065341,0.083471926,0.166793719
0.085175968,-0.050473608,0.085258465,-0.029851209,0.085063877,-0.252733325,0.084317716,0.043761211,0.083476594,-0.050772046
0.085180847,-0.131615813,0.085275044,-0.162217055,0.08508207,0.022878479,0.084306338,-0.026461047,0.083472879,-0.068871616
0.085183101,-0.055827115,0.085306247,0.002296236,0.08504577,-0.033502109,0.084380214,0.238450784,0.083453795,-0.028149575
0.085199222,-0.081341532,0.085293045,-0.11208632,0.085031016,-0.018433114,0.084344137,0.133142849,0.083419955,-0.105814364
0.085204623,0.053630218,0.085310274,-0.230299188,0.085071056,-0.071094119,0.084233743,-0.099500594,0.083411858,0.040723683
0.085172608,-0.032429789,0.085341065,0.00242446,0.085122453,0.223658294,0.084236338,0.038147366,0.083407665,0.052373232
0.085187373,0.005559413,0.08530097,-0.021141367,0.085071302,-0.113556642,0.08430257,0.223986613,0.083441373,0.231287728
0.085196886,0.046790769,0.085248549,-0.039619921,0.085065714,-0.064019353,0.084286782,-0.136439427,0.083448605,-0.013240664
0.085210708,-0.014008253,0.08528391,0.126845546,0.0851063,0.206384998,0.084243381,0.012761008,0.083455723,-0.119977074
0.085221876,-0.01091317,0.085298147,-0.106351224,0.085053153,0.01162106,0.084215636,-0.117513492,0.083432053,0.161857442
0.085211432,0.055579901,0.08527932,-0.095932402,0.085087785,0.028666609,0.084278889,0.113444506,0.083330502,-0.128261863
0.085167744,0.053815817,0.085314411,-0.061957216,0.085003586,-0.322479866,0.084254257,-0.048619256,0.083362928,0.00407687
0.085147498,-0.035327582,0.085279096,0.101531833,0.085085844,-0.023764686,0.084287048,-0.008603303,0.083399607,0.154936525
0.085173549,0.038023498,0.085277839,-0.037386784,0.085127101,0.15876966,0.084315397,0.074197446,0.083386061,-0.188155881
0.085141765,-0.059888131,0.085293526,0.009642924,0.085042144,0.054314727,0.084318528,-0.01583648,0.083470993,0.076392042
0.085169063,0.033836866,0.085288421,-0.124111274,0.085058494,0.137110616,0.08430037,0.09059117,0.083416374,-0.045462996
0.085150983,-0.077678251,0.0852744,0.084970981,0.08506085,-0.0381743,0.084224993,-0.11082738,0.083403116,-0.002532451
0.085148383,-0.051889627,0.0852195,-0.101263118,0.085093674,0.002745679,0.084259522,-0.034794348,0.083383646,0.068183207
0.085148965,0.070127405,0.085235031,0.052599076,0.085028555,-0.153434432,0.084312466,0.049094695,0.083329384,-0.002082643
0.08513507,0.008559932,0.085236375,-0.167233938,0.08502675,-0.107723575,0.084317364,0.038919278,0.083291172,-0.27991395
0.085161464,0.212002031,0.085258347,-0.145098636,0.085060633,0.025933502,0.08428937,0.030186302,0.083372874,0.080431037
0.085133403,-0.014339092,0.085247177,0.082119455,0.085068389,-0.045791462,0.08425117,0.076816325,0.083385391,-0.023992643
0.085142486,0.031561362,0.085227382,0.062873245,0.085120419,0.02272892,0.084260934,0.00249979,0.08342203,-0.015269301
0.085138177,0.041944529,0.085243882,0.003614056,0.08506101,0.197661161,0.084260675,0.041316579,0.083503241,0.371497072
0.085157874,-0.09936039,0.085309094,0.081775675,0.084981869,-0.095340245,0.084185205,-0.333251438,0.083365752,-0.313494097
0.085112515,0.023675342,0.085311585,0.068015895,0.085053218,0.01016769,0.084215168,0.00438837,0.083386014,0.092939042
0.085124044,0.096343072,0.085186785,-0.066863973,0.085058841,-0.015217424,0.084236676,-0.087241983,0.083352533,-0.022097663
0.08518367,0.001701588,0.08519837,0.046248902,0.085025464,0.054456353,0.084237826,-0.015728415,0.083315497,-0.1144941
0.085140737,-0.013968435,0.085246047,-0.026938016,0.085020736,0.008503067,0.084236245,0.080222592,0.083337396,0.030177506
0.08517062,0.015191581,0.085237974,0.107323989,0.085049481,0.077428698,0.084217939,0.052596861,0.083403956,0.110472779
0.085173569,-0.056761265,0.085160997,-0.135609191,0.085062861,0.017541588,0.084227034,0.032043614,0.083373993,0.172739983
0.085146276,-0.025268377,0.085235074,0.09745532,0.085029457,-0.096088269,0.084238989,-0.16876768,0.083255173,-0.130697465
0.085128713,-0.148544047,0.085196419,-0.03777992,0.084998067,-0.031762891,0.084244646,-0.093903519,0.083244067,-0.012576146
0.085152961,0.046857799,0.085249753,0.102286276,0.085024372,-0.213642724,0.084200063,-0.097369937,0.083305976,0.180304313
0.085111313,-0.023432947,0.085204964,-0.00665327,0.085153263,0.248453196,0.084207355,0.116301123,0.083321189,-0.155964361
0.085100426,-0.06314617,0.085187256,-0.076012999,0.085008143,0.025055468,0.084209775,0.060062024,0.08339788,0.199698041
0.085108584,0.012152528,0.085185637,0.005314874,0.08493573,-0.063692138,0.08421655,-0.092697766,0.083390962,-0.038098689
0.085086519,-0.134684408,0.085166482,0.023810633,0.085018569,0.106733143,0.084244793,0.01924026,0.083360723,0.161261137
0.085096225,-0.055853463,0.08515773,0.159955061,0.085027913,0.117737585,0.084185037,-0.056105737,0.083270051,-0.228018802
0.085118646,0.181040642,0.085177214,0.234956921,0.085026465,0.070797864,0.0841596,-0.21885984,0.083340863,-0.078349383
0.085137249,0.012934084,0.085121873,-0.127812164,0.084976815,-0.029338048,0.084242972,0.011700052,0.083345327,-0.092257425
0.085113833,-0.109316645,0.085159541,-0.09385636,0.085020478,0.023922483,0.084248572,0.08837032,0.083283231,-0.001289205
0.085102022,-0.134988051,0.085177057,0.08932104,0.085047275,0.025984488,0.084176333,-0.045113609,0.083245404,0.022477425
0.085139328,0.144755716,0.08512627,0.018455803,0.085023666,0.096836799,0.084175518,0.05505414,0.083349728,0.190607686
0.085111741,0.093655426,0.085192458,0.097436537,0.08497797,-0.091656987,0.084197485,-0.047538813,0.083392228,0.125035292
0.085103743,-0.005285166,0.085128724,0.093852401,0.084993278,0.062946058,0.084216124,-0.000507971,0.083302926,-0.15021717
0.085120061,0.066362089,0.085088139,-0.158449537,0.085068144,0.184731619,0.084187757,0.074916335,0.083316054,0.060388362
0.085110623,-0.013365573,0.085151217,0.134669215,0.084989781,-0.047564289,0.084167092,0.001520306,0.083291282,-0.132107321
0.085096956,-0.079301448,0.085112017,-0.044567051,0.085004126,0.031849054,0.084126508,-0.125020741,0.083304474,0.161821968
0.085099736,0.015874468,0.08515041,0.048807976,0.084999948,-0.051772069,0.08413106,0.104175112,0.083238509,-0.0877907
0.085118414,0.011430715,0.085097706,-0.122096007,0.085018635,0.028479762,0.084060142,-0.189624548,0.08324341,0.090080062
0.085123313,0.040107413,0.085144381,-0.009866962,0.08498286,-0.03152804,0.084141348,0.205788031,0.083277183,0.034259894
0.08507028,-0.163257234,0.085100095,-0.01527543,0.085048353,0.201492338,0.084155311,-0.044785964,0.083306973,-0.069053866
0.085110488,-0.068765555,0.085109391,-0.053031551,0.08499466,-0.100674189,0.084175043,0.001219107,0.083287819,0.035117262
0.085101075,0.006467063,0.085151424,0.01182373,0.085030998,0.116354886,0.084151808,0.150885792,0.083276148,-0.014349874
0.085104816,-0.124991172,0.085123445,-0.146549179,0.085009557,-0.01994949,0.084042053,-0.239136747,0.083250673,-0.167338802
0.085094972,-0.141526774,0.085163563,0.021054035,0.084998289,-0.081019594,0.084133794,0.07235537,0.083289719,0.207207526
0.08508765,-0.039325927,0.085152493,-0.102688189,0.084982434,0.096691807,0.084172591,0.036762129,0.083218018,-0.197058182
0.085107118,-0.044431979,0.085147936,-0.116540118,0.084987217,0.103803353,0.084159787,0.115590768,0.083275213,0.162835689
0.085111475,-0.024696471,0.085148507,-0.151081011,0.084956592,-0.074912335,0.084101957,-0.284088175,0.083254464,-0.061276891
0.085103065,0.065271134,0.085130594,-0.00863808,0.084969499,0.036315938,0.084179562,0.125533894,0.083231895,0.014977491
0.085099666,0.082417875,0.085118091,0.051501932,0.084903511,-0.064810433,0.084130441,-0.04622914,0.083215453,0.060854882
0.085067291,-0.028149708,0.085067054,0.054015367,0.084909109,0.078734381,0.083988434,-0.145742724,0.083185165,-0.247336049
0.085091932,0.086370082,0.085066642,0.01643025,0.084886689,-0.055826365,0.083991316,-0.197836574,0.083229374,-0.009390502
0.085077754,-0.063879096,0.085092663,-0.012119455,0.084954909,0.299761474,0.084131121,0.233779671,0.083287491,0.120856292
0.085099817,0.033431862,0.085094566,-0.075854893,0.08489786,-0.063277604,0.084068453,-0.166031425,0.083326753,0.144613293
0.085072064,0.043055815,0.085094355,-0.099007113,0.084853913,-0.09013456,0.084079524,0.139539702,0.08326006,-0.235020921
0.085126297,-0.065507158,0.085139778,0.079064929,0.084879024,-0.035631628,0.084048223,0.037284634,0.083262139,0.097552908
0.085126704,-0.015231449,0.085098153,-0.060120011,0.084954909,0.188505632,0.084022486,-0.232738111,0.083165954,-0.103709767
0.085063171,-0.087676386,0.085115395,0.036967047,0.084927119,0.000249408,0.084102172,0.121229323,0.083177041,-0.058077282
0.085109011,0.07826832,0.085085547,-0.065846866,0.084882319,-0.146364009,0.084055575,-0.11867809,0.083192759,-0.066627777
0.085093152,0.0301601,0.085051583,-0.125555093,0.084868075,-0.123868823,0.08406551,0.02220718,0.083181805,-0.186275775
0.085100562,-0.147927819,0.08507939,-0.017664819,0.084927667,0.106577874,0.084061605,0.025191057,0.083196318,0.145791613
0.085090837,0.053575693,0.085124545,0.056937119,0.084935983,0.027266924,0.084052826,0.04878941,0.083118647,-0.090863394
0.085077847,-0.065256547,0.085091795,0.142993264,0.084959673,0.057508877,0.084062469,0.011133737,0.083134992,-0.084150251
0.085073563,-0.065223114,0.085064727,0.01963157,0.084961328,-0.026471485,0.084072389,-0.022604306,0.083245081,0.017306626
0.085090867,0.021368648,0.085094387,0.110657945,0.084896121,-0.223016246,0.084039104,0.017932613,0.083245493,0.084311769
0.08510399,0.094138236,0.085012519,-0.133399351,0.084925522,-0.107251529,0.084032048,-0.120060253,0.083179514,0.044338918
0.085083724,-0.017445476,0.085058762,-0.052644451,0.084912097,-0.075286764,0.084024467,-0.01866054,0.083170757,-0.040359145
0.085071484,-0.181323463,0.085106266,0.186786195,0.084897251,-0.045328451,0.084047924,0.184726978,0.083171476,0.051367918
0.085101214,0.112376182,0.085038679,0.071027418,0.084931989,0.06463232,0.084035617,-0.191095035,0.083098749,-0.164519737
0.085086193,0.006733413,0.085018517,0.039226916,0.084868447,-0.056512225,0.084062037,0.023450753,0.083091714,0.001491274
0.08509779,0.036070717,0.085014466,-0.007517481,0.084873908,-0.050650514,0.084078487,0.230919176,0.083121337,-0.005057289
0.085115771,0.082310702,0.085057398,0.082613775,0.084900627,-0.036264304,0.084008801,-0.111655336,0.083202431,0.179960784
0.085074226,-0.022624748,0.085087798,0.021750465,0.084903298,-0.018901344,0.084079097,0.11869208,0.083220014,-0.067615747
0.085065704,-0.056053026,0.085075734,-0.044861901,0.084896664,-0.145849059,0.084008675,-0.166159867,0.083252954,0.328944468
0.085078445,0.002851312,0.085042517,0.003035987,0.084947555,0.099683648,0.083996948,-0.087805447,0.083130099,-0.161462231
0.085082426,0.125714103,0.085056866,0.090188655,0.084923993,0.110919704,0.084042329,0.092877239,0.083053119,0.010295466
0.08507702,-0.054916533,0.085078607,0.022375645,0.084878005,0.066765973,0.084077967,0.174900219,0.083095379,0.015773601
0.085074813,-0.098422275,0.084989969,-0.284115992,0.084862926,0.080409273,0.08405449,-0.023587756,0.083086043,-0.083230389
0.085071582,0.007953425,0.085098184,0.210239142,0.084861184,-0.011002353,0.084041774,-0.037498956,0.083062243,-0.210685189
0.085041913,-0.10104515,0.085016049,-0.004833421,0.084937109,0.048726613,0.084069882,0.145960467,0.083165417,0.284341279
0.085041854,-0.044161144,0.085039726,0.179415616,0.084898863,0.055434061,0.084037704,-0.124361884,0.083107818,0.085328299
0.085059434,-0.033227682,0.084972081,-0.064316149,0.08486407,-0.049833118,0.084064914,-0.140391464,0.083036096,-0.310174334
0.085058585,0.002256317,0.085029655,0.102744619,0.084962142,0.0684284,0.08410086,0.13196587,0.083111527,0.092921934
0.085051083,0.071723619,0.084995924,-0.077583051,0.08490218,-0.026787147,0.084022343,0.032881926,0.083224632,-0.061096756
0.085008001,-0.039319277,0.085027271,0.009515582,0.084866503,0.049593294,0.083927109,-0.098728123,0.083306384,0.031814062
0.085008005,-0.172246792,0.084995332,0.041165309,0.084909978,0.111993238,0.083966017,-0.070622849,0.083268116,0.106188585
0.085053993,-0.002190968,0.084984918,0.058210304,0.084902113,0.053796721,0.083965651,-0.069265519,0.083163491,-0.206359116
0.08503584,0.000313647,0.084992189,0.138448528,0.084910464,-0.064787074,0.083966112,0.052155519,0.083137756,-0.082410389
0.085026651,-0.141462706,0.08498144,-0.046090198,0.084898448,-0.022484491,0.083985615,0.145856967,0.083119555,-0.185189036
0.085074611,0.116300308,0.084970906,-0.082604313,0.084876142,-0.00366839,0.083974981,-0.000299828,0.083150803,0.197132614
0.085034759,-0.006514394,0.084981731,0.089756812,0.084920412,0.196498661,0.083961618,0.027956657,0.083046986,-0.355482996
0.085036982,0.07946408,0.084976859,-0.083169381,0.084842625,-0.176819659,0.083908848,-0.004865111,0.083121258,-0.025343211
0.085087642,0.097010161,0.084999202,-0.04254343,0.08488768,-0.142966812,0.083907276,-0.195932006,0.083223177,0.102555835
0.085066369,0.128050717,0.085001534,0.092700685,0.084928365,0.005993449,0.083974518,-0.000798087,0.083218997,0.091552575
0.085071122,0.04747201,0.084978095,0.049101147,0.084901972,-0.132041369,0.083981175,-0.124651575,0.08311414,-0.062127038
0.0850465,0.078788311,0.08499113,0.054031702,0.084931494,0.246856352,0.084031329,0.07989819,0.083010681,-0.144510469
0.085080987,0.043523152,0.084996436,0.087179677,0.084886697,0.038773522,0.084038856,0.041776713,0.083066263,0.08936331
0.085046406,0.021891249,0.084953825,-0.048873047,0.084870946,0.002323556,0.08394106,-0.226105708,0.083120727,0.087208996
0.085077018,-0.011655244,0.084978382,-0.050354024,0.084891615,0.113570993,0.083897483,-0.123210337,0.083094044,-0.085025707
0.085065726,-0.024496711,0.084974106,0.03312933,0.084855145,0.066601965,0.083924496,-0.019310847,0.083044233,-0.186597434
0.085065042,0.006704542,0.085009063,0.070419557,0.084834896,0.042167184,0.083975937,0.288352866,0.083060727,0.015848213
0.085078433,0.189821711,0.084985386,-0.14108342,0.08485263,0.080808462,0.083936598,-0.214965352,0.083051227,0.119535617
0.085027125,-0.040738824,0.0850098,-0.018575016,0.084877795,-0.024245335,0.084041644,0.152715079,0.082953859,-0.096085181
0.085067306,0.196751183,0.084950828,0.024683744,0.084871851,-0.095885878,0.084028706,0.005643746,0.082950563,-0.086100322
0.085082396,0.063709702,0.085012288,0.061327933,0.084914338,-0.067327007,0.083988588,0.143717759,0.083074933,0.186646843
0.085060219,0.054279359,0.084985183,-0.011564159,0.084936745,0.116179401,0.083973401,0.08480709,0.083078685,0.05999377
0.085043491,-0.096272535,0.084974638,0.209470535,0.084852251,0.081147787,0.083954748,0.030390075,0.082999107,-0.165273455
0.085038532,-0.113225654,0.084889358,0.047270162,0.084852756,-0.010094081,0.083906633,-0.006768274,0.083006171,-0.049379143
0.0850412,0.012865755,0.084937462,0.044458079,0.084891626,-0.035337359,0.083918627,-0.039659152,0.083043734,0.05376543
0.085024761,-0.066649894,0.084943861,-0.033539533,0.08489917,0.050342999,0.084002042,0.068113295,0.083042644,0.046783799
0.085062105,0.154880775,0.084979562,0.053388622,0.084895895,0.055269741,0.083974741,-0.065804701,0.083089601,0.168421196
0.085050356,-0.080174575,0.084900309,-0.128198167,0.084816242,-0.145523331,0.083960836,0.106253223,0.083073416,-0.1134912
0.08507163,0.093302023,0.084909643,0.118611397,0.084890357,0.209500417,0.083900057,0.009566097,0.083074717,0.061135448
0.085062211,-0.019430873,0.084915049,0.174245289,0.084804614,-0.084209483,0.083844169,0.034663516,0.083035021,0.056524205
0.085045569,0.04396454,0.084907268,-0.076056325,0.084872318,0.060863257,0.083875567,0.058907358,0.083006239,-0.042116376
0.085065326,0.08767129,0.08488924,-0.126476596,0.084894092,-0.094398472,0.083914026,-0.053559635,0.083026603,-0.188340253
0.085051559,-0.032653665,0.084920351,-0.056470401,0.084888053,0.092215421,0.084022953,0.14508005,0.083151756,0.238045307
0.085037056,-0.032835649,0.084895797,-0.257859539,0.084814637,-0.163104927,0.084019394,0.106827956,0.08308257,0.054409687
0.085035581,0.003056016,0.084966405,0.153852651,0.084878058,-0.047361237,0.083913105,-0.212118591,0.082992659,-0.153500131
0.085055654,0.018364456,0.084955832,0.179673525,0.084893973,-0.101938966,0.083904669,0.089781817,0.083014699,-0.118420702
0.085015852,-0.154173508,0.084893395,-0.022555549,0.084870478,0.02143094,0.083845257,-0.1832299,0.083068128,-0.019571938
0.085016161,-0.0504617,0.084940142,0.097429944,0.084823882,0.040559421,0.083909656,0.076280923,0.083058971,0.017171675
0.085009881,0.092813885,0.084923556,0.037119889,0.084813087,0.036486064,0.0839052,-0.027557658,0.083034164,-0.191076395
0.08500281,-0.077053871,0.084858468,-0.038112039,0.084808811,0.037043018,0.083958481,0.259566118,0.083038255,-0.052715196
0.085014993,0.167651587,0.084870725,-0.089519337,0.084787608,-0.045537265,0.083942686,-0.044217381,0.083031529,-0.038062765
0.085013488,-0.028173712,0.084929845,0.065410353,0.084798168,-0.013565198,0.08393605,-0.095076067,0.083013107,-0.067189437
0.085005884,0.114978818,0.084867476,-0.114764859,0.084783404,-0.127201185,0.083940143,0.148013098,0.082993459,-0.03285472
0.085022759,0.124742562,0.084939584,0.209661919,0.084823006,0.064614636,0.083858928,0.010453866,0.082979917,0.118924705
0.084992427,0.004638195,0.084889089,-0.022790462,0.08482658,-0.035867691,0.083853197,-0.102131117,0.082965812,-0.115351221
0.084996924,0.006656966,0.084866458,0.036311836,0.084801031,-0.108005637,0.08392855,0.024029405,0.08295045,-0.164014288
0.084998509,-0.04432589,0.084849569,-0.097811731,0.084790039,-0.113484022,0.083924839,-0.183135258,0.083064841,0.170867023
0.08502092,-0.015846436,0.084820373,-0.054812896,0.084820167,-0.028112392,0.083997188,0.219560844,0.083091197,0.058304414
0.085011865,-0.09279487,0.084856053,-0.027768125,0.084844241,-0.109685703,0.083912288,-0.02471375,0.083057677,0.091714785
0.085027193,0.17221997,0.084856533,-0.024373512,0.084839321,0.052092853,0.083815107,-0.105548458,0.082989016,-0.235579035
0.084989051,-0.182507893,0.084812488,-0.165054014,0.084806434,0.208556391,0.083810641,0.161653114,0.083064072,0.247970877
0.085023103,-0.047251117,0.084851797,-0.074926899,0.084757287,0.047908872,0.083778391,-0.153275286,0.083021124,-0.131741126
0.085007075,-0.034171769,0.084828029,0.027265839,0.084814465,0.064915604,0.083909742,0.171834387,0.083030103,0.030640541
0.085008468,-0.079215582,0.084867353,0.023992088,0.084841205,0.138514126,0.083927947,0.059642276,0.083024082,0.040717324
0.085031277,0.018741085,0.084860148,0.039492536,0.084812094,-0.055061761,0.083862297,0.091845773,0.083004962,-0.278555928
0.084993503,-0.071489566,0.084858759,0.013698807,0.08477774,-0.143841099,0.083812174,-0.220107744,0.083022123,-0.141782934
0.085070735,0.135016407,0.08484356,0.043913295,0.084831378,0.063782475,0.083855121,-0.139780683,0.083008247,-0.042160824
0.085011968,0.020837832,0.08482238,0.099484993,0.084809879,-0.01662037,0.083883808,0.092839128,0.083043275,0.058104718
0.085015402,-0.013153305,0.084825217,-0.006026858,0.08478631,-0.029733627,0.083826422,0.094327596,0.083114546,0.159978216
0.085031207,-0.017467809,0.084815821,0.014650976,0.084761229,-0.052818276,0.083784527,-0.035229753,0.083048553,-0.235298982
0.085008108,0.083868571,0.084782037,-0.188364205,0.084783257,0.20150988,0.083900126,0.261574899,0.083031742,0.038440787
0.08498727,0.055087613,0.084829476,-0.04880445,0.084731996,-0.041595094,0.083819007,-0.181829273,0.082979148,-0.188958189
0.085004012,-0.075900614,0.08482486,-0.01394073,0.084737733,-0.05898075,0.083791637,-0.110162564,0.082949872,-0.026282809
0.085002287,0.013191527,0.084802205,0.032568006,0.084829028,0.15767564,0.083888789,0.002807123,0.082946976,-0.252180621
0.084999143,0.054854143,0.084833664,0.118854164,0.084823893,0.153018723,0.08392117,0.229379759,0.083008636,0.066495533
0.084998452,0.091025587,0.084817822,0.008308334,0.084706574,-0.126409468,0.083810377,-0.030449395,0.082948791,-0.117130262
0.084990941,0.07063739,0.084837108,-0.125817867,0.08466249,-0.218873425,0.083816853,0.024332305,0.082928117,-0.066914253
0.085012643,0.061798719,0.084868867,0.043646363,0.084746954,0.002120494,0.083858999,0.039035936,0.082901893,-0.099765258
0.08498783,-0.062062234,0.084839767,-0.05982052,0.084768387,0.127826151,0.083837898,-0.175602192,0.082865805,-0.139814835
0.085022513,0.017014874,0.084796866,-0.097771866,0.084736771,-0.11929793,0.083853957,0.01468399,0.082960058,0.221419128
0.084997159,0.019053339,0.084804973,0.097406066,0.08473089,-0.10065495,0.08384253,-0.162862266,0.082937428,-0.068194887
0.085010577,0.171091807,0.084761021,-0.135345347,0.08467805,0.026421858,0.083875061,0.25436014,0.082935209,0.04851734
0.085003616,0.050922747,0.084802565,-0.051455184,0.084703449,0.03284489,0.083831672,-0.023529781,0.082875019,-0.169579156
0.084982728,0.006924282,0.084738596,-0.196208843,0.084703706,-0.020657356,0.083863372,-0.033560488,0.082881076,-0.079107757
0.084984241,0.042186472,0.084781338,-0.043224188,0.084735538,0.232984857,0.083864515,-0.019944751,0.082901071,0.11778631
0.084970779,-0.089783969,0.084797702,0.033537078,0.084664269,-0.063924106,0.083836212,-0.008142045,0.082945972,0.130528985
