7.80E-05,-84.2397791,7.60E-05,-85.66409318,6.60E-05,-79.56463117,0.000038,-78.66520032
0.000178,-81.89010301,0.000176,-83.26346636,0.000166,-77.074501,0.000138,-70.01640593
0.000278,-76.28477775,0.000276,-83.65017857,0.000266,-77.6986351,0.000238,-54.39516093
0.000378,-71.11688315,0.000376,-82.55732785,0.000366,-76.77289613,0.000338,-45.48302589
0.000478,-65.0269999,0.000476,-80.89676422,0.000466,-75.7110154,0.000438,-38.33386331
0.000578,-60.40673152,0.000576,-79.35630468,0.000566,-74.51230543,0.000538,-29.87648787
0.000678,-56.9129445,0.000676,-76.88662416,0.000666,-72.84213789,0.000638,-23.66868681
0.000778,-54.27318061,0.000776,-74.36432535,0.000766,-71.35940826,0.000738,-20.16211312
0.000878,-51.57185474,0.000876,-71.53919257,0.000866,-70.0528965,0.000838,-17.32379022
0.000978,-48.18472274,0.000976,-68.96137327,0.000966,-68.79234549,0.000938,-14.75214913
0.001078,-44.83632928,0.001076,-66.42990509,0.001066,-67.25765426,0.001038,-12.4665027
0.001178,-41.09171152,0.001176,-64.18080944,0.001166,-65.80540585,0.001138,-10.46319234
0.001278,-37.35727381,0.001276,-62.29205574,0.001266,-64.35286944,0.001238,-8.779567028
0.001378,-34.11951511,0.001376,-60.4495594,0.001366,-62.6878465,0.001338,-7.338815931
0.001478,-31.48552463,0.001476,-58.38519318,0.001466,-61.1190634,0.001438,-6.090711632
0.001578,-29.24329299,0.001576,-56.39124013,0.001566,-59.71848973,0.001538,-5.077376565
0.001678,-27.12221108,0.001676,-54.52579433,0.001666,-58.49708102,0.001638,-4.163848832
0.001778,-24.85249699,0.001776,-52.92439709,0.001766,-57.25885,0.001738,-3.393092426
0.001878,-22.58385345,0.001876,-51.27460476,0.001866,-55.99646853,0.001838,-2.672452471
0.001978,-20.26669447,0.001976,-49.66528333,0.001966,-54.82656365,0.001938,-1.983796961
0.002078,-17.89278122,0.002076,-48.07285655,0.002066,-53.60001732,0.002038,-1.372619212
0.002178,-15.71657593,0.002176,-46.34040697,0.002166,-52.48844565,0.002138,-0.962667108
0.002278,-13.2954895,0.002276,-44.79380254,0.002266,-51.44768099,0.002238,-0.598160761
0.002378,-10.93335366,0.002376,-43.14878223,0.002366,-50.45642809,0.002338,-0.302049852
0.002478,-8.863940351,0.002476,-41.6638491,0.002466,-49.47095376,0.002438,0.002276388
0.002578,-6.963539195,0.002576,-40.23110606,0.002566,-48.52021579,0.002538,0.098527303
0.002678,-5.355616744,0.002676,-38.83214107,0.002666,-47.59475951,0.002638,0.381787487
0.002778,-3.938645412,0.002776,-37.45958017,0.002766,-46.61495222,0.002738,0.510570387
0.002878,-2.749463574,0.002876,-36.00365799,0.002866,-45.63141665,0.002838,0.543163666
0.002978,-1.586574668,0.002976,-34.61703927,0.002966,-44.72984635,0.002938,0.647296149
0.003078,-0.722327273,0.003076,-33.18200886,0.003066,-43.85868328,0.003038,0.63983496
0.003178,-0.139551585,0.003176,-31.89060848,0.003166,-42.98227058,0.003138,0.57717671
0.003278,0.440594991,0.003276,-30.67531814,0.003266,-42.15811538,0.003238,0.508221428
0.003378,0.872279496,0.003376,-29.62183545,0.003366,-41.28636377,0.003338,0.484292894
0.003478,1.15355858,0.003476,-28.69157336,0.003466,-40.39677209,0.003438,0.436330445
0.003578,1.390990383,0.003576,-27.76689588,0.003566,-39.48674641,0.003538,0.399233309
0.003678,1.519946806,0.003676,-26.91351056,0.003666,-38.71015508,0.003638,0.334845234
0.003778,1.542061022,0.003776,-26.09985753,0.003766,-37.80382582,0.003738,0.248952284
0.003878,1.627386754,0.003876,-25.25359174,0.003866,-36.95476249,0.003838,0.279324906
0.003978,1.688734363,0.003976,-24.34745873,0.003966,-36.13308555,0.003938,0.251653889
0.004078,1.678765695,0.004076,-23.4106391,0.004066,-35.37652465,0.004038,0.201428293
0.004178,1.650168851,0.004176,-22.35481926,0.004166,-34.6522786,0.004138,0.19303344
0.004278,1.658614941,0.004276,-21.36704846,0.004266,-33.89127629,0.004238,0.205107132
0.004378,1.543711282,0.004376,-20.27147684,0.004366,-33.15788782,0.004338,0.194970604
0.004478,1.460539024,0.004476,-19.13539204,0.004466,-32.41752098,0.004438,0.218862134
0.004578,1.311454159,0.004576,-18.01396096,0.004566,-31.74417466,0.004538,0.233805024
0.004678,1.149015174,0.004676,-16.85328715,0.004666,-31.06596067,0.004638,0.323667998
0.004778,0.916714985,0.004776,-15.60990595,0.004766,-30.38541703,0.004738,0.238312199
0.004878,0.673469023,0.004876,-14.51505273,0.004866,-29.74581011,0.004838,0.227707218
0.004978,0.682936616,0.004976,-13.3085643,0.004966,-29.07337085,0.004938,0.183306843
0.005078,0.522413639,0.005076,-12.11858711,0.005066,-28.41424995,0.005038,0.151099714
0.005178,0.40760556,0.005176,-10.96923032,0.005166,-27.81144991,0.005138,0.144530824
0.005278,0.311121296,0.005276,-9.898883538,0.005266,-27.25797548,0.005238,0.149578721
0.005378,0.0474838,0.005376,-8.783527347,0.005366,-26.73128073,0.005338,0.103455958
0.005478,0.021499532,0.005476,-7.718107336,0.005466,-26.13564272,0.005438,0.070814189
0.005578,-0.020757788,0.005576,-6.69160827,0.005566,-25.54933063,0.005538,0.173728845
0.005678,-0.122778858,0.005676,-5.78401295,0.005666,-24.98088419,0.005638,0.18298298
0.005778,0.022917954,0.005776,-4.852083299,0.005766,-24.42234513,0.005738,0.108326769
0.005878,0.089188364,0.005876,-3.93564082,0.005866,-23.86998671,0.005838,0.145623457
0.005978,0.122864306,0.005976,-3.225317051,0.005966,-23.24888846,0.005938,0.166608334
0.006078,0.188623814,0.006076,-2.386015695,0.006066,-22.68720705,0.006038,0.144034515
0.006178,0.216782907,0.006176,-1.678767925,0.006166,-22.08913466,0.006138,0.100283837
0.006278,0.293945428,0.006276,-0.88526636,0.006266,-21.65363967,0.006238,0.109012689
0.006378,0.223291019,0.006376,-0.179375148,0.006366,-21.03299815,0.006338,0.140024961
0.006478,0.513760119,0.006476,0.555457459,0.006466,-20.51395221,0.006438,0.175527988
0.006578,0.586849709,0.006576,1.204738182,0.006566,-19.92094698,0.006538,0.061655064
0.006678,0.616027031,0.006676,1.685569539,0.006666,-19.37652707,0.006638,0.060562645
0.006778,0.624914474,0.006776,2.096673175,0.006766,-18.8388511,0.006738,0.083972222
0.006878,0.764049513,0.006876,2.243027349,0.006866,-18.23308568,0.006838,0.02810427
0.006978,0.796384257,0.006976,2.360686178,0.006966,-17.78243437,0.006938,-0.001513287
0.007078,0.889202887,0.007076,2.334466406,0.007066,-17.25391088,0.007038,0.034383018
0.007178,0.772054412,0.007176,2.225179356,0.007166,-16.57880512,0.007138,0.115234482
0.007278,0.785811871,0.007276,1.964120465,0.007266,-16.13278699,0.007238,0.10013375
0.007378,0.770328182,0.007376,1.711594224,0.007366,-15.65795273,0.007338,0.074939984
0.007478,0.766234563,0.007476,1.456802282,0.007466,-15.0940163,0.007438,0.065807129
0.007578,0.657155084,0.007576,1.204287676,0.007566,-14.53180526,0.007538,0.185080205
0.007678,0.873240041,0.007676,0.931561799,0.007666,-13.99933048,0.007638,0.156531458
0.007778,0.794889227,0.007776,0.64358831,0.007766,-13.50784048,0.007738,0.113883464
0.007878,0.769717332,0.007876,0.414543546,0.007866,-13.0254292,0.007838,0.100290225
0.007978,0.757984797,0.007976,0.068381395,0.007966,-12.47800889,0.007938,0.128675447
0.008078,0.792155053,0.008076,-0.084624982,0.008066,-12.00021373,0.008038,0.10591225
0.008178,0.779782882,0.008176,-0.302487684,0.008166,-11.45902671,0.008138,0.196755497
0.008278,0.656583723,0.008276,-0.355408978,0.008266,-10.87382065,0.008238,0.237679748
0.008378,0.797814556,0.008376,-0.550316657,0.008366,-10.37975964,0.008338,0.220885565
0.008478,0.681216239,0.008476,-0.450106339,0.008466,-9.903323981,0.008438,0.255863595
0.008578,0.650507576,0.008576,-0.482098779,0.008566,-9.322334735,0.008538,0.185681155
0.008678,0.679645659,0.008676,-0.343577828,0.008666,-8.843129568,0.008638,0.218486287
0.008778,0.666216561,0.008776,-0.194035197,0.008766,-8.376605409,0.008738,0.280031692
0.008878,0.660240707,0.008876,-0.133629955,0.008866,-7.818875704,0.008838,0.340063478
0.008978,0.565039861,0.008976,-0.11661805,0.008966,-7.345179727,0.008938,0.213207024
0.009078,0.659064003,0.009076,-0.032876922,0.009066,-6.85690461,0.009038,0.258901492
0.009178,0.643364122,0.009176,0.00021383,0.009166,-6.32447299,0.009138,0.274260647
0.009278,0.82855783,0.009276,0.023645206,0.009266,-5.826344352,0.009238,0.312280097
0.009378,0.760227634,0.009376,0.060264777,0.009366,-5.198417085,0.009338,0.364573303
0.009478,0.80890154,0.009476,0.088581209,0.009466,-4.616414324,0.009438,0.269128151
0.009578,0.826339445,0.009576,0.105423198,0.009566,-3.933763899,0.009538,0.214436372
0.009678,0.885661595,0.009676,0.060819678,0.009666,-3.260017441,0.009638,0.15500471
0.009778,1.060211397,0.009776,0.067742845,0.009766,-2.444828052,0.009738,0.246713509
0.009878,0.98486684,0.009876,0.024629797,0.009866,-1.603447309,0.009838,0.038114505
0.009978,0.954694126,0.009976,0.166088246,0.009966,-0.725651328,0.009938,-0.030323919
0.010078,1.160505809,0.010076,0.104464397,0.010066,-0.052058037,0.010038,-0.007711876
0.010178,1.075877763,0.010176,0.177361075,0.010166,0.378204762,0.010138,-0.046413191
0.010278,1.116376613,0.010276,0.217175588,0.010266,0.688454745,0.010238,0.02122977
0.010378,1.099256749,0.010376,0.194291215,0.010366,0.806717482,0.010338,0.004694341
0.010478,1.093769901,0.010476,0.115352312,0.010466,0.945361958,0.010438,-0.073644749
0.010578,1.155882983,0.010576,0.09805683,0.010566,0.985294052,0.010538,0.059493157
0.010678,1.185360699,0.010676,0.017497702,0.010666,0.919203806,0.010638,0.00740669
0.010778,1.231945956,0.010776,-0.078641598,0.010766,0.875222607,0.010738,0.035222298
0.010878,1.206036524,0.010876,-0.018676173,0.010866,0.706767155,0.010838,0.076727254
0.010978,1.098095991,0.010976,-0.09031515,0.010966,0.486410611,0.010938,0.191073998
0.011078,1.277777242,0.011076,-0.024396981,0.011066,0.463070617,0.011038,0.178617438
0.011178,1.260697421,0.011176,-0.099397534,0.011166,0.33847388,0.011138,0.135071039
0.011278,1.254090601,0.011276,0.042103696,0.011266,0.143632034,0.011238,0.207238111
0.011378,1.104452181,0.011376,0.038693757,0.011366,-0.00053185,0.011338,0.218901126
0.011478,1.236101045,0.011476,0.093124745,0.011466,-0.067389804,0.011438,0.152728184
0.011578,1.199566935,0.011576,0.027927777,0.011566,-0.11984237,0.011538,0.108607033
0.011678,1.157178777,0.011676,-0.093941773,0.011666,-0.016912358,0.011638,0.14198841
0.011778,1.154085851,0.011776,-0.161040405,0.011766,-0.060587663,0.011738,0.007066327
0.011878,1.198315271,0.011876,-0.244448032,0.011866,0.000340717,0.011838,0.054013375
0.011978,1.147433087,0.011976,-0.0636862,0.011966,0.109702343,0.011938,-0.050105974
0.012078,1.30071893,0.012076,-0.090994457,0.012066,0.183446305,0.012038,0.10385469
0.012178,1.36425969,0.012176,-0.072749146,0.012166,0.324207623,0.012138,0.15125941
0.012278,1.337840138,0.012276,0.011777975,0.012266,0.269252288,0.012238,0.045625491
0.012378,1.458236017,0.012376,-0.018943255,0.012366,0.181326018,0.012338,0.070189511
0.012478,1.390458387,0.012476,0.139184742,0.012466,0.174488357,0.012438,0.044603357
0.012578,1.496934593,0.012576,0.116994924,0.012566,0.044666144,0.012538,0.079651606
0.012678,1.443535671,0.012676,0.12560156,0.012666,0.006836675,0.012638,0.16546726
0.012778,1.473866664,0.012776,0.078587013,0.012766,0.010953609,0.012738,0.115282297
0.012878,1.389628299,0.012876,0.010039274,0.012866,0.019171836,0.012838,0.139351238
0.012978,1.381729096,0.012976,0.131228516,0.012966,0.088482817,0.012938,0.155253972
0.013078,1.4929845,0.013076,0.040719786,0.013066,0.031665657,0.013038,0.21543389
0.013178,1.577230463,0.013176,0.06103003,0.013166,0.08749068,0.013138,0.235274928
0.013278,1.595184445,0.013276,-0.004384144,0.013266,0.124383176,0.013238,0.279892145
0.013378,1.513890044,0.013376,-0.165074638,0.013366,0.209156516,0.013338,0.342522766
0.013478,1.546428304,0.013476,-0.100945689,0.013466,0.269924387,0.013438,0.367106706
0.013578,1.631765726,0.013576,0.014284944,0.013566,0.24104508,0.013538,0.372268504
0.013678,1.663713836,0.013676,-0.024152555,0.013666,0.237751154,0.013638,0.294957453
0.013778,1.576526803,0.013776,0.089997182,0.013766,0.238018263,0.013738,0.190955656
0.013878,1.567826749,0.013876,-0.003786206,0.013866,0.139358015,0.013838,0.070031458
0.013978,1.636693277,0.013976,0.03790882,0.013966,0.10559297,0.013938,0.009811924
0.014078,1.604659725,0.014076,0.045382654,0.014066,0.094343959,0.014038,0.033861301
0.014178,1.678282409,0.014176,-0.091941817,0.014166,0.145453406,0.014138,-0.041138986
0.014278,1.568668856,0.014276,-0.029494924,0.014266,0.121628727,0.014238,-0.030168353
0.014378,1.647583729,0.014376,0.014392913,0.014366,0.065750998,0.014338,-0.038472021
0.014478,1.741673307,0.014476,0.012381383,0.014466,0.176250983,0.014438,0.002201203
0.014578,1.661016135,0.014576,0.076400379,0.014566,0.180056952,0.014538,-0.009573766
0.014678,1.665514648,0.014676,0.079541855,0.014666,0.325967031,0.014638,-0.062291631
0.014778,1.556274633,0.014776,0.078843552,0.014766,0.393507699,0.014738,0.084174441
0.014878,1.703925104,0.014876,0.079212553,0.014866,0.423420298,0.014838,0.132692694
0.014978,1.594745718,0.014976,0.187046997,0.014966,0.341984299,0.014938,0.193549811
0.015078,1.715060371,0.015076,0.205364728,0.015066,0.296968255,0.015038,0.104165967
0.015178,1.656814814,0.015176,0.205295207,0.015166,0.143894094,0.015138,0.21026784
0.015278,1.565793726,0.015276,0.231979829,0.015266,0.285446608,0.015238,0.09666911
0.015378,1.673240226,0.015376,0.325676335,0.015366,0.197167117,0.015338,0.089364657
0.015478,1.657126371,0.015476,0.34533232,0.015466,0.131097987,0.015438,0.086295801
0.015578,1.686602085,0.015576,0.248085231,0.015566,0.242386107,0.015538,0.034889545
0.015678,1.62310771,0.015676,0.284389884,0.015666,0.270054557,0.015638,-0.102885356
0.015778,1.673652448,0.015776,0.223942081,0.015766,0.141820065,0.015738,0.035297178
0.015878,1.628285134,0.015876,0.16031594,0.015866,0.31012736,0.015838,-0.129391175
0.015978,1.644624669,0.015976,0.21065685,0.015966,0.231638522,0.015938,-0.09616956
0.016078,1.695002857,0.016076,0.176339875,0.016066,0.387928833,0.016038,-0.050752817
0.016178,1.726370785,0.016176,0.140985205,0.016166,0.40853736,0.016138,-0.17879116
0.016278,1.825914929,0.016276,0.064720934,0.016266,0.337892718,0.016238,-0.127748791
0.016378,1.691584493,0.016376,0.029257925,0.016366,0.157433126,0.016338,-0.142231735
0.016478,1.574215427,0.016476,0.141136023,0.016466,0.122035786,0.016438,-0.024013909
0.016578,1.78191283,0.016576,0.186603692,0.016566,-0.073361406,0.016538,0.122225435
0.016678,1.627931749,0.016676,0.195560701,0.016666,-0.017225432,0.016638,0.030724786
0.016778,1.686218578,0.016776,0.192705757,0.016766,0.043265664,0.016738,0.014435353
0.016878,1.738252575,0.016876,0.051478973,0.016866,-0.06062447,0.016838,0.049480766
0.016978,1.620812708,0.016976,0.19608454,0.016966,0.045445123,0.016938,0.088118693
0.017078,1.829441749,0.017076,0.275020274,0.017066,-0.021235087,0.017038,-0.000552516
0.017178,1.771417183,0.017176,0.472349362,0.017166,0.060524617,0.017138,-0.013118348
0.017278,1.79318269,0.017276,0.456001459,0.017266,0.010006255,0.017238,0.040210583
0.017378,1.99980502,0.017376,0.516247512,0.017366,0.147808576,0.017338,0.133799926
0.017478,1.8788106,0.017476,0.457659974,0.017466,0.163757003,0.017438,0.067513965
0.017578,2.0773039,0.017576,0.443942925,0.017566,0.087503057,0.017538,0.106550072
0.017678,1.879912535,0.017676,0.348867113,0.017666,0.170949494,0.017638,-0.012080007
0.017778,1.951545659,0.017776,0.35915503,0.017766,0.121342402,0.017738,-0.068833023
0.017878,2.021938173,0.017876,0.316959142,0.017866,0.045952946,0.017838,0.067552411
0.017978,1.98019803,0.017976,0.261898195,0.017966,0.024343483,0.017938,0.004147065
0.018078,1.888715761,0.018076,0.145692848,0.018066,-0.01634447,0.018038,-0.052403226
0.018178,1.855180016,0.018176,-0.01233078,0.018166,0.093319828,0.018138,-0.084248195
0.018278,1.74451981,0.018276,-0.067319819,0.018266,0.138157244,0.018238,0.002605894
0.018378,1.862409243,0.018376,-0.170273125,0.018366,0.034237492,0.018338,-0.050541626
0.018478,1.724450624,0.018476,-0.246380317,0.018466,0.003241624,0.018438,-0.101156878
0.018578,1.693027075,0.018576,-0.422205752,0.018566,0.099751423,0.018538,-0.041328159
0.018678,1.590924836,0.018676,-0.354799899,0.018666,0.061726512,0.018638,-0.049826496
0.018778,1.658299937,0.018776,-0.353350275,0.018766,0.112606824,0.018738,0.014225566
0.018878,1.640229264,0.018876,-0.381348736,0.018866,-0.010118833,0.018838,0.053821627
0.018978,1.806749076,0.018976,-0.411537442,0.018966,-0.093764115,0.018938,0.019315757
0.019078,1.821248839,0.019076,-0.215858022,0.019066,-0.031185342,0.019038,0.032054335
0.019178,1.722236997,0.019176,-0.185183968,0.019166,-0.074235589,0.019138,-0.030411431
0.019278,1.730504368,0.019276,-0.230353593,0.019266,-0.257159273,0.019238,0.192513531
0.019378,1.826860465,0.019376,-0.242245342,0.019366,-0.196314634,0.019338,0.088668542
0.019478,1.951097881,0.019476,-0.037723335,0.019466,-0.139892548,0.019438,0.054627608
0.019578,1.808314786,0.019576,0.019245637,0.019566,-0.065708275,0.019538,0.165593552
0.019678,1.990939303,0.019676,-0.126611215,0.019666,-0.182795517,0.019638,0.013155833
0.019778,2.00134803,0.019776,0.09454622,0.019766,-0.098029996,0.019738,0.068446041
0.019878,2.135083016,0.019876,0.110669484,0.019866,-0.056144529,0.019838,0.089625776
0.019978,2.294709828,0.019976,0.003126865,0.019966,-0.043416941,0.0199,0.02319676
0.020078,2.297856668,0.020076,0.131215826,0.020066,0.079638549,0.020038,0.009549222
0.020178,2.559754433,0.020176,0.107863093,0.020166,0.086530166,0.020138,0.012956416
0.020278,2.621697667,0.020276,0.159128575,0.020266,0.072179457,0.020238,-0.024888198
0.020378,2.706559498,0.020376,0.314687802,0.020366,0.174186874,0.020338,0.004270643
0.020478,2.67963567,0.020476,0.260036078,0.020466,0.113085757,0.020438,0.03872607
0.020578,2.771086347,0.020576,0.255443904,0.020566,0.07380042,0.020538,-0.044935989
0.020678,2.715646388,0.020676,0.067258537,0.020666,0.062973062,0.020638,0.004994445
0.020778,2.612779072,0.020776,0.011644676,0.020766,-0.079722647,0.020738,0.00056311
0.020878,2.908285692,0.020876,0.035314439,0.020866,0.107698895,0.020838,-0.022958399
0.020978,2.780705199,0.020976,-0.15190691,0.020966,0.101109399,0.020938,-0.072283183
0.021078,2.909367963,0.021076,0.047008993,0.021066,0.170903468,0.021038,0.060105869
0.021178,2.754427515,0.021176,-0.082154154,0.021166,0.003834965,0.021138,0.022436859
0.021278,3.023566192,0.021276,-0.024774591,0.021266,0.001067524,0.021238,-0.097576089
0.021378,2.92469026,0.021376,-0.08754476,0.021366,-0.01851557,0.021338,-0.014122686
0.021478,3.009331851,0.021476,-0.189796137,0.021466,-0.036239617,0.021438,0.097590309
0.021578,2.971780762,0.021576,-0.196636158,0.021566,-0.003974083,0.021538,0.06907269
0.021678,2.873192196,0.021676,-0.231754104,0.021666,-0.043281382,0.021638,0.022547839
0.021778,3.048182393,0.021776,-0.09316149,0.021766,0.06220562,0.021738,0.062790817
0.021878,3.047840062,0.021876,-0.048524252,0.021866,-0.140703715,0.021838,0.127436017
0.021978,3.185539791,0.021976,-0.059305082,0.021966,-0.179727532,0.021938,0.018585481
0.022078,3.141040979,0.022076,0.057921408,0.022066,-0.140900297,0.022038,0.04741138
0.022178,3.167485914,0.022176,-0.048950667,0.022166,-0.106311625,0.022138,0.035208004
0.022278,3.34850852,0.022276,-0.011637518,0.022266,-0.098219556,0.022238,0.037016071
0.022378,3.247798729,0.022376,-0.09105058,0.022366,-0.059279678,0.022338,-0.020131254
0.022478,3.361310187,0.022476,-0.174429322,0.022466,0.036288522,0.022438,0.058586724
0.022578,3.393513906,0.022576,0.022111579,0.022566,0.008121548,0.022538,0.041480878
0.022678,3.333756152,0.022676,-0.064505756,0.022666,0.084893609,0.022638,-0.129074289
0.022778,3.556448806,0.022776,-0.149692367,0.022766,0.130249638,0.022738,0.014001338
0.022878,3.571296301,0.022876,-0.055519558,0.022866,0.069916427,0.022838,0.016021633
0.022978,3.542824358,0.022976,-0.044243072,0.022966,0.062928851,0.022938,0.030540168
0.023078,3.663277521,0.023076,-0.042008952,0.023066,0.16844404,0.023038,0.076647638
0.023178,3.772311097,0.023176,-0.051485128,0.023166,0.193506053,0.023138,-0.002636175
0.023278,3.698042322,0.023276,0.073616885,0.023266,0.043519198,0.023238,-0.09786243
0.023378,3.804981585,0.023376,0.027886351,0.023366,0.029651092,0.023338,-0.007625878
0.023478,3.938785925,0.023476,0.008074077,0.023466,-0.20345502,0.023438,-0.035718928
0.023578,3.942617051,0.023576,0.062747613,0.023566,-0.102844862,0.023538,0.084562361
0.023678,3.830947784,0.023676,0.137196768,0.023666,-0.014536828,0.023638,-0.092658218
0.023778,3.732946673,0.023776,0.309884827,0.023766,0.039656635,0.023738,-0.06772263
0.023878,3.928682131,0.023876,0.144553961,0.023866,0.035358042,0.023838,0.017548057
0.023978,3.800464301,0.023976,0.037979974,0.023966,0.026512412,0.023938,0.010975948
0.024078,4.001841689,0.024076,0.154769312,0.024066,-0.004963096,0.024038,0.090881868
0.024178,3.996834856,0.024176,-0.09640599,0.024166,0.040308265,0.024138,0.002060134
0.024278,3.944395598,0.024276,0.073911446,0.024266,0.025347304,0.024238,0.01820412
0.024378,4.019983067,0.024376,0.109351367,0.024366,0.061326714,0.024338,-0.057425185
0.024478,4.17739129,0.024476,0.063403315,0.024466,-0.01500978,0.024438,0.041209876
0.024578,4.098358127,0.024576,0.190489932,0.024566,-0.042199783,0.024538,0.060853188
0.024678,3.867430479,0.024676,0.13044976,0.024666,-0.025277274,0.024638,0.035827348
0.024778,3.976473769,0.024776,0.156248549,0.024766,-0.07297479,0.024738,0.013339805
0.024878,4.08255892,0.024876,0.145197947,0.024866,0.062700505,0.024838,0.041674327
0.024978,4.064018064,0.024976,0.092261243,0.024966,-0.059638605,0.024938,-0.012195865
0.025078,4.058989588,0.025076,0.069461585,0.025066,-0.085269689,0.025038,-0.043376699
0.025178,4.069421793,0.025176,0.181598473,0.025166,0.041660185,0.025138,-0.023467266
0.025278,4.015149118,0.025276,0.219120599,0.025266,-0.022037838,0.025238,-0.082247455
0.025378,3.940263345,0.025376,0.102769828,0.025366,0.061356729,0.025338,-0.079113178
0.025478,3.85634686,0.025476,0.176893385,0.025466,0.112581428,0.025438,-0.025872483
0.025578,3.815122417,0.025576,0.186534084,0.025566,0.101590894,0.025538,-0.010651828
0.025678,3.850948865,0.025676,0.111763427,0.025666,-0.038914658,0.025638,0.029209029
0.025778,3.870686917,0.025776,0.093148149,0.025766,-0.050801278,0.025738,0.001013586
0.025878,3.756049629,0.025876,0.239413836,0.025866,0.042496563,0.025838,0.029157616
0.025978,3.695143827,0.025976,0.142945491,0.025966,-0.121606647,0.025938,-0.019852821
0.026078,3.653716425,0.026076,0.238146601,0.026066,-2.96E-05,0.026038,0.078202677
0.026178,3.710211884,0.026176,0.12780323,0.026166,0.07899296,0.026138,0.022262283
0.026278,3.885329206,0.026276,0.257068371,0.026266,-0.009066146,0.026238,-0.025243208
0.026378,3.623986903,0.026376,0.168824825,0.026366,0.10236368,0.026338,-0.009519026
0.026478,3.646997824,0.026476,0.319064659,0.026466,-0.018334435,0.026438,0.043811957
0.026578,3.576546866,0.026576,0.238630215,0.026566,0.031768547,0.026538,0.032561715
0.026678,3.660912406,0.026676,0.240907369,0.026666,0.015963544,0.026638,0.042701659
0.026778,3.611155984,0.026776,0.25467858,0.026766,0.105303513,0.026738,0.071362968
0.026878,3.495809399,0.026876,0.319909078,0.026866,0.142054481,0.026838,0.018932452
0.026978,3.602676727,0.026976,0.478723796,0.026966,0.1005429,0.026938,0.026558231
0.027078,3.323560955,0.027076,0.340908649,0.027066,0.023237763,0.027038,0.087163864
0.027178,3.442191661,0.027176,0.411860662,0.027166,-0.063226983,0.027138,0.041328338
0.027278,3.402389089,0.027276,0.376411564,0.027266,-0.101866835,0.027238,0.029089191
0.027378,3.37026569,0.027376,0.225006944,0.027366,-0.166438516,0.027338,0.000608959
0.027478,3.243508388,0.027476,0.291200666,0.027466,-0.033426863,0.027438,-0.049118153
0.027578,3.379533895,0.027576,0.328547982,0.027566,0.032268697,0.027538,-0.014980532
0.027678,3.456202142,0.027676,0.356402111,0.027666,-0.064475334,0.027638,-0.067644428
0.027778,3.281320156,0.027776,0.228567937,0.027766,-0.019939093,0.027738,0.065639035
0.027878,3.25793953,0.027876,0.149813865,0.027866,-0.047718083,0.027838,0.058589569
0.027978,3.354294026,0.027976,0.192027095,0.027966,0.067076351,0.027938,0.000968789
0.028078,3.223788587,0.028076,0.212997875,0.028066,0.055350699,0.028038,-0.023629866
0.028178,3.341675201,0.028176,0.20303673,0.028166,0.075410706,0.028138,-0.081758965
0.028278,3.519457508,0.028276,0.257622867,0.028266,0.058139405,0.028238,0.004495704
0.028378,3.468334592,0.028376,0.115846703,0.028366,0.003079656,0.028338,-0.105213863
0.028478,3.372985536,0.028476,0.207785158,0.028466,0.045358349,0.028438,0.039956376
0.028578,3.546750151,0.028576,0.151517497,0.028566,0.123723973,0.028538,0.009418657
0.028678,3.500767392,0.028676,0.203586364,0.028666,0.134790823,0.028638,0.014312576
0.028778,3.344177087,0.028776,0.234269282,0.028766,0.018952728,0.028738,-0.094423355
0.028878,3.437172351,0.028876,0.173604704,0.028866,0.103419287,0.028838,-0.050203606
0.028978,3.243140893,0.028976,0.269783945,0.028966,0.077039221,0.028938,-0.000933294
0.029078,3.447484757,0.029076,0.354033056,0.029066,0.125212816,0.029038,0.05887541
0.029178,3.39945414,0.029176,0.140472682,0.029166,0.129734292,0.029138,-0.070190088
0.029278,3.512012547,0.029276,0.16662487,0.029266,0.158554342,0.029238,0.130936687
0.029378,3.354063009,0.029376,0.217040634,0.029366,0.179605544,0.029338,0.116714721
0.029478,3.309520113,0.029476,0.110742417,0.029466,0.051893321,0.029438,0.074695977
0.029578,3.386391313,0.029576,0.063478958,0.029566,0.051898358,0.029538,0.137658745
0.029678,3.24297748,0.029676,0.238795483,0.029666,-0.157837727,0.029638,0.042319927
0.029778,3.358536118,0.029776,0.157994416,0.029766,-0.039088803,0.029738,-0.040745705
0.029878,3.509009783,0.029876,0.144301291,0.029866,-0.112941265,0.029838,-0.045815287
0.029978,3.43999002,0.029976,0.224702077,0.029966,-0.166660924,0.029938,0.069363591
0.030078,3.494998172,0.030076,0.137149573,0.030066,-0.118339853,0.030038,0.005427905
0.030178,3.540285211,0.030176,0.139301783,0.030166,0.073219,0.030138,-0.076965239
0.030278,3.576129734,0.030276,0.081809619,0.030266,-0.000988335,0.030238,0.039799357
0.030378,3.556821753,0.030376,0.092850488,0.030366,-0.048244041,0.030338,0.007348721
0.030478,3.44865149,0.030476,0.021659435,0.030466,0.027789117,0.030438,0.03882987
0.030578,3.575039151,0.030576,0.093161125,0.030566,-0.054629223,0.030538,-0.106481137
0.030678,3.54490001,0.030676,-0.058397515,0.030666,0.018559354,0.030638,-0.038368022
0.030778,3.502768844,0.030776,-0.130415485,0.030766,0.09891129,0.030738,0.040526315
0.030878,3.496484742,0.030876,0.019429911,0.030866,0.056532363,0.030838,-0.075101142
0.030978,3.641197681,0.030976,-0.201305201,0.030966,0.046279036,0.030938,0.031016459
0.031078,3.609576066,0.031076,0.118532338,0.031066,0.108491431,0.031038,-0.031621878
0.031178,3.677893906,0.031176,0.029100958,0.031166,0.082672601,0.031138,0.004528778
0.031278,3.64243218,0.031276,0.037214113,0.031266,0.110843449,0.031238,0.026019272
0.031378,3.829140206,0.031376,-0.070255737,0.031366,0.111129394,0.031338,0.048187628
0.031478,3.720269129,0.031476,-0.150126334,0.031466,0.105573673,0.031438,-0.00559722
0.031578,3.84363246,0.031576,-0.137015255,0.031566,-0.072529533,0.031538,-0.09169351
0.031678,3.897927025,0.031676,-0.242322983,0.031666,-0.077047742,0.031638,0.033109559
0.031778,3.865896799,0.031776,-0.171438229,0.031766,-0.049473467,0.031738,-0.011299465
0.031878,3.997213707,0.031876,-0.152886264,0.031866,-0.045957522,0.031838,0.09315019
0.031978,3.928444502,0.031976,-0.371266717,0.031966,-0.024321884,0.031938,0.033163364
0.032078,4.083508821,0.032076,-0.173382093,0.032066,-0.067154859,0.032038,0.010576445
0.032178,4.142219062,0.032176,-0.173813181,0.032166,-0.112060887,0.032138,0.098223633
0.032278,4.112152499,0.032276,-0.115475695,0.032266,-0.056551322,0.032238,-0.048424755
0.032378,4.257317285,0.032376,-0.314578735,0.032366,-0.200310292,0.032338,-0.043480981
0.032478,4.291406198,0.032476,-0.279889249,0.032466,-0.04271915,0.032438,-0.062804145
0.032578,4.31022116,0.032576,-0.316989774,0.032566,-0.188899104,0.032538,0.07740393
0.032678,4.207216216,0.032676,-0.418780445,0.032666,-0.112199224,0.032638,0.023216681
0.032778,4.37520228,0.032776,-0.345589624,0.032766,-0.151908997,0.032738,-0.055119126
0.032878,4.302854288,0.032876,-0.390787467,0.032866,-0.064859401,0.032838,-0.070534839
0.032978,4.600798781,0.032976,-0.310379278,0.032966,-0.069298762,0.032938,0.041720967
0.033078,4.54621267,0.033076,-0.256980363,0.033066,-0.055669957,0.033038,-0.116439301
0.033178,4.602022378,0.033176,-0.387480282,0.033166,-0.028258947,0.033138,-0.09298594
0.033278,4.850786753,0.033276,-0.42620869,0.033266,0.094659766,0.033238,-0.134316137
0.033378,4.65301491,0.033376,-0.20629803,0.033366,0.202545905,0.033338,-0.13196182
0.033478,4.689603534,0.033476,-0.287162247,0.033466,0.098561711,0.033438,-0.110475908
0.033578,4.765260468,0.033576,-0.299917891,0.033566,0.109625605,0.033538,-0.086973812
0.033678,4.936432204,0.033676,-0.33486912,0.033666,0.269408042,0.033638,-0.04422996
0.033778,4.619303409,0.033776,-0.256533139,0.033766,0.024594636,0.033738,-0.113441209
0.033878,4.814897434,0.033876,-0.315489361,0.033866,0.042939324,0.033838,0.001345483
0.033978,4.961497683,0.033976,-0.175825434,0.033966,0.025545493,0.033938,0.102993992
0.034078,5.076697939,0.034076,-0.257023401,0.034066,-0.042660292,0.034038,0.185228899
0.034178,5.080956028,0.034176,-0.247207611,0.034166,-0.017693979,0.034138,0.203810436
0.034278,5.169110608,0.034276,-0.291890013,0.034266,-0.020548001,0.034238,0.034452083
0.034378,5.284785488,0.034376,-0.299374932,0.034366,-0.041487611,0.034338,0.010838792
0.034478,5.189529517,0.034476,-0.277379492,0.034466,-0.006504021,0.034438,0.068250524
0.034578,5.382864694,0.034576,-0.36504996,0.034566,-0.056086715,0.034538,-0.048982965
0.034678,5.473649588,0.034676,-0.305378616,0.034666,0.048042849,0.034638,0.064131312
0.034778,5.509550148,0.034776,-0.356016998,0.034766,-0.093118885,0.034738,0.101416941
0.034878,5.642834774,0.034876,-0.221231843,0.034866,-0.019356324,0.034838,-0.024196092
0.034978,5.499892256,0.034976,-0.229496657,0.034966,0.029566857,0.034938,0.063294663
0.035078,5.531160841,0.035076,-0.29456967,0.035066,0.041049777,0.035038,-0.023453806
0.035178,5.643872884,0.035176,-0.297832923,0.035166,0.114978911,0.035138,0.005680448
0.035278,5.538695109,0.035276,-0.224449949,0.035266,0.057794321,0.035238,-0.027261598
0.035378,5.721723563,0.035376,-0.353136185,0.035366,0.05952371,0.035338,-0.013698471
0.035478,5.729536808,0.035476,-0.300453714,0.035466,0.001779017,0.035438,-0.076659484
0.035578,5.861628603,0.035576,-0.377408243,0.035566,-0.020738352,0.035538,-0.051527652
0.035678,5.960746536,0.035676,-0.228037897,0.035666,0.099060412,0.035638,-0.168193201
0.035778,5.816747599,0.035776,-0.235642365,0.035766,0.020821772,0.035738,-0.058429756
0.035878,5.922877951,0.035876,-0.185748281,0.035866,-0.103735003,0.035838,-0.010380177
0.035978,5.996547516,0.035976,-0.108872152,0.035966,0.05957057,0.035938,-0.112235523
0.036078,6.054110572,0.036076,-0.236997327,0.036066,0.017829399,0.036038,-0.064132989
0.036178,6.050498051,0.036176,-0.02930567,0.036166,0.101403532,0.036138,-0.039277609
0.036278,6.224017269,0.036276,-0.178655684,0.036266,0.165626924,0.036238,-0.064121496
0.036378,6.31750217,0.036376,-0.004263652,0.036366,0.165494102,0.036338,-0.082554116
0.036478,6.199136077,0.036476,0.049325054,0.036466,0.25907441,0.036438,0.041943995
0.036578,6.283310027,0.036576,0.121195258,0.036566,0.169922327,0.036538,-0.054456634
0.036678,6.364686575,0.036676,0.113356626,0.036666,0.09237576,0.036638,0.000154829
0.036778,6.539291128,0.036776,0.167548736,0.036766,0.153600495,0.036738,0.130601937
0.036878,6.502124989,0.036876,-0.050431168,0.036866,0.047174721,0.036838,0.152282771
0.036978,6.636696993,0.036976,0.008602557,0.036966,0.102566042,0.036938,0.100710713
0.037078,6.592215925,0.037076,0.19177201,0.037066,0.077536437,0.037038,0.099193349
0.037178,6.627974467,0.037176,0.215991534,0.037166,0.129877863,0.037138,0.173160827
0.037278,6.827576197,0.037276,0.264662435,0.037266,0.127927418,0.037238,0.004862535
0.037378,6.820544908,0.037376,0.184849402,0.037366,0.094766775,0.037338,0.066313609
0.037478,7.137074078,0.037476,0.195675858,0.037466,-0.134889933,0.037438,0.016834617
0.037578,6.977952293,0.037576,0.160615516,0.037566,0.021821203,0.037538,0.075655333
0.037678,7.041118112,0.037676,0.200560211,0.037666,0.100596138,0.037638,-0.012917859
0.037778,7.238506619,0.037776,0.437445585,0.037766,0.164910946,0.037738,-0.060059299
0.037878,7.24932716,0.037876,0.39872535,0.037866,0.007090047,0.037838,-0.079416948
0.037978,7.289801384,0.037976,0.20081838,0.037966,-0.104163247,0.037938,-0.122110442
0.038078,7.210052575,0.038076,0.398674177,0.038066,-0.030416246,0.038038,0.015241155
0.038178,7.294082566,0.038176,0.247789516,0.038166,-0.096699618,0.038138,0.001282749
0.038278,7.488201554,0.038276,0.518685658,0.038266,-0.132724568,0.038238,-0.157429596
0.038378,7.443192391,0.038376,0.579982423,0.038366,-0.010254081,0.038338,-0.134288931
0.038478,7.517946331,0.038476,0.597689873,0.038466,0.087592304,0.038438,-0.057264276
0.038578,7.504637217,0.038576,0.501009918,0.038566,0.034351003,0.038538,-0.085597344
0.038678,7.587901273,0.038676,0.578739854,0.038666,0.020762276,0.038638,-0.048995398
0.038778,7.720314442,0.038776,0.720840069,0.038766,0.011052733,0.038738,-0.047366121
0.038878,7.823544557,0.038876,0.361981988,0.038866,0.128425057,0.038838,0.044048433
0.038978,7.903750034,0.038976,0.417013757,0.038966,0.112126525,0.038938,0.097341575
0.039078,7.95251238,0.039076,0.588489598,0.039066,-0.031698245,0.039038,0.034528644
0.039178,7.994018377,0.039176,0.648709187,0.039166,0.131389565,0.039138,0.112662009
0.039278,8.100203505,0.039276,0.651590272,0.039266,0.140743237,0.039238,0.133198033
0.039378,8.342845017,0.039376,0.616458583,0.039366,0.114172641,0.039338,0.044844147
0.039478,8.28022783,0.039476,0.50179715,0.039466,0.081560614,0.039438,0.022673641
0.039578,8.426605071,0.039576,0.628849048,0.039566,0.098944263,0.039538,-0.019782514
0.039678,8.363075555,0.039676,0.747948973,0.039666,0.02107739,0.039638,-0.019489532
0.039778,8.328512496,0.039776,0.716355698,0.039766,-0.017895645,0.039738,0.051586583
0.039878,8.326488965,0.039876,0.867360165,0.039866,-0.111881324,0.039838,0.081570246
0.039978,8.477387705,0.039976,0.883713563,0.039966,0.01918395,0.039938,-0.017250881
0.040078,8.553075973,0.040076,0.96886424,0.040066,-0.064390476,0.040038,-0.098850632
0.040178,8.540919915,0.040176,0.968659976,0.040166,0.052442743,0.040138,-0.099630882
0.040278,8.738782289,0.040276,0.960359643,0.040266,-0.032871798,0.040238,-0.044782424
0.040378,8.739618403,0.040376,1.147610028,0.040366,0.011189687,0.040338,-0.028694848
0.040478,8.647106488,0.040476,1.251407937,0.040466,0.054707716,0.040438,0.025571657
0.040578,8.783380567,0.040576,1.160531118,0.040566,-0.093772267,0.040538,0.13099073
0.040678,8.735287689,0.040676,1.196012176,0.040666,-0.074649623,0.040638,0.167076306
0.040778,8.768774401,0.040776,1.102701613,0.040766,-0.073898663,0.040738,-0.026827948
0.040878,8.937363077,0.040876,1.156172969,0.040866,-0.156588162,0.040838,-0.040148352
0.040978,9.20662062,0.040976,1.181610937,0.040966,-0.194959807,0.040938,-0.05982652
0.041078,8.740933595,0.041076,1.05490497,0.041066,-0.277614535,0.041038,-0.118110079
0.041178,8.997487066,0.041176,1.156641901,0.041166,-0.177351918,0.041138,-0.075612218
0.041278,9.036511671,0.041276,1.022407828,0.041266,-0.164343868,0.041238,-0.058389346
0.041378,9.084850326,0.041376,0.943486285,0.041366,-0.073500398,0.041338,-0.038327103
0.041478,9.260079397,0.041476,1.060433424,0.041466,-0.208006185,0.041438,0.012230157
0.041578,9.264654772,0.041576,1.137824835,0.041566,-0.076834697,0.041538,0.058312185
0.041678,9.374884351,0.041676,0.9900563,0.041666,-0.110610823,0.041638,-0.047911551
0.041778,9.375912225,0.041776,1.151483713,0.041766,-0.003880097,0.041738,-0.02309759
0.041878,9.326741091,0.041876,1.21497199,0.041866,-0.094716576,0.041838,-0.041210999
0.041978,9.371317522,0.041976,1.295205395,0.041966,-0.039926956,0.041938,0.104678842
0.042078,9.449889154,0.042076,1.27113873,0.042066,-0.028378912,0.042038,0.02105764
0.042178,9.578617342,0.042176,1.191235812,0.042166,0.011357274,0.042138,0.04932007
0.042278,9.655116429,0.042276,1.331784288,0.042266,0.117640771,0.042238,0.082959109
0.042378,9.644933843,0.042376,1.442958801,0.042366,-0.033590306,0.042338,0.095889635
0.042478,9.804393055,0.042476,1.441624077,0.042466,0.099939547,0.042438,0.159174501
0.042578,9.794822676,0.042576,1.426057722,0.042566,0.0088152,0.042538,0.029000798
0.042678,9.366133082,0.042676,1.46034254,0.042666,-0.164860188,0.042638,-0.013467094
0.042778,9.792150284,0.042776,1.470001739,0.042766,-0.00675756,0.042738,-0.113694119
0.042878,9.898260781,0.042876,1.625908377,0.042866,-0.160587944,0.042838,-0.067531168
0.042978,9.871126355,0.042976,1.523488863,0.042966,-0.009327349,0.042938,0.016270496
0.043078,9.727859811,0.043076,1.558185096,0.043066,0.024829487,0.043038,0.102384123
0.043178,9.996450408,0.043176,1.564945678,0.043166,-0.177647423,0.043138,0.038165287
0.043278,10.03286004,0.043276,1.5337209,0.043266,-0.149041563,0.043238,0.000490091
0.043378,9.764546581,0.043376,1.524763602,0.043366,-0.171221496,0.043338,0.025878293
0.043478,9.926909152,0.043476,1.427853993,0.043466,-0.130141961,0.043438,-0.050325676
0.043578,9.96161678,0.043576,1.468744414,0.043566,0.01817889,0.043538,-0.048843755
0.043678,9.799281525,0.043676,1.33334711,0.043666,0.008508634,0.043638,0.053737819
0.043778,9.979817475,0.043776,1.454605106,0.043766,-0.104987331,0.043738,-0.136746305
0.043878,9.861662631,0.043876,1.504331828,0.043866,-0.028858878,0.043838,0.018425682
0.043978,10.04574075,0.043976,1.531082704,0.043966,0.006780951,0.043938,-0.026274459
0.044078,9.923004728,0.044076,1.305240281,0.044066,0.118986136,0.044038,0.11791437
0.044178,10.34451206,0.044176,1.336796576,0.044166,0.019832472,0.044138,0.178728846
0.044278,10.12793575,0.044276,1.576157084,0.044266,0.014817387,0.044238,0.070086127
0.044378,9.894464661,0.044376,1.475795139,0.044366,0.050983774,0.044338,0.002747351
0.044478,10.14700131,0.044476,1.463092365,0.044466,0.111731031,0.044438,-0.005233325
0.044578,10.10353239,0.044576,1.302225172,0.044566,0.098840502,0.044538,-0.024911711
0.044678,10.26857556,0.044676,1.429097425,0.044666,-0.042261111,0.044638,0.035921319
0.044778,10.4067983,0.044776,1.400268877,0.044766,0.134579484,0.044738,0.169471221
0.044878,10.32928301,0.044876,1.267915666,0.044866,-0.0182343,0.044838,0.099420095
0.044978,10.17842085,0.044976,1.330325249,0.044966,0.122110863,0.044938,-0.000527718
0.045078,10.27937302,0.045076,1.412008466,0.045066,0.095461006,0.045038,-0.069715144
0.045178,10.26853663,0.045176,1.307996661,0.045166,0.186785645,0.045138,-0.07076414
0.045278,10.42092437,0.045276,1.329239954,0.045266,0.019726418,0.045238,0.020545933
0.045378,10.37755229,0.045376,1.352625001,0.045366,-0.024037159,0.045338,-0.032144235
0.045478,10.4700547,0.045476,1.254521856,0.045466,-0.159904711,0.045438,-0.19784824
0.045578,10.32680627,0.045576,1.114549242,0.045566,0.002488846,0.045538,-0.059620046
0.045678,10.39062333,0.045676,1.283938224,0.045666,0.082598869,0.045638,0.006327119
0.045778,10.39041626,0.045776,1.301942691,0.045766,-0.019969104,0.045738,-0.033978719
0.045878,10.3778074,0.045876,1.326617143,0.045866,0.102572309,0.045838,0.052099797
0.045978,10.46040052,0.045976,1.172571979,0.045966,0.096231108,0.045938,0.000936138
0.046078,10.34652599,0.046076,1.205899814,0.046066,-0.068443879,0.046038,0.083021959
0.046178,10.21786514,0.046176,1.189666597,0.046166,0.053090312,0.046138,0.007615748
0.046278,10.45747396,0.046276,1.088324531,0.046266,-0.035186064,0.046238,-0.032352005
0.046378,10.18060791,0.046376,1.133218539,0.046366,-0.064638391,0.046338,0.020747988
0.046478,10.33336095,0.046476,1.190684486,0.046466,-0.154250294,0.046438,-0.097677614
0.046578,10.36841374,0.046576,1.213737877,0.046566,-0.061907622,0.046538,-0.038963957
0.046678,10.28350412,0.046676,1.060326833,0.046666,-0.09388127,0.046638,0.094940318
0.046778,10.23401438,0.046776,1.199609238,0.046766,0.095996188,0.046738,0.186277379
0.046878,10.38660216,0.046876,1.048517793,0.046866,0.124916949,0.046838,0.055892931
0.046978,10.40016716,0.046976,1.085942509,0.046966,0.067035851,0.046938,0.010388112
0.047078,10.29840777,0.047076,1.053152853,0.047066,0.053753749,0.047038,-0.090144417
0.047178,10.34758433,0.047176,1.059329977,0.047166,0.095582082,0.047138,0.028511991
0.047278,10.42857628,0.047276,0.916438135,0.047266,0.044398675,0.047238,0.127968378
0.047378,10.35719679,0.047376,1.083797762,0.047366,0.146563676,0.047338,0.017643247
0.047478,10.25762684,0.047476,1.009938895,0.047466,0.2023757,0.047438,-0.025819866
0.047578,10.26856793,0.047576,1.053997637,0.047566,0.145921604,0.047538,-0.045372372
0.047678,10.32312525,0.047676,1.192772605,0.047666,0.23930063,0.047638,-0.126114361
0.047778,10.40715831,0.047776,1.008558363,0.047766,0.374893311,0.047738,-0.048093639
0.047878,10.49655619,0.047876,1.076801912,0.047866,0.269451733,0.047838,0.00454325
0.047978,10.59656498,0.047976,0.916968917,0.047966,0.272981388,0.047938,-0.05536251
0.048078,10.65051142,0.048076,1.04456426,0.048066,0.243893366,0.048038,-0.0390347
0.048178,10.4625614,0.048176,1.113879823,0.048166,0.107800072,0.048138,0.003405586
0.048278,10.74154215,0.048276,1.069156831,0.048266,0.219628054,0.048238,-0.070087855
0.048378,10.58963498,0.048376,0.852410697,0.048366,0.210801362,0.048338,-0.051034835
0.048478,10.67417569,0.048476,0.887954161,0.048466,0.102801031,0.048438,-0.097201335
0.048578,10.72004976,0.048576,0.93411419,0.048566,0.130205756,0.048538,-0.124175139
0.048678,10.77279273,0.048676,0.994396649,0.048666,0.125700181,0.048638,0.046195197
0.048778,10.85633409,0.048776,0.954115054,0.048766,0.222715216,0.048738,0.073911784
0.048878,10.71429621,0.048876,0.995435373,0.048866,0.300915924,0.048838,0.158814369
0.048978,10.89852124,0.048976,0.999712489,0.048966,0.385845069,0.048938,0.025979775
0.049078,10.66392697,0.049076,0.780559163,0.049066,0.259869262,0.049038,0.102758759
0.049178,10.98560541,0.049176,0.634689263,0.049166,0.2453162,0.049138,-0.034994306
0.049278,10.96986668,0.049276,0.697994812,0.049266,0.269170024,0.049238,-0.120007951
0.049378,10.947845,0.049376,0.766887501,0.049366,0.34813742,0.049338,0.02977731
0.049478,11.02189216,0.049476,0.683250483,0.049466,0.495036655,0.049438,0.198892542
0.049578,11.24274907,0.049576,0.758711441,0.049566,0.314991615,0.049538,0.139927007
0.049678,11.12987618,0.049676,0.772898364,0.049666,0.36646444,0.049638,-0.003799981
0.049778,11.03154881,0.049776,0.643676172,0.049766,0.41789207,0.049738,-0.069585581
0.049878,11.19503385,0.049876,0.528630687,0.049866,0.399926328,0.049838,-0.140980871
0.049978,11.25277039,0.049976,0.433407279,0.049966,0.521215122,0.049938,-0.003796099
0.050078,11.23451449,0.050076,0.572469043,0.050066,0.59041575,0.050038,-0.090721803
0.050178,11.20975008,0.050176,0.529114524,0.050166,0.541820116,0.050138,0.059568946
0.050278,11.22621766,0.050276,0.752453555,0.050266,0.544528116,0.050238,-0.026564694
0.050378,11.24736732,0.050376,0.523638527,0.050366,0.419965463,0.050338,0.007895756
0.050478,11.42946509,0.050476,0.492042741,0.050466,0.475867017,0.050438,0.037629224
0.050578,11.35392917,0.050576,0.683322031,0.050566,0.723950529,0.050538,0.045182968
0.050678,11.50225646,0.050676,0.501986466,0.050666,0.671004696,0.050638,0.010211933
0.050778,11.48265649,0.050776,0.679758455,0.050766,0.618108967,0.050738,-0.094886397
0.050878,11.59076454,0.050876,0.596576247,0.050866,0.428292522,0.050838,-0.063641518
0.050978,11.62183109,0.050976,0.491925438,0.050966,0.477681791,0.050938,-0.082165389
0.051078,11.62187246,0.051076,0.491765057,0.051066,0.375996318,0.051038,-0.036627383
0.051178,11.78727827,0.051176,0.508179712,0.051166,0.467599504,0.051138,0.028175694
0.051278,11.60702853,0.051276,0.354269274,0.051266,0.401500183,0.051238,-0.071936872
0.051378,11.86871227,0.051376,0.522301458,0.051366,0.424271663,0.051338,-0.082891183
0.051478,11.99289591,0.051476,0.619604726,0.051466,0.433911726,0.051438,-0.063976226
0.051578,11.94214983,0.051576,0.63831563,0.051566,0.418941339,0.051538,0.020522653
0.051678,12.07521876,0.051676,0.714518468,0.051666,0.412469167,0.051638,0.034565181
0.051778,12.03774023,0.051776,0.564571729,0.051766,0.545269204,0.051738,-0.008306729
0.051878,12.21917107,0.051876,0.562477316,0.051866,0.459179848,0.051838,0.026295225
0.051978,12.14477252,0.051976,0.546324859,0.051966,0.540983615,0.051938,0.052492288
0.052078,12.19115242,0.052076,0.769682517,0.052066,0.597680496,0.052038,-0.053415037
0.052178,12.14245072,0.052176,0.615301631,0.052166,0.557511271,0.052138,-0.027808431
0.052278,12.42111497,0.052276,0.702433553,0.052266,0.681184575,0.052238,0.117517148
0.052378,12.35038632,0.052376,0.766587712,0.052366,0.646884865,0.052338,0.011095025
0.052478,12.44431419,0.052476,0.701590513,0.052466,0.638309346,0.052438,0.136262471
0.052578,12.49141238,0.052576,0.684020876,0.052566,0.724622269,0.052538,0.106874404
0.052678,12.33794331,0.052676,0.862640555,0.052666,0.728334508,0.052638,0.02979803
0.052778,12.40058224,0.052776,0.942721446,0.052766,0.573812893,0.052738,0.01754755
0.052878,12.39088613,0.052876,1.013561384,0.052866,0.512416571,0.052838,0.013658071
0.052978,12.40887208,0.052976,1.138165666,0.052966,0.555855225,0.052938,0.008776763
0.053078,12.69669757,0.053076,1.040836912,0.053066,0.52805522,0.053038,0.050551385
0.053178,12.80163998,0.053176,1.189212236,0.053166,0.599323998,0.053138,0.026445174
0.053278,12.73107541,0.053276,1.131952806,0.053266,0.647470292,0.053238,0.17204644
0.053378,12.79745237,0.053376,1.076434346,0.053366,0.562072058,0.053338,0.049988182
0.053478,12.93072928,0.053476,1.209473493,0.053466,0.523505678,0.053438,0.070639533
0.053578,12.80472036,0.053576,1.228450695,0.053566,0.530045878,0.053538,-0.083076444
0.053678,12.98002558,0.053676,1.287688548,0.053666,0.342525405,0.053638,-0.15237386
0.053778,12.96236824,0.053776,1.347129445,0.053766,0.332996594,0.053738,-0.082040919
0.053878,13.10507652,0.053876,1.230480599,0.053866,0.258651696,0.053838,0.016801061
0.053978,13.17396457,0.053976,1.383809441,0.053966,0.162406878,0.053938,-0.017962778
0.054078,13.25944556,0.054076,1.47726187,0.054066,0.140984561,0.054038,-0.163081598
0.054178,13.37405093,0.054176,1.491214073,0.054166,0.10629619,0.054138,0.022873879
0.054278,13.32121699,0.054276,1.383589388,0.054266,0.13688878,0.054238,0.052127735
0.054378,13.43090128,0.054376,1.575103646,0.054366,0.03135918,0.054338,-0.024725976
0.054478,13.57041684,0.054476,1.674317815,0.054466,-0.006696431,0.054438,-0.002699717
0.054578,13.57747733,0.054576,1.579358967,0.054566,0.011126404,0.054538,-0.115004808
0.054678,13.65003362,0.054676,1.628807265,0.054666,0.16568349,0.054638,0.017340488
0.054778,13.79499142,0.054776,1.721011049,0.054766,-0.133223242,0.054738,-0.183502102
0.054878,13.90096237,0.054876,1.790370315,0.054866,-0.113520293,0.054838,0.041346876
0.054978,13.88596713,0.054976,1.813366058,0.054966,-0.06789804,0.054938,0.145885462
0.055078,13.95757008,0.055076,1.692275308,0.055066,-0.018996627,0.055038,0.033655332
0.055178,13.96321764,0.055176,1.719353882,0.055166,-0.120004384,0.055138,0.037372185
0.055278,14.10921494,0.055276,1.899185181,0.055266,-0.10302452,0.055238,0.046753503
0.055378,14.19825042,0.055376,2.058862237,0.055366,-0.062663,0.055338,0.024154232
0.055478,14.15674417,0.055476,2.008186272,0.055466,0.008466908,0.055438,0.074488414
0.055578,14.26046779,0.055576,1.884384031,0.055566,-0.013848167,0.055538,0.097710067
0.055678,14.1467531,0.055676,2.123061522,0.055666,-0.063555698,0.055638,-0.0139354
0.055778,14.40401733,0.055776,2.040374603,0.055766,-0.033871178,0.055738,0.127684149
0.055878,14.55134788,0.055876,2.222974573,0.055866,-0.165315705,0.055838,0.102320604
0.055978,14.51897376,0.055976,2.234328525,0.055966,0.062523723,0.055938,-0.097570254
0.056078,14.50032011,0.056076,2.129524437,0.056066,-0.127627367,0.056038,-0.002291242
0.056178,14.75567335,0.056176,2.192255505,0.056166,-0.091379109,0.056138,0.094161415
0.056278,14.715627,0.056276,2.083497157,0.056266,-0.240009234,0.056238,0.014191417
0.056378,14.75721176,0.056376,2.414325586,0.056366,-0.315591832,0.056338,-0.071839414
0.056478,14.7877145,0.056476,2.480589291,0.056466,-0.110477211,0.056438,0.003066491
0.056578,14.74529689,0.056576,2.459865762,0.056566,-0.181030443,0.056538,-0.088716158
0.056678,14.89252226,0.056676,2.422539073,0.056666,-0.114730567,0.056638,0.070193576
0.056778,15.01591633,0.056776,2.292403344,0.056766,-0.376998172,0.056738,-0.098909001
0.056878,14.87805955,0.056876,2.535769451,0.056866,-0.351069676,0.056838,0.005277504
0.056978,15.07061277,0.056976,2.672217356,0.056966,-0.425907983,0.056938,-0.045062867
0.057078,15.1824208,0.057076,2.594679531,0.057066,-0.295142092,0.057038,-0.0229369
0.057178,15.34133832,0.057176,2.613764746,0.057166,-0.264249276,0.057138,0.089213683
0.057278,15.28905439,0.057276,2.648095995,0.057266,-0.244364541,0.057238,-0.031372891
0.054486015,5.00134172,0.057376,2.660794867,0.057366,-0.349378993,0.057338,-0.05677957
0.052054514,2.465961185,0.057476,2.758233798,0.057466,-0.431171378,0.057438,0.057751473
0.050609642,1.104012458,0.057576,2.837478439,0.057566,-0.41381907,0.057538,-0.019061126
0.049685451,0.705532352,0.057676,2.879304641,0.057666,-0.506675265,0.057638,0.012148692
0.049019452,0.424513844,0.057776,2.936553893,0.057766,-0.45047535,0.057738,0.01423613
0.048519774,0.132863322,0.057876,2.986872152,0.057866,-0.440155924,0.057838,0.161334786
0.048191309,0.247764146,0.057976,2.782252384,0.057966,-0.540974011,0.057938,0.123540012
0.047961455,0.200421538,0.058076,2.984635116,0.058066,-0.30639335,0.058038,0.139018623
0.047738139,-0.014641632,0.058176,3.014251799,0.058166,-0.275843202,0.058138,-0.013832572
0.047542207,-0.171079345,0.058276,2.903319343,0.058266,-0.477851135,0.058238,0.012072319
0.047453539,0.023722479,0.058376,3.111794653,0.058366,-0.296138913,0.058338,-0.05573371
0.047326446,-0.110495832,0.058476,2.990603499,0.058466,-0.403349884,0.058438,0.110151744
0.047212591,0.124907737,0.058576,3.065810504,0.058566,-0.355646653,0.058538,-0.127369098
0.04706358,-0.002396855,0.058676,3.073834322,0.058666,-0.30596156,0.058638,0.077639627
0.046918497,0.010536722,0.058776,3.118678669,0.058766,-0.485750255,0.058738,0.016724226
0.046766966,0.169218743,0.058876,3.036255201,0.058866,-0.215534632,0.058838,0.092766032
0.046677198,-0.061131082,0.058976,3.183225837,0.058966,-0.177973674,0.058938,0.066932222
0.04666157,0.008001842,0.059076,3.177925342,0.059066,-0.135583438,0.059038,0.050002226
0.046606155,0.111860477,0.059176,3.105354394,0.059166,-0.132594655,0.059138,-0.050024445
0.046516525,-0.121666064,0.059276,3.244082895,0.059266,0.054558917,0.059238,0.069838806
0.046515648,-0.098768777,0.059376,3.376562632,0.059366,0.048335943,0.059338,0.155827339
0.046515525,-0.026368673,0.059476,3.260047587,0.059466,0.036432794,0.059438,-0.051735897
0.046425574,0.126821468,0.059576,3.25021757,0.059566,-0.082667143,0.059538,-0.021808615
0.04633041,-0.067293375,0.059676,3.40899096,0.059666,0.098846285,0.059638,-0.034259905
0.046301123,-0.028132416,0.059776,3.370708612,0.059766,0.212743764,0.059738,0.032716763
0.046217139,0.127915535,0.059876,3.405738285,0.059866,0.178749667,0.059838,0.016254877
0.046097565,-0.041868182,0.059976,3.529314914,0.059966,0.184038288,0.059938,0.04466857
0.046122093,0.374325461,0.060076,3.640466967,0.060066,0.236889221,0.060038,0.044681798
0.045993438,0.048160202,0.060176,3.613878168,0.060166,0.195652861,0.060138,0.036274815
0.045895443,-0.279057652,0.060276,3.712426207,0.060266,0.259339316,0.060238,0.026660632
0.045896518,0.026270694,0.060376,3.523716624,0.060366,0.38154186,0.060338,0.04920651
0.045852871,-0.126404865,0.060476,3.688619974,0.060466,0.389086752,0.060438,0.146190466
0.04591413,0.175140896,0.060576,3.68975587,0.060566,0.317689347,0.060538,0.118955058
0.045845719,0.068741141,0.060676,3.775294876,0.060666,0.295637554,0.060638,0.188443598
0.045772778,0.111468291,0.060776,3.951689662,0.060766,0.496777765,0.060738,0.324541677
0.045678599,-0.149550656,0.060876,3.845384007,0.060866,0.44324075,0.060838,0.239318265
0.045647592,-0.020609504,0.060976,3.867820963,0.060966,0.404647808,0.060938,0.032802833
0.04556075,-0.076630169,0.061076,3.968672967,0.061066,0.406026016,0.061038,0.180481059
0.045498535,-0.081022231,0.061176,3.862865561,0.061166,0.496876777,0.061138,0.15897144
0.04549888,0.127507663,0.061276,4.135412401,0.061266,0.570604204,0.061238,0.13015665
0.045465776,-0.106896741,0.061376,4.008734747,0.061366,0.47931737,0.061338,0.130260806
0.045454237,-0.048907943,0.061476,4.016438852,0.061466,0.576845829,0.061438,0.170579086
0.045445162,0.015828005,0.061576,3.869459331,0.061566,0.513843682,0.061538,0.201837532
0.045406444,-0.064404776,0.061676,3.808317514,0.061666,0.629976177,0.061638,0.081096378
0.045366748,0.025908257,0.061776,3.698994564,0.061766,0.664049052,0.061738,-0.05979542
0.045298114,-0.162015082,0.061876,4.026588622,0.061866,0.667901322,0.061838,-0.106742425
0.045304892,-0.105712591,0.061976,3.81041357,0.061966,0.775576657,0.061938,0.075304618
0.04527597,0.087673309,0.062076,3.947678166,0.062066,0.80236543,0.062038,-0.114214576
0.045211849,-0.015474336,0.062176,3.999901538,0.062166,0.797424851,0.062138,0.045372969
0.045181508,0.012783984,0.062276,3.750949116,0.062266,0.739110185,0.062238,0.038335774
0.045168828,0.010525631,0.062376,3.688807496,0.062366,0.790748585,0.062338,-0.046939741
0.045156163,0.183091428,0.062476,3.674127278,0.062466,0.656692477,0.062438,0.116846345
0.045120333,0.097185598,0.062576,3.784653524,0.062566,1.01387634,0.062538,0.050853831
0.045063734,-0.021730177,0.062676,3.921400357,0.062666,0.845266231,0.062638,-0.044031173
0.04500431,0.019619908,0.062776,3.959413647,0.062766,0.894023412,0.062738,0.227752636
0.044929221,-0.024280636,0.062876,3.954628452,0.062866,0.890797139,0.062838,0.145213759
0.044884934,-0.136983672,0.062976,4.009445494,0.062966,0.963370915,0.062938,0.241721925
0.044872765,0.010399721,0.063076,4.042215885,0.063066,1.013036282,0.063038,0.293898702
0.044894457,0.026891034,0.063176,3.881602867,0.063166,0.832909148,0.063138,-0.0000215
0.044876651,0.034279716,0.063276,4.070518609,0.063266,1.08198864,0.063238,0.051794434
0.044846658,0.054896222,0.063376,4.105554532,0.063366,1.167025211,0.063338,0.052671553
0.044822166,0.071036562,0.063476,4.042093496,0.063466,1.271465834,0.063438,0.205038213
0.044782391,-0.028823418,0.063576,4.089320413,0.063566,1.182739967,0.063538,0.095451715
0.044789256,0.04333602,0.063676,4.219978711,0.063666,1.164130546,0.063638,0.178592118
0.044714431,-0.165726207,0.063776,4.104254656,0.063766,1.08123642,0.063738,0.031925267
0.044627881,-0.007704732,0.063876,4.259580866,0.063866,1.238328296,0.063838,0.209590209
0.044577826,0.068836198,0.063976,4.093698044,0.063966,1.382133839,0.063938,0.006811187
0.044563875,0.005965179,0.064076,4.207741648,0.064066,1.287832857,0.064038,0.084747039
0.044591662,0.072835622,0.064176,4.198220444,0.064166,1.209843694,0.064138,-0.107467419
0.044552917,-0.022798357,0.064276,4.255050152,0.064266,1.303656967,0.064238,-0.090167994
0.044515868,-0.058857728,0.064376,4.247588865,0.064366,1.369798654,0.064338,-0.093242711
0.044521425,0.106452864,0.064476,4.248738824,0.064466,1.45563836,0.064438,-0.082471875
0.044477296,-0.024437934,0.064576,4.240638861,0.064566,1.371113015,0.064538,-0.079182652
0.044401669,-0.095990067,0.064676,4.129395712,0.064666,1.444137363,0.064638,-0.124637414
0.044367541,-0.120326733,0.064776,4.178270938,0.064766,1.339276876,0.064738,-0.098217312
0.044349967,0.035102894,0.064876,4.011938231,0.064866,1.544872775,0.064838,0.022137946
0.044326554,-0.065273645,0.064976,4.109623878,0.064966,1.332800209,0.064938,-0.004630854
0.044323653,-0.097821794,0.065076,3.921170483,0.065066,1.468905693,0.065038,0.013375822
0.044318666,-0.136387922,0.065176,4.010411722,0.065166,1.360541776,0.065138,-0.168376602
0.044312416,0.054703199,0.065276,3.833035171,0.065266,1.487207363,0.065238,0.029699268
0.044273868,-0.081799064,0.065376,4.007012249,0.065366,1.625010863,0.065338,-0.001224004
0.044169394,0.022248472,0.065476,4.07156808,0.065466,1.61899378,0.065438,0.047033957
0.044088461,-0.157503667,0.065576,3.940302217,0.065566,1.595825824,0.065538,0.11237676
0.044151755,0.04244231,0.065676,3.97814929,0.065666,1.666812493,0.065638,0.007771707
0.044171717,0.040705044,0.065776,3.831950668,0.065766,1.585315012,0.065738,-0.037117244
0.044201175,-0.008355991,0.065876,4.039216952,0.065866,1.753494178,0.065838,0.029923579
0.044150764,-0.068958453,0.065976,3.899627546,0.065966,1.735365412,0.065938,-0.021527736
0.044131488,0.009099608,0.066076,3.889899449,0.066066,1.947620043,0.066038,0.037862991
0.044104761,0.001918724,0.066176,3.766859983,0.066166,1.897249847,0.066138,-0.04678547
0.044072839,0.120197536,0.066276,3.93792571,0.066266,1.981857967,0.066238,-0.019812376
0.043979762,-0.121274509,0.066376,3.984218973,0.066366,1.821159605,0.066338,-0.09438506
0.043937161,-0.07757142,0.066476,3.92568691,0.066466,1.865560166,0.066438,-0.003819309
0.043980786,0.129916564,0.066576,3.742684704,0.066566,1.82597051,0.066538,-0.106147838
0.043961365,-0.09371449,0.066676,3.950156264,0.066666,1.745190227,0.066638,-0.081416297
0.043939845,0.190228743,0.066776,3.853746457,0.066766,2.038630156,0.066738,-0.153011838
0.043887357,-0.236581107,0.066876,3.688098662,0.066866,2.105020658,0.066838,-0.188550135
0.043993502,0.259423485,0.066976,3.939148008,0.066966,1.947403037,0.066938,-0.212392787
0.043932385,0.185213362,0.067076,3.953840885,0.067066,1.890583331,0.067038,-0.000101168
0.043796006,-0.205560828,0.067176,3.887486419,0.067166,1.890326566,0.067138,-0.22380103
0.043751054,-0.137942684,0.067276,3.792780009,0.067266,1.938535917,0.067238,-0.425252577
0.043847458,0.106490358,0.067376,3.86376066,0.067366,1.878703087,0.067338,-0.376901294
0.043884244,0.191204162,0.067476,3.76875351,0.067466,2.044673634,0.067438,-0.275636446
0.043801712,-0.004400568,0.067576,3.644885424,0.067566,1.871915297,0.067538,-0.168616484
0.043730461,-0.213394461,0.067676,3.650177089,0.067666,1.727142644,0.067638,-0.3537518
0.043789562,0.098746783,0.067776,3.575290027,0.067766,1.659739822,0.067738,-0.18716527
0.043754348,0.067727334,0.067876,3.68849644,0.067866,1.7737044,0.067838,-0.174035759
0.043699494,-0.050683847,0.067976,3.532032742,0.067966,1.750770791,0.067938,-0.163633466
0.043678105,0.138543713,0.068076,3.623646769,0.068066,1.825009719,0.068038,-0.118703616
0.043622354,-0.122222748,0.068176,3.273943465,0.068166,1.661261907,0.068138,-0.194515194
0.043633574,-0.091452173,0.068276,3.519854806,0.068266,1.766173858,0.068238,-0.251915029
0.043615518,-0.069269914,0.068376,3.382498807,0.068366,1.793064633,0.068338,-0.304813202
0.043629132,-0.050830186,0.068476,3.317427551,0.068466,1.681313048,0.068438,-0.215285081
0.043612805,-0.025698066,0.068576,3.385264408,0.068566,1.639568899,0.068538,-0.294962747
0.043609191,-0.065774869,0.068676,3.231673943,0.068666,1.604937189,0.068638,-0.055986716
0.043544511,-0.133584509,0.068776,3.074997203,0.068766,1.732967704,0.068738,-0.020196829
0.043507323,0.033477185,0.068876,3.114332473,0.068866,1.394101232,0.068838,-0.173967089
0.043530414,0.200644596,0.068976,3.0620325,0.068966,1.518981871,0.068938,-0.215448721
0.043480809,-0.015507304,0.069076,2.924419384,0.069066,1.517668276,0.069038,-0.182409206
0.04353272,0.133215415,0.069176,3.160513108,0.069166,1.549618491,0.069138,0.051202557
0.043516489,0.038426675,0.069276,3.137981667,0.069266,1.470404294,0.069238,0.034400681
0.043459037,0.041353944,0.069376,2.995011333,0.069366,1.488650051,0.069338,0.007064321
0.043334231,-0.228413725,0.069476,3.050566836,0.069466,1.358877837,0.069438,-0.114122945
0.043415047,-0.123735131,0.069576,3.060585353,0.069566,1.361256378,0.069538,-0.083607727
0.043509568,-0.147903982,0.069676,3.014774159,0.069666,1.204137125,0.069638,-0.201468214
0.043515712,0.047290042,0.069776,3.126353559,0.069766,1.353798862,0.069738,-0.098312571
0.04344518,-0.016684859,0.069876,2.998194837,0.069866,1.364245868,0.069838,-0.047716924
0.04341628,0.109135718,0.069976,3.151381715,0.069966,1.345065157,0.069938,0.033667249
0.043372686,-0.12840316,0.070076,3.105491307,0.070066,1.405678634,0.070038,-0.164614542
0.043344626,-0.014342695,0.070176,3.208398674,0.070166,1.322361312,0.070138,0.035192439
0.043340386,0.045838349,0.070276,3.153280609,0.070266,1.425610482,0.070238,-0.174789508
0.043363397,-0.07823071,0.070376,3.165212446,0.070366,1.238533496,0.070338,-0.177927334
0.043328355,-0.098381251,0.070476,3.167504451,0.070466,1.195275012,0.070438,-0.223324325
0.043286215,0.001339397,0.070576,3.131351977,0.070566,1.253038557,0.070538,-0.172324688
0.043232982,-0.086121768,0.070676,3.054537726,0.070666,1.266441323,0.070638,-0.021798462
0.04327007,-0.056575793,0.070776,3.122964197,0.070766,1.207935261,0.070738,-0.131011641
0.043344056,0.002340898,0.070876,3.196883781,0.070866,1.208186947,0.070838,-0.006869444
0.043373792,0.084026672,0.070976,3.142984019,0.070966,1.188981107,0.070938,0.004600768
0.04331879,0.021982568,0.071076,3.082973171,0.071066,1.073977565,0.071038,-0.06563937
0.043271967,-0.002677855,0.071176,3.202858155,0.071166,1.20121051,0.071138,-0.106130703
0.04320395,-0.204903643,0.071276,3.288248739,0.071266,1.003759433,0.071238,0.048933066
0.043210643,-0.066426566,0.071376,3.384730206,0.071366,0.865384279,0.071338,0.104656343
0.043187561,-0.047119618,0.071476,3.253154737,0.071466,0.956284947,0.071438,0.138015736
0.043181027,-0.165008831,0.071576,3.333469644,0.071566,0.918807854,0.071538,0.213492692
0.043218853,0.233676155,0.071676,3.355492374,0.071666,0.696401148,0.071638,0.046725863
0.043102602,-0.21026588,0.071776,3.453205885,0.071766,0.638764373,0.071738,0.26918607
0.043185509,0.220661251,0.071876,3.471104075,0.071866,0.446491295,0.071838,0.214504891
0.043205093,-0.023651608,0.071976,3.433878847,0.071966,0.416903177,0.071938,0.024131095
0.043127718,0.14102333,0.072076,3.507484866,0.072066,0.519956321,0.072038,0.140103899
0.04304283,0.052653317,0.072176,3.416635517,0.072166,0.282626672,0.072138,0.13879662
0.043015279,-0.055913885,0.072276,3.530146757,0.072266,0.257894268,0.072238,0.125152194
0.043096965,-0.040999087,0.072376,3.692185014,0.072366,0.21721152,0.072338,0.324503706
0.043131033,0.176003924,0.072476,3.726313863,0.072466,0.15514076,0.072438,0.244038026
0.043063515,0.06666551,0.072576,3.91537241,0.072566,0.113163909,0.072538,0.140502764
0.043041178,0.049528993,0.072676,3.863708051,0.072666,-0.07867085,0.072638,0.073957137
0.043041367,0.054547422,0.072776,3.944291859,0.072766,-0.006076602,0.072738,0.025334841
0.043150194,0.193490702,0.072876,3.929345687,0.072866,0.034855817,0.072838,0.139017689
0.043073673,-0.174881579,0.072976,4.032933442,0.072966,-0.078732302,0.072938,0.117301889
0.043008707,-0.222303517,0.073076,3.967596701,0.073066,-0.115551216,0.073038,0.197762007
0.043005244,-0.134264448,0.073176,4.191191431,0.073166,-0.045147169,0.073138,0.176719006
0.04304309,0.107648427,0.073276,4.294797664,0.073266,0.038353832,0.073238,0.152841661
0.04298743,-0.159466624,0.073376,4.219041929,0.073366,0.008849807,0.073338,0.152927105
0.043024842,0.159413589,0.073476,4.233855161,0.073466,0.184672249,0.073438,0.350006994
0.042974485,-0.128536411,0.073576,4.48570035,0.073566,-0.00284914,0.073538,0.249902324
0.04294196,-0.077306599,0.073676,4.188268925,0.073666,-0.131782746,0.073638,0.444014998
0.04296752,0.018559265,0.073776,4.286048787,0.073766,0.128181799,0.073738,0.377775674
0.042997615,-0.060033744,0.073876,4.437432693,0.073866,0.163385785,0.073838,0.330378053
0.042941647,0.022254127,0.073976,4.681007133,0.073966,0.195866148,0.073938,0.466400249
0.042856936,-0.069655408,0.074076,4.432959104,0.074066,0.225489385,0.074038,0.45160276
0.042904253,0.156596067,0.074176,4.486177845,0.074166,0.250770993,0.074138,0.472564311
0.042889496,-0.081440177,0.074276,4.577403218,0.074266,0.070230339,0.074238,0.458578728
0.042886403,-0.085347378,0.074376,4.65592878,0.074366,0.012247852,0.074338,0.391440316
0.042864221,0.023292127,0.074476,4.633407442,0.074466,0.107868428,0.074438,0.457249099
0.042857738,0.097170721,0.074576,4.897073304,0.074566,0.179362779,0.074538,0.565269042
0.042825174,-0.022923189,0.074676,4.927543155,0.074666,0.118610088,0.074638,0.626335361
0.042781263,-0.0335319,0.074776,4.715197731,0.074766,0.111953975,0.074738,0.516603944
0.042769028,0.029029409,0.074876,5.051655444,0.074866,0.217837624,0.074838,0.485548277
0.042806375,-0.01871254,0.074976,4.94897568,0.074966,0.107336039,0.074938,0.441090485
0.04284416,-0.086802676,0.075076,4.876840554,0.075066,0.162364648,0.075038,0.545420492
0.04287171,0.278616733,0.075176,5.145309178,0.075166,0.029778738,0.075138,0.432546575
0.042787184,-0.149659233,0.075276,5.113372223,0.075266,0.147703711,0.075238,0.488148194
0.042762294,-0.075370243,0.075376,5.284375069,0.075366,0.157711175,0.075338,0.423892661
0.04277389,-0.058849686,0.075476,5.354005849,0.075466,0.209167567,0.075438,0.452867705
0.042784131,0.120870062,0.075576,5.107484022,0.075566,0.171202789,0.075538,0.65157439
0.042771105,-0.205886761,0.075676,5.290150472,0.075666,0.337854324,0.075638,0.606903497
0.042799696,0.041043942,0.075776,5.362069078,0.075766,0.345293697,0.075738,0.552664072
0.042701611,0.011004895,0.075876,5.346881722,0.075866,0.473501183,0.075838,0.646900101
0.042633857,0.046717872,0.075976,5.583387115,0.075966,0.357244622,0.075938,0.572675137
0.042672805,0.046795627,0.076076,5.550404588,0.076066,0.431233872,0.076038,0.570289107
0.042724947,0.029151038,0.076176,5.654064217,0.076166,0.294304403,0.076138,0.541730441
0.042670452,-0.013636909,0.076276,5.518047254,0.076266,0.675358151,0.076238,0.642558375
0.042652901,0.032628312,0.076376,5.378054718,0.076366,0.65273819,0.076338,0.899071463
0.042690607,0.039687116,0.076476,5.817563755,0.076466,0.697795346,0.076438,0.755437527
0.042648642,-0.122082795,0.076576,5.60014637,0.076566,0.595740394,0.076538,0.663202567
0.042589903,-0.221207524,0.076676,5.649661406,0.076666,0.879617686,0.076638,0.645177992
0.042650673,0.098969474,0.076776,5.847911889,0.076766,0.654247955,0.076738,0.746895271
0.042689954,0.13512672,0.076876,5.86024346,0.076866,0.85705014,0.076838,0.667376271
0.042629289,0.10625737,0.076976,5.899361982,0.076966,0.832083307,0.076938,0.731917884
0.042619486,0.060153342,0.077076,5.893309987,0.077066,0.876244019,0.077038,0.668983624
0.042617828,-0.089635799,0.077176,5.836395116,0.077166,0.989451111,0.077138,0.630310202
0.04259228,-0.026545446,0.077276,5.976646835,0.077266,1.01429403,0.077238,0.622478828
0.042551436,-0.254667488,0.077376,5.977338978,0.077366,0.92667311,0.077338,0.716748265
0.042615272,0.086135252,0.077476,6.2900532,0.077466,0.795791228,0.077438,0.9273102
0.042585506,0.016848107,0.077576,6.079843559,0.077566,0.909636662,0.077538,0.859969634
0.04257223,0.017939996,0.077676,6.202449629,0.077666,0.890044952,0.077638,0.925378123
0.042547672,0.097565399,0.077776,6.41522632,0.077766,1.043806593,0.077738,0.752998379
0.042461382,-0.279619712,0.077876,6.455007147,0.077866,0.922684309,0.077838,0.675377135
0.042550971,0.120258612,0.077976,6.382617804,0.077966,0.952117395,0.077938,0.778099134
0.042574753,-0.024887709,0.078076,6.466708886,0.078066,1.171676416,0.078038,0.816529496
0.042507048,-0.17312395,0.078176,6.414467568,0.078166,1.238822492,0.078138,0.809935023
0.042502744,0.086143767,0.078276,6.355332122,0.078266,1.207455543,0.078238,0.693001634
0.042508894,0.135735958,0.078376,6.751381081,0.078366,1.326739343,0.078338,0.562785884
0.042429,-0.037774512,0.078476,6.506559323,0.078466,1.27046149,0.078438,0.728574217
0.042415106,0.123497061,0.078576,6.436689514,0.078566,1.453678584,0.078538,0.669988866
0.042428742,-0.059584155,0.078676,6.62654561,0.078666,1.297236729,0.078638,0.720974344
0.042512204,0.066488839,0.078776,6.539029466,0.078766,1.383815055,0.078738,0.725000622
0.04251709,0.09523228,0.078876,6.650194284,0.078866,1.556187868,0.078838,0.644473596
0.042454792,-0.179099942,0.078976,6.693067322,0.078966,1.486975251,0.078938,0.459298945
0.042490107,0.044787003,0.079076,6.61056677,0.079066,1.494229907,0.079038,0.475728276
0.042442342,-0.021555731,0.079176,6.505617823,0.079166,1.642345649,0.079138,0.622455053
0.042487887,0.151147103,0.079276,6.880770214,0.079266,1.652579757,0.079238,0.688902599
0.042423803,-0.022695164,0.079376,6.691049904,0.079366,1.889590638,0.079338,0.609671592
0.042351592,-0.062241651,0.079476,6.859825317,0.079466,1.758261834,0.079438,0.717134143
0.042378012,0.145052382,0.079576,6.861632799,0.079566,1.875519833,0.079538,0.611868911
0.042358714,-0.00896258,0.079676,6.962530712,0.079666,1.939546995,0.079638,0.653936585
0.042341523,0.170281504,0.079776,6.973527922,0.079766,1.880378676,0.079738,0.687688525
0.042336469,-0.086207914,0.079876,6.965949808,0.079866,1.934121319,0.079838,0.530154272
0.04235505,-0.056323921,0.079976,7.070680378,0.079966,1.956170884,0.079938,0.60022152
0.042398118,0.13943567,0.080076,7.075071377,0.080066,1.974498603,0.080038,0.653222941
0.042323718,0.038132379,0.080176,7.181439471,0.080166,2.06169812,0.080138,0.652585229
0.042305816,-0.154819595,0.080276,6.903212277,0.080266,2.090026573,0.080238,0.669058784
0.04238045,0.217891371,0.080376,7.072942406,0.080366,2.193156529,0.080338,0.617643832
0.042326844,-0.015315934,0.080476,6.863801682,0.080466,2.05032527,0.080438,0.522856096
0.042299176,-0.239997478,0.080576,7.11772332,0.080566,2.189889042,0.080538,0.539897184
0.042374168,0.274795689,0.080676,6.867465163,0.080666,2.285816827,0.080638,0.440347838
0.042288992,-0.063003554,0.080776,6.923066515,0.080766,2.210394416,0.080738,0.464425226
0.042302937,0.266077616,0.080876,7.038111576,0.080866,2.320321769,0.080838,0.207437983
0.042209492,-0.142366277,0.080976,7.164039784,0.080966,2.425062128,0.080938,0.365959696
0.042284581,-0.064210222,0.081076,7.279002053,0.081066,2.352567667,0.081038,0.22087611
0.042325036,0.14087935,0.081176,7.369253617,0.081166,2.315989496,0.081138,0.320198434
0.042344568,-0.008877491,0.081276,7.444331218,0.081266,2.470213714,0.081238,0.220679666
0.042417593,0.04056141,0.081376,7.222108416,0.081366,2.44595767,0.081338,0.158673202
0.042401992,-0.061325627,0.081476,7.37468174,0.081466,2.624160165,0.081438,0.013034532
0.04229074,-0.015149894,0.081576,7.336765152,0.081566,2.483279697,0.081538,0.144137246
0.042260316,0.117423283,0.081676,7.459491074,0.081666,2.833819279,0.081638,0.059194101
0.04228389,0.027800774,0.081776,7.546639219,0.081766,2.656542028,0.081738,0.081996975
0.042320913,0.159632945,0.081876,7.546903599,0.081866,2.703838746,0.081838,0.070183954
0.042264695,-0.04712064,0.081976,7.636565704,0.081966,2.789449527,0.081938,0.003049935
0.042238343,0.044621888,0.082076,7.77341121,0.082066,2.792212976,0.082038,-0.119049028
0.042269292,0.208909246,0.082176,7.631100105,0.082166,2.763279961,0.082138,-0.071659963
0.042264696,0.04399804,0.082276,7.76181102,0.082266,2.972811983,0.082238,-0.135834208
0.042255245,0.04210357,0.082376,7.583543508,0.082366,2.98002857,0.082338,-0.186442415
0.042201723,-0.152667262,0.082476,7.726342059,0.082466,2.922872974,0.082438,-0.187386982
0.042174392,0.050370307,0.082576,7.694657514,0.082566,2.883789012,0.082538,-0.286017067
0.042137112,0.04914548,0.082676,7.830793919,0.082666,3.1492412,0.082638,-0.130180111
0.042127593,-0.024211508,0.082776,7.647325502,0.082766,3.227127889,0.082738,-0.326289428
0.042164215,-0.079154158,0.082876,7.82599595,0.082866,2.98873867,0.082838,-0.21377639
0.042198345,0.240996371,0.082976,7.716590198,0.082966,3.074897546,0.082938,-0.260687888
0.042100132,-0.222309042,0.083076,7.90155885,0.083066,3.100248071,0.083038,-0.284318831
0.042099006,-0.084035677,0.083176,8.283085762,0.083166,2.957776511,0.083138,-0.263059713
0.042084934,-0.076063439,0.083276,8.052007937,0.083266,2.993397889,0.083238,-0.414325396
0.042083536,-0.05967111,0.083376,8.115144685,0.083366,3.071737551,0.083338,-0.251399023
0.0421381,0.134961816,0.083476,8.064110331,0.083466,3.147939453,0.083438,-0.458362667
0.042105519,0.107820367,0.083576,8.203375886,0.083566,3.262059774,0.083538,-0.500386767
0.042060897,0.072435449,0.083676,8.258766019,0.083666,3.147078743,0.083638,-0.22555739
0.042021255,0.103075497,0.083776,8.155284461,0.083766,3.113905503,0.083738,-0.479077152
0.042012124,-0.081325466,0.083876,8.020634588,0.083866,3.097623232,0.083838,-0.206078412
0.042061287,-0.019730686,0.083976,8.08961768,0.083966,3.100132477,0.083938,-0.348206453
0.04211362,0.037475827,0.084076,8.120101332,0.084066,3.188157788,0.084038,-0.58625406
0.042071183,0.05011124,0.084176,8.197291142,0.084166,3.276965867,0.084138,-0.583526517
0.04201802,-0.076202488,0.084276,8.191674775,0.084266,3.243478095,0.084238,-0.352718907
0.042061897,-0.074160428,0.084376,8.37613167,0.084366,3.215434042,0.084338,-0.37268029
0.042106445,0.110791194,0.084476,8.459295307,0.084466,3.10684261,0.084438,-0.429436154
0.042015005,-0.126116182,0.084576,8.286191245,0.084566,3.277899159,0.084538,-0.46276786
0.042017028,0.041483772,0.084676,8.496121819,0.084666,3.327223716,0.084638,-0.43234962
0.042048898,-0.029081685,0.084776,8.647879479,0.084766,3.426968272,0.084738,-0.196730726
0.042048087,-0.07974344,0.084876,8.512317701,0.084866,3.21966616,0.084838,-0.239042124
0.042043771,-0.216324389,0.084976,8.688065019,0.084966,3.34840446,0.084938,-0.130193433
0.042153132,0.080581142,0.085076,8.571227246,0.085066,3.391028834,0.085038,-0.263498594
0.042034632,-0.091317849,0.085176,8.70245101,0.085166,3.29790477,0.085138,-0.161716762
0.041945224,-0.126486207,0.085276,8.558195591,0.085266,3.101565953,0.085238,-0.251519163
0.042011487,-0.116709507,0.085376,8.835179502,0.085366,3.355923682,0.085338,-0.1848423
0.042031566,-0.015834932,0.085476,8.859611591,0.085466,3.427408858,0.085438,-0.04046793
0.042047741,0.122486407,0.085576,8.807094875,0.085566,3.530187916,0.085538,-0.103644587
0.04207482,0.223779554,0.085676,8.673362817,0.085666,3.381338014,0.085638,-0.163454568
0.04203081,-0.023159074,0.085776,8.757582849,0.085766,3.452744739,0.085738,-0.20146479
0.04195168,-0.115162492,0.085876,8.914665733,0.085866,3.410216294,0.085838,-0.169944284
0.041927265,0.003381761,0.085976,8.843012921,0.085966,3.526272573,0.085938,-0.160579096
0.041915148,-0.000756119,0.086076,8.888883439,0.086066,3.456182254,0.086038,-0.032377825
0.041939899,0.001910737,0.086176,9.006619821,0.086166,3.340328811,0.086138,-0.127213153
0.041971297,-0.082168307,0.086276,9.102675622,0.086266,3.508371911,0.086238,-0.182223358
0.042070587,0.208927188,0.086376,8.854324633,0.086366,3.568298428,0.086338,-0.046971909
0.041991719,-0.100048941,0.086476,9.196685462,0.086466,3.633996222,0.086438,-0.055167772
0.041943121,-0.150908743,0.086576,9.341514626,0.086566,3.670408181,0.086538,-0.020245259
0.042011992,0.117033241,0.086676,9.295158586,0.086666,3.791682035,0.086638,0.078548479
0.041988944,0.120801702,0.086776,9.355055936,0.086766,3.601231654,0.086738,0.21257085
0.04192518,0.058347113,0.086876,9.370197514,0.086866,3.770140167,0.086838,0.131491683
0.041828237,-0.100022833,0.086976,9.492563424,0.086966,3.790461303,0.086938,0.122526819
0.041946877,0.111397112,0.087076,9.631500035,0.087066,3.791392016,0.087038,0.2645299
0.041995671,0.121979755,0.087176,9.306846988,0.087166,3.771133168,0.087138,0.152622936
0.041940714,-0.014788812,0.087276,9.434307136,0.087266,3.813222294,0.087238,0.251462275
0.041983738,0.203913108,0.087376,9.582693272,0.087366,3.795402906,0.087338,0.240953395
0.041938513,0.091245018,0.087476,9.639279133,0.087466,3.843254581,0.087438,0.457140152
0.041872804,-0.147218525,0.087576,9.668098141,0.087566,3.710299593,0.087538,0.417465371
0.041937585,-0.004201991,0.087676,9.706955594,0.087666,3.769683437,0.087638,0.363410016
0.041988972,0.13747614,0.087776,9.758035517,0.087766,3.792455028,0.087738,0.555990201
0.041935116,0.136162248,0.087876,9.951316642,0.087866,3.650813825,0.087838,0.684184939
0.041848613,-0.047076836,0.087976,9.946864879,0.087966,3.794759576,0.087938,0.51215341
0.04183882,-0.053123904,0.088076,10.03228027,0.088066,3.849543649,0.088038,0.519278056
0.041916322,0.005680778,0.088176,10.14569856,0.088166,3.995233954,0.088138,0.792367842
0.041915662,-0.085665509,0.088276,10.18182116,0.088266,3.972462821,0.088238,0.60402853
0.041875412,0.013016289,0.088376,10.18705422,0.088366,3.846921087,0.088338,0.759919363
0.041856085,-0.053510053,0.088476,10.27843469,0.088466,3.85708782,0.088438,0.736685698
0.041826958,0.139971069,0.088576,10.26305643,0.088566,3.908753709,0.088538,0.853841943
0.041762333,-0.215340017,0.088676,10.25409459,0.088666,3.871299095,0.088638,0.968120339
0.041844706,0.054486585,0.088776,10.58784925,0.088766,3.865996071,0.088738,0.781795309
0.04189591,-0.021002947,0.088876,10.44879628,0.088866,3.882946619,0.088838,0.870836627
0.041850168,0.144571057,0.088976,10.5093982,0.088966,4.036541995,0.088938,0.865014396
0.041784987,-0.10960711,0.089076,10.56721391,0.089066,3.9929336,0.089038,0.959778134
0.041789251,0.075457276,0.089176,10.6354432,0.089166,4.111577983,0.089138,0.823632667
0.041833656,0.151799182,0.089276,10.69621437,0.089266,4.120221813,0.089238,1.1069626
0.041805762,0.132414408,0.089376,10.66850518,0.089366,4.074720283,0.089338,0.974270102
0.041707918,-0.070064175,0.089476,10.76832093,0.089466,3.983641456,0.089438,1.037523552
0.041754905,0.030147572,0.089576,10.81635427,0.089566,4.028383179,0.089538,1.22328498
0.041767803,0.00216531,0.089676,10.97975959,0.089666,3.941363055,0.089638,1.291940184
0.041759274,-0.193823697,0.089776,11.02970338,0.089766,3.681752168,0.089738,1.169793621
0.041818189,-0.035846484,0.089876,11.09173883,0.089866,4.015217868,0.089838,1.134460601
0.041828406,0.000826903,0.089976,11.22464157,0.089966,3.936506871,0.089938,1.06166203
0.041811071,0.079346262,0.090076,11.23752473,0.090066,3.697370047,0.090038,1.187938447
0.041819699,0.041797905,0.090176,11.30030654,0.090166,3.80946385,0.090138,1.308808377
0.04180017,-0.125557541,0.090276,11.45367983,0.090266,3.699037841,0.090238,1.354539727
0.041793305,-0.000896571,0.090376,11.63746967,0.090366,3.666077576,0.090338,1.397674034
0.041731532,-0.049014711,0.090476,11.49918456,0.090466,3.988496921,0.090438,1.41246699
0.041704732,0.077666982,0.090576,11.74350132,0.090566,3.966653599,0.090538,1.386239729
0.041631758,-0.085344551,0.090676,11.76006959,0.090666,3.961990287,0.090638,1.406612453
0.041624077,0.125873767,0.090776,11.80433066,0.090766,3.87926233,0.090738,1.481861866
0.041613097,-0.036686692,0.090876,11.7885765,0.090866,3.976552707,0.090838,1.465968612
0.041751458,0.104141403,0.090976,11.751228,0.090966,4.106414547,0.090938,1.615530319
0.041772281,-0.081268776,0.091076,11.9430254,0.091066,4.115346809,0.091038,1.716114368
0.041699185,-0.016557669,0.091176,11.94654603,0.091166,4.127599724,0.091138,1.805579501
0.041638487,-0.133252282,0.091276,11.96074895,0.091266,4.224230208,0.091238,1.667732412
0.04169522,0.045890349,0.091376,11.99743329,0.091366,4.373697531,0.091338,1.709089065
0.041672298,-0.030295863,0.091476,12.01612753,0.091466,4.303229934,0.091438,1.616329271
0.041689108,0.04514571,0.091576,12.01331483,0.091566,4.223489944,0.091538,1.698693667
0.041668846,0.019028905,0.091676,12.24454633,0.091666,4.127110185,0.091638,1.682260763
0.041634556,-0.001925383,0.091776,12.18262404,0.091766,3.978285156,0.091738,1.894091053
0.041619155,-0.133078833,0.091876,12.33752814,0.091866,4.080050447,0.091838,1.839379374
0.04162299,0.02583599,0.091976,12.3565123,0.091966,4.036520888,0.091938,1.914057052
0.041617768,-0.07309865,0.092076,12.29943016,0.092066,3.96105594,0.092038,1.840393396
0.041628695,-0.155097368,0.092176,12.29640949,0.092166,3.962932056,0.092138,1.956243649
0.041688057,0.199058225,0.092276,12.41300175,0.092266,3.813128295,0.092238,1.78628995
0.041580208,-0.103002564,0.092376,12.3926456,0.092366,4.005697632,0.092338,1.88044964
0.041554955,-0.007459385,0.092476,12.4898655,0.092466,4.052657003,0.092438,1.898283475
0.041543617,-0.018080349,0.092576,12.59863154,0.092566,3.989789126,0.092538,1.747892675
0.041578768,0.12158726,0.092676,12.67085632,0.092666,4.064644251,0.092638,1.893507889
0.041583129,-0.037538606,0.092776,12.72587027,0.092766,3.670284709,0.092738,1.968021109
0.041559554,0.077423917,0.092876,12.82598185,0.092866,3.797518552,0.092838,1.885538411
0.041513543,-0.118659905,0.092976,12.62093734,0.092966,3.769616242,0.092938,1.876162347
0.041515485,0.012284883,0.093076,12.62523095,0.093066,3.861336647,0.093038,1.940552191
0.041559338,0.168711666,0.093176,12.87538303,0.093166,3.870159301,0.093138,1.864674799
0.041574504,0.101595571,0.093276,12.94462933,0.093266,3.802340783,0.093238,1.953999499
0.04157054,0.037792939,0.093376,12.87790037,0.093366,3.97057083,0.093338,1.910141059
0.041511328,-0.082139019,0.093476,12.79758009,0.093466,3.828493922,0.093438,1.803224121
0.041488022,-0.146283843,0.093576,12.92933037,0.093566,3.973572342,0.093538,2.04971723
0.041559457,0.060520959,0.093676,12.84572776,0.093666,3.805853755,0.093638,1.909741311
0.041556021,0.044274561,0.093776,13.0209495,0.093766,3.739021985,0.093738,1.919972091
0.041454342,-0.066492514,0.093876,13.08365987,0.093866,3.903556713,0.093838,2.038933428
0.041462813,-0.047503368,0.093976,13.11139385,0.093966,3.752168497,0.093938,2.04362691
0.041586581,0.19248347,0.094076,13.0430101,0.094066,3.786063947,0.094038,2.025678685
0.04156489,0.070285243,0.094176,13.04038911,0.094166,3.656755835,0.094138,2.211893224
0.041502476,-0.208842972,0.094276,13.09694708,0.094266,3.767743388,0.094238,1.91133816
0.041517663,0.171772222,0.094376,13.16164313,0.094366,3.71768815,0.094338,2.083806313
0.041519407,0.057713562,0.094476,13.16010089,0.094466,3.824236776,0.094438,1.902715472
0.04145586,-0.029625419,0.094576,13.22955313,0.094566,3.962413253,0.094538,2.036378382
0.041498382,0.152363613,0.094676,13.27507853,0.094666,3.681097704,0.094638,2.083148299
0.041452841,-0.155547616,0.094776,13.5190856,0.094766,3.693730938,0.094738,1.943191368
0.04146646,0.082800351,0.094876,13.34363427,0.094866,3.895681494,0.094838,1.969017508
0.041474112,0.012533684,0.094976,13.22895144,0.094966,3.788221543,0.094938,2.012078272
0.041536159,-0.055674525,0.095076,13.42213685,0.095066,3.84794651,0.095038,1.977747736
0.041577855,0.290067622,0.095176,13.46120518,0.095166,3.942298025,0.095138,2.150454118
0.041450211,-0.247254768,0.095276,13.27099051,0.095266,3.943422841,0.095238,1.877215982
0.041529076,0.160750852,0.095376,13.55039809,0.095366,4.030859492,0.095338,2.099821725
0.041549195,0.059035145,0.095476,13.42880312,0.095466,3.918057184,0.095438,1.984057957
0.041468915,-0.03137188,0.095576,13.29334789,0.095566,3.879390463,0.095538,1.880444065
0.041483914,-0.066108272,0.095676,13.538643,0.095666,3.793517312,0.095638,1.894876035
0.041490911,0.019122035,0.095776,13.5796656,0.095766,3.802034989,0.095738,1.992571091
0.04140613,0.001749944,0.095876,13.53967639,0.095866,3.830925599,0.095838,1.979809443
0.041339074,0.057165179,0.095976,13.60656491,0.095966,3.751267894,0.095938,1.774410122
0.041365155,-0.088962005,0.096076,13.65540707,0.096066,3.946643099,0.096038,1.803029429
0.041395154,-0.189176146,0.096176,13.72991967,0.096166,3.812558138,0.096138,1.845317659
0.041465182,0.105815593,0.096276,13.82671346,0.096266,3.799402258,0.096238,1.820764932
0.041438787,-0.046793732,0.096376,13.70109701,0.096366,3.860953884,0.096338,1.732921999
0.041411169,-0.11559138,0.096476,13.85167904,0.096466,3.918970981,0.096438,1.653616278
0.041480072,0.03885466,0.096576,14.03173053,0.096566,3.714278561,0.096538,1.66826469
0.041437674,-0.066467075,0.096676,13.93487869,0.096666,3.968104629,0.096638,1.597712068
0.041397859,0.065780322,0.096776,13.83594123,0.096766,4.045248198,0.096738,1.557862724
0.041360801,-0.057622273,0.096876,14.0667873,0.096866,3.890365666,0.096838,1.490295138
0.041382196,0.130113981,0.096976,14.15196993,0.096966,3.958778134,0.096938,1.411060522
0.041344233,-0.248809954,0.097076,14.09699869,0.097066,4.111209619,0.097038,1.646147454
0.041459,0.213509458,0.097176,14.07416674,0.097166,4.057360474,0.097138,1.418968645
0.041455222,0.188407177,0.097276,14.143311,0.097266,4.013397163,0.097238,1.379114999
0.041386894,-0.136906131,0.097376,14.1750801,0.097366,4.120231177,0.097338,1.462874626
0.041401931,0.077603337,0.097476,14.23604659,0.097466,4.071065824,0.097438,1.382602594
0.041317903,-0.050690123,0.097576,14.5018369,0.097566,4.079832306,0.097538,1.393708813
0.041287897,-0.060414691,0.097676,14.21456044,0.097666,4.242528641,0.097638,1.462628205
0.04134325,0.171357595,0.097776,14.55531346,0.097766,4.135237795,0.097738,1.396308202
0.041353144,0.18005271,0.097876,14.58678832,0.097866,4.307828886,0.097838,1.448614086
0.041280677,-0.17839948,0.097976,14.68283604,0.097966,4.108774952,0.097938,1.483693984
0.041385402,-0.098553567,0.098076,14.3408139,0.098066,4.086460885,0.098038,1.342781456
0.041472786,0.170754407,0.098176,14.64379441,0.098166,4.240743125,0.098138,1.449643481
0.041360357,0.036817808,0.098276,14.70427257,0.098266,4.45513376,0.098238,1.332254963
0.041321091,0.001383226,0.098376,14.72647601,0.098366,4.357199145,0.098338,1.347800758
0.041331021,-0.069455997,0.098476,15.00605684,0.098466,4.505752323,0.098438,1.316067375
0.041380728,-0.012990321,0.098576,14.71985038,0.098566,4.251815034,0.098538,1.362932528
0.041337515,-0.038141081,0.098676,14.91333676,0.098666,4.365154116,0.098638,1.380908791
0.041285163,-0.263569835,0.098776,14.6629585,0.098766,4.524065973,0.098738,1.290488103
0.041294614,0.007667863,0.098876,14.89920068,0.098866,4.540058971,0.098838,1.188923311
0.041211458,-0.146398263,0.098976,14.9046033,0.098966,4.444174921,0.098938,1.302497614
0.041171816,-0.32443928,0.099076,15.11963344,0.099066,4.374364092,0.099038,1.310058366
0.04127423,0.266866582,0.099176,15.25786132,0.099166,4.364366954,0.099138,1.281523691
0.041222149,-0.0253397,0.099276,15.24013091,0.099266,4.620664921,0.099238,1.2566275
0.041171616,-0.266678676,0.099376,15.2985064,0.099366,4.679419954,0.099338,1.101786184
0.041293367,0.135266934,0.099476,15.37767084,0.099466,4.726352037,0.099438,1.069877141
0.041319631,-0.078789672,0.099576,15.41135149,0.099566,4.615494348,0.099538,1.017392845
0.041281307,0.062573582,0.099676,15.23585218,0.099666,4.581214283,0.099638,1.11050042
0.041179792,-0.270742515,0.099776,15.29502841,0.099766,4.584975178,0.099738,1.264002151
0.041239172,-0.108492364,0.099876,15.51366831,0.099866,4.561977922,0.099838,1.242994143
0.041347832,0.05695134,0.099976,15.63946391,0.099966,4.862542906,0.099938,1.144367961
0.041335464,0.027248633,0.100076,15.63070208,0.100066,4.790287713,0.100038,1.296912032
0.04122516,-0.076044626,0.100176,15.71081799,0.100166,4.782688354,0.100138,1.34146982
0.041197336,-0.160478319,0.100276,15.67898083,0.100266,5.0357552,0.100238,1.144505189
0.041243313,0.037968617,0.100376,15.7250365,0.100366,5.210948654,0.100338,1.272777752
0.041205457,0.229994375,0.100476,15.70841956,0.100466,4.980155294,0.100438,1.081808575
0.041128289,-0.057165973,0.100576,15.72762494,0.100566,5.148655586,0.100538,1.077583832
0.041085109,-0.232103071,0.100676,15.88919818,0.100666,5.017500721,0.100638,1.268626254
0.041110813,-0.111277433,0.100776,15.70950103,0.100766,5.191430873,0.100738,1.295683794
0.041211801,0.085013945,0.100876,15.77250368,0.100866,5.213247864,0.100838,1.123423684
0.041211449,-0.119636992,0.100976,15.81299243,0.100966,5.231093247,0.100938,1.077088805
0.041184053,0.06106115,0.101076,15.75478734,0.101066,5.443564663,0.101038,1.061970705
0.041120401,-0.226024876,0.101176,16.05354019,0.101166,5.393039751,0.101138,1.172629394
0.041177622,0.056516769,0.101276,15.89370627,0.101266,5.355216497,0.101238,1.130325863
0.041129886,0.055826028,0.101376,15.904388,0.101366,5.363297824,0.101338,1.150966585
0.041095575,-0.06587358,0.101476,15.97368854,0.101466,5.313860741,0.101438,1.109263675
0.04112517,0.069815482,0.101576,16.01252438,0.101566,5.273878626,0.101538,1.13423596
0.041073502,-0.053941041,0.101676,16.03908825,0.101666,5.305912939,0.101638,1.184305003
0.041074921,-0.097247803,0.101776,16.2358967,0.101766,5.42752321,0.101738,1.082779903
0.04114919,0.299545805,0.101876,16.20761925,0.101866,5.197816703,0.101838,1.247958575
0.041123653,-0.115969647,0.101976,16.33537783,0.101966,5.441491909,0.101938,1.273092974
0.04106887,0.037909898,0.102076,16.18121477,0.102066,5.434992685,0.102038,1.279777501
0.04103602,-0.157342086,0.102176,16.29832042,0.102166,5.6373782,0.102138,1.471242734
0.041107069,0.115446992,0.102276,16.43190733,0.102266,5.329266191,0.102238,1.262432545
0.041160194,0.188321229,0.099551146,5.522471822,0.102366,5.559143477,0.102338,1.46979068
0.041123682,-0.145428931,0.097116056,3.075910554,0.102466,5.537386607,0.102438,1.359712608
0.041070633,-0.061586774,0.095559208,1.377089124,0.102566,5.487036458,0.102538,1.325255353
0.041088693,0.065077525,0.094550308,0.959109705,0.102666,5.624742306,0.102638,1.431547531
0.041072127,-0.113306046,0.093826568,0.6145594,0.102766,5.669046529,0.102738,1.410866976
0.041072254,-0.177673445,0.093222192,0.286951909,0.102866,5.855243489,0.102838,1.650356485
0.041149913,0.153355574,0.092772606,0.256059114,0.102966,5.857473606,0.102938,1.425954427
0.041117747,-0.037100308,0.092380936,0.263577092,0.103066,5.857814387,0.103038,1.588668619
0.041111156,-0.029366269,0.092072967,0.119030803,0.103166,5.861537622,0.103138,1.565986413
0.041099589,0.130382765,0.091821773,0.227873013,0.103266,5.934836061,0.103238,1.81260487
0.040997639,-0.099875062,0.091594854,0.1222072,0.103366,5.939972826,0.103338,1.581074069
0.041052527,-0.076260123,0.091366252,0.08247553,0.103466,6.141970879,0.103438,1.840254453
0.041115536,0.100358728,0.091120643,0.103102007,0.103566,6.176502743,0.103538,1.554629239
0.041046959,-0.065871278,0.090943671,0.20632882,0.103666,6.10346725,0.103638,1.701257521
0.041046106,0.13016918,0.090756275,0.049916278,0.103766,6.125603622,0.103738,1.874304524
0.040999485,-0.19734392,0.090643364,0.091741058,0.103866,5.982616694,0.103838,1.68645792
0.041011677,-0.1620174,0.090502104,-0.003193475,0.103966,6.22624158,0.103938,1.836986416
0.04107615,0.311638726,0.090406323,0.119358571,0.104066,6.183054804,0.104038,1.808045415
0.040965935,-0.063464645,0.09032697,-0.114802544,0.104166,6.161513652,0.104138,1.862213037
0.040968062,-0.23844687,0.090327513,-0.04456083,0.104266,6.330187656,0.104238,1.93794701
0.041076995,0.284979709,0.090330868,0.141928398,0.104366,6.096695,0.104338,1.999702822
0.041013706,-0.122285462,0.090291799,-0.059507123,0.104466,6.244952288,0.104438,1.918232877
0.041038404,0.145767235,0.090230617,0.045623489,0.104566,6.354772907,0.104538,1.949264455
0.040972632,-0.064979722,0.090192148,-0.072115358,0.104666,6.164942473,0.104638,1.987456413
0.040963517,0.058490464,0.090161956,0.002427463,0.104766,6.419607388,0.104738,1.912438236
0.040937875,-0.024275445,0.090137415,0.013292989,0.104866,6.230236258,0.104838,1.931889907
0.040962507,0.207272514,0.090131424,-0.081535424,0.104966,6.380490912,0.104938,2.095184743
0.041036878,0.164403585,0.090065744,0.009426939,0.105066,6.253798059,0.105038,2.21923058
0.041024494,0.001818295,0.089950274,0.095716995,0.105166,6.370910279,0.105138,2.270935496
0.041030336,0.035917854,0.089839791,-0.056969294,0.105266,6.401060308,0.105238,2.283020729
0.040972621,0.046321937,0.089834654,-0.09023201,0.105366,6.330263315,0.105338,2.344407243
0.040913103,0.004359963,0.089798057,0.103507418,0.105466,6.41915275,0.105438,2.33686566
0.040944339,0.019524311,0.089685014,-0.027986727,0.105566,6.25552796,0.105538,2.420264149
0.040973964,-0.009360239,0.089641908,0.037139849,0.105666,6.33061495,0.105638,2.367486387
0.041038648,0.000448154,0.089579693,0.060184253,0.105766,6.362756436,0.105738,2.483525283
0.04098688,-0.147606311,0.089522495,0.239245628,0.105866,6.281779551,0.105838,2.441287739
0.04096327,-0.026371078,0.089463723,-0.087730138,0.105966,6.519439757,0.105938,2.444798556
0.040943728,0.02085597,0.089442227,0.075529848,0.106066,6.474329106,0.106038,2.573142366
0.040943232,-0.175047964,0.089406915,0.148879788,0.106166,6.477510621,0.106138,2.673865021
0.041008528,0.021772194,0.089319868,-0.099648175,0.106266,6.503329309,0.106238,2.589660052
0.04101858,0.011942463,0.089319541,0.013129651,0.106366,6.697832505,0.106338,2.638109607
0.040980004,0.035882032,0.089349076,0.099710852,0.106466,6.564523659,0.106438,2.587290717
0.040918631,-0.072589835,0.089299088,0.045933376,0.106566,6.465408839,0.106538,2.57993304
0.040985708,-0.042875108,0.089290003,-0.133555947,0.106666,6.650756582,0.106638,2.800755916
0.040971478,0.051428542,0.089254595,0.291442451,0.106766,6.551896545,0.106738,2.643151055
0.040908823,0.042403439,0.08910942,-0.119997284,0.106866,6.634231452,0.106838,2.719055103
0.040909205,-0.031246581,0.089165192,0.09521439,0.106966,6.58769374,0.106938,2.667577732
0.040920832,0.078916067,0.089133757,-0.05440853,0.107066,6.608244629,0.107038,2.618894856
0.040895336,-0.118332845,0.08913187,0.020880991,0.107166,6.867125862,0.107138,2.710414749
0.04088839,-0.245112347,0.089075868,-0.135209723,0.107266,6.883755498,0.107238,2.697549747
0.040965911,0.073575885,0.089064593,-0.032930042,0.107366,6.84440525,0.107338,2.86621607
0.040931628,0.0104021,0.089040385,0.095737016,0.107466,7.058549983,0.107438,2.813208114
0.040882663,-0.037975939,0.088975789,0.08835223,0.107566,6.901330516,0.107538,2.803112034
0.040831489,-0.130330011,0.088920186,-0.11958391,0.107666,6.783639279,0.107638,2.882365448
0.04089684,-0.064124505,0.088952748,0.100416304,0.107766,7.092537641,0.107738,2.840968799
0.040979846,0.206365623,0.08882785,-0.040585836,0.107866,7.183489746,0.107838,2.964730755
0.04090356,-0.079060611,0.088710344,0.028822695,0.107966,7.118482397,0.107938,3.250087707
0.040894344,-0.067554559,0.088694668,-0.138498742,0.108066,7.067259115,0.108038,3.159889941
0.040889402,0.030936946,0.088731719,0.230676313,0.108166,7.200745695,0.108138,3.186031708
0.040920376,0.014460282,0.088681813,0.072090923,0.108266,7.106785846,0.108238,3.378166921
0.040898934,-0.069870117,0.088658839,-0.033767578,0.108366,7.375838505,0.108338,3.350616679
0.040938356,0.234812581,0.088724392,0.256140695,0.108466,7.325659856,0.108438,3.320578968
0.040889541,0.036336426,0.088640518,-0.132938359,0.108566,7.246348768,0.108538,3.341658862
0.040835708,-0.21957644,0.088596967,0.091032189,0.108666,7.592861038,0.108638,3.398949459
0.040890415,-0.014031216,0.088560978,-0.095775921,0.108766,7.441000368,0.108738,3.570129518
0.040971835,0.087092704,0.088572161,0.102851337,0.108866,7.517343505,0.108838,3.50877178
0.040955457,-0.029111907,0.08848987,-0.000549248,0.108966,7.426689465,0.108938,3.580347259
0.040872086,0.048316648,0.088444747,-0.069043899,0.109066,7.391748401,0.109038,3.575870918
0.040786046,-0.186351928,0.088479632,0.168258401,0.109166,7.535848408,0.109138,3.678977651
0.040849763,0.02498902,0.088440159,0.098792194,0.109266,7.553634969,0.109238,3.822377564
0.040886439,0.132349416,0.088304789,-0.187277203,0.109366,7.42092433,0.109338,3.585414355
0.040797022,-0.105494679,0.088321833,0.086294698,0.109466,7.504938326,0.109438,3.75510419
0.040739642,-0.124090288,0.088313554,-0.004229624,0.109566,7.595493583,0.109538,3.821590067
0.040827642,0.024156851,0.088333227,0.031753071,0.109666,7.665034638,0.109638,3.637974835
0.040899775,0.146420783,0.088333324,0.143080246,0.109766,7.729285086,0.109738,3.7302467
0.040862469,0.109742818,0.08828835,0.075788243,0.109866,7.502737283,0.109838,3.587678121
0.040781003,0.009900552,0.088278208,0.09658519,0.109966,7.719865816,0.109938,3.634939288
0.040775147,-0.042833846,0.088237021,-0.035157675,0.110066,7.907053372,0.110038,3.784071607
0.040814536,0.040747038,0.088185026,-0.00863663,0.110166,7.990938062,0.110138,3.675509549
0.04076772,0.024566027,0.088153783,0.013146744,0.110266,7.981446289,0.110238,3.808282983
0.040751969,-0.052299769,0.088212427,-0.022927876,0.110366,8.198733044,0.110338,3.886943334
0.040778491,-0.020912686,0.088261607,0.068389693,0.110466,8.08086629,0.110438,4.094166676
0.040753538,0.24209216,0.08820105,-0.025876375,0.110566,8.169124571,0.110538,3.899803732
0.040669177,-0.077203319,0.08818755,0.089241641,0.110666,8.095409496,0.110638,4.030884351
0.040727699,-0.05997948,0.088168758,0.062731519,0.110766,8.238608083,0.110738,4.097837413
0.040817507,0.20086798,0.088100041,-0.01984815,0.110866,8.332619758,0.110838,4.042563141
0.040808004,-0.053805809,0.088111754,0.171273393,0.110966,8.317096923,0.110938,4.203345744
0.040765332,-0.066917105,0.08811783,0.015609968,0.111066,8.470158052,0.111038,4.301207818
0.040736581,0.007527599,0.088059923,-0.136828207,0.111166,8.424334166,0.111138,4.249458638
0.040713697,-0.199453411,0.088039806,0.027789023,0.111266,8.446330327,0.111238,4.359836017
0.04076341,0.185195826,0.088064393,-0.102138365,0.111366,8.559190348,0.111338,4.385985607
0.040692301,-0.09799771,0.088075713,0.017115329,0.111466,8.61406161,0.111438,4.544437881
0.040755496,0.174395061,0.088046965,0.122079787,0.111566,8.588858462,0.111538,4.353924006
0.040763598,0.055734311,0.087951728,-0.186727212,0.111666,8.571796262,0.111638,4.580903032
0.04071457,-0.039426646,0.087936763,-0.113067607,0.111766,8.610498976,0.111738,4.53419331
0.040690513,0.053524587,0.087961516,-0.175275164,0.111866,8.343677841,0.111838,4.587199712
0.040657186,-0.140208414,0.088003746,0.038449173,0.111966,8.591108968,0.111938,4.640003549
0.040677022,-0.153279618,0.087921719,-0.049497575,0.112066,8.671772207,0.112038,4.684143298
0.04081775,0.278604101,0.087853858,0.009117762,0.112166,8.714431965,0.112138,4.615999427
0.040760168,-0.020740538,0.087871512,-0.072297445,0.112266,8.62742136,0.112238,4.609373733
0.040709969,-0.077089915,0.087889751,0.042101222,0.112366,8.59835774,0.112338,4.697347927
0.040676666,-0.14189321,0.087809162,-0.076700589,0.112466,8.752668149,0.112438,4.55498057
0.040714769,0.004241091,0.087787506,-0.024733604,0.112566,8.779278764,0.112538,4.454987657
0.040753865,0.044574711,0.087777631,-0.048676848,0.112666,8.877674454,0.112638,4.702277411
0.040724986,0.088135288,0.08779031,0.126306695,0.112766,8.733179361,0.112738,4.624309845
0.040669189,-0.201967203,0.087704286,-0.136388108,0.112866,8.768634388,0.112838,4.584438587
0.040665387,0.006412716,0.087707231,0.133516579,0.112966,8.784054491,0.112938,4.915946602
0.040652285,-0.052515748,0.087726003,-0.08763001,0.113066,9.149743665,0.113038,4.639034875
0.040778236,0.252121785,0.087767708,-0.064829587,0.113166,8.831379689,0.113138,4.75886976
0.040769506,0.01273029,0.087756403,0.103624378,0.113266,8.886194192,0.113238,4.864874633
0.040694044,-0.132403071,0.087710688,0.133523165,0.113366,8.89049072,0.113338,4.873285733
0.040728359,0.153496824,0.087602674,-0.148696792,0.113466,9.19993875,0.113438,4.867470263
0.040663996,-0.122490149,0.087622006,0.066100784,0.113566,8.978292605,0.113538,4.98851578
0.040665907,0.006567198,0.087624367,0.007584778,0.113666,9.031298948,0.113638,5.208836441
0.040691619,0.057584647,0.087602972,-0.133619148,0.113766,9.241321612,0.113738,4.999301582
0.040696008,0.049201806,0.087596293,0.057998346,0.113866,9.2158954,0.113838,5.11820576
0.040658695,-0.002508363,0.087550956,0.05097257,0.113966,9.182890319,0.113938,5.300452249
0.040607192,0.096713653,0.087522276,-0.059507097,0.114066,9.296358363,0.114038,5.280098467
0.040590797,0.071810321,0.087548999,0.003523082,0.114166,9.449359039,0.114138,4.952942264
0.040644478,0.136023719,0.087461034,-0.154789981,0.114266,9.477562374,0.114238,5.164576105
0.040718064,0.268556952,0.087422541,-0.11565849,0.114366,9.431179803,0.114338,5.121086739
0.040631218,-0.001795618,0.087463777,-0.124938621,0.114466,9.453104162,0.114438,5.298135163
0.040621306,-0.143141671,0.087423919,-0.114220934,0.114566,9.68565427,0.114538,5.32720447
0.040693224,0.029030661,0.087384379,-0.010953871,0.114666,9.577371767,0.114638,5.360108739
0.040678656,-0.099348908,0.087389608,0.020826926,0.114766,9.710177359,0.114738,5.22779717
0.040682762,0.069786062,0.087397317,-0.080440085,0.114866,9.482415643,0.114838,5.219722332
0.040619475,-0.145779874,0.087456854,0.016184431,0.114966,9.56118431,0.114938,5.483323487
0.040651323,0.161254219,0.087412886,0.114751437,0.115066,9.542142307,0.115038,5.08535358
0.040600163,-0.227529105,0.087331165,-0.072208046,0.115166,9.541286269,0.115138,5.126120072
0.040688521,0.135418794,0.087375638,0.043384361,0.115266,9.670522559,0.115238,5.375861632
0.040653486,0.042547078,0.087403822,0.177645266,0.115366,9.689184669,0.115338,5.296603881
0.040610573,-0.040391828,0.087286058,-0.06085127,0.115466,9.521448896,0.115438,5.36726968
0.040648493,0.069861567,0.087230362,-0.143129841,0.115566,9.717278089,0.115538,4.97391065
0.040628497,0.028815738,0.087284779,0.111104801,0.115666,9.646984646,0.115638,5.187346662
0.040537738,-0.091994856,0.087287299,-0.071210216,0.115766,9.674309541,0.115738,5.270265956
0.040488621,-0.145065231,0.0872498,-0.041879952,0.115866,9.483933985,0.115838,5.191273923
0.040643639,0.291349712,0.087240873,-0.14567535,0.115966,9.631796465,0.115938,5.157758145
0.04059443,-0.161152742,0.087249564,0.047651774,0.116066,9.834011729,0.116038,5.108446186
0.040597745,-0.057111716,0.087206556,0.063736809,0.116166,9.854549871,0.116138,5.067561615
0.040610221,-0.085609319,0.087178078,-0.048656642,0.116266,9.586308679,0.116238,5.070024674
0.040623388,0.204460505,0.087192051,-0.020994914,0.116366,9.76017266,0.116338,5.195633267
0.040505319,-0.273951784,0.087169932,0.185002355,0.116466,9.999637444,0.116438,5.10396862
0.040592417,0.256074659,0.08708363,-0.134262245,0.116566,10.08256018,0.116538,5.114427389
0.040601829,0.163559247,0.087068197,-0.146716953,0.116666,10.06664745,0.116638,5.16798304
0.040546302,-0.132505659,0.087106144,0.129885876,0.116766,10.24994272,0.116738,5.104011158
0.040634588,0.251498855,0.087091367,-0.249969833,0.116866,9.963410667,0.116838,4.990398198
0.040573592,0.093096859,0.087140823,0.24889646,0.116966,10.07194357,0.116938,5.033602961
0.040435417,-0.240022588,0.087039477,-0.11325112,0.117066,10.06794485,0.117038,4.729410328
0.040506194,-0.045806757,0.087028788,0.002761296,0.117166,10.09422442,0.117138,5.096011133
0.040622882,0.100083484,0.08704228,-0.014717483,0.117266,10.12311058,0.117238,4.901457145
0.040499655,-0.304856327,0.087070572,0.113751562,0.117366,10.21483908,0.117338,5.006113761
0.04054252,0.004485357,0.086988734,-0.024021342,0.117466,10.28940632,0.117438,4.832033416
0.040636922,0.228474747,0.086950493,0.054488862,0.117566,10.34909624,0.117538,4.701661281
0.040601553,-0.031659815,0.086948778,0.033720474,0.117666,10.20964505,0.117638,4.837808885
0.040551599,0.031942512,0.086985545,-0.064493498,0.117766,10.14179061,0.117738,4.792518655
0.040489866,-0.012705764,0.086947323,-0.106869387,0.117866,10.56540658,0.117838,4.734898666
0.040474895,-0.092915462,0.086979771,0.211406608,0.117966,10.36367935,0.117938,4.623025217
0.040546948,0.002565224,0.086902216,-0.10102336,0.118066,10.41832699,0.118038,4.531882605
0.040503307,0.063360704,0.086851819,-0.084689472,0.118166,10.50434068,0.118138,4.628190717
0.040479568,-0.024470736,0.086910274,0.013269443,0.118266,10.53599135,0.118238,4.366740451
0.040525175,-0.038222685,0.086921628,0.006683683,0.118366,10.71928227,0.118338,4.418846178
0.040568154,0.041425506,0.086891922,0.122580581,0.118466,10.65654712,0.118438,4.68465031
0.040608646,0.138028859,0.086808647,-0.256819652,0.118566,10.66560783,0.118538,4.503693644
0.040519985,0.027337287,0.086837453,0.042837067,0.118666,10.81272276,0.118638,4.514210059
0.040484336,-0.056732299,0.086794885,-0.105803634,0.118766,10.76422055,0.118738,4.584151636
0.040503456,-0.040853868,0.086819985,0.111766243,0.118866,10.75743189,0.118838,4.4134197
0.040514241,0.036826951,0.08677858,0.240841478,0.118966,10.98216356,0.118938,4.437475567
0.04042961,-0.091949039,0.086694392,-0.151998008,0.119066,10.76805185,0.119038,4.477628561
0.040422271,0.034502616,0.086799358,0.340703505,0.119166,10.79884884,0.119138,4.349914463
0.040490566,-0.043782945,0.086817863,0.138216362,0.119266,10.79089613,0.119238,4.22609252
0.040549855,0.109680795,0.086771155,-0.101897953,0.119366,10.93723061,0.119338,4.317903274
0.040533884,0.067103059,0.086728838,-0.053794022,0.119466,11.0239386,0.119438,4.392638982
0.040457425,0.044445403,0.086771591,0.208137819,0.119566,10.88982427,0.119538,4.357931261
0.040428543,-0.024267488,0.086674181,-0.095856826,0.119666,11.06019947,0.119638,4.479386994
0.040478554,0.076591232,0.086708768,0.089751204,0.119766,11.16264203,0.119738,4.630950435
0.040434782,-0.123552512,0.086728946,0.059316283,0.119866,11.16787633,0.119838,4.434234446
0.04051888,-0.016762002,0.086739135,0.020640429,0.119966,11.26199066,0.119938,4.614394515
0.040538776,0.08397151,0.086681056,-0.120988727,0.120066,11.35240423,0.120038,4.472115989
0.04048685,0.150225691,0.086712744,0.092512375,0.120166,11.01793353,0.120138,4.57098292
0.040382342,-0.212058497,0.086665561,-0.16274083,0.120266,11.45906561,0.120238,4.489047789
0.040448806,0.034188479,0.086738012,0.1332725,0.120366,11.38126506,0.120338,4.552885719
0.04044642,-0.166943725,0.086728425,-0.031149721,0.120466,11.47600827,0.120438,4.750001146
0.040412845,0.067840949,0.086700172,0.129942909,0.120566,11.66995173,0.120538,4.705688974
0.040345747,-0.06375229,0.08665648,-0.157621351,0.120666,11.35042653,0.120638,4.676444644
0.040412433,0.092941236,0.08666503,-0.029743439,0.120766,11.60389609,0.120738,4.882946121
0.040340018,-0.131998484,0.086651169,0.157888012,0.120866,11.60462412,0.120838,4.713795
0.040362653,0.054704565,0.08660833,-0.099327164,0.120966,11.64513337,0.120938,4.802327458
0.040429533,0.038863829,0.086569636,-0.092996969,0.121066,11.4643677,0.121038,4.973874449
0.040398598,-0.057637042,0.086530222,-0.062989031,0.121166,11.60664653,0.121138,4.829904283
0.04038725,0.109719237,0.086584448,0.033316738,0.121266,11.81372833,0.121238,4.832617163
0.040377619,-0.073088632,0.086605308,-0.043196777,0.121366,11.42290504,0.121338,5.053871603
0.040433085,-0.025563033,0.086620767,0.085379735,0.121466,11.90870771,0.121438,4.978777284
0.04044406,0.085862027,0.086535319,0.000178819,0.121566,11.6193887,0.121538,4.891878736
0.040400034,0.075002994,0.086502831,0.069685863,0.121666,11.53365501,0.121638,5.126938172
0.040346387,-0.074132892,0.086475639,-0.241315301,0.121766,11.63543654,0.121738,5.004794736
0.040319225,-0.007953547,0.086459943,0.116564917,0.121866,11.84707744,0.121838,4.875173484
0.040344153,-0.165320305,0.086470022,-0.06641984,0.121966,11.9512336,0.121938,5.164475505
0.040426217,0.042911993,0.086509036,0.017909886,0.122066,11.87531241,0.122038,5.09001871
0.040356685,-0.070501687,0.086477594,-0.031454692,0.122166,11.94308566,0.122138,5.34899758
0.040298558,-0.228822462,0.086475765,-0.066476551,0.122266,11.94448972,0.122238,5.335413184
0.040346992,-0.060693526,0.086470659,-0.194907282,0.122366,12.03877637,0.122338,5.352391858
0.040395582,0.070550148,0.08650976,0.046941901,0.122466,12.07355218,0.122438,5.582669473
0.040352003,0.011049831,0.086507391,0.016456757,0.122566,11.98373846,0.122538,5.554267616
0.040273797,-0.160905704,0.086552273,-0.110034696,0.122666,12.23338213,0.122638,5.623955647
0.040297338,-0.12810493,0.08651265,0.073560393,0.122766,12.35889939,0.122738,5.571276004
0.040311299,-0.011304302,0.086415206,-0.130535826,0.122866,12.32883198,0.122838,5.486804744
0.040270056,-0.185465367,0.086476789,-0.022353492,0.122966,12.38679677,0.122938,5.602524623
0.040299942,0.161354994,0.08647908,-0.005069434,0.123066,12.46151024,0.123038,5.729999814
0.040348872,-0.058941369,0.08645389,-0.22469333,0.123166,12.4867631,0.123138,5.920204341
0.040303956,-0.155050805,0.0865408,0.208403023,0.123266,12.71195459,0.123238,5.935428489
0.040320017,0.177603887,0.086531265,0.000509973,0.123366,12.42870468,0.123338,5.835286937
0.040282964,-0.065245823,0.086415799,-0.223508577,0.123466,12.73475236,0.123438,5.895473258
0.04031952,0.021014747,0.086411802,0.149977853,0.123566,12.66828571,0.123538,5.867779697
0.040279509,0.022077223,0.086333142,-0.072923196,0.123666,12.62105822,0.123638,5.817988365
0.04023571,-0.09312663,0.086277303,-0.238142253,0.123766,12.43437759,0.123738,6.07053014
0.040279474,-0.056243519,0.08635181,0.16484067,0.123866,12.70927402,0.123838,5.844480209
0.040336908,0.061229356,0.086325155,-0.230486533,0.123966,12.75501874,0.123938,6.157956499
0.040303402,-0.087542194,0.086324415,-0.036492395,0.124066,12.56591076,0.124038,6.15908805
0.040292189,0.098521557,0.086310259,-0.215298708,0.124166,12.5398107,0.124138,6.061332417
0.040240646,-0.089273305,0.086383315,0.092370789,0.124266,12.75429591,0.124238,6.219174412
0.040325752,0.169796167,0.086397882,0.171948836,0.124366,12.62555378,0.124338,6.130602472
0.040314896,-0.083230639,0.086316196,-0.067950616,0.124466,12.90783887,0.124438,6.234928899
0.040312217,0.027642157,0.086298108,0.132475982,0.124566,12.85153553,0.124538,6.537293484
0.040232257,-0.152531396,0.086274598,-0.079243018,0.124666,12.95072095,0.124638,6.33117748
0.040211705,-0.021190264,0.086261681,-0.123575153,0.124766,12.58399924,0.124738,6.449141931
0.040224275,0.120386423,0.086236835,-0.030269245,0.124866,13.01105103,0.124838,6.487402694
0.040198763,-0.168421055,0.086291974,-0.064661699,0.124966,12.88599442,0.124938,6.456116409
0.040330909,0.242541092,0.086377328,0.323117097,0.125066,12.87885792,0.125038,6.474607005
0.040326029,0.066567606,0.08622957,-0.036809678,0.125166,12.96085656,0.125138,6.660149047
0.040270131,-0.102975625,0.086170075,-0.13239405,0.125266,13.03610598,0.125238,6.734305005
0.040260653,0.132310954,0.086207408,-0.048306619,0.125366,13.00696191,0.125338,6.6749312
0.040162363,-0.121495906,0.086263743,-4.64E-05,0.125466,13.00068744,0.125438,6.643993363
0.040157901,0.004085758,0.086282444,0.138786493,0.125566,13.21452218,0.125538,6.94680707
0.04017148,-0.070920286,0.086163748,0.080608627,0.125666,13.23062017,0.125638,6.810023793
0.040217184,-0.030721037,0.086082213,-0.095048857,0.125766,13.07403494,0.125738,6.88057984
0.040261039,0.105178479,0.086126915,0.069890347,0.125866,13.22868876,0.125838,6.866522162
0.040170765,0.0755507,0.086158075,-0.062182292,0.125966,13.2105303,0.125938,6.97807925
0.040156064,-0.104138691,0.086148847,0.041919408,0.126066,13.1341309,0.126038,6.975194535
0.040235625,-0.063121454,0.086115352,0.038629229,0.126166,13.07435966,0.126138,6.978317236
0.040285746,0.050211014,0.086114496,0.18112129,0.126266,13.30545439,0.126238,6.932950723
0.040221706,-0.194573751,0.086122193,0.06800776,0.126366,13.26696639,0.126338,7.002687701
0.040203665,0.067711382,0.086093765,-0.026920954,0.126466,13.26221083,0.126438,7.260937168
0.040106616,-0.157000142,0.086123445,0.158778171,0.126566,13.26942557,0.126538,7.323531884
0.040104396,-0.098896607,0.086046263,-0.138392587,0.126666,13.23997176,0.126638,7.258878898
0.040146472,0.046635714,0.086081804,0.033983405,0.126766,13.36675314,0.126738,7.371505574
0.040171495,-0.070012102,0.086009153,-0.220678244,0.126866,13.53937657,0.126838,7.419092203
0.040229512,0.209193443,0.086007008,0.025501005,0.126966,13.56679646,0.126938,7.240379518
0.040201334,0.254212203,0.086062609,-0.037737805,0.127066,13.51224735,0.127038,7.541627548
0.040115324,-0.205521689,0.086070183,0.126899227,0.127166,13.66022024,0.127138,7.36847983
0.040213896,0.154840354,0.08596401,-0.151097048,0.127266,13.66107745,0.127238,7.578911649
0.04023023,0.073304025,0.0859783,-0.050911736,0.127366,13.79473051,0.127338,7.624388824
0.040168641,0.113140954,0.086017656,0.120008969,0.127466,13.86402067,0.127438,7.474705495
0.040089502,-0.209994353,0.085989371,-0.044842438,0.127566,13.77872377,0.127538,7.514880424
0.040080121,-0.084335629,0.086036709,0.05815331,0.127666,13.9005943,0.127638,7.735325555
0.040166387,0.163755921,0.085983518,-0.18759683,0.127766,13.99187566,0.127738,7.54528136
0.040175653,-0.094820237,0.085981786,0.017429837,0.127866,14.0031119,0.127838,7.81017199
0.0401987,0.168774795,0.086016705,-0.018099987,0.127966,14.04213945,0.127938,7.808599754
0.040132426,0.163267825,0.08598172,-0.053308217,0.128066,14.07783486,0.128038,7.94111681
0.040028663,-0.30186533,0.085951718,-0.078490087,0.128166,14.04649081,0.128138,7.891777808
0.040142859,0.13798341,0.085979271,0.03819797,0.128266,14.22764074,0.128238,8.041025371
0.040178884,0.131408232,0.085969568,0.283849214,0.128366,14.12083846,0.128338,7.871453248
0.040104773,-0.062462036,0.085876337,-0.168422778,0.128466,14.48610673,0.128438,8.082902379
0.040119168,0.014906683,0.085942504,0.195690455,0.128566,14.25926262,0.128538,7.912590661
0.040117521,0.049349966,0.085971924,-0.174125764,0.128666,14.32397013,0.128638,8.266587973
0.040060982,0.030911715,0.086002925,0.156414506,0.128766,14.4197574,0.128738,8.145055521
0.040030528,-0.05017892,0.085933745,-0.054695672,0.128866,14.50549217,0.128838,8.18175604
0.040066709,-0.011353108,0.085886995,-0.144659626,0.128966,14.30790363,0.128938,8.285698586
0.040107722,-0.038830201,0.0859229,0.228799685,0.129066,14.619388,0.129038,8.177153917
0.040093611,0.05416697,0.085888811,-0.098114016,0.129166,14.56038052,0.129138,8.428888903
0.040039231,-0.213440055,0.085961995,0.044670839,0.129266,14.71066754,0.129238,8.291878505
0.040016681,-0.026568362,0.085937415,0.00841879,0.129366,14.80383526,0.129338,8.156884906
0.040082009,0.188873726,0.085869612,-0.094675529,0.129466,14.79564929,0.129438,8.233174827
0.040086955,-0.009045464,0.085852931,0.000278191,0.129566,15.04999195,0.129538,8.29668578
0.040075619,0.062330865,0.085879923,-0.006356695,0.129666,14.95538477,0.129638,8.415334748
0.040030753,-0.119937581,0.085871462,-0.052210643,0.129766,14.8353722,0.129738,8.418973615
0.040066137,0.056174967,0.085848698,0.030600826,0.129866,14.86880002,0.129838,8.469251247
0.04006968,-0.093915866,0.085832685,-0.177976467,0.129966,15.03600753,0.129938,8.485281144
0.040070294,0.05982825,0.085875752,-0.037046636,0.130066,15.13775954,0.130038,8.593131555
0.040092559,-0.159247601,0.085875713,-0.068386465,0.130166,14.91564054,0.130138,8.538569962
0.040123169,0.079600653,0.085881818,-0.055076525,0.130266,15.00636647,0.130238,8.620302424
0.040080643,0.03315702,0.085872386,-0.215094237,0.130366,15.21404123,0.130338,8.962941781
0.040079419,0.034670936,0.085857548,-0.109220075,0.130466,15.47346925,0.130438,8.67195487
0.040093495,-0.115805411,0.085828562,-0.01419418,0.130566,15.33123097,0.130538,8.820580292
0.040096581,0.138457526,0.085838688,0.065707088,0.130666,15.45158923,0.130638,8.897475397
0.040014297,0.089089239,0.085841985,0.042919808,0.130766,15.50186818,0.130738,8.713068303
0.040060198,0.175652046,0.085814663,-0.104677701,0.130866,15.25697896,0.130838,8.918702867
0.040052611,-0.104486637,0.085806876,0.108289584,0.130966,15.59112823,0.130938,8.9248981
0.040099838,0.143389988,0.085737815,-0.208431533,0.131066,15.83546303,0.131038,8.979406553
0.040050939,-0.053421415,0.085731844,-0.136579506,0.131166,15.66893982,0.131138,9.11618042
0.039966145,-0.24336904,0.085806203,0.025356538,0.131266,15.72308901,0.131238,9.017842287
0.040014679,0.029260897,0.085821845,0.136603304,0.131366,15.70514707,0.131338,8.98126572
0.040048466,0.059252513,0.085755002,-0.009511345,0.131466,15.9528893,0.131438,9.15726664
0.040023301,-0.116327171,0.08570689,-0.046188694,0.131566,15.74920992,0.131538,9.10301409
0.040084464,0.128459701,0.085749772,0.087566007,0.131666,15.91505631,0.131638,9.210293113
0.040029625,0.134452208,0.085756956,-0.178955853,0.131766,15.90082717,0.131738,9.243496564
0.039984022,-0.226571591,0.085790106,0.001308155,0.131866,15.86668508,0.131838,9.070500966
0.040052665,0.030922622,0.085697402,-0.013191559,0.131966,15.8891797,0.131938,9.052584812
0.04002563,-0.266079948,0.08567384,-0.040926517,0.132066,15.95500601,0.132038,9.047467959
0.040041781,0.149960179,0.085770231,0.010135752,0.132166,16.04807627,0.132138,9.272490609
0.039987334,-0.184968718,0.08577409,0.135354652,0.132266,16.15659964,0.132238,9.112384921
0.04004374,0.052577508,0.085713752,-0.018364657,0.132366,16.21398969,0.132338,9.22199748
0.040042423,0.063348109,0.085740237,0.031846462,0.132466,16.28008561,0.132438,9.297575581
0.040062274,-0.059714899,0.085742783,0.008896964,0.132566,16.41989469,0.132538,9.353663957
0.04007497,0.090889994,0.085699223,-0.047988148,0.132666,16.38584378,0.132638,9.258343859
0.039995198,-0.118551931,0.08572424,0.162596394,0.132766,16.50745406,0.132738,9.224190187
0.03997931,-0.015340473,0.085703609,-0.063150464,0.132866,16.49439665,0.132838,9.448615519
0.039978784,-0.034802949,0.085752425,0.236446508,0.132966,16.48174206,0.132938,9.400893731
0.039972704,0.14258003,0.085711405,-0.187037162,0.133066,16.33944507,0.133038,9.561214149
0.039937131,-0.006652964,0.08567895,-0.140326227,0.133166,16.48363674,0.133138,9.424971303
0.039926916,-0.140001493,0.085640056,-0.017757673,0.133266,16.57116777,0.133238,9.616282087
0.039955629,-0.048747562,0.085689109,0.114420623,0.133366,16.7215257,0.133338,9.374446684
0.040020509,0.157840623,0.085696307,0.04984187,0.133466,16.74713642,0.133438,9.750503924
0.040028519,0.149007448,0.08567034,0.151384308,0.133566,16.67887912,0.133538,9.546106815
0.040000376,0.075830952,0.085666472,0.02353429,0.133666,16.73580853,0.133638,9.65067661
0.039934871,-0.075141817,0.085711861,0.04930167,0.133766,16.90137438,0.133738,9.573535613
0.040004265,0.120145045,0.085669479,-0.078196381,0.133866,16.70001515,0.133838,9.62045174
0.040041855,-0.098406483,0.085608235,0.03129689,0.133966,16.89188988,0.133938,9.698605802
0.039971908,-0.058638373,0.085576497,-0.033458798,0.134066,16.89484132,0.134038,9.79659297
0.040005005,0.157179843,0.085546314,-0.15102527,0.134166,16.84862888,0.134138,9.57585319
0.04000373,-0.067237697,0.08555863,-0.202537687,0.134266,17.1433553,0.134238,9.948728836
0.039962989,-0.188725147,0.08564129,0.102019376,0.134366,16.93218166,0.134338,9.608695574
0.039945836,-0.182303329,0.085586784,-0.107915038,0.134466,17.11080843,0.134438,9.697899334
0.040027375,0.229748669,0.085590468,0.102118677,0.134566,17.20007445,0.134538,9.737294092
0.039990643,-0.093842152,0.085596524,0.032896995,0.134666,17.17402808,0.134638,9.839720936
0.040005891,0.075906296,0.085555626,-0.172045328,0.134766,17.1537851,0.134738,9.719084381
0.040038311,0.159742644,0.085646932,0.391276847,0.134866,17.43769354,0.134838,9.972803548
0.039939668,-0.110176352,0.085557954,-0.189249133,0.134966,17.39662967,0.134938,9.908094804
0.039899487,-0.099237455,0.085595555,0.077417369,0.135066,17.41120472,0.135038,10.07879191
0.039963861,0.070941409,0.085595935,0.079705759,0.135166,17.18287721,0.135138,10.14804279
0.039910152,-0.120997303,0.085585444,0.021107167,0.135266,17.30339988,0.135238,9.970061979
0.039882779,-0.026320401,0.085563017,0.004830188,0.135366,17.43769137,0.135338,9.997882546
0.039925162,0.037713175,0.085583445,0.143500575,0.135466,17.2525111,0.135438,10.22237882
0.039906663,-0.003037955,0.085484074,-0.104368599,0.135566,17.57825337,0.135538,10.13715344
0.039910221,0.048706451,0.085536544,0.248392565,0.135666,17.4424832,0.135638,10.31969612
0.039922689,0.149370264,0.085498739,0.022721352,0.135766,17.59454207,0.135738,10.26014029
0.039907782,-0.10326691,0.085402395,-0.014710385,0.135866,17.51586325,0.135838,10.17570777
0.039938684,0.11767599,0.08536422,-0.093940651,0.135966,17.57452052,0.135938,10.4737812
0.039856476,-0.201974862,0.085490163,0.152489817,0.136066,17.65917621,0.136038,10.59856683
0.039874592,0.056683749,0.085562225,0.144627015,0.136166,17.65710565,0.136138,10.30781724
0.039954632,0.067663806,0.085500723,-0.050881646,0.136266,17.72454726,0.136238,10.2860009
0.03996312,-0.015551915,0.085472365,0.11675353,0.136366,17.69843805,0.136338,10.54105432
0.039861435,-0.085021621,0.085479291,0.073676417,0.136466,17.86535157,0.136438,10.6938245
0.039833205,-0.122340245,0.085422918,-0.223787686,0.136566,17.75761578,0.136538,10.61640222
0.039847651,-0.093680219,0.085433039,0.040499105,0.136666,17.68985878,0.136638,10.48660302
0.039854388,-0.144902358,0.085447015,-0.053448266,0.136766,17.84354897,0.136738,10.65534067
0.039933254,0.163798753,0.085441594,0.028255887,0.136866,17.73969802,0.136838,10.67239928
0.039916362,0.16570048,0.085434608,0.058784354,0.136966,17.90444843,0.136938,10.62678143
0.039862125,-0.075777374,0.0853962,0.022462801,0.137066,17.8580429,0.137038,10.65346329
0.039913607,0.00768534,0.085359221,-0.186264699,0.137166,17.83900258,0.137138,10.74584717
0.039944195,0.065177465,0.085379075,-0.035602928,0.137266,18.13817087,0.137238,10.88219319
,,0.085405228,0.058586175,0.137366,18.02908261,0.137338,10.90447962
,,0.08533605,-0.172968537,0.137466,17.96622467,0.137438,10.64317052
,,0.085332189,-0.006504825,0.137566,18.06577499,0.137538,10.94560094
,,0.08543737,0.264746807,0.137666,18.23615413,0.137638,10.74368178
,,0.085443063,-0.079578762,0.137766,18.34696605,0.137738,10.83594788
,,0.085506445,0.201185143,0.137866,18.10601816,0.137838,10.75157412
,,0.08535751,-0.212042526,0.137966,18.16717764,0.137938,10.76567853
,,0.085334595,-0.11783635,0.138066,18.44445803,0.138038,10.99200652
,,0.085428847,0.01989493,0.138166,18.40810962,0.138138,10.92451692
,,0.085418152,0.040609248,0.138266,18.64511646,0.138238,10.74467979
,,0.085369485,0.090800628,0.138366,18.47519221,0.138338,10.83566016
,,0.085390485,-0.000152395,0.138466,18.68053795,0.138438,11.02250395
,,0.085350175,0.137380725,0.138566,18.48566756,0.138538,10.98543231
,,0.085234542,-0.23623791,0.138666,18.73586863,0.138638,10.76167433
,,0.085322059,0.184085677,0.138766,18.68200121,0.138738,10.83479837
,,0.085301662,-0.027034037,0.138866,18.99527693,0.138838,11.12663961
,,0.085312952,-0.048236348,0.138966,19.01877553,0.138938,10.90760253
,,0.085295765,-0.016193958,0.139066,19.02606569,0.139038,11.0507033
,,0.085331213,0.230069742,0.139166,19.12187401,0.139138,11.03532879
,,0.085290513,0.028893962,0.139266,19.30883343,0.139238,11.05516173
,,0.085274238,0.049090737,0.139366,19.33783107,0.139338,11.031205
,,0.085242897,-0.156814957,0.139466,19.36995975,0.139438,11.0685323
,,0.085224337,-0.185142878,0.139566,19.18880655,0.139538,10.89998237
,,0.085279365,0.11407256,0.139666,19.29077104,0.139638,11.04824104
,,0.085221756,-0.054863406,0.139766,19.16317546,0.139738,11.06207709
,,0.085226509,0.04684271,0.139866,19.56284723,0.139838,11.01671609
,,0.085235213,-0.14137166,0.139966,19.4818407,0.139938,10.89603175
,,0.085251098,-0.060450334,0.140066,19.61435637,0.140038,10.88054268
,,0.085223554,0.235343679,0.140166,19.54765105,0.140138,10.95197536
,,0.085158894,-0.21865587,0.140266,19.72687839,0.140238,10.81826161
,,0.085281701,0.208738751,0.140366,19.83310147,0.140338,10.95462496
,,0.085225959,0.041827864,0.140466,19.64728711,0.140438,10.82233957
,,0.085089354,-0.214476042,0.140566,19.8474454,0.140538,10.91899343
,,0.08514227,0.02506897,0.140666,19.76669518,0.140638,10.99628152
,,0.08515992,-0.208767513,0.140766,19.8899121,0.140738,11.02214798
,,0.08527051,0.173859245,0.140866,20.10477795,0.140838,10.96267487
,,0.085186756,-0.080299068,0.140966,20.0927472,0.140938,11.10454096
,,0.085161038,0.16061662,0.141066,19.85630149,0.141038,11.0104146
,,0.085168179,0.094592526,0.141166,20.14272238,0.141138,11.3046733
,,0.08519957,0.143902012,0.141266,19.97498995,0.141238,11.22008299
,,0.085130367,-0.165376142,0.141366,20.16876099,0.141338,11.18560059
,,0.085222892,0.095894833,0.141466,20.09643811,0.141438,10.8568249
,,0.085226049,-0.000209997,0.141566,20.17436083,0.141538,11.24689269
,,0.08518036,-0.02300614,0.141666,20.17682322,0.141638,11.3524846
,,0.085129239,-0.135717273,0.141766,20.15172591,0.141738,11.25515285
,,0.085179055,0.041189907,0.141866,20.26511683,0.141838,11.37276324
,,0.085244491,0.227899501,0.141966,20.34721461,0.141938,11.11058272
,,0.085146676,-0.101227358,0.142066,20.30774431,0.142038,11.13087913
,,0.085095466,-0.127658574,0.142166,20.4589277,0.142138,11.34651974
,,0.085187095,0.08159886,0.142266,20.45470697,0.142238,11.33591506
,,0.085237598,0.015720327,0.142366,20.46309089,0.142338,11.23618394
,,0.085144407,-0.106291541,0.142466,20.43313757,0.142438,11.47318332
,,0.085080155,0.131629508,0.142566,20.5910342,0.142538,11.46123427
,,0.08503545,-0.124428682,0.142666,20.48488972,0.142638,11.4394422
,,0.085107886,-0.017614903,0.142766,20.8044309,0.142738,11.57106537
,,0.085158187,0.21899799,0.142866,20.62958439,0.142838,11.75038448
,,0.085055087,-0.096486081,0.142966,20.70470152,0.142938,11.7042318
,,0.085005321,-0.105843263,0.143066,20.81496189,0.143038,11.62762407
,,0.085086446,0.047175881,0.143166,20.85569795,0.143138,11.70524541
,,0.085073093,-0.072147287,0.143266,20.85512397,0.143238,11.86741711
,,0.085068844,-0.05337665,0.143366,20.88285784,0.143338,11.74300671
,,0.085104345,-0.028639636,0.143466,20.98721187,0.143438,11.67948984
,,0.085128972,0.064829429,0.143566,20.77932824,0.143538,11.86536907
,,0.085142387,0.206980898,0.143666,21.08506091,0.143638,11.78310507
,,0.085029717,-0.22316757,0.143766,21.1800355,0.143738,12.02102905
,,0.085060507,0.055351515,0.143866,21.10304616,0.143838,12.0077698
,,0.085046177,-0.043627304,0.143966,21.19032313,0.143938,11.9715791
,,0.085036573,0.152489191,0.144066,21.36713666,0.144038,12.07245354
,,0.085012442,-0.048268869,0.141461928,8.807193641,0.144138,12.12237155
,,0.085050896,-0.111906553,0.138650831,5.213062863,0.144238,12.41366165
,,0.08504562,-0.145151315,0.136752611,2.706038923,0.144338,12.26385518
,,0.085078822,0.078602196,0.135409858,1.761909376,0.144438,12.30249143
,,0.085055085,-0.039761858,0.134385482,1.381929528,0.144538,12.1428027
,,0.08501433,-0.023062202,0.133521817,0.695215443,0.144638,12.19173171
,,0.085011835,-0.010811846,0.13286096,0.77443456,0.144738,12.0048162
,,0.084989006,-0.116624375,0.132272223,0.464607742,0.144838,12.34832354
,,0.085058541,0.051532558,0.131770078,0.458947927,0.144938,12.30895224
,,0.08501296,0.009668758,0.131309795,0.424844054,0.145038,12.3922539
,,0.08500427,-0.042470878,0.130898136,0.288035371,0.145138,12.5867955
,,0.085056221,-0.049059443,0.13052059,0.353224041,0.145238,12.47263181
,,0.085016288,-0.153195962,0.130149703,0.04689049,0.145338,12.58114844
,,0.085043899,0.320620826,0.129847068,0.445431002,0.145438,12.56554678
,,0.084964177,-0.02247363,0.129498892,0.197736872,0.145538,12.67039255
,,0.085002923,0.05204905,0.129207155,0.004889279,0.145638,12.72692835
,,0.084981664,0.105411543,0.128981003,0.026747546,0.145738,12.6553309
,,0.084909655,-0.067481629,0.128831552,0.049443475,0.145838,12.73955368
,,0.084934106,-0.007552989,0.128711586,0.161135064,0.145938,12.95566029
,,0.085005518,0.144977094,0.128632114,-0.095506253,0.146038,12.82556251
,,0.084979942,-0.04132124,0.128590344,0.068181786,0.146138,12.86759169
,,0.085032664,0.082183532,0.12853682,-0.042763867,0.146238,12.94516308
,,0.084987896,-0.336110237,0.128496269,0.015701072,0.146338,13.01882659
,,0.085010019,-0.058699628,0.128434647,-0.024081839,0.146438,13.03690209
,,0.084943526,-0.188085864,0.128423302,0.243693821,0.146538,13.14097372
,,0.084931545,0.082284033,0.128379935,-0.055954382,0.146638,13.17442391
,,0.084921294,0.005347895,0.128369855,-0.032664839,0.146738,13.22377045
,,0.084928354,0.005339158,0.128334374,0.025886413,0.146838,13.14923063
,,0.084943247,-0.0107406,0.128276347,0.064788993,0.146938,13.29846377
,,0.084961541,0.039241543,0.128219822,-0.086118965,0.147038,13.20547418
,,0.084976957,0.150796618,0.128141445,-0.031280297,0.147138,13.11591661
,,0.084896676,-0.177125272,0.12804141,0.182955105,0.147238,13.42189344
,,0.084900784,-0.005577864,0.127935276,-0.104844923,0.147338,13.42521788
,,0.084983804,0.141818,0.127914087,-0.020033964,0.147438,13.2335997
,,0.084968626,0.042729163,0.127882205,0.046351387,0.147538,13.3096777
,,0.084885035,-0.088377586,0.127768568,-0.115420784,0.147638,13.41833184
,,0.084830138,-0.310599922,0.127696385,-0.024122371,0.147738,13.46435566
,,0.084903552,-0.018333069,0.127633018,-0.101236849,0.147838,13.64222209
,,0.084940767,0.135166917,0.127559559,-0.070743095,0.147938,13.39003162
,,0.084828429,0.072385527,0.127513486,0.346250045,0.148038,13.56261871
,,0.084811948,0.029330773,0.127374052,0.028274521,0.148138,13.54887309
,,0.084886517,0.196243724,0.127306149,0.158993404,0.148238,13.65316689
,,0.08487763,-0.055210735,0.127246709,-0.009287943,0.148338,13.64652243
,,0.08491748,-0.102034032,0.127237817,0.113707032,0.148438,13.63449173
,,0.08490897,0.181423484,0.127209866,-0.004434137,0.148538,13.93396086
,,0.084853003,-0.051238947,0.127154632,0.106140992,0.148638,13.8136605
,,0.084816043,-0.13796221,0.127091009,-0.07344015,0.148738,13.97567617
,,0.084827899,-0.024010961,0.127132378,0.276955728,0.148838,13.77231851
,,0.08477995,-0.142321629,0.127051907,-0.106797106,0.148938,14.15171255
,,0.084804402,-0.013634458,0.12698458,0.007420544,0.149038,14.00418084
,,0.084840698,-0.061627779,0.126888156,-0.230243566,0.149138,14.12537984
,,0.084886188,0.128127323,0.126930156,0.231185478,0.149238,14.26427035
,,0.084780987,-0.300529505,0.126834094,-0.114145459,0.149338,14.23028342
,,0.084793262,0.068238578,0.1268205,0.013895073,0.149438,14.33300061
,,0.08485026,-0.059381801,0.126788789,-0.172938793,0.149538,14.36895905
,,0.084877258,0.167100832,0.126721497,0.047441719,0.149638,14.436559
,,0.084755732,-0.037276244,0.126634412,-0.076678886,0.149738,14.24473971
,,0.084717116,-0.132115163,0.126664278,-0.051318,0.149838,14.7171832
,,0.084812247,0.085403008,0.126739651,0.328740312,0.149938,14.59335478
,,0.084813733,0.038327038,0.12668401,-0.126527441,0.150038,14.46846822
,,0.084839254,-0.034626564,0.126684394,0.149101594,0.150138,14.63267347
,,0.08480443,-0.354626908,0.126564764,-0.133033334,0.150238,14.74746738
,,0.084835241,0.13852516,0.126547126,0.010857684,0.150338,14.81050447
,,0.084780656,0.065753063,0.126461156,-0.011326737,0.150438,14.87831033
,,0.08473565,-0.233554955,0.126407237,-0.08828806,0.150538,14.92988701
,,0.084788179,-0.083124111,0.1264064,-0.094018615,0.150638,14.85793034
,,0.084849568,0.216626518,0.12639194,-0.024307714,0.150738,14.77519774
,,0.084726879,-0.204161504,0.126396382,0.086148283,0.150838,14.93888506
,,0.084704544,0.112123532,0.126321995,-0.001102224,0.150938,15.0234917
,,0.084704048,0.021221774,0.126251505,0.094261388,0.151038,15.02755435
,,0.084763594,0.104084378,0.126172395,-0.18816186,0.151138,14.97644333
,,0.0847667,0.006745108,0.126206065,0.05751705,0.151238,15.16262215
,,0.084705591,-0.049346337,0.126142638,-0.161366004,0.151338,15.212575
,,0.084722385,-0.038972686,0.126136422,0.137784957,0.151438,15.21702519
,,0.084729807,-0.162369167,0.126119391,0.106310575,0.151538,15.15220747
,,0.084754431,0.184017502,0.126091375,-0.074562936,0.151638,15.11323354
,,0.084707395,-0.068977939,0.126137964,0.102818844,0.151738,15.27224654
,,0.084704785,-0.071551844,0.126067494,-0.053104799,0.151838,15.17460873
,,0.084678823,0.113026625,0.125993585,0.088498065,0.151938,15.54975534
,,0.084610447,-0.144622616,0.125886775,-0.048104262,0.152038,15.52840415
,,0.084700359,0.106986591,0.125859532,0.090193504,0.152138,15.56338456
,,0.084685389,0.045761147,0.125864194,0.011524428,0.152238,15.487159
,,0.084652032,0.110193202,0.12581805,-0.041559069,0.152338,15.51092197
,,0.084642654,0.307154834,0.125837609,0.042628006,0.152438,15.59659308
,,0.084623053,-0.17525271,0.125805688,-0.192167071,0.152538,15.64151442
,,0.084654517,-0.033376116,0.125840999,0.145147372,0.152638,15.52750409
,,0.084694411,0.095274824,0.125808165,0.03279234,0.152738,15.73097985
,,0.084602883,-0.150823462,0.125749189,-0.007138944,0.152838,15.79739161
,,0.084651507,0.112991803,0.125722548,0.197671724,0.152938,15.79740231
,,0.084683516,-0.013718623,0.125681423,-0.012602643,0.153038,15.80659562
,,0.084718795,0.133063901,0.125640895,-0.050932873,0.153138,15.95850963
,,0.084708993,-0.109417523,0.125646388,0.005269025,0.153238,15.9666663
,,0.084711612,0.046640995,0.125646755,0.00976786,0.153338,16.13605021
,,0.084634372,-0.162621665,0.125568105,-0.074397395,0.153438,16.16352312
,,0.084587366,-0.192867714,0.125590791,-1.30E-05,0.153538,16.27472967
,,0.084619459,0.09588466,0.125567916,0.153633448,0.153638,16.15840372
,,0.084649089,0.315234247,0.125452527,-0.118126637,0.153738,16.3111765
,,0.084662148,0.074226158,0.125472657,0.071356771,0.153838,16.29717028
,,0.084620476,-0.105235455,0.125461936,-0.174875586,0.153938,16.41093961
,,0.084616813,0.19913826,0.125534773,0.150147542,0.154038,16.49175121
,,0.08462375,-0.155050127,0.125508617,-0.086257174,0.154138,16.51799663
,,0.084686446,0.097758603,0.125402265,0.093560848,0.154238,16.52774728
,,0.084703311,-0.003915913,0.125291714,-0.219523629,0.154338,16.6961538
,,0.084630419,-0.084815718,0.125376133,0.150759611,0.154438,16.63695921
,,0.084575549,-0.015927259,0.125356421,0.045883608,0.154538,16.57150742
,,0.084584954,0.023599607,0.125325893,-0.077810077,0.154638,16.4495433
,,0.084582879,-0.097791476,0.125368992,0.085908966,0.154738,16.76735231
,,0.084651531,0.199914985,0.125309544,-0.087206587,0.154838,16.72881404
,,0.084641976,-0.001658716,0.125277472,-0.093690631,0.154938,16.96453577
,,0.084614323,-0.023794783,0.125273198,-0.061017417,0.155038,16.89096065
,,0.084627309,0.142921646,0.125262893,-0.081175751,0.155138,16.88581202
,,0.08461151,0.09607285,0.125319846,0.158041086,0.155238,16.9749517
,,0.084607505,0.043517066,0.125309112,0.021298824,0.155338,17.06233514
,,0.084626451,-0.045622244,0.12522835,0.168848196,0.155438,17.06189301
,,0.084609406,-0.002748856,0.125150928,0.040548577,0.155538,17.36807688
,,0.084581496,0.03399974,0.125122505,-0.087865419,0.155638,17.10128107
,,0.084568468,0.008204779,0.125143374,0.021665459,0.155738,17.28671608
,,0.084544903,-0.037763832,0.125163047,0.092924672,0.155838,17.26066378
,,0.084546956,-0.038295352,0.125129989,-0.064333232,0.155938,17.11922623
,,0.084586854,0.248477699,0.125151977,0.003280203,0.156038,17.52755461
,,0.084532653,-0.147720874,0.125168146,0.269689405,0.156138,17.3213788
,,0.084580519,0.090980533,0.125115863,-0.128521134,0.156238,17.41782968
,,0.084536585,-0.119552152,0.125110285,0.077113926,0.156338,17.44731476
,,0.084529974,-0.074689994,0.125023995,-0.278909067,0.156438,17.48877926
,,0.084547161,-0.010354216,0.125066776,0.060728479,0.156538,17.46486255
,,0.084535709,-0.041467546,0.125031217,-0.056049695,0.156638,17.66266813
,,0.084513897,-0.047626562,0.125016966,0.186857861,0.156738,17.57721939
,,0.084515037,0.019185717,0.12498341,-0.19439388,0.156838,17.59890883
,,0.084527638,0.074930357,0.125059074,0.006377548,0.156938,17.89952013
,,0.084514848,-0.068967707,0.125021531,0.069160266,0.157038,17.72898692
,,0.084518814,0.11953642,0.124926691,-0.194246753,0.157138,17.92762849
,,0.084549306,0.100557888,0.124903209,-0.035011658,0.157238,18.04896588
,,0.084519018,-0.037117139,0.124897666,-0.127627678,0.157338,18.03101612
,,0.084508032,-0.003554884,0.124900516,0.081109284,0.157438,18.15526808
,,0.084536396,0.042511616,0.124817596,-0.235052289,0.157538,17.93698477
,,0.084541235,0.062174849,0.124870322,0.13690085,0.157638,18.20523008
,,0.084514393,-0.024093267,0.124851004,-0.102346442,0.157738,18.21222356
,,0.084493727,0.162469558,0.124811516,-0.092781818,0.157838,18.1971731
,,0.084438937,-0.248145862,0.124785105,-0.068068236,0.157938,18.18348405
,,0.084536184,0.32523846,0.124765468,0.005860042,0.158038,18.32723289
,,0.084481609,-0.08707607,0.124775936,-0.059180333,0.158138,18.28621459
,,0.084500954,0.07614972,0.124773489,0.026643482,0.158238,18.31608761
,,0.084481208,0.035508807,0.124758927,-0.074577959,0.158338,18.28109252
,,0.084459451,0.07120645,0.124826146,0.22659619,0.158438,18.31963236
,,0.084483948,0.050323682,0.124786581,-0.00307024,0.158538,18.58431239
,,0.084462436,-0.000527777,0.124765446,0.001237946,0.158638,18.68165763
,,0.08444381,0.036450495,0.124721509,-0.095436202,0.158738,18.43246615
,,0.084469037,-0.118117371,0.124720363,0.099995972,0.158838,18.66219933
,,0.084514556,0.126337448,0.124669122,0.029790254,0.158938,18.63679145
,,0.08448288,0.101069113,0.124669863,0.128586784,0.159038,18.50559807
,,0.084397581,-0.163483758,0.124588465,-0.022436967,0.159138,18.63097716
,,0.084447145,-0.089017541,0.124626469,0.051483879,0.159238,18.67217044
,,0.084462002,0.085833466,0.124618016,0.050097049,0.159338,18.75347698
,,0.084450187,-0.077858445,0.124540622,-0.147980359,0.159438,18.83306928
,,0.084434993,0.017453308,0.124589485,0.200178063,0.159538,18.78827425
,,0.084363543,-0.147808956,0.124515858,-0.088756182,0.159638,18.75162539
,,0.084421401,-0.170782096,0.124464476,0.063067457,0.159738,18.85335973
,,0.084472414,0.134148381,0.124413162,-0.058824517,0.159838,18.75069749
,,0.084470801,0.092921396,0.12443336,0.134744117,0.159938,18.70268632
,,0.084486235,-0.037736782,0.124440427,-0.048763287,0.160038,19.01221401
,,0.084480497,0.098564344,0.124423228,0.219685132,0.160138,18.92937837
,,0.084410779,-0.181077451,0.124321616,-0.175294059,0.160238,18.86292363
,,0.084464367,0.125255987,0.124397353,0.110884449,0.160338,19.03919215
,,0.084421832,-0.059140117,0.124281641,-0.396179173,0.160438,18.91610542
,,0.084434479,0.099476925,0.124313614,-0.141076089,0.160538,18.92538344
,,0.084432275,-0.046540404,0.12442335,0.176135756,0.160638,19.19581012
,,0.084452179,0.102970761,0.124361004,-0.169487269,0.160738,19.19391867
,,0.084403821,-0.096942159,0.124316895,-0.004043743,0.160838,19.25781053
,,0.084426027,0.154582606,0.124265934,-0.084774638,0.160938,19.18796573
,,0.084385074,0.120206021,0.124312843,0.075063147,0.161038,19.40296217
,,0.084397709,0.006574346,0.124312467,0.203024639,0.161138,19.44314208
,,0.084448052,0.04335586,0.124286971,-0.047916205,0.161238,19.26139672
,,0.084526252,0.015670264,0.12429823,0.240784738,0.161338,19.56073635
,,0.084529884,0.070745414,0.124220404,-0.105311537,0.161438,19.19215521
,,0.084409432,-0.140268318,0.124233925,0.24646066,0.161538,19.3185746
,,0.084364823,-0.052645361,0.124200986,-0.046835558,0.161638,19.49408845
,,0.084342852,0.005884016,0.124243387,0.117014481,0.161738,19.62724874
,,0.084306557,-0.169093346,0.12425916,0.316634235,0.161838,19.66038059
,,0.084394733,0.112449416,0.124145605,-0.033491508,0.161938,19.78823098
,,0.084408943,-0.166321238,0.124169959,0.140707008,0.162038,19.97460821
,,0.084465838,0.221179937,0.124206295,0.053681346,0.162138,19.7874667
,,0.084307935,-0.168023776,0.124192254,0.124839165,0.162238,19.81408008
,,0.084365223,0.137231331,0.124065291,-0.027355078,0.162338,19.70800622
,,0.084466518,0.161211155,0.124086218,-0.036614162,0.162438,19.60750425
,,0.084352758,0.005784175,0.124139569,-0.161910757,0.162538,19.45140021
,,0.084313482,-0.048302566,0.124197177,0.173158421,0.162638,19.94342967
,,0.084415498,-0.172160663,0.124066789,-0.135614408,0.162738,19.77806667
,,0.084491977,0.148127581,0.124001291,-0.113440929,0.162838,19.81754819
,,0.084439012,0.048210886,0.124043737,0.035826026,0.162938,19.8996902
,,0.084414712,-0.124567653,0.124040612,-0.248042603,0.163038,19.95116304
,,0.08445128,0.088992759,0.124083581,0.187254955,0.163138,20.01399479
,,0.084403939,0.008939125,0.123989249,-0.160689352,0.163238,20.11192691
,,0.084451642,-0.013324666,0.123897867,-0.246742593,0.163338,20.0988141
,,0.084363145,-0.099628495,0.123889616,0.105810825,0.163438,19.93072687
,,0.084305651,0.000689049,0.123912597,-0.127494443,0.163538,19.97447081
,,0.0843923,0.003636021,0.123950231,0.148455254,0.163638,20.25807954
,,0.08446252,0.188864218,0.123896089,-0.064969721,0.163738,20.06060673
,,0.084409763,0.149973701,0.123924958,0.151829282,0.163838,20.204977
,,0.084364782,0.019706403,0.123861358,-0.120951743,0.163938,20.00840279
,,0.084385574,0.024854134,0.123857884,-0.057601024,0.164038,20.30989927
,,0.084351358,-0.168832677,0.123872821,0.091501868,0.164138,20.29686497
,,0.084356447,0.075722113,0.123836631,-0.047638443,0.164238,20.35698995
,,0.08426466,-0.151045956,0.12387183,-0.117197824,0.164338,20.34453083
,,0.084301061,0.024746899,0.123991722,0.089856315,0.164438,20.23611014
,,0.084361302,0.000272012,0.123918767,0.155463143,0.164538,20.34738987
,,0.084375391,-0.142442313,0.123799225,-0.108801984,0.164638,20.22240713
,,0.084322438,0.057609911,0.123821112,-0.048396063,0.164738,20.42194352
,,0.084283561,-0.189025654,0.1238533,0.010477491,0.164838,20.31414968
,,0.084359315,0.100390841,0.123795842,0.011335373,0.164938,20.39870226
,,0.084344592,0.104065341,0.123790061,-0.024912038,0.165038,20.70459088
,,0.084317716,0.043761211,0.123794964,0.25784098,0.165138,20.33286951
,,0.084306338,-0.026461047,0.123733422,-0.117045645,0.165238,20.54434951
,,0.084380214,0.238450784,0.123781023,0.089439803,0.165338,20.7142567
,,0.084344137,0.133142849,0.1237431,0.133889964,0.165438,20.39210296
,,0.084233743,-0.099500594,0.12367279,-0.10344355,0.165538,20.52792787
,,0.084236338,0.038147366,0.123690546,0.049644963,0.165638,20.59400419
,,0.08430257,0.223986613,0.123659301,-0.091224285,0.165738,20.47850018
,,0.084286782,-0.136439427,0.123731453,0.242393335,0.165838,20.52461343
,,0.084243381,0.012761008,0.123618412,-0.264434743,0.165938,20.51568395
,,0.084215636,-0.117513492,0.123644274,0.040921236,0.166038,20.44115619
,,0.084278889,0.113444506,0.123667058,-0.041278727,0.166138,20.61554256
,,0.084254257,-0.048619256,0.123670374,0.104803958,0.166238,20.76218271
,,0.084287048,-0.008603303,0.123668406,0.077527194,0.166338,20.93266099
,,0.084315397,0.074197446,0.123605038,0.021342041,0.166438,20.93618139
,,0.084318528,-0.01583648,0.123579305,0.021823798,0.166538,20.72054123
,,0.08430037,0.09059117,0.123599536,-0.10037536,0.166638,21.14337022
,,0.084224993,-0.11082738,0.123549598,-0.095183123,0.166738,20.9259069
,,0.084259522,-0.034794348,0.123544799,-0.175658349,0.166838,21.08090605
,,0.084312466,0.049094695,0.12360598,0.096701938,0.166938,21.05897465
,,0.084317364,0.038919278,0.123558289,0.023075872,0.167038,20.98179519
,,0.08428937,0.030186302,0.123478293,-0.165476182,0.167138,20.99417985
,,0.08425117,0.076816325,0.123532641,-0.030463635,0.167238,21.07761189
,,0.084260934,0.00249979,0.123598074,0.198079335,0.167338,21.12728153
,,0.084260675,0.041316579,0.123506805,-0.269979102,0.167438,21.27666387
,,0.084185205,-0.333251438,0.123512124,0.055749351,0.167538,21.12210316
,,0.084215168,0.00438837,0.123535245,-0.046207935,0.167638,21.30582874
,,0.084236676,-0.087241983,0.123584124,0.101807276,0.167738,21.19107069
,,0.084237826,-0.015728415,0.12356484,0.029753594,0.167838,21.39838341
,,0.084236245,0.080222592,0.123544598,0.052024257,0.167938,21.38166716
,,0.084217939,0.052596861,0.12346761,-0.003679378,0.168038,21.51488239
,,0.084227034,0.032043614,0.123470677,0.039001339,0.168138,21.54412237
,,0.084238989,-0.16876768,0.123508432,-0.051251909,0.168238,21.5796042
,,0.084244646,-0.093903519,0.123503383,0.066469048,0.168338,21.4120664
,,0.084200063,-0.097369937,0.123450294,0.094371196,0.168438,21.50800932
,,0.084207355,0.116301123,0.123451331,0.053712047,0.168538,21.55916935
,,0.084209775,0.060062024,0.123424313,-0.030162161,0.168638,21.47051355
,,0.08421655,-0.092697766,0.12342652,0.036700861,0.168738,21.63697627
,,0.084244793,0.01924026,0.123458443,-0.000346312,0.168838,21.70803767
,,0.084185037,-0.056105737,0.123445019,-0.037341228,0.168938,21.53231676
,,0.0841596,-0.21885984,0.123428141,0.091906936,0.169038,21.44830241
,,0.084242972,0.011700052,0.123365228,-0.079060835,0.169138,21.82665737
,,0.084248572,0.08837032,0.123395359,-0.058911018,0.169238,21.52999171
,,0.084176333,-0.045113609,0.123457951,0.053494791,0.169338,21.82671299
,,0.084175518,0.05505414,0.123436943,0.129991738,0.169438,21.81940469
,,0.084197485,-0.047538813,0.123409046,0.102889191,0.169538,21.77872837
,,0.084216124,-0.000507971,0.123336182,-0.298197481,0.169638,21.75591661
,,0.084187757,0.074916335,0.12334184,0.047558981,0.169738,21.85922506
,,0.084167092,0.001520306,0.123358825,0.22834492,0.169838,21.68927855
,,0.084126508,-0.125020741,0.123335487,-0.060942953,0.169938,21.7724173
,,0.08413106,0.104175112,0.1233763,0.075383957,0.170038,21.80646874
,,0.084060142,-0.189624548,0.123352137,-0.042378407,0.170138,21.92788749
,,0.084141348,0.205788031,0.123340791,0.00327878,0.170238,21.90486598
,,0.084155311,-0.044785964,0.123355358,0.12319022,0.170338,21.91163961
,,0.084175043,0.001219107,0.123260986,-0.232288237,0.170438,22.09902534
,,0.084151808,0.150885792,0.123241602,-0.212924516,0.170538,22.11953577
,,0.084042053,-0.239136747,0.123318267,0.080553336,0.170638,22.25767845
,,0.084133794,0.07235537,0.123343011,0.197797821,0.170738,21.95354903
,,0.084172591,0.036762129,0.123291656,0.025794333,0.170838,22.25483853
,,0.084159787,0.115590768,0.123219476,-0.045576234,0.170938,22.33725777
,,0.084101957,-0.284088175,0.123250256,0.174565737,0.171038,22.28105901
,,0.084179562,0.125533894,0.123215608,-0.22938115,0.171138,22.4505422
,,0.084130441,-0.04622914,0.123272049,0.095182234,0.171238,22.32936372
,,0.083988434,-0.145742724,0.123267555,0.023799772,0.171338,22.19650919
,,0.083991316,-0.197836574,0.123272485,-0.014816387,0.171438,22.12645555
,,0.084131121,0.233779671,0.123267414,0.097746428,0.171538,22.41051634
,,0.084068453,-0.166031425,0.12317126,-0.116808069,0.171638,22.24226684
,,0.084079524,0.139539702,0.123196747,0.177302024,0.171738,22.33085901
,,0.084048223,0.037284634,0.123125461,-0.025021117,0.171838,22.31210323
,,0.084022486,-0.232738111,0.123067957,-0.080590912,0.171938,22.20448771
,,0.084102172,0.121229323,0.123120602,-0.080091383,0.170335966,12.35016443
,,0.084055575,-0.11867809,0.123176671,-0.007857994,0.166827403,6.464407862
,,0.08406551,0.02220718,0.123154301,0.045351591,0.16455194,4.157326484
,,0.084061605,0.025191057,0.123080938,-0.194097918,0.162805952,2.810548722
,,0.084052826,0.04878941,0.12308894,0.010558073,0.161446782,2.235702024
,,0.084062469,0.011133737,0.123126392,0.08299727,0.160268331,1.668093879
,,0.084072389,-0.022604306,0.123128174,0.093776287,0.15928176,1.338135329
,,0.084039104,0.017932613,0.123098242,-0.026525697,0.158386596,1.179242724
,,0.084032048,-0.120060253,0.123109852,-0.030025388,0.157591032,0.973207516
,,0.084024467,-0.01866054,0.123170246,0.267818005,0.156831943,1.005594338
,,0.084047924,0.184726978,0.123058161,-0.098772245,0.156133593,0.772741505
,,0.084035617,-0.191095035,0.12304244,0.083381809,0.155474619,0.71683064
,,0.084062037,0.023450753,0.123007839,0.047563582,0.154802649,0.730687633
,,0.084078487,0.230919176,0.122999111,-0.043747149,0.154088315,0.608697891
,,0.084008801,-0.111655336,0.123034901,0.10506705,0.153430489,0.698424366
,,0.084079097,0.11869208,0.123022125,-0.037128631,0.152777478,0.594434905
,,0.084008675,-0.166159867,0.122966887,0.063649953,0.152196731,0.534612838
,,0.083996948,-0.087805447,0.122909541,-0.126866427,0.151716869,0.386667426
,,0.084042329,0.092877239,0.122926973,-0.040087202,0.151301574,0.392691107
,,0.084077967,0.174900219,0.122943888,0.00900165,0.150873371,0.246639967
,,0.08405449,-0.023587756,0.122936681,-0.050964684,0.150539239,0.251066767
,,0.084041774,-0.037498956,0.122954267,0.177764797,0.150198567,0.114495752
,,0.084069882,0.145960467,0.122913476,-0.067744104,0.149988125,0.13335713
,,0.084037704,-0.124361884,0.122906937,-0.13088241,0.149790518,0.125861464
,,0.084064914,-0.140391464,0.122938866,0.197279392,0.149601785,-0.090091841
,,0.08410086,0.13196587,0.122856103,-0.028849564,0.149502235,0.066737705
,,0.084022343,0.032881926,0.122857127,-0.005049545,0.149401372,0.268655686
,,0.083927109,-0.098728123,0.122904905,-0.135220467,0.149284493,-0.098133854
,,0.083966017,-0.070622849,0.122879424,0.108559246,0.149276189,0.229638213
,,0.083965651,-0.069265519,0.12286159,0.001720945,0.149222198,0.131376707
,,0.083966112,0.052155519,0.122914013,0.050877399,0.149141967,-0.078081292
,,0.083985615,0.145856967,0.122887226,0.009671796,0.14909221,0.039022624
,,0.083974981,-0.000299828,0.122820856,-0.271835189,0.149023433,-0.061694944
,,0.083961618,0.027956657,0.122854962,0.11420065,0.149047945,0.037473054
,,0.083908848,-0.004865111,0.1227932,-0.085604143,0.14899694,0.065887863
,,0.083907276,-0.195932006,0.122794577,-0.229328087,0.148868914,-0.094493872
,,0.083974518,-0.000798087,0.12288387,0.154340978,0.148791173,-0.12194661
,,0.083981175,-0.124651575,0.122858724,0.052239906,0.148817619,0.271985018
,,0.084031329,0.07989819,0.122845445,0.019315455,0.148714855,-0.134771657
,,0.084038856,0.041776713,0.122853524,0.103474389,0.148675718,0.058924098
,,0.08394106,-0.226105708,0.122845156,0.059476955,0.148619449,0.053327609
,,0.083897483,-0.123210337,0.122776735,0.004578833,0.148501919,0.04753032
,,0.083924496,-0.019310847,0.122735044,-0.089856268,0.148379021,-0.022299742
,,0.083975937,0.288352866,0.122737527,-0.083668066,0.148248195,0.117538163
,,0.083936598,-0.214965352,0.122819256,0.038833953,0.148157576,-0.101908714
,,0.084041644,0.152715079,0.122825996,0.176558089,0.148101541,0.128670993
,,0.084028706,0.005643746,0.122689594,0.057604506,0.147974591,0.218000657
,,0.083988588,0.143717759,0.122606964,-0.126574924,0.147764163,-0.126686833
,,0.083973401,0.08480709,0.122640596,-0.087931452,0.14769514,0.152013366
,,0.083954748,0.030390075,0.122741307,0.138551561,0.147534895,0.056424209
,,0.083906633,-0.006768274,0.122719328,-0.087662972,0.14741985,0.087477605
,,0.083918627,-0.039659152,0.122716348,0.124330348,0.147325841,-0.107445149
,,0.084002042,0.068113295,0.12264328,-0.006345355,0.14725242,0.204313553
,,0.083974741,-0.065804701,0.122639135,-0.035360835,0.147123029,-0.176207002
,,0.083960836,0.106253223,0.122646416,0.045881718,0.147092072,-0.052457457
,,0.083900057,0.009566097,0.122650791,-0.05136774,0.147070932,0.097753819
,,0.083844169,0.034663516,0.122653165,0.058502907,0.14696606,0.100787779
,,0.083875567,0.058907358,0.122600086,-0.070386966,0.146875338,0.130356798
,,0.083914026,-0.053559635,0.122616831,0.097511052,0.146790561,0.079705345
,,0.084022953,0.14508005,0.122640333,0.124899963,0.146742496,-0.006298751
,,0.084019394,0.106827956,0.12260428,-0.166548637,0.146672392,-0.087221253
,,0.083913105,-0.212118591,0.122688912,0.187241868,0.146631153,0.121878927
,,0.083904669,0.089781817,0.122646211,-0.003352854,0.146585451,0.009522554
,,0.083845257,-0.1832299,0.122611225,0.067299036,0.146566533,0.088149048
,,0.083909656,0.076280923,0.122536901,-0.152072638,0.146461237,-0.197741832
,,0.0839052,-0.027557658,0.122564129,0.121327704,0.146461054,-0.039749057
,,0.083958481,0.259566118,0.122557818,0.029553591,0.146454181,0.092238986
,,0.083942686,-0.044217381,0.122525229,-0.134044318,0.146374838,0.145187842
,,0.08393605,-0.095076067,0.12260175,-0.074214731,0.146255233,-0.054808441
,,0.083940143,0.148013098,0.122600301,-0.061008307,0.14618067,0.0286196
,,0.083858928,0.010453866,0.122553544,-0.048766507,0.146113644,-0.048376536
,,0.083853197,-0.102131117,0.122541044,0.125702877,0.146105288,0.180886043
,,0.08392855,0.024029405,0.122478677,-0.072235635,0.14607843,-0.005074375
,,0.083924839,-0.183135258,0.122496513,0.051903889,0.146007518,0.214795744
,,0.083997188,0.219560844,0.122515053,-0.089325606,0.145893316,-0.127582693
,,0.083912288,-0.02471375,0.122523182,0.105879425,0.14589049,0.020068865
,,0.083815107,-0.105548458,0.122484092,0.039298843,0.14583259,-0.101648089
,,0.083810641,0.161653114,0.122477344,-0.060013431,0.145788988,0.066202643
,,0.083778391,-0.153275286,0.122512003,0.074946307,0.145694966,0.030033906
,,0.083909742,0.171834387,0.122549633,0.083127255,0.145645297,-0.053156775
,,0.083927947,0.059642276,0.122530926,-0.089976886,0.14560871,0.083335888
,,0.083862297,0.091845773,0.122486477,-0.167467078,0.145473302,-0.048690039
,,0.083812174,-0.220107744,0.122464935,0.024303642,0.14543006,0.008166822
,,0.083855121,-0.139780683,0.122461078,0.181834504,0.145405774,0.046593829
,,0.083883808,0.092839128,0.122479132,-0.047540566,0.145373754,0.020477744
,,0.083826422,0.094327596,0.122433734,-0.102101533,0.145297142,0.145048653
,,0.083784527,-0.035229753,0.122465894,0.158284504,0.145216499,0.050871385
,,0.083900126,0.261574899,0.122454233,0.082642889,0.145171613,-0.049089669
,,0.083819007,-0.181829273,0.122450842,-0.092721035,0.145127243,-0.21967661
,,0.083791637,-0.110162564,0.122498851,0.168400323,0.145184,0.038286848
,,0.083888789,0.002807123,0.122439096,-0.303369194,0.145152601,0.008589729
,,0.08392117,0.229379759,0.12245413,0.13211511,0.145167028,0.159131157
,,0.083810377,-0.030449395,0.122406128,0.045055806,0.145101439,0.046241449
,,0.083816853,0.024332305,0.122373286,-0.005009358,0.145034812,0.014161207
,,0.083858999,0.039035936,0.122412787,0.047024896,0.145053106,0.066697838
,,0.083837898,-0.175602192,0.122443579,0.057903019,0.145004386,0.154624244
,,0.083853957,0.01468399,0.122426861,0.070232558,0.144974576,0.112001656
,,0.08384253,-0.162862266,0.122332291,-0.284531618,0.144972622,0.059147369
,,0.083875061,0.25436014,0.122399408,-0.002380658,0.144907357,0.064246261
,,0.083831672,-0.023529781,0.122432147,-0.105776915,0.144830203,0.080172909
,,0.083863372,-0.033560488,0.122461257,0.031051341,0.144830264,-0.031019207
,,0.083864515,-0.019944751,0.122422919,0.039402164,0.144847516,0.036999707
,,0.083836212,-0.008142045,0.122353197,0.01191354,0.144781227,-0.134033689
,,,,0.122333691,-0.148856539,0.144810131,0.291625533
,,,,0.122396975,-0.144994541,0.144666906,-0.129039609
,,,,0.122422852,0.033799593,0.144533687,-0.033370178
,,,,0.122419809,-0.097448836,0.144448758,-0.089586979
,,,,0.122443426,0.186772956,0.144485567,0.142536486
,,,,0.122408698,0.112848459,0.144445836,-0.109148081
,,,,0.122343868,0.105192939,0.144420266,0.196674647
,,,,0.122338774,0.064497113,0.14439644,-0.041783767
,,,,0.122400052,0.096912091,0.144308468,0.015522567
,,,,0.122436321,0.150616319,0.144250152,0.012994733
,,,,0.122360033,-0.124866878,0.144284057,0.028612803
,,,,0.122319709,0.01101975,0.144283724,0.011515594
,,,,0.12232032,-0.091988419,0.144218313,0.039756078
,,,,0.122371309,0.162040461,0.144221599,0.176337518
,,,,0.122307341,-0.172846198,0.144181654,-0.023864186
,,,,0.122349017,0.097236376,0.144149012,0.02231956
,,,,0.122268077,-0.223984664,0.144123713,0.019367517
,,,,0.122291723,0.234750248,0.144119849,-0.036457099
,,,,0.122260039,-0.045726822,0.1441296,0.027089391
,,,,0.12229509,0.188935213,0.144096068,-0.071671446
,,,,0.122225137,-0.200471479,0.144116109,-0.018848454
,,,,0.122304831,0.138391606,0.144095896,0.093352444
,,,,0.122327571,0.113751201,0.143966052,-0.124277317
,,,,0.122297611,-0.149355039,0.143901172,0.140002922
,,,,0.122328598,0.064784445,0.143864689,-0.040672224
,,,,0.122305647,0.114990957,0.143937401,0.166786271
,,,,0.12222362,-0.15493942,0.14385542,-0.102943677
,,,,0.122215418,-0.191516183,0.1437502,-0.140594586
,,,,0.122250544,-0.026372424,0.14376756,0.12782825
,,,,0.122279386,0.164740817,0.143713626,-0.090799346
,,,,0.122277826,-0.056639706,0.143687213,0.129191765
,,,,0.122322905,0.120244229,0.143658933,-0.012315502
,,,,0.122257792,0.021950553,0.143659051,0.068644142
,,,,0.122197998,0.048510472,0.143612336,-0.159056923
,,,,0.1221957,-0.127155602,0.143615213,0.124502796
,,,,0.122194272,-0.177690332,0.14360223,-0.062335816
,,,,0.122217957,-0.008928872,0.14363298,0.100614033
,,,,0.122205783,-0.053126639,0.143530932,-0.194729749
,,,,0.122190592,0.004218735,0.143532891,-0.073094155
,,,,0.122170013,-0.114771108,0.143540406,-0.100975274
,,,,0.122171176,0.079836806,0.143541288,-0.075713339
,,,,0.122127193,0.093641844,0.143495958,0.200563182
,,,,0.12209851,-0.08953303,0.14342036,-0.011961557
,,,,0.122146149,0.056355021,0.143397982,-0.095489939
,,,,0.122126867,0.008663524,0.143397333,-0.008280119
,,,,0.122135445,-0.00528526,0.14339109,0.093964612
,,,,0.122126805,-0.085394519,0.143304613,-0.292468516
,,,,0.122087591,-0.148987597,0.143297072,-0.006906834
,,,,0.122135323,-0.004489989,0.143280998,-0.078730109
,,,,0.12216403,-0.127312853,0.143350501,0.191845867
,,,,0.122166956,0.007600353,0.143279344,0.02023595
,,,,0.122077772,-0.106056649,0.143234232,-0.288100583
,,,,0.122093951,0.039552704,0.143271236,0.022156037
,,,,0.122177803,0.18100176,0.143217462,-0.089262967
,,,,0.122131524,-0.038789842,0.143189769,-0.100215614
,,,,0.122065815,-0.213239295,0.143145202,0.008751368
,,,,0.122087777,-0.064300905,0.143082959,-0.217814242
,,,,0.12203857,-0.046360189,0.143131757,0.256631335
,,,,0.122039991,-0.012738329,0.142999917,-0.21216246
,,,,0.122084278,-0.114742568,0.142998689,-0.149636252
,,,,0.1221212,0.018445875,0.143094464,0.257605798
,,,,0.12207086,0.036092409,0.143069883,0.162071522
,,,,0.122037627,0.021755427,0.142966054,-0.076644635
,,,,0.122048871,0.039119662,0.142935358,0.143272052
,,,,0.122022083,-0.081008897,0.142923938,-0.271885221
,,,,0.121991912,-0.002395628,0.143028737,0.086506816
,,,,0.121997877,0.017212106,0.142950523,-0.099318663
,,,,0.121975553,-0.142818004,0.14284607,-0.046484625
,,,,0.121971784,-0.130529395,0.142815352,-0.041374823
,,,,0.122017196,-0.15555623,0.142789204,-0.054381842
,,,,0.122145262,0.21768979,0.142767817,0.105183033
,,,,0.122027107,0.072692999,0.142726423,-0.078276259
,,,,0.121896166,-0.286391136,0.14271727,-0.067919325
,,,,0.121989942,0.12723506,0.142765351,0.061292698
,,,,0.121992368,0.105022087,0.142796689,0.008086532
,,,,0.121924682,0.129540517,0.142731719,-0.042529073
,,,,0.121911857,-0.123501442,0.142647736,-0.030022106
,,,,0.121970589,-0.072501723,0.142634917,-0.193624611
,,,,0.121986146,0.002775776,0.142669317,0.140260374
,,,,0.121988265,-0.015441035,0.142571011,-0.357919404
,,,,0.121937517,-0.120265357,0.142630625,0.151259893
,,,,0.12197444,0.295679309,0.142569953,-0.043494431
,,,,0.121978117,0.11052263,0.142546837,0.024770673
,,,,0.121987781,-0.039715926,0.14252213,-0.04110923
,,,,0.121964575,0.017535197,0.142499767,0.086367941
,,,,0.12195258,0.018233416,0.142441612,-0.105405184
,,,,0.121923497,0.144987072,0.142511535,0.204918711
,,,,0.121931167,-0.138909729,0.142512424,0.096978672
,,,,0.121978888,0.04721585,0.142471921,-0.114115768
,,,,0.121958598,0.133265687,0.142442803,0.023758929
,,,,0.121925644,-0.010953678,0.142429113,0.090981207
,,,,0.121922928,-0.013249918,0.142472828,0.251453197
,,,,0.12191261,0.087409315,0.142421433,-0.149173393
,,,,0.121968566,0.126718187,0.14239539,-0.03251426
,,,,0.122012365,0.090491901,0.142390503,-0.067413719
,,,,0.121966621,-0.003167211,0.142449301,0.14428575
,,,,0.12190389,0.042439627,0.142417443,0.071070609
,,,,0.12190535,0.004957091,0.142398643,0.055372904
,,,,0.121886165,0.016428571,0.142389487,-0.033854753
,,,,0.121904842,0.00503111,0.142349649,0.010963296
,,,,0.121907349,-0.037849457,0.142340385,0.055159689
,,,,0.121910651,-0.073074197,0.142295393,-0.210244979
,,,,0.121952302,0.093449162,0.142318377,0.036284561
,,,,0.121899367,-0.176369507,0.142264921,0.017498977
,,,,0.121947337,-0.030871241,0.142145706,-0.097009064
,,,,0.121921885,0.035060129,0.142182889,-0.021988032
,,,,0.121876986,-0.042124044,0.142227779,0.235274369
,,,,0.121910477,0.041671001,0.142107254,-0.011740723
,,,,0.121876364,-0.041671322,0.142025409,-0.133034139
,,,,0.121798413,-0.05432002,0.142047181,0.045513925
,,,,0.121814771,-0.113444963,0.142081409,0.24681507
,,,,0.121921443,0.186869068,0.142041167,-0.215559225
,,,,0.12191246,-0.012601476,0.142067226,-0.066719457
,,,,0.121922005,0.06076741,0.142093292,-0.006834053
,,,,0.121893744,0.093347246,0.142031133,0.137559896
,,,,0.12184033,-0.081012702,0.141941962,-0.118150827
,,,,0.121895392,0.122960404,0.142026848,0.208223349
,,,,0.121885618,-0.030305466,0.141974696,0.024552321
,,,,0.121855058,-0.021565225,0.14197146,0.039513221
,,,,0.121791054,-0.042736823,0.14197484,-0.174123244
,,,,0.121749421,-0.073294709,0.141969774,0.069449313
,,,,0.121829252,0.150357938,0.141950786,-0.108747958
,,,,0.121863446,0.029876155,0.142005142,-0.024547225
,,,,0.121819348,-0.061536357,0.14203038,0.216838424
,,,,0.121841802,0.07963253,0.141922987,-0.022402787
,,,,0.121803316,-0.028196403,0.141900215,-0.029729148
,,,,0.12188328,0.051963386,0.141964535,0.230374246
,,,,0.121897233,0.057675645,0.141936982,-0.042135985
,,,,0.121833099,0.004447431,0.141908803,-0.111629431
,,,,0.121803324,-0.103786244,0.141897018,0.126421097
,,,,0.121883325,0.072206835,0.141862388,0.023403223
,,,,0.121881538,0.009983217,0.141843556,0.099470239
,,,,0.121795549,-0.120448953,0.141825356,-0.28433214
,,,,0.121789203,-0.068054559,0.141924404,0.240385275
,,,,0.121853248,0.02000446,0.141848541,-0.051390881
,,,,0.12187018,0.029444381,0.141840378,0.023296008
,,,,0.121859055,-0.085179678,0.141879774,0.004434377
,,,,0.121889235,0.134556722,0.141871181,-0.136098145
,,,,0.121789286,-0.109755992,0.141883179,0.224466641
,,,,0.121794913,-0.141674803,0.141821185,-0.152627069
,,,,0.121861777,0.240391179,0.141791761,-0.066278154
,,,,0.121796356,-0.140989096,0.141784605,-0.236636663
,,,,0.121805755,0.082003218,0.141817646,0.160808347
,,,,0.121781398,0.017376447,0.14177304,0.186054567
,,,,0.121792811,0.000330075,0.141701489,-0.224535963
,,,,0.121809942,0.077636612,0.141697058,0.087056172
,,,,0.121859484,0.257615828,0.141727416,0.105436892
,,,,0.121808782,0.092995483,0.141720287,0.179515391
,,,,0.1217431,-0.089297311,0.141656356,-0.122583656
,,,,0.121734257,0.102808891,0.141684528,-0.016520633
,,,,0.121721024,0.131987056,0.14174174,0.030848528
,,,,0.121752986,-0.067435211,0.14178613,-0.100704738
,,,,0.121735417,-0.058224714,0.141809936,0.111711123
,,,,0.121694172,0.066200639,0.141731063,-0.096808209
,,,,0.121633593,-0.209112936,0.141726309,-0.068409868
,,,,0.121701256,0.026589121,0.141621808,-0.191514504
,,,,0.12166684,-0.082870991,0.141656723,-0.125045193
,,,,0.12164112,-0.017119365,0.141710597,0.14722816
,,,,0.121726906,0.018136585,0.141569647,-0.100670948
,,,,0.121735097,0.17272388,0.141545162,-0.046684855
,,,,0.121649876,0.077385543,0.141569685,0.127756676
,,,,0.121655611,-0.055158587,0.141598247,0.044995373
,,,,0.121664008,-0.061960956,0.141624629,-0.029091396
,,,,0.121667545,0.056024357,0.141590399,0.120727401
,,,,0.121645261,-0.136229297,0.141542169,-0.122407982
,,,,0.121703175,0.028598888,0.141603569,0.353981896
,,,,0.121762318,-0.083602884,0.141536388,0.067256471
,,,,0.121780386,0.207147145,0.141464278,-0.095745419
,,,,0.12167988,0.04038841,0.141458153,-0.075156498
,,,,0.121658999,-0.069218064,0.14157078,0.218436411
,,,,0.121674998,-0.030712111,0.141598105,0.038025759
,,,,0.121681642,-0.047351983,0.141625251,0.162374942
,,,,0.121692161,0.018871619,0.141498676,-0.092380618
,,,,0.121661611,-0.009679735,0.141429799,-0.011325191
,,,,0.12168265,0.194020489,0.14144882,0.014962627
,,,,0.121631095,0.024503445,0.141407445,-0.039397875
,,,,0.121578704,0.065589254,0.141362024,-0.016565972
,,,,0.121622975,0.078191096,0.141370436,0.08806407
,,,,0.121635687,0.117134065,0.141341664,-0.106830942
,,,,0.121602584,0.019675991,0.141349715,0.041435213
,,,,0.121523501,-0.171614534,0.141382753,0.272285548
,,,,0.121562589,-0.018377199,0.14126677,-0.17224637
,,,,0.121652333,0.201887088,0.141288335,-0.049664288
,,,,0.121601017,-0.061815554,0.141370439,-0.010856068
,,,,0.121607868,-0.043005274,0.141412741,-0.059233863
,,,,0.121635309,-0.033644042,0.141413261,-0.026675058
,,,,0.121657331,-0.062681424,0.141391311,0.001319343
,,,,0.121605675,-0.110529263,0.141356806,0.210986541
,,,,0.121554955,-0.031407515,0.141285309,-0.084401965
,,,,0.121610868,0.009771223,0.141292718,0.144572559
,,,,0.121581496,-0.041018667,0.141299598,0.01605748
,,,,0.121564719,0.074902551,0.141283581,0.028134367
,,,,0.121546668,-0.105438632,0.141199882,-0.347780877
,,,,0.121617837,0.115695951,0.141257103,0.036847461
,,,,0.121623666,0.175032998,0.141290409,0.027501963
,,,,0.121534682,-0.025166048,0.141331376,0.192230852
,,,,0.121492968,0.056673049,0.141255133,-0.172003423
,,,,0.121478417,0.010458071,0.141227867,0.033515875
,,,,0.121504426,-0.088653132,0.141199422,-0.072259524
,,,,0.121574949,0.044118801,0.141274339,0.079118889
,,,,0.121577508,0.022855958,0.141323725,0.199220775
,,,,0.121482177,0.075381352,0.141288803,0.110705073
,,,,0.121412261,-0.005197233,0.141228039,-0.153157803
,,,,0.121466612,0.032961662,0.141250326,0.043974015
,,,,0.121581097,0.133908773,0.141281989,-0.055214137
,,,,0.121584431,-0.039597244,0.141261946,-0.109094162
,,,,0.121570403,-0.094729448,0.141292494,0.146358051
,,,,0.121572514,0.133881428,0.141233407,0.09409503
,,,,0.121466929,-0.174878218,0.141141811,-0.278259931
,,,,0.121466786,0.034646139,0.141209194,0.267042653
,,,,0.121484829,0.108058739,0.141145591,-0.322451906
,,,,0.121506177,0.127724096,0.141195248,0.181823792
,,,,0.121472767,-0.089102805,0.141194339,-0.007330967
,,,,0.121487009,0.031990135,0.1411239,-0.15546144
,,,,0.121523936,0.064362722,0.141079356,-0.114013551
,,,,0.121455047,-0.180920669,0.141134321,-0.055461015
,,,,0.121414433,-0.011014079,0.141146574,0.061049601
,,,,0.121452586,0.094474,0.141080415,-0.050404732
,,,,0.121464807,0.050368132,0.141000524,-0.101316899
,,,,0.121463975,-0.02436544,0.141037191,-0.096925685
,,,,0.121472435,-0.092898676,0.141072838,0.170909091
,,,,0.121511085,0.04729021,0.140993796,-0.184851356
,,,,0.12153855,-0.013756508,0.141064057,0.119378129
,,,,0.121526582,-0.139510611,0.141102231,0.065633879
,,,,0.121490458,-0.049079172,0.141068058,-0.151295633
,,,,0.121438748,0.023457551,0.141033038,-0.050793023
,,,,0.121393635,0.059965387,0.141021725,-0.061022415
,,,,0.121402176,-0.089711934,0.141053586,0.215363047
,,,,0.121514501,0.013351204,0.140971671,0.039397017
,,,,0.121578809,0.12070392,0.140892699,-0.260237894
,,,,0.121543192,0.123976246,0.140926792,-0.079220825
,,,,0.121406529,-0.155014395,0.140953157,0.005220393
,,,,0.121464455,0.071764083,0.140998542,-0.041610463
,,,,0.12143383,-0.174483432,0.141029339,0.120576235
,,,,0.121458611,0.052489095,0.140964245,-0.074624363
,,,,0.121429293,-0.166215272,0.141000979,0.025034493
,,,,0.121435297,-0.107250194,0.14102836,0.00030631
,,,,0.121479701,-0.005742115,0.140989868,-0.031701322
,,,,0.121432927,-0.11407733,0.140995681,-0.093484313
,,,,0.121464354,-0.009521087,0.141064205,0.220821883
,,,,0.121413022,0.025807874,0.141023031,-0.040539199
,,,,0.121377528,0.040187896,0.140988201,0.007018047
,,,,0.121324432,-0.174578419,0.140939359,0.047064742
,,,,0.121401915,0.128112651,0.140905923,-0.115533842
,,,,0.12137173,-0.324759238,0.140965176,0.152160484
,,,,0.121425932,0.012776316,0.140897559,-0.110675595
,,,,0.121457791,0.101961523,0.140861165,-0.14865388
,,,,0.121401486,-0.029938904,0.140942923,0.031704698
,,,,0.121389114,0.109248038,0.140882595,-0.010170496
,,,,0.121389296,0.036349856,0.140776988,0.063304812
,,,,0.121348531,-0.12963533,0.140725716,-0.138571243
,,,,0.121371955,-0.073451736,0.140820546,0.198589723
,,,,0.121426693,0.062333659,0.140767013,-0.149475217
,,,,0.121438827,-0.107148537,0.140801156,0.148579829
,,,,0.121440232,-0.039583208,0.140752317,-0.131041093
,,,,0.121414604,0.148797457,0.140792131,0.142441357
,,,,0.121360693,-0.11362557,0.140746268,0.078558637
,,,,0.121308591,-0.082014547,0.141,-0.321793085
,,,,0.121351442,0.078264451,0.140767861,0.033883984
,,,,0.121377326,-0.064621849,0.140799284,0.122033686
,,,,0.121390203,0.022058149,0.140721472,0.009015961
,,,,0.121383518,-0.215350063,0.140694784,0.038436202
,,,,0.121444445,0.207577864,0.140707755,0.061665164
,,,,0.121352878,0.050128481,0.140672903,0.039331882
,,,,0.121318981,-0.068854883,0.140641783,-0.031782889
,,,,0.121365233,0.008743386,0.140654014,-0.077862557
,,,,0.121388625,0.036388518,0.140698391,0.032315857
,,,,0.121401926,-0.001938808,0.140706109,-0.143007552
,,,,0.121347725,-0.240182306,0.140748359,0.212906809
,,,,0.121333581,-0.100438054,0.140705035,-0.044179998
,,,,0.121283773,0.014304205,0.140751545,0.194537253
,,,,0.121202632,-0.070505279,0.140721634,0.00620219
,,,,0.121210867,0.078951305,0.140682916,0.231526936
,,,,0.121164962,-0.193818025,0.141,-0.060673716
,,,,0.121284525,-0.009611676,0.140689441,-0.061540978
,,,,0.121348492,0.033176857,0.140756374,0.039309231
,,,,0.121299086,0.014965535,0.140768362,-0.019440884
,,,,0.121303482,-0.006034933,0.140699109,0.145771129
,,,,0.121338976,-0.08526027,0.140546275,-0.192546627
,,,,0.121400778,0.083483764,0.140600326,-0.003673004
,,,,0.12132473,-0.119705104,0.140693766,-0.013966584
,,,,0.121305233,0.093485943,0.140678324,0.032637997
,,,,0.121261486,-0.031819009,0.140608436,-0.07000299
,,,,0.121305837,0.304446683,0.140554983,-0.257693416
,,,,0.121243762,-0.005995518,0.14061811,-0.022169263
,,,,0.121254012,0.102727057,0.140620127,0.190055482
,,,,0.121202998,-0.179408403,0.140535966,-0.107608667
,,,,0.121239522,0.064557662,0.14052245,-0.020881946
,,,,0.121249782,-0.119738826,0.140559538,0.10387148
,,,,0.121273437,0.184427245,0.140513423,0.044781095
,,,,0.121191964,-0.032197893,0.140458434,-0.07055785
,,,,0.121190292,0.053417425,0.140462849,-0.022188445
,,,,0.121181942,0.089766534,0.14044375,-0.033939559
,,,,0.121194796,-0.133960415,0.140458336,0.120400676
,,,,0.121257502,0.128080711,0.140431343,0.071907201
,,,,0.121222035,-0.033010977,0.140460477,-0.010805217
,,,,0.121220968,0.013498261,0.140441172,-0.082132201
,,,,0.121212227,0.075647793,0.140408225,-0.207950414
,,,,0.121174671,-0.034424654,0.140421505,-0.043755403
,,,,0.121197623,0.094845333,0.140416306,0.122138168
,,,,0.121224604,-0.076165908,0.14032518,-0.349615993
,,,,0.121249323,0.038961586,0.140428829,0.003600741
,,,,0.121148305,-0.190313443,0.140473526,0.122305078
,,,,0.121131012,0.077329748,0.140434737,0.125142405
,,,,0.121098505,0.06561771,0.140299513,-0.118973134
,,,,0.121106182,-0.081813208,0.140322936,0.053681364
,,,,0.121127814,-0.112673156,0.140406124,0.152855217
,,,,0.121192391,-0.030913775,0.140420507,0.056325654
,,,,0.12121327,0.152490998,0.140356645,-0.252098231
,,,,0.121128884,-0.030328539,0.140337815,0.02197121
,,,,0.121148416,-0.069634194,0.140372128,0.198017427
,,,,0.121209377,0.224939993,0.140381272,0.115478934
,,,,0.121134202,0.036851441,0.140348815,-0.155490655
,,,,0.121085296,-0.156129096,0.140354748,-0.05787703
,,,,0.121100686,0.076640812,0.140316436,-0.116128696
,,,,0.121092371,-0.093512104,0.140341442,0.020059539
,,,,0.121133416,0.094479161,0.1403183,-0.062141038
,,,,0.121155777,0.118569007,0.14,-0.020127901
,,,,0.121139328,0.143548356,0.14027593,-0.034330749
,,,,0.121040913,-0.117471235,0.140299909,-0.057296645
,,,,0.121106807,-0.065442608,0.140280185,-0.010834194
,,,,0.121152457,0.050629195,0.140233327,-0.073290424
,,,,0.12115216,-0.179160616,0.140184163,-0.187897635
,,,,0.12114089,-0.159178861,0.140229247,0.153684372
,,,,0.121153513,0.086442739,0.140182339,-0.123484383
,,,,0.121120455,-0.059562436,0.140216847,-0.099723407
,,,,0.121129212,-0.035092105,0.140239726,0.221913184
,,,,0.121154564,-0.154751976,0.140140281,-0.056372088
,,,,0.121201033,0.262119957,0.140102546,0.068289266
,,,,0.121089229,-0.030509446,0.140095994,0.059681241
,,,,0.121040305,-0.154264145,0.140132642,-0.039580652
,,,,0.121054346,0.03768862,0.14018554,0.013687903
,,,,0.121097007,0.07424281,0.140181531,0.033942608
,,,,0.121060548,-0.045716959,0.14015381,-0.083989538
,,,,0.12105998,0.165681637,0.140113576,-0.266879859
,,,,0.120997152,-0.042884667,0.140174843,0.157226328
,,,,0.121053356,0.046853379,0.140195064,0.025605499
,,,,0.121087121,-0.041049141,0.140191746,-0.085664705
,,,,0.12106258,0.003359277,0.140220762,-0.014062722
,,,,0.121057584,0.331711497,0.140225916,-0.007490961
,,,,0.121020034,0.007655964,0.140197369,0.027177613
,,,,0.121039383,0.072188672,0.140176549,-0.074811073
,,,,0.121048971,-0.003265185,0.140117981,-0.036791037
,,,,0.121051331,-0.154673731,0.140082315,-0.128796943
,,,,0.121075377,0.032431237,0.140118379,0.06308268
,,,,0.121005734,0.003239784,0.140096134,0.074117826
,,,,0.121024737,-0.017097651,0.140043963,-0.000466758
,,,,0.121115975,0.294897955,0.140047142,-0.039859619
,,,,0.121009592,-0.033465081,0.140124341,0.190932166
,,,,0.120971427,-0.248684234,0.140021195,-0.211052429
,,,,0.121007157,-0.20531327,0.140055553,0.088630874
,,,,0.121089803,0.069010398,0.140037388,0.021523393
,,,,0.121056587,-0.122173326,0.140058413,0.194137551
,,,,0.121057841,-0.132978484,0.139996806,0.092685693
,,,,0.121010949,-0.109312183,0.13992464,-0.130481844
,,,,0.121041502,0.085945964,0.13991785,-0.036375037
,,,,0.121023359,-0.159912267,0.139940923,0.134907618
,,,,0.121122504,0.027340427,0.139910508,-0.058257817
,,,,0.121145532,0.186176706,0.139877676,-0.110414022
,,,,0.121030652,-0.307580766,0.139900396,-0.085073882
,,,,0.121024003,0.059549974,0.13997635,0.074224003
,,,,0.120971041,-0.079442003,0.13995887,-0.14783352
,,,,0.12097445,-0.134643707,0.13995025,0.210483478
,,,,0.120948993,-0.055259595,0.139863064,-0.113929442
,,,,0.120976498,0.110504229,0.139897251,-0.067998445
,,,,0.120940781,-0.042886167,0.139951732,0.001670644
,,,,0.120961337,0.033547055,0.139964079,0.044967046
,,,,0.120982667,-0.039214324,0.139916669,-0.199736116
,,,,0.120963143,-0.141287151,0.139989045,0.098867633
,,,,0.120954584,-0.242125594,0.139941557,0.098095669
,,,,0.120950502,0.109175416,0.139841886,-0.068709629
,,,,0.120931928,-0.157094758,0.139877357,0.110882314
,,,,0.121019467,-0.008553,0.13987978,0.03051741
,,,,0.121021141,0.063711027,0.14,-0.293792317
,,,,0.120963049,0.141100534,0.139879437,0.169667573
,,,,0.120844731,-0.0432955,0.139837329,-0.05493598
,,,,0.120813457,-0.044285457,0.139883662,0.035240769
,,,,0.120850893,0.033619155,0.139855127,-0.051404414
,,,,0.120891556,0.115116255,0.139904277,0.204473213
,,,,0.120905277,0.176680675,0.139851791,0.031058436
,,,,0.120879048,0.072925714,0.139792952,0.124020897
,,,,0.120868532,0.007177078,0.139767054,-0.093243801
,,,,0.120910264,-0.030351836,0.139748816,-0.120273866
,,,,0.12099548,0.285954986,0.139757658,0.020027224
,,,,0.120949746,-0.142213618,0.139725688,-0.02913674
,,,,0.120937255,0.023779603,0.139770921,0.103812395
,,,,0.120945548,0.138119658,0.139746287,-0.062997584
,,,,0.120928464,-0.095670678,0.13969262,0.04531852
,,,,0.120926557,0.083001178,0.139701988,-0.144551332
,,,,0.120821295,-0.350780307,0.139774265,0.179200918
,,,,0.120898899,0.183564385,0.139753983,-0.168235633
,,,,0.120935703,-0.014677329,0.139787359,-0.022066416
,,,,0.120952514,0.086034751,0.139725609,-0.22216283
,,,,0.120912789,0.051157561,0.139795013,0.201030158
,,,,0.120909794,0.100175893,0.139774823,0.03360897
,,,,0.120848964,-0.056235602,0.139752394,-0.086251263
,,,,0.120841201,-0.009572478,0.139798832,0.08023888
,,,,0.120826967,-0.233553847,0.139766849,0.074347
,,,,0.12091124,0.215057331,0.139662348,-0.133013061
,,,,0.120828544,-0.160730646,0.139653528,-0.15139493
,,,,0.120847161,0.176880674,0.139717302,0.171048638
,,,,0.120883415,0.096935029,0.139683469,0.04169881
,,,,0.12081245,-0.056319056,0.139725193,0.093168785
,,,,0.120793323,-0.064006405,0.139758963,0.195827968
,,,,0.120911978,0.119968569,0.139728214,-0.10727969
,,,,0.12094135,0.084712023,0.13965474,0.07445439
,,,,0.120872507,0.105968395,0.139642562,-0.003199663
,,,,0.120804556,-0.030303266,0.13968816,0.051118463
,,,,0.120809453,-0.055295671,0.139649184,-0.057380289
,,,,0.120870183,-0.00850735,0.139651205,0.017538972
,,,,0.12086913,-0.015009699,0.139637529,0.125652958
,,,,0.120863693,0.158123755,0.139659427,0.012593341
,,,,0.120816501,-0.138682652,0.139736746,0.201198257
,,,,0.120833982,0.086578421,0.139653436,-0.169029223
,,,,0.120861016,0.182490902,0.139595854,-0.119834261
,,,,0.120822931,0.236520358,0.139612846,-0.027299588
,,,,0.120722133,-0.183058037,0.139624483,-0.071440446
,,,,0.120771719,0.009749653,0.139618322,0.01302192
,,,,,,0.139598505,0.072547265
,,,,,,0.139608972,0.131715539
,,,,,,0.139627352,0.070474735
,,,,,,0.139613132,0.064133433
,,,,,,0.13955648,-0.075594078
,,,,,,0.139562698,-0.091849063
,,,,,,0.139621366,0.210264561
,,,,,,0.139591553,0.103026069
,,,,,,0.139554836,-0.148699966
,,,,,,0.13958783,0.071172307
,,,,,,0.13962393,-0.000841198
,,,,,,0.139626817,0.076324344
,,,,,,0.139601649,-0.131200817
,,,,,,0.139630063,0.123901248
,,,,,,0.139622314,0.111350912
,,,,,,0.139574038,0.166208505
,,,,,,0.139486971,-0.071121004
,,,,,,0.139482046,-0.022474059
,,,,,,0.139496478,-0.037734976
,,,,,,0.13947327,-0.148595476
,,,,,,0.139468117,0.171347086
,,,,,,0.139452634,0.147048617
,,,,,,0.139455316,-0.031976313
,,,,,,0.139466227,0.149315821
,,,,,,0.139422393,-0.132883132
,,,,,,0.139437297,0.054648832
,,,,,,0.139413393,0.03193354
,,,,,,0.139409644,0.01716367
,,,,,,0.139422684,-0.075510912
,,,,,,0.139490352,0.014467302
,,,,,,0.139505232,-0.018206642
,,,,,,0.139423197,-0.146905983
,,,,,,0.139444775,0.085471218
,,,,,,0.139431994,-0.146696924
,,,,,,0.139504261,0.142931967
,,,,,,0.139471491,-0.041084987
,,,,,,0.139500303,-0.137041444
,,,,,,0.139533842,0.18154225
,,,,,,0.139432466,-0.050360088
,,,,,,0.139360961,-0.230134009
,,,,,,0.139479127,0.16336057
,,,,,,0.139487491,-0.175559977
,,,,,,0.139518671,0.142041773
,,,,,,0.139524848,-0.015561946
,,,,,,0.139493098,-0.044255898
,,,,,,0.13949355,0.169421223
,,,,,,0.139439152,0.177059414
,,,,,,0.139452626,0.195592474
,,,,,,0.139448788,0.108446899
,,,,,,0.139410204,-0.034137818
,,,,,,0.139423346,-0.01092065
,,,,,,0.139409834,0.048488507
,,,,,,0.139307331,-0.010881674
,,,,,,0.139240111,-0.206611432
,,,,,,0.139309077,0.112056343
,,,,,,0.139403877,0.074431323
,,,,,,0.139399774,-0.034858326
,,,,,,0.139379114,-0.025081824
,,,,,,0.139300279,0.003569506
,,,,,,0.139231178,-0.151109217
,,,,,,0.139244353,-0.155029156
,,,,,,0.13930869,-0.001890233
,,,,,,0.139345633,0.163004696
,,,,,,0.13932017,0.177541539
,,,,,,0.139260078,0.058345998
,,,,,,0.139219525,-0.052431727
,,,,,,0.139242145,0.014232438
,,,,,,0.139343646,0.150335345
,,,,,,0.139361529,0.026801696
,,,,,,0.1393098,0.047329096
,,,,,,0.139259473,-0.085983112
,,,,,,0.139293642,0.000506662
,,,,,,0.139306485,0.113754554
,,,,,,0.139212594,-0.221698218
,,,,,,0.139183151,-0.169358795
,,,,,,0.139271655,0.099911768
,,,,,,0.139239609,0.092258342
,,,,,,0.139167889,-0.07708483
,,,,,,0.139175154,-0.148928099
,,,,,,0.139207759,-0.096951086
,,,,,,0.139364714,0.111023708
,,,,,,0.139370779,-0.024509277
,,,,,,0.13926563,0.114273044
,,,,,,0.139144307,-0.163651177
,,,,,,0.139208928,0.035884302
,,,,,,0.139278091,0.067779866
,,,,,,0.139223368,-0.101890996
,,,,,,0.139178978,0.048719845
,,,,,,0.139147289,-0.094196827
,,,,,,0.139231394,0.345503209
,,,,,,0.139189887,-0.063875363
,,,,,,0.139191265,0.250745468
,,,,,,0.139074263,-0.182795304
,,,,,,0.139158344,0.095869286
,,,,,,0.139206168,0.081893672
,,,,,,0.139163972,-0.243886726
,,,,,,0.139229034,0.192750582
,,,,,,0.139190006,-0.057655081
,,,,,,0.139119477,-0.074474207
,,,,,,0.139099184,-0.028617583
,,,,,,0.13914662,-0.003369412
,,,,,,0.139169664,0.080067535
,,,,,,0.139164969,0.095957322
,,,,,,0.139157529,-0.03817041
,,,,,,0.139207458,0.253408505
,,,,,,0.139112867,-0.200530006
,,,,,,0.139146123,0.199937799
,,,,,,0.139071252,-0.049184057
,,,,,,0.139031487,0.009432018
,,,,,,0.1390425,-0.004306953
,,,,,,0.139044241,-0.153094166
,,,,,,0.139031371,-0.054786823
,,,,,,0.139054525,-0.020187964
,,,,,,0.139092669,0.121699908
,,,,,,0.139029321,-0.076382552
,,,,,,0.139027858,-0.120470467
,,,,,,0.139089242,0.025838396
,,,,,,0.139088551,-0.091877731
,,,,,,0.139022926,-0.172451897
,,,,,,0.139017985,0.018856264
,,,,,,0.139077981,0.113397111
,,,,,,0.139115857,0.074741616
,,,,,,0.13909503,-0.077573772
,,,,,,0.139065596,-0.067581666
,,,,,,0.138977172,-0.055534327
,,,,,,0.139030642,0.143018598
,,,,,,0.139048646,0.18733445
,,,,,,0.138994917,-0.139817544
,,,,,,0.139078249,0.204235508
,,,,,,0.139049482,-0.026053933
,,,,,,0.138986354,-0.093007274
,,,,,,0.139040948,0.008137591
,,,,,,0.139113793,0.001197593
,,,,,,0.139109409,0.176710638
,,,,,,0.1390165,-0.028048326
,,,,,,0.13894013,-0.065002114
,,,,,,0.138937739,0.069862476
,,,,,,0.139019692,-0.011940561
,,,,,,0.139088346,-0.055660624
,,,,,,0.139036344,0.055726277
,,,,,,0.138953303,-0.102992678
,,,,,,0.138989739,-0.086610723
,,,,,,0.139077703,0.155560428
,,,,,,0.1390988,0.247588389
,,,,,,0.138976144,-0.173611924
,,,,,,0.138991319,-0.023766515
,,,,,,0.138973681,-0.163272522
,,,,,,0.139026284,0.256567599
,,,,,,0.138959192,-0.046813938
,,,,,,0.138989721,0.178309929
,,,,,,0.138936999,-0.10938053
,,,,,,0.138912073,-0.097203667
,,,,,,0.138900755,0.019743304
,,,,,,0.138862589,0.062332732
,,,,,,0.138901717,-0.069753999
,,,,,,0.138933562,-0.017096281
,,,,,,0.13888572,-0.121018942
,,,,,,0.138914256,0.032736358
,,,,,,0.138881924,-0.13290014
,,,,,,0.138863231,-0.053111798
,,,,,,0.138928012,0.108530333
,,,,,,0.138946461,0.02874448
,,,,,,0.138898076,-0.115027645
,,,,,,0.138854511,-0.097285315
,,,,,,0.138894365,0.02493611
,,,,,,0.138932847,0.03548628
,,,,,,0.138933915,0.024488694
,,,,,,0.138922167,-0.075989446
,,,,,,0.138942328,0.19147125
,,,,,,0.138942675,-0.075083665
,,,,,,0.138962204,0.01495714
,,,,,,0.138906288,-0.059777026
,,,,,,0.138807565,-0.09453322
,,,,,,0.138809316,-0.089124595
,,,,,,0.138887497,0.085857554
,,,,,,0.138932194,-0.011223657
,,,,,,0.138931031,-0.078498886
,,,,,,0.13884545,-0.079731197
,,,,,,0.138834482,0.130795506
,,,,,,0.138806406,0.001571136
,,,,,,0.138813646,-0.140698625
,,,,,,0.138852277,-0.02645696
,,,,,,0.13883639,0.020312678
,,,,,,0.138840747,0.020184022
,,,,,,0.138813889,-0.045016094
,,,,,,0.138838429,-0.017995628
,,,,,,0.138861471,0.14458274
,,,,,,0.138854838,-0.130857005
,,,,,,0.138913592,0.086926005
,,,,,,0.138915493,-0.113017675
,,,,,,0.138927807,0.132278638
,,,,,,0.138811164,-0.07327319
,,,,,,0.138830036,0.178804829
,,,,,,0.13885852,-0.115671017
,,,,,,0.138919556,0.209515609
,,,,,,0.138876364,0.057392527
,,,,,,0.138837313,-0.028683897
,,,,,,0.138831851,-0.07217729
,,,,,,0.138864501,0.016255951
,,,,,,0.138803547,0.073964606
,,,,,,0.138670732,-0.234578851
,,,,,,0.138682827,0.074800632
,,,,,,0.138706414,-0.001221851
,,,,,,0.138778285,0.012638374
,,,,,,0.138809967,0.161116963
,,,,,,0.138806439,0.027472025
,,,,,,0.138784576,0.040573362
,,,,,,0.138738503,-0.021790916
,,,,,,0.138779297,0.129822478
,,,,,,0.138739215,0.038272591
,,,,,,0.13867823,-0.141564375
,,,,,,0.138759981,0.202304934
,,,,,,0.138685954,-0.258304043
,,,,,,0.13881401,0.284496432
,,,,,,0.138741434,-0.180754905
,,,,,,0.138707479,0.062897081
,,,,,,0.138671816,-0.108466658
,,,,,,0.138702975,0.086791789
,,,,,,0.13873281,-0.050073844
,,,,,,0.13876124,0.041150387
,,,,,,0.138744946,-0.066837262
,,,,,,0.138666637,-0.105583676
,,,,,,0.13871481,0.027569522
,,,,,,0.138727638,0.026404569
,,,,,,0.138649851,-0.153626514
,,,,,,0.138675797,-0.037162821
,,,,,,0.138733334,0.077821913
,,,,,,0.138694787,0.063462646
,,,,,,0.13864475,-0.052557806
,,,,,,0.138664157,-0.104523343
,,,,,,0.138666868,0.109800927
,,,,,,0.138617465,-0.055786335
,,,,,,0.138633823,0.052815175
,,,,,,0.138613371,0.006757838
,,,,,,0.13865609,0.059038417
,,,,,,0.138664604,-0.018536006
,,,,,,0.138665303,-0.041052327
,,,,,,0.138646971,0.088229572
,,,,,,0.13861957,-0.204860447
,,,,,,0.13868706,0.134178317
,,,,,,0.138730002,-0.027990859
,,,,,,0.138736799,-0.069211379
,,,,,,0.138751726,0.033584146
,,,,,,0.138717827,-0.033248848
,,,,,,0.138682012,0.194917833
,,,,,,0.138641539,-0.215300961
,,,,,,0.138679696,0.072908495
,,,,,,0.138697975,0.131097504
,,,,,,0.138671459,0.000437341
,,,,,,0.138654548,-0.039559484
,,,,,,0.138700146,0.122804087
,,,,,,0.13862846,-0.306444684
,,,,,,0.13864629,0.022485198
,,,,,,0.138576789,-0.088849335
,,,,,,0.138570701,0.072368536
,,,,,,0.138564185,-0.204388045
,,,,,,0.138587562,-0.164886899
,,,,,,0.138571244,-0.12671276
,,,,,,0.138562655,-0.164194669
,,,,,,0.138596403,0.001587663
,,,,,,0.138593914,0.055548868
,,,,,,0.13854973,-0.063575748
,,,,,,0.138547554,0.052645534
,,,,,,0.138486881,-0.126089656
,,,,,,0.13852291,0.108298169
,,,,,,0.138530531,0.135633277
,,,,,,0.138518041,0.011570753
,,,,,,0.138435731,-0.123530835
,,,,,,0.13846165,0.19903133
,,,,,,0.138441755,0.000505467
,,,,,,0.138455755,0.172756255
,,,,,,0.138444759,-0.094007813
,,,,,,0.138443085,0.07127719
,,,,,,0.13847066,0.077255524
,,,,,,0.138451451,0.064478796
,,,,,,0.138461896,-0.027502378
,,,,,,0.138554251,0.00401744
,,,,,,0.138559315,0.231541607
,,,,,,0.138463606,-0.397850135
