3.79999999999997e-05 -78.6299702420296 50 319.924935220636 -19740162.5540272 19047.1940220864 -868242.356950328
0.000137999999999999 -70.8548690187256 100 79.898396836183 -18834788.4135525 4756.8666866898 -820373.169312042
0.000237999999999998 -57.9342644812579 150 50.4720972103069 -17839976.0945442 3004.92935195354 -726177.438298611
0.000337999999999998 -48.2068438858949 200 39.5177591864634 -17227595.5199353 2352.74698429979 -667707.07605564
0.000437999999999997 -42.1266196541221 250 34.4698585245832 -16803273.1743632 2052.21291294102 -626575.2139346
0.000537999999999996 -35.2654092639229 300 34.7377207159863 -16310128.7744922 2068.16047616336 -579165.866241732
0.000637999999999996 -29.1656713697156 350 33.2521731158155 -15916560.5711059 1979.71624986389 -540276.101686396
0.000737999999999995 -24.4863382559424 400 29.4931599613037 -15629381.1808109 1755.91796156797 -511071.40729807
0.000837999999999994 -21.3380129204774 450 26.7797885064401 -15399854.0732596 1594.37346514059 -487922.95790677
0.000937999999999994 -18.8861884495834 500 24.6480669700715 -15192628.4703928 1467.45833838978 -467321.651095793
0.00103799999999999 -16.6961125861338 550 21.5039090855782 -14997842.8157811 1280.26634842903 -448260.912716921
0.00113799999999999 -14.7785484834591 600 19.2809966965314 -14811537.3913955 1147.92204229023 -430312.402184105
0.00123799999999999 -12.9850869397431 650 17.8172699253323 -14625718.6232618 1060.77695062326 -412615.701767319
0.00133799999999999 -11.3291453153927 700 16.6850069990261 -14451119.7772392 993.366038665127 -396046.225568709
0.00143799999999999 -9.76357433022431 750 15.9060386966717 -14284358.2246028 946.989033441174 -380279.868345408
0.00153799999999999 -8.36537175157683 800 15.2656596526002 -14130869.8531072 908.863140279097 -365709.215565398
0.00163799999999999 -7.05526226534472 850 14.6158911517446 -13984745.9440528 870.178232218702 -351862.354675882
0.00173799999999999 -5.99956788743197 900 13.8826308185788 -13864472.6756508 826.522517090164 -340381.340300001
0.00183799999999999 -5.07437731895527 950 13.1261400661787 -13760823.4842163 781.483745332838 -330437.330224288
0.00193799999999999 -4.21876727201626 1000 12.4383986022102 -13661731.9668023 740.53806195806 -320936.32469166
0.00203799999999999 -3.44068569721936 1050 11.8439738078933 -13575781.2177774 705.148121561303 -312638.89719573
0.00213799999999998 -2.69741574239834 1100 11.3103273967345 -13496577.7446073 673.376710165938 -304995.27851399
0.00223799999999998 -2.19323778170131 1150 11.0110642146908 -13431773.7520991 655.559643521466 -298663.778910672
0.00233799999999998 -1.66621830880609 1200 10.5663134562411 -13373579.8172227 629.080763462246 -292980.88538976
0.00243799999999998 -1.24467103338936 1250 10.1304058148457 -13321076.3750148 603.128371174841 -287879.116059232
0.00253799999999998 -0.892142972536096 1300 9.70190247638588 -13278227.8201652 577.616804778408 -283616.582991733
0.00263799999999998 -0.553779943618895 1350 9.41574516045971 -13232031.2501524 560.580014840399 -279131.746050509
0.00273799999999998 -0.236641556895344 1400 8.97521520511254 -13190875.4196562 534.352426402342 -275126.169603763
0.00283799999999998 0.0419911915532167 1450 8.66260716690957 -13157830.4982531 515.740854433407 -271866.731515386
0.00293799999999998 0.241363037943676 1500 8.5325520785305 -13130174.2203641 507.997836527637 -269103.857925683
0.00303799999999998 0.377447574443604 1550 8.46291430347729 -13110044.4476186 503.851850808236 -267047.685984948
0.00313799999999998 0.567627859568195 1600 8.2440824547712 -13083614.214005 490.82337999635 -264450.777480519
0.00323799999999998 0.738105834973419 1650 7.95280461433703 -13059493.033172 473.4817322212 -262126.710592608
0.00333799999999998 0.70949091044295 1700 7.80480163744406 -13048527.6170037 464.670160798102 -260976.742073111
0.00343799999999998 0.79167437821308 1750 7.68742333194138 -13037073.2176867 457.681873507048 -259767.481925648
0.00353799999999998 0.842681051459366 1800 7.58787473404234 -13025496.051607 451.755103661797 -258610.263567894
0.00363799999999997 0.871408202940418 1850 7.68290573108671 -13017492.9486993 457.412911602176 -257775.807602827
0.00373799999999997 0.882380476324541 1900 7.68828747983124 -13007294.52415 457.733321802289 -256762.071600846
0.00383799999999997 0.906373112707944 1950 7.84427149877365 -12998730.7394257 467.020056114173 -255896.346367926
0.00393799999999997 0.856461489390764 2000 7.89217324751677 -12997612.6266005 469.871956050257 -255717.3224508
0.00403799999999997 0.876169195930725 2050 8.00142395974255 -12990801.4708737 476.376355313104 -255039.823820189
0.00413799999999997 0.794205926704859 2100 8.1171201406211 -12988971.5728494 483.264494880245 -254799.182622245
0.00423799999999997 0.844165347182012 2150 8.3087371125098 -12981560.3339918 494.672688614727 -254067.944413272
0.00433799999999997 0.844131282624343 2200 8.4601164790937 -12972063.3000278 503.685278284475 -253175.103129358
0.00443799999999997 0.778072709559862 2250 8.63381893154388 -12976137.762044 514.026905177824 -253493.807495096
0.00453799999999997 0.676756446811471 2300 8.81542179818052 -12975972.3395586 524.838894663451 -253448.575009443
0.00463799999999997 0.605006654452505 2350 9.01940144138384 -12976990.6040643 536.98311792623 -253472.787960893
0.00473799999999997 0.608485467754567 2400 9.21457878370356 -12967604.6136528 548.603283466984 -252585.556751058
0.00483799999999997 0.628780461139644 2450 9.41928097600594 -12962918.0210359 560.790524736068 -252129.578070589
0.00493799999999997 0.548276253710583 2500 9.57411061637446 -12962709.0126421 570.008531448909 -252066.6789865
0.00503799999999997 0.627461795620886 2550 9.66419563274903 -12953915.5776645 575.371873272159 -251246.580972555
0.00513799999999996 0.597282275714156 2600 9.72722660916575 -12946537.6097723 579.124513673204 -250560.018898532
0.00523799999999996 0.546577461664665 2650 9.88379051794767 -12946839.1897393 588.445772565916 -250540.161103713
0.00533799999999996 0.510473101012861 2700 10.1025674643036 -12941461.217797 601.470974686929 -250026.364664396
0.00543799999999996 0.520964902463646 2750 10.2347137278727 -12939414.484668 609.338493734043 -249803.67266492
0.00553799999999996 0.51549679353573 2800 10.3683872980295 -12934381.5392703 617.296943189211 -249354.845655929
0.00563799999999996 0.522991755814188 2850 10.6082039562238 -12931322.1959777 631.57477500374 -249031.315282457
0.00573799999999996 0.461143679067931 2900 10.9106386550022 -12930551.3900361 649.58066248691 -248925.494970477
0.00583799999999996 0.403601227428149 2950 11.1825123475859 -12930866.2803317 665.767056237597 -248917.692611233
0.00593799999999996 0.514963189999585 3000 11.3703253114765 -12922700.7730544 676.948772850652 -248168.078123413
0.00603799999999996 0.421185747616105 3050 11.575108999196 -12921912.8306624 689.140866067337 -248044.659267938
0.00613799999999996 0.411134946722739 3100 11.7009549704043 -12919161.7315999 696.633288090797 -247810.358569778
0.00623799999999996 0.412662764135384 3150 11.818274930993 -12915685.0240494 703.618101732961 -247467.108082112
0.00633799999999996 0.463512567580237 3200 11.91323021271 -12907283.1868227 709.271401851749 -246667.307021229
0.00643799999999996 0.345681241475965 3250 11.9420084231769 -12908698.0388874 710.984754260469 -246792.263080162
0.00653799999999995 0.393261168524419 3300 12.0546225400867 -12898927.5619452 717.689398688788 -245922.870048979
0.00663799999999995 0.312061111926348 3350 12.1964536990987 -12901794.2397357 726.133522002326 -246135.336801092
0.00673799999999995 0.429111707367797 3400 12.4005269720526 -12890771.3765331 738.28331964781 -245140.547037379
0.00683799999999995 0.26501420302994 3450 12.6430860468401 -12895132.9659839 752.724425203117 -245509.906477143
0.00693799999999995 0.352523471550659 3500 12.8405445841052 -12888054.0503831 764.480404986347 -244880.408722178
0.00703799999999995 0.321957316419672 3550 13.0923610696706 -12888423.1799902 779.472663889884 -244910.670544339
0.00713799999999995 0.291037088130937 3600 13.305331208453 -12883778.9869767 792.152149318244 -244490.396315163
0.00723799999999995 0.291683788269322 3650 13.5208597866801 -12883445.9251128 804.983955141583 -244461.565110907
0.00733799999999995 0.346372637723972 3700 13.7310091507136 -12876965.2929717 817.495501662971 -243866.161644572
0.00743799999999995 0.256267128705834 3750 13.9663800957599 -12878526.8151338 831.508651511284 -243984.333959846
0.00753799999999995 0.304816124833626 3800 14.1161436990458 -12874442.2300127 840.42504437471 -243614.065697933
0.00763799999999995 0.288152896627234 3850 14.2946729881756 -12873372.1455474 851.054043975303 -243533.943411942
0.00773799999999995 0.23594125106023 3900 14.48011886878 -12870580.9249203 862.09483285921 -243253.015995033
0.00783799999999995 0.255491392691913 3950 14.6347919571813 -12868938.6144892 871.303519024115 -243097.127727872
0.00793799999999995 0.284802596422072 4000 14.7110750078955 -12858277.2593361 875.845140847213 -242182.772877658
0.00803799999999994 0.312011317094351 4050 14.8720793296129 -12856455.7661891 885.430766150319 -241980.84610416
0.00813799999999994 0.245922640624267 4100 14.9628145907766 -12858990.6588167 890.83282123814 -242204.913606791
0.00823799999999994 0.258883085399541 4150 14.9756988911444 -12852510.0763078 891.599906707034 -241644.397697523
0.00833799999999994 0.236162896306819 4200 15.0744053672615 -12851709.1873133 897.476539613257 -241580.352722238
0.00843799999999994 0.252828694552527 4250 15.2791938909443 -12850910.8750815 909.668920746014 -241507.790441636
0.00853799999999994 0.264460582426706 4300 15.5774626713858 -12845733.5899449 927.426784251968 -241069.2862096
0.00863799999999994 0.241653209178432 4350 15.8990613373231 -12844470.6085806 946.573626254538 -240948.318704323
0.00873799999999994 0.155338609613629 4400 16.2611422590089 -12843483.0839753 968.130637940076 -240853.940189214
0.00883799999999994 0.179676250652018 4450 16.5820272164349 -12838460.1116902 987.234988273526 -240410.333141074
0.00893799999999994 0.161795409653154 4500 16.8279649047351 -12840467.3732884 1001.87724447393 -240594.884087172
0.00903799999999994 0.121871005998655 4550 16.9913039290538 -12838925.0040022 1011.60186967525 -240479.578827521
0.00913799999999994 0.0736002338705225 4600 17.110972427567 -12839952.7773536 1018.72650692161 -240572.631502468
0.00923799999999994 0.149374319452854 4650 17.1695204432104 -12828419.9876625 1022.21224776516 -239529.186441871
0.00933799999999993 0.221378585039738 4700 17.2030621594437 -12821997.1311561 1024.20920238355 -238970.06758635
0.00943799999999993 0.220624535832342 4750 17.2434501713763 -12817801.3643084 1026.61376112455 -238581.498694023
0.00953799999999993 0.249408573233699 4800 17.3001072184265 -12813951.6719994 1029.98692041624 -238241.973222637
0.00963799999999993 0.193570625696768 4850 17.3952464718945 -12812508.2048083 1035.65117355947 -238118.571392355
0.00973799999999993 0.22309681490884 4900 17.481520256663 -12810470.1526559 1040.78760819334 -237933.54903065
0.00983799999999993 0.252376102217345 4950 17.7148570610191 -12806339.2956985 1054.6796525318 -237542.532564465
0.00993799999999993 0.312466799785558 5000 18.0327429390902 -12800596.6975643 1073.60544833551 -237048.148769192
0.0100379999999999 0.128380621792367 5050 18.4601054461805 -12811664.5539862 1099.04909368532 -238057.29722036
0.0101379999999999 0.194863994844962 5100 18.7888714254796 -12804073.6873264 1118.62265206161 -237401.779424697
0.0102379999999999 0.0766718326572738 5150 19.0812418231975 -12807416.4087797 1136.02934681582 -237706.50330288
0.0103379999999999 0.0814661365498967 5200 19.2938410449837 -12801141.719272 1148.68674916401 -237168.232368693
0.0104379999999999 0.0843300153774437 5250 19.3429154232062 -12801628.8749506 1151.60846329321 -237230.323610181
0.0105379999999999 0.16819452010015 5300 19.4421012872711 -12794349.7600278 1157.51363725469 -236576.862013365
0.0106379999999999 0.217420334986499 5350 19.5825829218914 -12788492.4226913 1165.8774146805 -236061.259238918
0.0107380000000001 0.210562435604055 5400 19.5645752750636 -12783376.6946536 1164.80530336547 -235640.646175068
0.0108380000000001 0.214248308159243 5450 19.619705968726 -12778620.5861555 1168.08758899924 -235224.791319212
0.0109380000000001 0.255864281005484 5500 19.7556217786863 -12774711.2578677 1176.17953344614 -234896.873327466
0.0110380000000001 0.196903737082595 5550 19.9279687204006 -12775579.7228175 1186.4404580461 -234953.291065451
0.0111380000000001 0.21795455516477 5600 20.1744523642421 -12771278.392802 1201.11521849977 -234566.432994068
0.0112380000000001 0.118447371897233 5650 20.3763847107531 -12771796.0623557 1213.13755299107 -234629.777737941
0.0113380000000001 0.125969262201522 5700 20.5685230272832 -12772174.9399804 1224.57678573328 -234671.178722064
0.0114380000000001 0.181522149098553 5750 20.8544261498401 -12764268.9808558 1241.59844190118 -234009.219007876
0.0115380000000001 0.100412487268317 5800 21.1598570380332 -12763751.8275067 1259.78271185732 -233972.680391546
0.0116380000000001 0.0920399211930575 5850 21.3917833337733 -12766565.7864392 1273.590779524 -234236.202849201
0.0117380000000001 0.0734813651389015 5900 21.4896981890845 -12759523.6854311 1279.42028213989 -233625.820110216
0.0118380000000001 0.196029239390604 5950 21.7569151698038 -12752976.5581787 1295.32943181041 -233034.345134101
0.0119380000000001 0.164984485216796 6000 22.0322975434608 -12756745.150133 1311.72471996665 -233383.513989142
0.0120380000000001 0.153705942189979 6050 22.079268755422 -12747877.5556344 1314.52121904872 -232610.331468051
0.0121380000000001 0.159797539433065 6100 22.1748365921326 -12745221.2128113 1320.21098851556 -232367.340304932
0.0122380000000001 0.112704102874655 6150 22.1569096062045 -12740723.0949503 1319.14367946393 -231960.347214088
0.0123380000000001 0.16045914010879 6200 22.244957264027 -12739228.430382 1324.38572419726 -231836.912522412
0.0124380000000001 0.162708080914842 6250 22.2449643198673 -12731736.4408007 1324.38614427692 -231149.082908173
0.0125380000000001 0.157890772866028 6300 22.4381070451065 -12730246.4461496 1335.88517594524 -231055.354827427
0.0126380000000001 0.167004755818546 6350 22.5968301944583 -12723518.1138038 1345.33498835019 -230446.243091263
0.0127380000000001 0.2245001281819 6400 22.9280712894884 -12719572.9358547 1365.05590632357 -230080.957625898
0.0128380000000001 0.110977516427653 6450 23.2433590288999 -12726885.4717989 1383.82701818209 -230761.49748381
0.0129380000000001 0.123695317572365 6500 23.567546802045 -12719143.5041417 1403.1280064293 -230086.392724888
0.0130380000000001 0.0566961585308978 6550 23.8641370437879 -12718987.3544523 1420.78593570461 -230128.057751054
0.0131380000000001 0.0706245804354617 6600 24.1023497053438 -12712155.57706 1434.96827125793 -229500.83199708
0.0132380000000001 0.117202668960441 6650 24.3057337991379 -12703447.7743599 1447.07703762474 -228705.042194507
0.0133380000000001 0.0792129625892891 6700 24.3926451749573 -12704048.8473339 1452.25143216456 -228796.225074013
0.0134380000000001 0.090798150700932 6750 24.4555596018654 -12698019.0208432 1455.99713362194 -228249.548963865
0.0135380000000001 0.0541362393929023 6800 24.5806114957829 -12701531.2446549 1463.44227910468 -228538.936748729
0.0136380000000001 0.0851695988094112 6850 24.5885704215699 -12692095.4541447 1463.91612526978 -227710.34714049
0.0137380000000001 0.141896208051932 6900 24.6689256031834 -12684441.18931 1468.70018729925 -227027.253824184
0.0138380000000001 0.216957267614047 6950 24.7307405139413 -12674214.2531614 1472.38042747138 -226070.879899716
0.0139380000000001 0.216665883531593 7000 24.9077985038889 -12673197.4427334 1482.92183114586 -226004.885341854
0.0140380000000001 0.209092997974874 7050 25.118529900156 -12668531.6214406 1495.4680297986 -225559.776079179
0.0141380000000001 0.18316034829376 7100 25.3573540469196 -12665497.0481739 1509.68677100872 -225306.666690478
0.0142380000000001 0.2189329560277 7150 25.6376074016844 -12660136.7791519 1526.37206007462 -224790.006992501
0.0143380000000001 0.218901468145229 7200 26.0253044136581 -12653006.6810892 1549.45416276772 -224168.757546966
0.0144380000000001 0.102817332951242 7250 26.2978426792329 -12654135.3542763 1565.68012283322 -224239.154502444
0.0145380000000001 0.155893532261799 7300 26.5863135167568 -12650320.8428383 1582.85465162774 -223887.351601955
0.0146380000000001 0.124390369064447 7350 26.907201016823 -12649344.6518973 1601.95915334095 -223871.135475085
0.0147380000000001 0.0394332450707923 7400 27.0118417075294 -12647379.5409141 1608.1890883009 -223672.794632333
0.0148380000000001 0.147690103723557 7450 27.0277914706002 -12634004.3365768 1609.13868052824 -222479.826631624
0.0149380000000001 0.156913492844914 7500 26.9469063533319 -12630256.4990945 1604.32306801261 -222138.846809163
0.015038 0.075871440787445 7550 26.8985852424756 -12631122.7505504 1601.44620074621 -222262.408124434
0.015138 0.162587435173062 7600 26.8892083909115 -12618792.5266729 1600.88793631791 -221079.711466034
0.015238 0.14836723324707 7650 27.0329937730975 -12612559.4208555 1609.44840713632 -220533.926937357
0.015338 0.110502755086564 7700 27.2068587409867 -12606668.1858304 1619.79970962153 -219989.713280393
0.015438 0.156594501138644 7750 27.4555301480892 -12600443.2240467 1634.60472172713 -219385.380625819
0.015538 0.145014568801266 7800 27.9332294520364 -12594784.7777 1663.04524112655 -218854.466180269
0.015638 0.149876637385992 7850 28.3457330974246 -12588210.1307806 1687.60424264079 -218257.382282695
0.015738 0.20529435706209 7900 28.7911114440714 -12578299.2970777 1714.12048707159 -217351.428043487
0.015838 0.164376824414204 7950 29.1651692289427 -12573845.1805915 1736.39055864009 -216923.549084808
0.015938 0.174244727004568 8000 29.440567436552 -12562771.1744721 1752.7867894936 -215869.390213968
0.016038 0.245150615470877 8050 29.7764867730977 -12545085.6450515 1772.78623334609 -214268.909717824
0.016138 0.279761619266396 8100 30.0680500125514 -12534121.9502607 1790.14487276491 -213201.623445224
0.016238 0.190982508816732 8150 29.9798328726016 -12531927.0692135 1784.89273766784 -212943.82138055
0.016338 0.241657866601842 8200 29.7094479505195 -12513481.8280242 1768.79498002356 -211246.080606558
0.016438 0.215204792716044 8250 29.4877735233594 -12500869.9882138 1755.59727218956 -210074.116786241
0.016538 0.240379690976711 8300 29.3663719695645 -12487198.1308828 1748.36945498888 -208794.997284857
0.016638 0.289986791771261 8350 29.3453006409473 -12471051.88757 1747.11494294468 -207269.099315416
0.016738 0.263711906544931 8400 29.4312675178369 -12460587.7998585 1752.23310537381 -206277.29926395
0.016838 0.361996939072774 8450 29.616981555397 -12439130.6289894 1763.28985937016 -204304.66028239
0.016938 0.209150751216351 8500 29.938019343823 -12432619.7768313 1782.40330871838 -203651.165023103
0.017038 0.302708847964799 8550 30.4412549901386 -12415550.6222824 1812.36417121755 -202052.396168714
0.017138 0.210593652360877 8600 31.0403628546553 -12405697.8667148 1848.03292497611 -201109.879804274
0.017238 0.259774801996294 8650 31.6854997051562 -12392145.0852407 1886.44208102959 -199822.606042451
0.017338 0.281044260485769 8700 32.122833200318 -12372941.9332563 1912.47936358451 -198041.029554588
0.017438 0.218711631133532 8750 32.5282881961576 -12357922.3068493 1936.61871354688 -196569.359351571
0.017538 0.177971749789985 8800 32.5668409751855 -12345326.429684 1938.9140090409 -195334.817381139
0.017638 0.371022900736174 8850 32.3536062530614 -12314274.3828568 1926.21877126038 -192461.562218208
0.017738 0.40295851853379 8900 32.0140336703385 -12289164.7567364 1906.00182610966 -190098.756827568
0.017838 0.302388068311412 8950 31.8040131358196 -12283232.8708566 1893.49794963987 -189482.744105074
0.017938 0.312533171824255 9000 31.482911400374 -12264230.2602535 1874.38069311329 -187666.676112405
0.018038 0.370989056244346 9050 31.6561419883612 -12244730.8629472 1884.69422687294 -185764.842647942
0.018138 0.348202439562496 9100 31.7877794898635 -12227645.2986638 1892.53145603412 -184159.67263693
0.018238 0.311698124052369 9150 32.2720142688161 -12208991.1427709 1921.36107439629 -182370.367687153
0.018338 0.330594850885321 9200 33.0404496652194 -12193735.3352369 1967.11098782094 -180892.335522524
0.018438 0.345122821590752 9250 33.5250286495273 -12174262.1665004 1995.96109894708 -179004.033746289
0.018538 0.292825575443176 9300 33.7824279380433 -12160961.4529418 2011.28573810385 -177750.894065009
0.018638 0.294208776889647 9350 33.7782328928233 -12148995.980132 2011.03598001551 -176604.500938254
0.018738 0.162654693360671 9400 33.8331147063466 -12140196.7985773 2014.30344821001 -175726.252089923
0.018838 0.218249157315852 9450 33.7790069589939 -12125597.7537524 2011.08206516522 -174300.489098584
0.018938 0.244912261041615 9500 33.9424452498427 -12112678.398756 2020.81260034307 -173080.062075047
0.019038 0.220830382805942 9550 33.9423725887353 -12100684.809878 2020.80827435888 -171911.112895502
0.019138 0.185908960868035 9600 34.1568034687248 -12094739.3147978 2033.57472712903 -171306.770848469
0.019238 0.238808327877086 9650 34.3054889645392 -12080641.6839686 2042.42693330387 -169994.733684554
0.019338 0.170313467806357 9700 34.3084599110461 -12073596.4278309 2042.60381290379 -169313.961290153
0.019438 0.19008686304284 9750 34.655735425916 -12059142.2292763 2063.27936326777 -167951.32227046
0.019538 0.262806526380645 9800 34.7889270694397 -12045528.8524707 2071.20912052338 -166688.963054892
0.019638 0.240430547885936 9850 35.0318825426217 -12041455.7127448 2085.67382623078 -166200.878367331
0.019738 0.268577167868452 9900 35.250899491732 -12027926.9541929 2098.71331726312 -164992.015287659
0.019838 0.334460205057087 9950 35.4194441577719 -12013423.8758021 2108.74786787805 -163583.103071841
0.019938 0.263790924818432 10000 35.5852862653044 -12008969.7159419 2118.62151776102 -163138.035465851
0.020038 0.279548717173541 10050 35.4730460775061 -12004602.5988778 2111.93913574352 -162715.514902924
0.020138 0.19612363624447 10100 35.3294889079591 -12000527.5329982 2103.39225189485 -162287.844825723
0.020238 0.174887167573503 10150 35.4932189183725 -11995714.4467499 2113.14015501916 -161857.01435557
0.020338 0.150470698353323 10200 35.6894309049064 -11991210.3110444 2124.82191960058 -161412.214105927
0.020438 0.0841459348977189 10250 35.8871304362084 -11995521.0883265 2136.59224731256 -161780.778180985
0.020538 0.0787414538035423 10300 36.1371961762226 -11991613.7422241 2151.48027304598 -161449.451755722
0.020638 0.14833893260427 10350 36.6570565958005 -11993435.8822193 2182.43091548114 -161582.180768045
0.020738 0.0812309458944964 10400 37.1557936972036 -11989384.9378759 2212.12395059853 -161236.539780801
0.020838 0.0709172929006347 10450 37.5060503789658 -11993326.0596133 2232.97698904787 -161592.051378539
0.020938 0.125309755377796 10500 37.6699491212589 -11983258.761 2242.73493786883 -160657.082003406
0.021038 0.0999047642386061 10550 37.7221800136233 -11984188.0933835 2245.84457963566 -160767.341158114
0.021138 0.071858965550258 10600 37.7925171096283 -11978458.3410905 2250.03220044 -160254.730495406
0.021238 0.0998508520533632 10650 37.8966870193417 -11976762.3388537 2256.2341067722 -160112.482495962
0.021338 0.0601113657369538 10700 37.9098350366226 -11979509.214064 2257.01689300917 -160413.923669067
0.021438 0.0544865100114592 10750 37.9244566565859 -11974019.3824169 2257.88741231448 -159875.872888012
0.021538 0.0588862125352456 10800 38.0164682719922 -11976542.5364283 2263.36545699931 -160088.140517541
0.021638 0.103204840304135 10850 38.1825789509163 -11968251.3743664 2273.25509666877 -159355.55304266
0.021738 0.10250123414486 10900 38.4303243643131 -11970124.53828 2288.00497839898 -159546.869527611
0.021838 0.0532433406079962 10950 38.8139851366583 -11969899.1049087 2310.84677772445 -159551.250122502
0.021938 0.040164444194524 11000 39.0691934166059 -11970430.3656166 2326.04097201523 -159604.600343376
0.022038 0.0644761203037959 11050 39.389363241116 -11964329.0955363 2345.10274587557 -159076.464640953
0.022138 0.145710020586375 11100 39.6680624968688 -11953868.177928 2361.69550940765 -158058.675788584
0.022238 0.13614787107902 11150 39.8928145319195 -11958601.6095594 2375.07644708141 -158505.251070256
0.022338 0.0363349769658092 11200 40.1383210392744 -11957342.7272422 2389.69303230022 -158413.158058611
0.022438 0.0510316021691821 11250 40.1770462577713 -11959146.7726736 2391.99859422758 -158607.349071533
0.022538 0.104651980199626 11300 40.2328011421842 -11953551.459676 2395.31804196103 -158082.115291837
0.022638 0.0702724088606211 11350 40.2752005531795 -11956308.5688221 2397.84235225617 -158297.501535516
0.022738 0.054013745739926 11400 40.2875563050309 -11955523.3119453 2398.57796982421 -158246.935204543
0.022838 0.0336838602866498 11450 40.4590774682141 -11956975.4113767 2408.78973050423 -158397.047026661
0.022938 0.0296925833986655 11500 40.4903568511295 -11954409.5786654 2410.65199383444 -158138.637235416
0.023038 0.119417650891605 11550 40.751580495203 -11946528.900584 2426.20432153404 -157418.318418103
0.023138 0.215427671366629 11600 40.9486329540958 -11939790.6901803 2437.93612485369 -156850.087870231
0.023238 0.101563608968922 11650 41.2269894336962 -11944366.9978673 2454.50848071147 -157249.809763415
0.023338 0.0750468836432017 11700 41.6421535666303 -11945793.7995745 2479.22587820208 -157402.537543639
0.023438 0.0217390444930018 11750 41.9486978834455 -11942962.1887771 2497.47643774262 -157133.280643481
0.023538 0.0692606588670931 11800 42.232530247592 -11942392.0419625 2514.3748083117 -157054.873614501
0.023638 0.0162569697319515 11850 42.4446257497498 -11943720.0907666 2527.00222098282 -157192.297001322
0.023738 0.154564553096371 11900 42.651884522089 -11933850.1928339 2539.34167194434 -156326.782098345
0.023838 0.0918832827377209 11950 42.5410861262561 -11931921.9877064 2532.7451290981 -156123.710634325
0.023938 0.175728991139563 12000 42.6700814923317 -11925966.9976523 2540.42505490287 -155602.703746277
0.024038 0.0252915794918998 12050 42.5670826301136 -11935783.3308256 2534.29286857808 -156471.094997047
0.024138 0.0693491199503173 12100 42.6525422496913 -11930252.4456292 2539.38083070903 -155948.670915855
0.024238 0.101660005160018 12150 42.7479874105292 -11926294.8145444 2545.06329649024 -155605.109232717
0.024338 0.125350103877176 12200 43.014437169712 -11917406.1182864 2560.92676851624 -154841.033455363
0.024438 0.103786626730288 12250 43.2607170784515 -11920079.0119696 2575.58939930577 -155040.368261089
0.024538 0.043947056461113 12300 43.5882423587348 -11922309.6357381 2595.08909087058 -155247.333568266
0.024638 0.0927435192123826 12350 43.9880274005851 -11910260.0247102 2618.8908719165 -154178.464085045
0.024738 0.148730323474604 12400 44.2958805291147 -11904324.7794847 2637.2193534566 -153645.292512806
0.024838 0.0423324219152627 12450 44.572150021868 -11908006.1052643 2653.66745753209 -153974.898601358
0.024938 -0.00840786201027242 12500 44.9235312138989 -11901712.3269324 2674.5874453277 -153380.632816546
0.025038 0.0669967514496947 12550 45.0783434533474 -11895957.6581876 2683.80441605158 -152813.158265218
0.025138 0.121337122808546 12600 45.2216813560273 -11882539.7041422 2692.33824552999 -151590.202166856
0.025238 0.129127918661628 12650 45.3354162534606 -11881240.8154026 2699.10961724879 -151451.29418595
0.025338 0.122021111611026 12700 45.3263437887547 -11871339.8830287 2698.56947493262 -150497.149183097
0.025438 0.104641740616629 12750 45.2516077170611 -11861849.3153596 2694.11995474435 -149634.203700879
0.025538 0.228692154679008 12800 45.2852900987297 -11844181.7101696 2696.12528408301 -148007.484238097
0.025638 0.287244022668509 12850 45.4868547987411 -11825895.4690189 2708.12573020789 -146243.560470149
0.025738 0.239692193796117 12900 45.7090414962718 -11822075.3595448 2721.35393679977 -145868.388537217
0.025838 0.251390463394107 12950 45.9182191138641 -11808449.2323079 2733.80762899044 -144623.851392393
0.025938 0.303049816453156 13000 46.1824904301055 -11792246.0006482 2749.54140426323 -143077.164124242
0.026038 0.228363755412478 13050 46.4704884158242 -11780534.9171691 2766.6877811412 -141935.878806673
0.026138 0.324968349820718 13100 46.9502103187736 -11761913.7446007 2795.24871889937 -140208.418649533
0.026238 0.258988635821378 13150 47.4475581879232 -11748101.2485853 2824.85904406402 -138806.324319
0.026338 0.259399570879868 13200 47.7230878963202 -11730081.9667379 2841.26310400723 -137115.959765066
0.026438 0.19244867592184 13250 47.9146852259087 -11721400.5509564 2852.67012830895 -136210.521370489
0.026538 0.225777480507199 13300 47.9387319888417 -11702803.4935896 2854.10178714126 -134436.10174974
0.026638 0.353050672636604 13350 48.0855761152073 -11673800.6872931 2862.84436472109 -131657.323654936
0.026738 0.335111806588594 13400 48.0769257262668 -11655751.7592874 2862.32935129646 -129894.436437663
0.026838 0.436716945349722 13450 47.9967633830848 -11626264.9998712 2857.55677018208 -127092.94171739
0.026938 0.362039732887145 13500 47.8774292337815 -11614190.5276659 2850.45203889981 -125871.935101401
0.027038 0.432398603768232 13550 47.7881596789547 -11595610.0843893 2845.13724675996 -124023.348026479
0.027138 0.409022713056779 13600 47.855079806033 -11574907.1467868 2849.12143337412 -121999.646404784
0.027238 0.43255816244442 13650 47.7623256398947 -11556540.3431128 2843.59917985683 -120304.608446322
0.027338 0.208445235214545 13700 47.5347223102486 -11551995.2344542 2830.04848623286 -119728.765744307
0.027438 0.260968694600963 13750 47.6428428105922 -11536703.4964381 2836.48559669563 -118261.967037771
0.027538 0.25426533731169 13800 47.8593542365625 -11522649.6882034 2849.37591778177 -116891.364384983
0.027638 0.188601909026395 13850 48.4437809279133 -11514580.154407 2884.17060664892 -116116.572703792
0.027738 0.105937315327768 13900 49.2145012236525 -11505071.3686922 2930.0565548623 -115185.537607106
0.027838 0.0965286852375507 13950 49.8227446321648 -11490342.6987582 2966.26920645383 -113688.492263316
0.027938 -0.0315438660734887 14000 50.1263478033169 -11480230.0221942 2984.34466063082 -112691.312557598
0.028038 0.0142279437507476 14050 50.4788026677801 -11469810.0945864 3005.32857106852 -111683.591261948
0.028138 0.0805835946418298 14100 50.4199899636453 -11454105.62421 3001.82707161257 -110154.943173951
0.028238 0.108844752751071 14150 50.2790719522265 -11440059.1165001 2993.43731386253 -108808.103801254
0.028338 0.121861166749742 14200 50.1783609132186 -11422660.5022712 2987.44133640355 -107113.97778095
0.028438 0.102581027755705 14250 49.7686849223395 -11416191.5896794 2963.05068339276 -106412.274930556
0.028538 0.132577388797287 14300 49.7458339983669 -11400005.380373 2961.6902205636 -104855.340907686
0.028638 0.265017576329577 14350 49.7437383254938 -11381833.0860109 2961.56545164618 -103150.74861156
0.028738 0.23786280483546 14400 49.9676663179633 -11380186.2776175 2974.89732875229 -102887.033940053
0.028838 0.192237031678833 14450 50.436899557737 -11373588.7476619 3002.83380876883 -102243.573427417
0.028938 0.169579732939929 14500 51.2360957760594 -11355503.3466184 3050.4151122443 -100502.861265293
0.029038 0.211184412639081 14550 51.9874205400522 -11347298.8034002 3095.14631940544 -99691.4004147295
0.029138 0.121131667501654 14600 52.367269963243 -11343487.8581994 3117.76120454312 -99290.7207402097
0.029238 0.118166697838543 14650 52.3857038801559 -11332916.7836473 3118.85869446458 -98314.0313247505
0.029338 0.0199879997374365 14700 52.1509367885091 -11330773.4411872 3104.88149590232 -98072.3243698782
0.029438 0.0842614765109422 14750 51.932343936559 -11316810.0625451 3091.86725410818 -96827.8817868012
0.0295379999999999 0.132753939982479 14800 51.7376348722451 -11315581.0467671 3080.2749681762 -96659.2848863833
0.0296379999999999 0.0841347236496292 14850 51.4765662534935 -11315983.1076949 3064.7318701335 -96667.4302194299
0.0297379999999999 0.0302868127136624 14900 51.5606592569311 -11310911.6374103 3069.73846879475 -96171.2617132398
0.0298379999999999 0.0775100542301286 14950 51.8457010160043 -11301850.9693398 3086.70884244105 -95391.493794708
0.0299379999999999 0.0477085561537725 15000 52.2496234230582 -11305050.5133456 3110.75694751207 -95578.3229545577
0.0300379999999999 0.0638205419310275 15050 52.6707724999937 -11298958.479236 3135.83066730538 -95037.7443265428
0.0301379999999999 0.104301725505757 15100 53.4845288652457 -11295355.696471 3184.27883020013 -94678.9180710862
0.0302379999999999 0.0406822214360298 15150 54.008907482281 -11295685.993941 3215.49847005976 -94720.6202332295
0.0303379999999999 -0.0216586963722965 15200 54.4340436456827 -11296253.3413135 3240.80956681605 -94794.4157411907
0.0304379999999999 0.0263985255208034 15250 54.6043052198529 -11291869.3583928 3250.94633604127 -94376.0885288978
0.0305379999999999 0.0763690044268175 15300 54.6775047566898 -11286258.7953469 3255.30437640313 -93832.266338474
0.0306379999999999 0.157292331633081 15350 54.5547463248174 -11282581.0568542 3247.9957755024 -93471.8703922256
0.0307379999999999 0.0896711787275266 15400 54.2866981117071 -11280822.4744417 3232.0371372085 -93336.710846994
0.0308379999999999 0.0255238565105212 15450 54.259142410749 -11287477.9820753 3230.39656867263 -93950.8461576263
0.0309379999999999 0.0806914138981154 15500 54.135177378379 -11278752.8640894 3223.01613106505 -93175.798727155
0.0310379999999999 0.0523974708730323 15550 54.0330929174042 -11276616.7381386 3216.93838494161 -92957.5112711516
0.0311379999999999 0.103177994810102 15600 54.4247924108113 -11276311.1603943 3240.25878115934 -92902.2461938452
0.0312379999999999 0.0441763553315067 15650 54.6837194519171 -11278858.9237367 3255.67437727756 -93140.7979556073
0.0313379999999999 0.0046594725748676 15700 55.2691381338186 -11280668.5251794 3290.52812573778 -93354.3496219383
0.0314379999999999 -0.0551795551946584 15750 55.7061047356885 -11277494.8174038 3316.54356476959 -93005.918027874
0.0315379999999999 0.0161513144270767 15800 56.2571243972729 -11269860.9240968 3349.34931777207 -92373.9624506531
0.0316379999999999 -0.0224781106988101 15850 56.7092023103267 -11268942.9971507 3376.2644305847 -92254.1598413852
0.0317379999999999 -0.0312893692662591 15900 56.831198148857 -11269454.2244948 3383.52762938716 -92301.1907984635
0.0318379999999999 0.035334810145065 15950 56.9420263663107 -11259877.483971 3390.12594770676 -91452.1543109426
0.0319379999999999 0.0148246294231385 16000 57.0120011703592 -11263144.0375356 3394.29199893515 -91719.9805962982
0.0320379999999999 0.0182043167826688 16050 56.7029083649712 -11262310.0313366 3375.88971143919 -91629.6280702178
0.0321379999999999 0.0601247339033166 16100 56.4457875918666 -11262543.8165978 3360.58165410051 -91640.550789886
0.0322379999999999 0.141736613520762 16150 56.2422280653637 -11253635.6525741 3348.46244309349 -90845.8635795696
0.0323379999999999 0.0728728893063495 16200 56.4327854698793 -11257015.5692173 3359.80755395098 -91139.6328142541
0.0324379999999999 0.122277432926337 16250 56.5715035821683 -11250237.2308261 3368.06633752259 -90475.3601404369
0.0325380000000001 0.0995497088396936 16300 56.9374434049372 -11253837.5504774 3389.85309446881 -90871.0111865603
0.0326379999999999 0.106964454808376 16350 57.4812477888279 -11254071.3844147 3422.22927547166 -90888.5506307406
0.0327380000000001 0.108166773356768 16400 58.0370428581155 -11247978.3221731 3455.31933928284 -90345.2165959519
0.0328380000000001 0.166655947124492 16450 58.5568047136955 -11246242.8714358 3486.26411356773 -90186.0717927831
0.0329380000000001 0.0982579221161434 16500 58.9499607287101 -11249111.9678388 3509.67122590728 -90489.6802599285
0.0330380000000001 -0.033367532365782 16550 59.133232891547 -11256997.1968069 3520.58259935804 -91230.6599010443
0.0331380000000001 -0.0225285193971881 16600 59.2554381140667 -11255102.2455378 3527.85826413935 -91119.0960350272
0.0332380000000001 -0.0365027052228855 16650 59.0101904978982 -11256466.7351749 3513.25709238199 -91173.9144940921
0.0333380000000001 0.00578458637641229 16700 58.9041612255822 -11256417.3110911 3506.94448620633 -91250.2131746245
0.0334380000000001 0.0268670556163482 16750 58.7668871564411 -11251420.493419 3498.77167583339 -90773.4257331457
0.0335380000000001 -0.00168040876168199 16800 58.5984088543148 -11252125.9438881 3488.7410762901 -90842.7075525726
0.0336380000000001 -0.0300746153655421 16850 58.7874742122542 -11254718.6671546 3499.99735599535 -91079.6780228895
0.0337380000000001 0.0358750396415678 16900 58.9834326922849 -11247263.4768611 3511.66402770021 -90396.6139615834
0.0338380000000001 0.076061958886301 16950 59.3580694614901 -11244197.0037337 3533.96856993896 -90092.7594214377
0.0339380000000001 0.0617065947098963 17000 59.9048635102128 -11242824.6236262 3566.5227449643 -89920.0488402482
0.0340380000000001 0.0538797995122948 17050 60.2264685281459 -11245418.00024 3585.66996514214 -90222.6339024854
0.0341380000000001 0.0236973128835117 17100 60.7240479655584 -11245085.3113704 3615.29407705846 -90126.9390477179
0.0342380000000001 0.141292834676341 17150 61.1176453257614 -11235383.1486613 3638.72746552253 -89291.5798151157
0.0343380000000001 0.157823247935063 17200 61.3878144912392 -11232861.7844089 3654.81237778512 -89036.6000895241
0.0344380000000001 0.0607454510624671 17250 61.4618991647854 -11240309.7814877 3659.22311604197 -89744.2557165647
0.0345380000000001 0.0324539106484332 17300 61.407923755164 -11245389.541064 3656.00961191554 -90224.8310507087
0.0346380000000001 0.0743390117783041 17350 61.1710754213382 -11239614.1349754 3641.90850358812 -89683.53673813
0.0347380000000001 0.036988362145067 17400 61.1449627083789 -11244277.8921345 3640.35384543109 -90188.5501839618
0.0348380000000001 0.0485933329675265 17450 61.1088239341267 -11239864.1478318 3638.202271205 -89748.3152596277
0.0349380000000001 0.0315053261661191 17500 60.9654624947537 -11233951.5818635 3629.66704043551 -89238.1912903638
0.0350380000000001 0.0137369477950838 17550 61.2688269400146 -11239184.938584 3647.72828172107 -89699.5003842826
0.0351380000000001 0.033230308707267 17600 61.6574999564023 -11233917.5628358 3670.86849224946 -89228.4498015476
0.0352380000000001 0.057841975653768 17650 61.9768697087019 -11238333.6722944 3689.88263265287 -89620.4779847429
0.0353380000000001 0.1156853502669 17700 62.4319053174639 -11229900.4105123 3716.97383615994 -88831.7006040501
0.0354380000000001 0.0358010813344105 17750 62.8337256093215 -11233569.7894258 3740.8967887605 -89175.7074040041
0.0355380000000001 0.066078963320382 17800 63.3041560540451 -11232397.6227521 3768.90454610635 -89113.990165918
0.0356380000000001 -0.00313666048471637 17850 63.499584706976 -11233113.8737024 3780.53967378805 -89235.6551834803
0.0357380000000001 -0.0122152711793563 17900 63.6736001296223 -11232010.9848781 3790.89993381496 -89084.8229821469
0.0358380000000001 0.0875359710035881 17950 63.6650443037611 -11227370.615301 3790.3905503401 -88696.9486059548
0.0359380000000001 -0.0533249599255565 18000 63.6051685146249 -11235734.2155762 3786.82575858007 -89453.373463897
0.0360380000000001 0.0122711797598347 18050 63.5415329636473 -11237170.23531 3783.03712395758 -89554.6626017812
0.0361380000000001 0.0355603997730895 18100 63.3883433047402 -11227508.5278883 3773.91675591448 -88673.3396356764
0.0362380000000001 0.0983186264604104 18150 63.5184393541642 -11221288.6478765 3781.66221249534 -88163.3156666081
0.0363380000000001 0.0016397144256256 18200 63.5151006218709 -11224071.9365764 3781.46343623635 -88409.6746094592
0.0364380000000001 0.0596968391334645 18250 63.8265048242921 -11224465.1864822 3800.0033360998 -88401.3919899957
0.0365380000000001 0.10155428535194 18300 64.2356462784295 -11219673.5907436 3824.36216469207 -87951.3584531213
0.0366380000000001 0.03156674826928 18350 64.6604214333011 -11219700.3768176 3849.65176828305 -87987.8435844559
0.0367380000000001 0.0486166203287432 18400 65.0199077541349 -11217386.5262939 3871.05430665189 -87766.4013733425
0.0368380000000001 0.105087299645462 18450 65.5643263821658 -11218276.1478863 3903.46705756858 -87852.430519248
0.0369380000000001 0.122794497004922 18500 65.8715826343109 -11213814.1698841 3921.76000320931 -87438.781821253
0.0370380000000001 0.0998688410385298 18550 66.0918035841101 -11214170.9224417 3934.87117616512 -87506.9929545278
0.0371380000000001 0.0044567401125134 18600 66.1383890233001 -11226438.5358639 3937.64470770696 -88597.4344402053
0.037238 0.124287669718571 18650 65.9752378151186 -11211876.7658117 3927.93126441119 -87296.195971004
0.0373380000000001 0.0242431974348168 18700 65.7145023102781 -11215682.7855523 3912.40799878727 -87676.8886554769
0.037438 0.0638919294995948 18750 65.7283002027388 -11218850.2267386 3913.22947628359 -87983.6382841488
0.0375380000000001 0.0521762659365255 18800 65.7435410121314 -11216531.4161532 3914.13685992767 -87730.5900888092
0.037638 -0.0190199652598832 18850 65.6476601519549 -11219336.0796515 3908.42845415578 -88045.6501421628
0.037738 0.0321219096173033 18900 65.9273650738961 -11218586.141471 3925.08109147982 -87967.1266881855
0.037838 0.0080845044308122 18950 66.3991684700103 -11217742.6712454 3953.17058947369 -87881.3780567908
0.037938 0.0582959136829139 19000 66.8632787679753 -11209332.9730905 3980.80206773558 -87136.3280097674
0.038038 -0.0289333272816759 19050 67.4706820061851 -11216624.8997063 4016.96469857224 -87752.8389553169
0.038138 0.0230539260233415 19100 67.6460440696979 -11207471.9669936 4027.40513281203 -86939.4558162701
0.038238 0.104867937621986 19150 68.075663355801 -11210318.775165 4052.98313876644 -87221.3804660364
0.038338 0.0457294150665325 19200 68.341238071512 -11210882.588006 4068.79451381296 -87217.7309656353
0.038438 0.0973921473409252 19250 68.4347811007153 -11206192.0135184 4074.36373343449 -86814.2732753333
0.038538 0.0523889353620565 19300 68.2050567797223 -11207821.3664164 4060.68676352114 -86998.7952887122
0.038638 0.0304720065199715 19350 68.1326480038893 -11210554.1413033 4056.37580226005 -87254.5393772052
0.038738 0.0542036232853331 19400 67.9472085013146 -11206622.5856673 4045.33539310137 -86921.6832358219
0.038838 0.0471432436420837 19450 67.8297987595362 -11204097.0932343 4038.34523420615 -86666.1712933665
0.038938 0.0818279638108862 19500 67.9060769347072 -11202589.239947 4042.88656575672 -86530.7901675694
0.039038 -0.00206691150602249 19550 68.1170833718704 -11203003.5114463 4055.44913936726 -86580.586699267
0.039138 -0.0126724077304076 19600 68.6145529653521 -11207549.2522673 4085.06671156619 -87027.5841520855
0.039238 -0.01235644167387 19650 69.1420877199586 -11206621.5598545 4116.47425664376 -86909.9211552544
0.039338 -0.026269874204424 19700 69.6040835370193 -11203093.1991523 4143.97984622489 -86588.5729202014
0.039438 -0.0380648846943909 19750 70.0669251429583 -11207312.0181509 4171.53579107094 -87003.5618021566
0.039538 0.0589141349892189 19800 70.5767520226781 -11202135.7392518 4201.88907218984 -86563.3361150444
0.039638 -0.0390063454811676 19850 70.6493596763115 -11205014.3271839 4206.21187392859 -86774.1768056444
0.039738 -0.0499519635612559 19900 70.7577676369495 -11206966.0958355 4212.66609875601 -87003.8780456346
0.039838 -0.0112384289784241 19950 70.4897262747264 -11205483.2394818 4196.7078683396 -86873.589114024
0.039938 0.0431283865901987 20000 70.3747064527761 -11201492.7980164 4189.85999678009 -86472.7925311499
0.040038 0.0375944594699416 20050 70.2245293367149 -11198371.1479591 4180.91898483514 -86138.9920985479
0.040138 0.0105187207107081 20100 70.0697076295604 -11196778.2987713 4171.70145043768 -86055.9584929468
0.040238 0.0427521295256246 20150 70.0468589363601 -11193977.0035306 4170.34112042078 -85785.9543212007
0.040338 0.155030074820415 20200 70.4143981281167 -11189476.6766153 4192.22309811433 -85322.4187847069
0.040438 0.032308643437035 20250 70.6991599496836 -11197233.282579 4209.17680527606 -86075.5511400656
0.040538 0.0715864246753398 20300 71.283470430382 -11193865.0417384 4243.96457537383 -85751.7825846053
0.040638 0.0813436980642353 20350 71.9530956312441 -11192991.1591123 4283.83168080625 -85698.3023577453
0.040738 0.0728776762618172 20400 72.3979625275815 -11192185.3874128 4310.31747530269 -85627.6470833463
0.040838 0.0940538976885323 20450 72.7373810568752 -11190517.9782042 4330.52524865956 -85468.3144456071
0.040938 0.0796246240751105 20500 72.8851862813064 -11193874.5884818 4339.32504660365 -85773.1245184641
0.041038 0.100495972304933 20550 73.056807670585 -11192222.5318848 4349.54277438931 -85658.5950204445
0.041138 -0.0074600425916501 20600 72.8601073519159 -11195497.8287373 4337.83193624751 -86000.0917787279
0.041238 -0.00440968732941678 20650 72.6521544335957 -11202175.8226678 4325.45115830042 -86579.3670917824
0.041338 0.104843378908355 20700 72.4308566001246 -11187002.8254792 4312.27587151671 -85222.7599608537
0.041438 0.10141679755976 20750 72.4212769778447 -11187416.5131043 4311.7055348404 -85250.5263660664
0.041538 0.0547786291059743 20800 72.5347492457622 -11193748.8204431 4318.46127053089 -85833.5665126747
0.041638 -0.00940903108688071 20850 72.6432067344787 -11194045.9665265 4324.91844408414 -85858.454685048
0.041738 -0.0488907958302743 20900 73.0337108053808 -11195552.1479264 4348.167669093 -86022.3070307006
0.041838 0.103700100105115 20950 73.5723880776532 -11185549.3973687 4380.23860008556 -85078.7649052265
0.041938 0.0644309896465605 21000 73.9745157428574 -11185999.1949796 4404.17985260315 -85174.7124531252
0.042038 0.0205590449260079 21050 74.443517060506 -11186130.7432841 4432.10252480032 -85156.0766221523
0.042138 0.0575673960280745 21100 74.8430924785892 -11184622.8615301 4455.89182559189 -85011.9656495444
0.042238 0.0559376001483563 21150 75.2923220312108 -11184903.3268264 4482.63735714397 -85010.6971982395
0.042338 0.0447441383955566 21200 75.3346871748327 -11182001.7304291 4485.15962728144 -84817.9383550285
0.042438 0.000302244352465333 21250 75.3039131981405 -11184659.4544027 4483.32745404217 -85041.7208448481
0.042538 0.0671298890780946 21300 74.9631859093553 -11179843.7886818 4463.0417617949 -84562.8733698208
0.042638 0.150099895806318 21350 74.8817966472431 -11178740.9143659 4458.19613428639 -84500.3990903268
0.042738 0.0677137372881446 21400 74.8130965299225 -11175546.0935452 4454.1059733771 -84214.8800719347
0.042838 -0.0537217958499831 21450 74.6630172835047 -11191520.9818408 4445.17078824301 -85705.9992167465
0.042938 0.00143717960118208 21500 74.8843143585593 -11185736.2892074 4458.34602987329 -85192.7962907636
0.043038 0.0346395694634574 21550 75.2921372649512 -11177370.6586266 4482.62635681731 -84361.9478073745
0.043138 0.0803276016985048 21600 75.6553481796572 -11177732.1524778 4504.25064427265 -84463.849631826
0.043238 -0.0691149167122511 21650 76.2006408762408 -11181984.3086887 4536.71543412559 -84837.7999663916
0.043338 0.0139181930890135 21700 76.5683688552664 -11175740.9959062 4558.60865154242 -84278.8125294571
0.043438 0.00344264828075147 21750 76.9594284120918 -11175939.5746313 4581.89094820964 -84302.4737352088
0.043538 0.0247564569264607 21800 77.2473988321369 -11174932.5766436 4599.03568392533 -84204.8680544877
0.043638 0.026272479933051 21850 77.4618518867725 -11178105.6184224 4611.80345689513 -84477.2731194463
0.043738 -0.000361088749199266 21900 77.5241853508186 -11175945.135125 4615.51456988773 -84318.7915804437
0.043838 0.0454542538338328 21950 77.4304548049093 -11174986.3743172 4609.93418618773 -84284.3336475376
0.043938 -0.0344509034257374 22000 77.3043119004736 -11175945.4424295 4602.42408581484 -84310.5973468006
0.044038 0.0551773681926825 22050 77.1266834603757 -11166908.9298579 4591.84871956509 -83503.8312816305
0.044138 0.127079545307963 22100 77.1218226775143 -11168577.8840094 4591.55932582279 -83741.8224259925
0.044238 0.139639352239787 22150 77.3618931998447 -11163008.7350207 4605.85227180606 -83142.3587695765
0.044338 -0.0643373250640472 22200 77.5769484676109 -11171637.6698232 4618.65589840612 -83973.4018286003
0.044438 -0.00213638090206455 22250 77.8910755371458 -11168216.4393511 4637.35790810378 -83660.6977801747
0.044538 0.12231615509949 22300 78.3644140934255 -11161488.2012117 4665.53880407983 -83052.043395089
0.044638 0.00360878228546544 22350 78.6935475191105 -11169627.6909791 4685.13423890847 -83814.377947752
0.044738 -0.0486288204258596 22400 79.2141631174077 -11170409.344806 4716.1298420016 -83913.0442245346
0.044838 0.0185039078668485 22450 79.5416344154379 -11165551.9568378 4735.62631965485 -83476.6596250653
0.044938 0.00363312774302722 22500 79.7201898150222 -11167890.8892558 4746.25687377913 -83728.0436788926
0.045038 -0.0485292555192603 22550 79.940428133039 -11167913.2862549 4759.36908077692 -83692.2221188195
0.045138 -0.0215435564661813 22600 79.8419877720621 -11163253.3273512 4753.50829142069 -83289.5641846748
0.045238 -0.0131524029981862 22650 79.5836025936564 -11166573.7039778 4738.12495588252 -83667.2485981728
0.045338 -0.00577018121800249 22700 79.5233754167442 -11165032.0185182 4734.53924374272 -83457.1037978484
0.045438 -0.00619635346254212 22750 79.5699273454865 -11167245.6738952 4737.31078019156 -83654.4217208568
0.045538 -0.0149756808469778 22800 79.4766120377065 -11167941.7917551 4731.75511829452 -83728.4766852338
0.045638 0.0207392517983736 22850 79.7246390122368 -11168547.5201568 4746.5217631743 -83840.6226881236
0.045738 0.110190922465078 22900 80.1624936740122 -11160893.9351564 4772.59007413781 -83015.56347054
0.045838 0.032405344217336 22950 80.5785657135949 -11163082.4091817 4797.36152516469 -83270.702636584
0.045938 0.0599837552526588 23000 80.9882275043898 -11159112.8847634 4821.75133275291 -82923.1134666147
0.046038 0.0883485920857788 23050 81.4333622869497 -11157444.736203 4848.25307624331 -82759.0671074085
0.046138 0.0443045341598613 23100 81.7083101529851 -11160872.2433468 4864.62249535946 -83100.1648270412
0.046238 0.129110424402566 23150 81.8586910272698 -11151961.0930809 4873.57563834513 -82304.7521904767
0.046338 0.00207119978978775 23200 82.0237290833114 -11160576.2734613 4883.40141785895 -83113.5659580174
0.046438 0.00303641969018351 23250 82.0526704312039 -11163156.3887463 4885.12448289041 -83406.0888222719
0.046538 0.1497508586984 23300 81.7780725042068 -11146570.2211123 4868.77589790134 -81824.5535212554
0.046638 0.0549889968293553 23350 81.8502998993677 -11159466.8552707 4873.07606040162 -83037.4723541493
0.046738 0.000212069942232673 23400 81.7935110738222 -11160554.8321474 4869.69505548649 -83142.5568911215
0.046838 -0.0122271101491557 23450 81.9432983523083 -11156202.9769538 4878.61285788723 -82786.6605904992
0.046938 0.00126731962986073 23500 82.2176890812595 -11157930.8589075 4894.94910704077 -82937.6327394249
0.047038 0.00763015794883021 23550 82.4661583494105 -11157526.1761255 4909.74208451136 -82927.8508260222
0.047138 -0.0204742039504034 23600 82.5868529516525 -11154967.5980366 4916.92781232822 -82713.626189144
0.047238 -0.00162256056518165 23650 83.2571626419919 -11152890.2249839 4956.83566983227 -82506.2101876726
0.047338 0.0786532207835439 23700 83.6563383982207 -11145428.430941 4980.60117617694 -81775.9499304724
0.047438 0.143987754959514 23750 83.7970661928254 -11138499.1129996 4988.97960909367 -81192.7517825144
0.047538 0.134766621616818 23800 83.9973772986647 -11146250.3287557 5000.90542067528 -81918.8299957654
0.047638 -0.0172889198342057 23850 84.4414310236704 -11149194.3775838 5027.34280183965 -82205.1349422802
0.047738 0.0118974921054312 23900 84.1651248031539 -11153346.2977382 5010.89251112362 -82555.4529364791
0.047838 0.046066916184706 23950 84.29965233965 -11149547.8036884 5018.90180270068 -82205.7372536372
0.047938 0.0219708417610676 24000 84.1692059160453 -11146356.3331462 5011.1354860859 -81967.2672761987
0.048038 0.0417867516020734 24050 84.2484258560829 -11148089.7753137 5015.85195986521 -82127.3553720392
0.048138 -0.0318488236071384 24100 84.2799634441499 -11152711.7068509 5017.7295958128 -82550.2009450846
0.048238 0.0466322881722415 24150 84.4570110072784 -11143027.4734339 5028.27037871151 -81711.779955462
0.048338 -0.0227935167593171 24200 84.7055105035086 -11145380.1301425 5043.06515585454 -81923.5525441907
0.048438 0.0423692684396251 24250 85.0708414835922 -11143163.8632943 5064.81566447036 -81731.0066755389
0.048538 -0.000324475502620742 24300 85.3726981360877 -11147251.9824154 5082.78713713152 -82137.0062916228
0.048638 -0.00549870132227946 24350 85.821427656706 -11141644.1627428 5109.50289855461 -81544.7392599601
0.048738 0.0228943820060421 24400 86.1278943154386 -11140037.485564 5127.74883460881 -81487.528056134
0.048838 0.0333125198484764 24450 86.1766095260609 -11138952.2880694 5130.64916517514 -81375.1329988232
0.048938 -0.0193841700336278 24500 86.4925880167335 -11146842.656032 5149.46140190966 -82135.4455660505
0.049038 0.0158794188699971 24550 86.4245070165914 -11139474.0068137 5145.4081010376 -81487.8128419381
0.049138 0.0550704884213821 24600 86.4608948468161 -11139578.3844822 5147.57450317144 -81504.9455210074
0.049238 0.093937422493521 24650 86.5498149901418 -11133955.3003958 5152.86849259189 -80998.6020241382
0.049338 0.00186304569569308 24700 86.3619837171518 -11138758.4524601 5141.68568592011 -81440.9538179463
0.049438 -0.0131081697169241 24750 86.6082745848787 -11145930.2702197 5156.34896916881 -82046.0038131015
0.049538 0.0102213154535618 24800 86.6993038964856 -11135871.4239978 5161.76853097532 -81227.2049171508
0.049638 0.0294914398626955 24850 86.8747788403051 -11137876.9654041 5172.21568570754 -81349.1311898593
0.049738 -0.073804882307097 24900 87.3857066242864 -11140103.7606467 5202.63451075491 -81537.7362030371
0.049838 -0.0122488453919561 24950 87.7402380994683 -11137107.2421865 5223.74205521708 -81308.1228818205
0.049938 0.0275519210800324 25000 88.0495002026839 -11131877.6117561 5242.15442210421 -80804.3567379071
0.050038 0.0374173917030431 25050 88.2631181637796 -11135241.6123032 5254.87247657154 -81129.9144399404
0.050138 0.14181586399973 25100 88.4716215724097 -11123809.6069931 5267.28602875591 -80141.7629161444
0.050238 -0.0308497409699691 25150 88.5845021012152 -11134423.0298328 5274.006534402 -81115.3974654123
0.050338 0.0657987464351769 25200 88.6204167058289 -11130804.4352128 5276.14476236423 -80689.5931583462
0.050438 0.101848058478539 25250 88.8808153832275 -11132922.2046217 5291.64797447892 -80956.3656644643
0.050538 0.0622091819417629 25300 88.8609609932054 -11132137.1133156 5290.46591463517 -80928.6255355817
0.050638 -0.017424216715438 25350 88.8411568590143 -11130457.6335108 5289.28684684504 -80748.0414761092
0.050738 0.0346947917822258 25400 88.9588912125932 -11127790.5753982 5296.29633197359 -80493.1078528763
0.050838 0.0469436210285499 25450 89.0734707163457 -11127763.6961082 5303.11798855195 -80535.1764871417
0.050938 -0.0699417981250073 25500 89.3538420465807 -11137414.4458861 5319.81030145821 -81445.8600219322
0.051038 -0.0171255610432617 25550 89.3962386001191 -11124227.5711442 5322.33444163052 -80139.5064186365
0.051138 -0.00863971869966008 25600 90.0023491935713 -11132686.96386 5358.42011299078 -80995.3886273132
0.051238 0.0337678780241044 25650 90.1089392684242 -11132071.5548784 5364.76610735709 -80925.6346665872
0.051338 0.0954090376353499 25700 90.3693989716126 -11123763.9970799 5380.2729527305 -80230.2050629805
0.0514379999999999 0.0549700546474933 25750 90.7126630177746 -11119929.6690373 5400.70967449945 -79824.7887052797
0.051538 0.101389490798448 25800 90.9572209534465 -11119298.4817125 5415.26978513031 -79846.0866470807
0.0516379999999999 -0.00216841858713554 25850 90.9452504496192 -11127735.3550832 5414.55710386093 -80615.7478418597
0.051738 -0.00452022106317332 25900 91.0805637573443 -11126446.9508631 5422.6131774653 -80514.2900336484
0.0518379999999999 0.053098782981457 25950 90.9729282892805 -11120137.2314422 5416.20494410126 -79915.0975595822
0.0519379999999999 0.0508777552355067 26000 91.2298503054843 -11121453.1247761 5431.50116816021 -80066.062475712
0.0520379999999999 -0.0540497899463587 26050 91.4286598697351 -11124777.9222735 5443.33758329027 -80374.6257882123
0.0521379999999999 -0.0583631876414088 26100 91.5438721052231 -11128897.3142062 5450.19691046821 -80765.7297034998
0.0522379999999999 0.086853125688032 26150 91.6236892995757 -11122133.4128974 5454.94894264752 -80127.2999856488
0.0523379999999999 0.0317305337269344 26200 91.7374935496902 -11121981.4373584 5461.72444337857 -80129.8645719714
0.0524379999999999 0.0251746195142691 26250 91.9605102282104 -11119687.6143971 5475.00206408983 -79934.8152237398
0.0525379999999999 -0.0827202352445586 26300 92.3047837575795 -11130608.6476841 5495.49888690247 -80955.1203117402
0.0526379999999999 0.0758089024459577 26350 92.580217055193 -11120318.3568079 5511.89720689016 -80029.5997626514
0.0527380000000001 0.0552393095699436 26400 92.7027916842722 -11118450.9092899 5519.19486482559 -79776.8850993128
0.0528379999999999 0.0754445365478654 26450 93.0361885382733 -11116665.9608232 5539.04412902919 -79688.6642123927
0.0529379999999999 0.125805320810943 26500 93.2775784436991 -11114049.7036954 5553.41562639449 -79401.3098142787
0.0530379999999999 0.061461169321024 26550 93.3987203495335 -11116788.4686517 5560.62798507807 -79671.5019904893
0.0531380000000001 0.115008413633807 26600 93.4997358445391 -11110371.3673333 5566.6420887655 -79085.5368018829
0.0532380000000001 0.0801229325597244 26650 93.5181214476805 -11112589.3089489 5567.73670225665 -79333.0324647624
0.0533379999999999 0.00695234887641343 26700 93.4819805132493 -11117080.6045302 5565.58499942118 -79749.9296238316
0.0534380000000001 0.00124438665725189 26750 93.7029041419856 -11118174.1529302 5578.73800738444 -79850.9562255908
0.0535380000000001 0.0103886581723814 26800 93.9280201344856 -11119227.0673029 5592.14061379168 -79971.3689908371
0.0536380000000001 0.0504411135717525 26850 94.1921568949206 -11113159.0372475 5607.8663780898 -79390.5643045317
0.0537380000000001 0.0276924100483121 26900 94.4134443752967 -11115792.8709101 5621.04104848701 -79691.0721441634
0.0538380000000001 0.0532605828936181 26950 94.5357172313779 -11111258.1079138 5628.32073993028 -79260.6147898402
0.0539380000000001 -0.100103284558814 27000 94.6710158594728 -11127408.3298214 5636.37593956162 -80769.7851029085
0.0540380000000001 -0.0517488530377474 27050 95.078349512043 -11114892.6564229 5660.62713807129 -79665.1889288316
0.0541380000000001 0.0860244529323426 27100 95.2686317246177 -11107723.6174896 5671.95586497832 -78911.5859196263
0.0542380000000001 0.0339509994323745 27150 95.4708474475389 -11108747.0868959 5683.99507069431 -79057.9657292677
0.0543380000000001 -0.0186597043617919 27200 95.4750313810883 -11108630.2995029 5684.24416723327 -79071.2988840883
0.0544380000000001 0.0759717374407 27250 95.5325065624467 -11111187.502891 5687.66603533503 -79283.6368495627
0.0545380000000001 0.0820655703686901 27300 95.6368053273779 -11103279.6977875 5693.8756132491 -78547.0120025344
0.0546380000000001 0.147835605258623 27350 96.0006507135664 -11102613.9404906 5715.53767488239 -78484.085411164
0.0547380000000001 0.0703044282622716 27400 96.1671087087626 -11107799.7583454 5725.44799252875 -78990.7005128835
0.0548380000000001 0.162569753767309 27450 96.1907829462077 -11103116.8100021 5726.85747251702 -78616.1588234173
0.0549380000000001 0.0373817681482458 27500 96.4562832923048 -11106817.2852079 5742.66441986095 -78872.8056445752
0.0550380000000001 0.0962221158400519 27550 96.5341106830431 -11102360.9531518 5747.29798620239 -78486.9488871433
0.0551380000000001 0.116141149736434 27600 96.860212420957 -11099092.90493 5766.71292511205 -78205.4540599035
0.0552380000000001 -0.0694864910269482 27650 96.968710583584 -11111512.1626668 5773.17252024543 -79354.4263014575
0.0553380000000001 -0.00486337030125732 27700 97.1170567281496 -11109293.2850936 5782.00452265256 -79200.8698528746
0.0554380000000001 0.0425049891842507 27750 97.3440890901048 -11101870.6671433 5795.52122288872 -78494.8524531888
0.0555380000000001 -0.0165275199965349 27800 97.5612094547526 -11103033.7776193 5808.44779802029 -78692.6722669459
0.0556380000000001 -0.0184037166037033 27850 97.7339597927145 -11103583.2195068 5818.73273939966 -78746.9074738272
0.0557380000000001 0.00491973072676314 27900 97.879362774558 -11105203.8962811 5827.3895163547 -78854.2842561606
0.0558380000000001 -0.0367682887929392 27950 97.8213679014282 -11108429.9182107 5823.93670765123 -79185.7336037447
0.0559380000000001 -0.0914159451629513 28000 98.1913048874529 -11104405.3034348 5845.96144149668 -78808.5039440724
0.0560380000000001 -0.143050983222229 28050 98.2131327230877 -11102369.0167438 5847.26099328101 -78646.824524431
0.0561380000000001 -0.0529851647441415 28100 98.450937292346 -11098780.9351081 5861.41903246879 -78363.9460795881
0.0562380000000001 -0.0587591965314815 28150 98.976568715942 -11102873.2741167 5892.71325998011 -78745.6106287828
0.0563380000000001 0.00512039414920423 28200 98.9796686550452 -11096262.2290368 5892.89781934093 -78131.0140618692
0.0564380000000001 -0.00832367967604611 28250 98.9188101503875 -11097400.0628893 5889.27452019012 -78220.7524816182
0.0565380000000001 0.0870178103455363 28300 99.3666738633934 -11098228.1514718 5915.93873450399 -78297.400954453
0.0566380000000001 -0.0200970565679887 28350 99.4277133961382 -11100912.1162218 5919.57281142396 -78556.729572397
0.0567380000000001 0.072932872875144 28400 99.6187813632188 -11095141.2723556 5930.94831936266 -78075.2579722322
0.0568380000000001 -0.0398560418154921 28450 99.8747806591247 -11099815.9672447 5946.18960793329 -78454.6898938915
0.0569380000000001 0.137312672278227 28500 100.021007255413 -11093474.4576099 5954.89541996629 -77836.4683659405
0.0570380000000001 0.119223618882194 28550 100.125917925336 -11087732.1566104 5961.14142852962 -77422.6311125296
0.0571380000000001 0.0426459710385133 28600 100.289843109599 -11095004.2288559 5970.90095161152 -78051.462391474
0.0572380000000001 0.0379993120618224 28650 100.487036362206 -11095549.4549554 5982.64113728868 -78145.4379243195
0.0573380000000001 0.02994410101107 28700 100.827948936033 -11095724.8494707 6002.93786074907 -78159.5710933467
0.0574380000000001 -0.0891227847138975 28750 100.678323390639 -11101052.7877815 5994.02968736204 -78627.1763282489
0.0575380000000001 0.0607729397379533 28800 101.069559573165 -11091455.4795831 6017.32249969596 -77750.3845646959
0.0576380000000001 0.0131048671743246 28850 101.367071663901 -11093844.2138839 6035.0353125852 -78061.2430850491
0.0577380000000001 0.0246403257697798 28900 101.387142671901 -11098146.6873057 6036.23026909373 -78441.6052671014
0.0578380000000001 -0.0736409508947488 28950 101.645282052477 -11098024.5486796 6051.59897070241 -78435.9377836177
0.0579380000000001 0.0122587274404182 29000 101.604053323823 -11087297.1682209 6049.14435867466 -77412.3177437153
0.0580380000000001 0.0811141448378264 29050 101.654915229444 -11083940.7184281 6052.17249583451 -77090.220684702
0.0581380000000001 0.198490232409726 29100 101.979312315693 -11077388.7768793 6071.4859458403 -76537.63792827
0.0582380000000001 0.132681690298601 29150 102.331123108472 -11082230.3555972 6092.43151053816 -76967.0296280824
0.0583380000000001 0.0419147491187466 29200 102.456689000207 -11085292.7915077 6099.90725762482 -77221.7389414194
0.0584380000000001 0.0956902855912783 29250 102.496117702229 -11082495.3503361 6102.25470246198 -76994.4346749598
0.0585380000000001 0.186587913535361 29300 102.546716239693 -11076382.0685852 6105.26715961739 -76415.4944663255
0.0586380000000001 0.0971361176622514 29350 102.936641622657 -11083125.0083091 6128.48193160239 -77033.2123958036
0.0587380000000001 0.100024978302448 29400 103.233637234627 -11081849.8913769 6146.16399518082 -76965.7002988553
0.0588380000000001 0.0617262340228394 29450 103.408359495868 -11087104.9917907 6156.56633786641 -77482.9616634802
0.0589380000000001 0.117495958233517 29500 103.334147071924 -11078847.2677644 6152.14799380477 -76705.5161389286
0.0590380000000001 0.0194838739575827 29550 103.523351989745 -11083814.7149601 6163.41258240953 -77208.8376920794
0.0591380000000001 0.0242235236549488 29600 103.734715236341 -11082762.1428735 6175.99639918605 -77081.6556091002
0.0592380000000001 0.0244581338601065 29650 103.933678036174 -11078251.0107094 6187.84193741826 -76698.1695728475
0.0593380000000001 -0.00585108515245304 29700 104.139009594609 -11085838.8662155 6200.06664891091 -77427.842569401
0.0594380000000001 -0.0184992062972505 29750 104.398556658074 -11084914.4850085 6215.51915895755 -77360.5053785274
0.059538 0.0606395482712561 29800 104.601539782425 -11081526.3128313 6227.60405302827 -77042.5942840289
0.0596380000000001 -0.00310889623439773 29850 104.669280505593 -11081649.9816187 6231.63709501825 -77068.6333331852
0.059738 -0.0087902118079605 29900 104.830620634126 -11085627.732421 6241.2427130661 -77376.159927688
0.0598380000000001 0.207604379589323 29950 105.0398376424 -11066045.1421936 6253.69875043803 -75549.0827743817
0.059938 0.194916292890378 30000 105.161143304738 -11069703.7082219 6260.92085860204 -75958.3997278838
0.060038 0.159181857173678 30050 105.220955175642 -11075229.5408818 6264.48184489762 -76426.4874175666
0.060138 0.0573683394059088 30100 105.490388768272 -11078190.4491599 6280.52296376619 -76737.8552182625
0.060238 0.109815432239327 30150 105.725882820689 -11075482.6168396 6294.54344298993 -76468.4312041266
0.060338 0.163558214740717 30200 105.835409201053 -11067321.145676 6301.06425455435 -75741.5610763516
0.060438 0.242785721338643 30250 106.140799737615 -11067682.4150308 6319.24612211777 -75709.9244402383
0.060538 0.174068256930671 30300 106.258445441371 -11066231.5868789 6326.25032935082 -75541.35099097
0.060638 0.0904060181516713 30350 106.654777687382 -11069754.2143046 6349.84654319946 -75924.7235358246
0.060738 0.228125592416937 30400 106.711793945805 -11064058.7647649 6353.24108866008 -75438.7345229595
0.060838 0.0798216597785629 30450 106.957591623432 -11074164.4199375 6367.87500912241 -76319.8887106274
0.060938 0.0997136529106571 30500 107.188642562169 -11079458.7067195 6381.63096114308 -76836.7310234985
0.061038 0.107821210282436 30550 107.053440345905 -11063729.2842132 6373.58150152965 -75417.3385761017
0.061138 0.153187786552228 30600 107.208415741078 -11067771.7641966 6382.8081859657 -75833.446047027
0.061238 -0.0797932123682119 30650 107.357471619365 -11078776.8871956 6391.68244339708 -76907.1872392427
0.061338 0.0696862115401283 30700 107.423164782849 -11069430.6165503 6395.59358095793 -75951.848080882
0.061438 0.192506877114146 30750 107.637429111079 -11059270.1866508 6408.35011782805 -75115.9946919777
0.061538 0.114170409549716 30800 107.863644402819 -11069640.8067693 6421.81817260648 -76087.9578819331
0.061638 0.0456804212540952 30850 108.110707639373 -11069109.0593862 6436.52743995108 -76004.8133957492
0.061738 0.141875252734124 30900 108.331617784979 -11063895.5009554 6449.67964517666 -75480.4174646617
0.061838 0.103160401632252 30950 108.537029746649 -11064757.165428 6461.90914359229 -75559.7035133893
0.061938 0.0498407377377085 31000 108.792444318179 -11069907.2020556 6477.11561975096 -76066.9355208236
0.062038 0.129320705163364 31050 108.874765034267 -11067801.5926698 6482.01670271994 -75842.5764088611
0.062138 0.10931451413772 31100 109.155779751705 -11062205.7589336 6498.74732061446 -75434.2233496234
0.062238 0.123436087295258 31150 109.197170827528 -11062011.515996 6501.21159821582 -75331.4714295605
0.062338 0.220229439870267 31200 109.484018710698 -11055749.5954172 6518.28950207411 -74791.7733700807
0.062438 0.149350954641572 31250 109.531584437877 -11060812.0270545 6521.12139648008 -75307.274976307
0.062538 0.186456471125334 31300 109.599718122671 -11052439.3471351 6525.17783400911 -74474.4418901866
0.062638 0.0626846468248307 31350 109.808362853181 -11063584.2091351 6537.59979999614 -75510.2380418026
0.062738 0.155344925298066 31400 109.863564102072 -11057695.6942314 6540.88628623758 -74968.9671276686
0.062838 0.223944675671585 31450 110.182516440829 -11052137.7947522 6559.8755753216 -74464.3215546455
0.062938 0.182003367505096 31500 110.246106296767 -11055281.3631297 6563.66148942379 -74759.8660368358
0.063038 0.162476897362926 31550 110.728051665825 -11055058.5620159 6592.35480445458 -74707.5034077861
0.063138 0.0627583944168177 31600 110.829536304241 -11061725.991656 6598.39683927391 -75390.7205875602
0.063238 0.0109920503476117 31650 110.951086296789 -11058853.5421079 6605.6334939906 -75158.6328444762
0.063338 0.188585520587348 31700 111.08232219222 -11051048.5914766 6613.44681295307 -74441.2352308897
0.063438 -0.0513517597236307 31750 111.35166583321 -11069573.4630953 6629.48257642056 -76140.6571417834
0.063538 -0.0130130903631441 31800 111.592487795249 -11061721.5544125 6643.8202604544 -75374.8625978944
0.063638 0.0734161262249102 31850 111.694331507455 -11053012.9523692 6649.88367325149 -74670.3270290921
0.063738 0.146001545437965 31900 111.734951387274 -11051038.0761465 6652.30203658265 -74462.2521181422
0.063838 0.0750954914473855 31950 112.179992160288 -11061120.0334138 6678.79818307864 -75362.5879971705
0.063938 0.121991110256368 32000 112.09356197802 -11055878.4056953 6673.65243709334 -74863.942481589
0.064038 0.0962646486028237 32050 112.312292920958 -11049356.2829094 6686.67490033425 -74228.5944252316
0.064138 0.127318878794092 32100 112.243354154665 -11054628.8061135 6682.57053111303 -74767.86744293
0.064238 0.101118324220183 32150 112.404106184106 -11051646.4488274 6692.14113583036 -74534.7279812389
0.064338 0.202929930563784 32200 112.778544814422 -11045061.6195963 6714.43388158357 -73910.6270848073
0.064438 0.131448798640493 32250 112.782371528762 -11052598.712085 6714.6617105599 -74616.6403728003
0.064538 0.139293125553047 32300 113.210189191456 -11049982.3804863 6740.13245425731 -74335.7272244436
0.064638 0.181785862533442 32350 113.450701893023 -11042505.7663862 6754.45172602135 -73622.4856529827
0.064738 0.172140034262508 32400 113.696448201645 -11049010.9102971 6769.08258815563 -74285.2225951741
0.064838 0.176552865642318 32450 113.738264933227 -11049359.2750282 6771.57220778868 -74318.1361572729
0.064938 0.128846063651033 32500 113.87132526445 -11047927.0733748 6779.49414717639 -74209.3248543181
0.065038 0.120548443001134 32550 114.243165158701 -11049911.3202975 6801.63217341704 -74412.1108243058
0.065138 0.191593588314197 32600 114.365864236809 -11040383.3252494 6808.9372406055 -73572.9412535674
0.065238 0.19544845684351 32650 114.411934066568 -11044316.3855755 6811.68007459369 -73942.6626688661
0.065338 0.0769669513864189 32700 114.622880612499 -11047676.9068235 6824.23908249306 -74219.9706791235
0.065438 0.154452715443531 32750 114.917437759255 -11042266.8023261 6841.77596851594 -73667.7837499182
0.065538 0.0810738226696041 32800 114.890340015651 -11050067.8637309 6840.16266513396 -74423.7241396662
0.065638 0.130345645691716 32850 115.129766035667 -11041712.9876156 6854.41723973919 -73638.8760183845
0.065738 0.0858027505589206 32900 115.289141511723 -11043912.0394407 6863.90588935854 -73902.5949849677
0.065838 0.162230606285116 32950 115.559036545531 -11042563.1468931 6879.97448079541 -73746.5942024672
0.065938 0.247764531814986 33000 115.511025524627 -11038608.9902705 6877.11607518309 -73367.6368424596
0.066038 0.166189641670148 33050 115.555051926989 -11035608.4644022 6879.73725076387 -73144.1627631953
0.066138 0.206284034135009 33100 115.781068420581 -11039927.4888827 6893.19346980689 -73485.4353838254
0.066238 0.0987688539450898 33150 116.191830077577 -11044549.0125106 6917.6487595211 -73970.700806213
0.066338 0.118908639677928 33200 116.474348731416 -11043434.2126396 6934.46891644583 -73912.8466138168
0.066438 0.0203985213472455 33250 116.508392143034 -11048979.2555287 6936.49574022503 -74485.9279885275
0.066538 0.08687185594027 33300 116.86139893553 -11046268.6962843 6957.51251049689 -74177.9948878266
0.066638 0.0627612895701114 33350 117.193322382459 -11043165.5546945 6977.27405327813 -73935.800879686
0.066738 -0.0560874288110422 33400 117.134910238458 -11046571.8758035 6973.7964017494 -74277.0812052122
0.066838 0.0506867757560259 33450 117.501122594813 -11045869.1364327 6995.59938437713 -74202.6766509458
0.066938 -0.0403436856552649 33500 117.389465559894 -11044547.4433238 6988.95172121024 -74127.5308982742
0.067038 -0.021080890634338 33550 117.408429869136 -11040025.3479708 6990.08078880658 -73707.6150661396
0.067138 0.0699550311021583 33600 117.744490106037 -11040261.9213709 7010.08862136563 -73662.6775650155
0.067238 -0.065579338489314 33650 117.752289508548 -11045813.1418141 7010.55297008167 -74196.4822448527
0.067338 -0.0528709532364508 33700 118.025552164204 -11046543.2499941 7026.82205775899 -74338.0341136903
0.067438 -0.1009516990077 33750 118.103911874802 -11048216.2168501 7031.48731653366 -74544.1079704971
0.067538 0.0458126297049334 33800 118.29705835601 -11036911.2337029 7042.98657181898 -73359.3305010356
0.067638 0.0169152924037527 33850 118.594214883466 -11040050.6905707 7060.67821573379 -73730.9976631352
0.067738 -0.0315546844691805 33900 118.79112212707 -11036949.4763076 7072.40137345109 -73426.6922160322
0.067838 -0.166888863704982 33950 119.074110136785 -11049449.7971577 7089.24947415708 -74638.1267717213
0.067938 -0.0603208257520704 34000 119.214946343234 -11041627.463529 7097.63436152984 -73868.2932930312
0.068038 -0.0480004319430546 34050 119.275511755 -11037342.9635075 7101.24021097121 -73523.6293952373
0.068138 -0.0658558023863269 34100 119.402328637675 -11037065.3654881 7108.79043761397 -73405.9284429373
0.068238 -0.127293759715231 34150 119.716353447725 -11043735.4710321 7127.48635914519 -74179.0684613466
0.068338 -0.140808756474444 34200 119.661704912507 -11045330.4978284 7124.23277951219 -74300.5364999194
0.068438 -0.179254105120658 34250 119.727067860383 -11043373.6944571 7128.12425720897 -74167.7791909424
0.068538 -0.118315402515331 34300 119.97615990466 -11042730.0658125 7142.95431255752 -74048.5055202484
0.068638 -0.207423816963917 34350 120.208616654266 -11039300.5811215 7156.79396156283 -73798.4940313033
0.068738 -0.202556976674406 34400 120.592185737267 -11040448.6288411 7179.63030203049 -73879.1539123494
0.068838 -0.0655133394525103 34450 120.844591629828 -11035507.402742 7194.65765213247 -73362.3224556775
0.068938 -0.0757515846766596 34500 120.929364517397 -11030134.9568877 7199.70472867947 -72960.0509340037
0.069038 -0.177528741924578 34550 121.150591040425 -11045572.7898166 7212.87576989272 -74352.2362827862
0.069138 -0.0375325204377787 34600 121.475752721666 -11034242.5771045 7232.23474116788 -73359.0175923339
0.069238 -0.1672088344387 34650 121.324769772417 -11038658.8540539 7223.24575277789 -73769.0902698014
0.069338 -0.106713784299543 34700 121.572606433282 -11033521.3220648 7238.00106705817 -73344.4794005082
0.069438 -0.127571684869075 34750 121.638145406005 -11034149.5449998 7241.90302464895 -73316.3327463162
0.069538 -0.124331995478527 34800 121.715598638462 -11033985.551127 7246.51431493562 -73311.4742971516
0.069638 -0.0944371768594314 34850 121.999422559802 -11032697.4435471 7263.41218285 -73218.7639916658
0.069738 -0.0819750233959506 34900 122.101942884387 -11032048.5719105 7269.51587874427 -73121.1075491064
0.069838 0.00836760890496174 34950 122.33889182087 -11017282.0633779 7283.62297659648 -71735.130109053
0.069938 -0.0324035887312785 35000 122.474678695218 -11028116.389953 7291.7072446751 -72771.6817188132
0.070038 0.0822247087144204 35050 122.893702022275 -11017996.6408135 7316.65440487291 -71896.4881660149
0.070138 -0.0916426835187711 35100 123.048013187458 -11031080.2112478 7325.84154341526 -73058.5684764989
0.070238 0.0223850003474582 35150 123.166546475481 -11022191.6834363 7332.89859426214 -72229.9728240335
0.070338 -0.0821429041241563 35200 123.3770795574 -11029996.7638029 7345.43298598317 -73011.0764996006
0.070438 0.0680759467508026 35250 123.625835101873 -11021595.6918473 7360.24300732892 -72223.4256212556
0.070538 0.102446539047194 35300 123.784994297724 -11015330.7143474 7369.71878039322 -71584.9932190674
0.070638 -0.0394000997868733 35350 123.787598725057 -11018646.9537376 7369.87383874369 -71932.2340105555
0.070738 0.041089718064208 35400 123.859607473428 -11021539.8858794 7374.1609837909 -72242.4141868618
0.070838 -0.0231994067487198 35450 124.111110906071 -11023150.1543537 7389.13460463566 -72343.6478488667
0.070938 0.0668837131051031 35500 124.330617229189 -11015187.2663268 7402.20323125776 -71607.4714840538
0.071038 0.120537439771635 35550 124.395616398285 -11012945.2132082 7406.07305085842 -71485.9101358405
0.071138 0.153935052904306 35600 124.664232807361 -11009729.9804416 7422.06551752145 -71148.3282310557
0.071238 0.0848921485944553 35650 124.91107202461 -11011642.5420852 7436.76144755254 -71280.3799222663
0.071338 0.0319472655065963 35700 125.195325760437 -11017227.0404746 7453.68490509441 -71891.2249853497
0.071438 0.0960926723158902 35750 125.105241793193 -11014327.1686796 7448.32162573269 -71514.2469942318
0.071538 0.179889243519377 35800 125.426462627865 -11009513.7242599 7467.44597300404 -71066.2582290414
0.071638 0.219781975614104 35850 125.810700572888 -11002737.4629471 7490.32213514017 -70540.5615415033
0.071738 0.160244435180799 35900 125.719770584746 -11001488.5512623 7484.90848669991 -70327.7342667102
0.071838 0.135327878874874 35950 126.023130208903 -11005266.2547067 7502.96944095407 -70747.4381197576
0.071938 0.117943647296422 36000 126.032916363651 -11007876.989094 7503.55207383974 -71038.9115850047
0.072038 0.210298836131421 36050 126.160654951348 -11000974.440042 7511.15717552493 -70352.4337429624
0.072138 0.174884006381571 36100 126.315751908 -11007550.6769091 7520.39109729959 -70996.2502981203
0.072238 0.149341882487346 36150 126.585176361765 -11006325.2980804 7536.43167207259 -70909.669798551
0.072338 0.266597645373436 36200 126.595761849671 -10998107.4460282 7537.06189441468 -70118.1835046651
0.072438 0.201723523621516 36250 126.896882014315 -11002543.5197073 7554.98951920572 -70507.6525757885
0.072538 0.233197373382332 36300 127.078556863371 -11003760.3227357 7565.80579426883 -70601.0284331622
0.072638 0.199049052883501 36350 127.421335073989 -11009223.0816195 7586.21359111559 -71134.8443844357
0.072738 0.299003596070783 36400 127.5404654519 -10997565.822328 7593.3061905731 -70050.6425138194
0.072838 0.217355810470145 36450 127.84826383764 -10996318.2158226 7611.63141292199 -69947.4242755482
0.072938 0.289915915897372 36500 128.071251861246 -10995311.0936897 7624.90732762146 -69836.8729209102
0.073038 0.343997904406593 36550 127.959525636376 -10989470.4118982 7618.25554513072 -69243.7404720729
0.073138 0.205022023014116 36600 128.157551709441 -10998466.7857421 7630.04531397918 -70074.0522011354
0.073238 0.331302541236167 36650 128.273859167465 -10994038.4921489 7636.96984681582 -69716.6999281024
0.073338 0.335439405645927 36700 128.34380587287 -10991664.9803652 7641.13422515081 -69559.4773363073
0.0734379999999999 0.316583600635548 36750 128.483053713011 -10991464.2617459 7649.4245468367 -69503.9683406015
0.073538 0.296829581195068 36800 128.552888080632 -10995348.1286936 7653.58223697912 -69830.2092588099
0.073638 0.412632041008884 36850 128.600214696386 -10983991.5902591 7656.3998955404 -68806.2034777409
0.073738 0.358470234261271 36900 128.896574464038 -10989237.5014481 7674.04410320715 -69249.3454717086
0.0738379999999999 0.458860886242759 36950 129.422663512564 -10986331.3329492 7705.36557608093 -68954.4751809731
0.0739379999999999 0.494993106337992 37000 129.497882127682 -10980668.675984 7709.84382519033 -68419.6171348755
0.074038 0.479572419318541 37050 130.045587910053 -10984607.6016251 7742.45228159791 -68851.2067437749
0.074138 0.52403745810468 37100 130.343402291379 -10975435.2471962 7760.18309179492 -67933.259587124
0.0742379999999999 0.632562607972647 37150 130.575418921184 -10970559.6485799 7773.99653763086 -67416.1103809177
0.0743379999999999 0.628377289990588 37200 130.467942934764 -10970189.4645366 7767.59779923733 -67354.9781021834
0.0744379999999999 0.616959562270553 37250 130.343483188907 -10975066.7369153 7760.18790814633 -67940.6390009582
0.074538 0.662717964223924 37300 130.556497954919 -10966290.7826393 7772.87005052139 -67075.3050807906
0.0746379999999999 0.678100883442151 37350 130.547685045834 -10970769.8131716 7772.34536122472 -67405.3332108456
0.0747379999999999 0.617409064147183 37400 130.695533843837 -10970008.5149266 7781.14775338447 -67421.3954862866
0.0748379999999999 0.596639028487794 37450 130.745919862982 -10968267.9165412 7784.14755795426 -67324.1324371145
0.0749379999999999 0.619457241269186 37500 131.095693982654 -10971450.2647518 7804.97186637114 -67494.5510639088
0.0750379999999999 0.60932409221972 37550 131.313829067662 -10970128.8576591 7817.95885434789 -67391.8997870537
0.0751379999999999 0.687046270188113 37600 131.467177142992 -10960413.1513293 7827.08865394205 -66477.6312032226
0.0752379999999999 0.538472341010193 37650 131.959700197177 -10971008.0962892 7856.41172676518 -67508.0206411987
0.0753379999999999 0.656472218812843 37700 132.157476202614 -10962919.5754375 7868.18660747547 -66780.6722818091
0.0754379999999999 0.602569154927188 37750 132.4986715437 -10961568.5771417 7888.50016589385 -66650.3865914312
0.0755379999999999 0.65851996746384 37800 132.385222959156 -10968736.2613212 7881.74584022723 -67340.6479169493
0.0756380000000001 0.75542162666769 37850 132.563653201162 -10954485.9097022 7892.36894291396 -66002.4743076435
0.0757379999999999 0.691085960659855 37900 132.878588332244 -10961015.2670183 7911.11906172531 -66633.2627381027
0.0758379999999999 0.719377301858578 37950 133.00548363865 -10966344.6474536 7918.67395743837 -67061.3044472597
0.0759380000000001 0.798039906680438 38000 133.058647193682 -10956113.8240924 7921.83912662688 -66088.8983541052
0.0760380000000001 0.808971783405434 38050 133.25537736279 -10958769.2549059 7933.55174195777 -66374.2427813617
0.0761379999999999 0.701781010613709 38100 133.239537059768 -10958806.6435852 7932.60866659286 -66405.592832902
0.0762379999999999 0.838729583561799 38150 133.156697120141 -10955711.2025055 7927.67667089908 -66074.2033433379
0.0763380000000001 0.828798731349108 38200 133.372789442409 -10951021.2000244 7940.54204003972 -65646.9576560541
0.0764380000000001 0.881845611400812 38250 133.773547792786 -10951387.9003583 7964.40176841737 -65685.4612099018
0.0765380000000001 0.743661967265817 38300 134.045406059828 -10953544.1781508 7980.58724378612 -65943.2024250718
0.0766380000000001 0.696740922620745 38350 134.126181206613 -10958593.1733724 7985.39630904984 -66415.7351997297
0.0767380000000001 0.576909107229001 38400 134.421553606129 -10962490.2411687 8002.98173232572 -66833.3141331655
0.0768380000000001 0.797949026057993 38450 134.777996052858 -10950938.1571984 8024.20304924454 -65724.4534606377
0.0769380000000001 0.702674051672091 38500 134.744572816132 -10958831.053999 8022.21314847508 -66456.0747827934
0.0770380000000001 0.750498799586298 38550 134.937276276021 -10953638.0304998 8033.68602784507 -66005.4559123681
0.0771380000000001 0.697868516561172 38600 135.029960895438 -10960330.2252445 8039.20414079762 -66613.2976628273
0.0772380000000001 0.710801811167597 38650 135.325150768997 -10958330.3018735 8056.77869712646 -66473.0567265732
0.0773380000000001 0.652684581856988 38700 135.501043239873 -10959106.5022935 8067.25070993626 -66514.144141118
0.0774380000000001 0.742542915759538 38750 135.598478494533 -10950262.5853188 8073.05165883328 -65724.1058026996
0.0775380000000001 0.723844732341085 38800 135.882543511396 -10954183.5705708 8089.96388071852 -66070.8092149973
0.0776380000000001 0.720880014172125 38850 136.095730780501 -10953934.2994143 8102.65629331487 -66019.9010512073
0.0777380000000001 0.779563019996189 38900 136.146319403927 -10944331.4925887 8105.66816022371 -65085.0774616105
0.0778380000000001 0.765304213645724 38950 136.216829132219 -10943920.368582 8109.86605894113 -65087.2295513293
0.0779380000000001 0.885816303644337 39000 136.583055774361 -10938552.8846079 8131.66989209381 -64512.4769291371
0.0780380000000001 0.77956149997975 39050 136.537715983482 -10948406.19677 8128.97052202692 -65437.5181375742
0.0781380000000001 0.669616861877039 39100 136.67352650848 -10954459.3200754 8137.05619818119 -66076.4270695072
0.0782380000000001 0.637813336094903 39150 136.992411895042 -10947524.0848786 8156.04150116941 -65514.8277235193
0.0783380000000001 0.826431691328923 39200 137.260125913832 -10941830.724566 8171.98024272081 -64860.0445473616
0.0784380000000001 0.770278055950436 39250 137.383056379999 -10946737.0681838 8179.29908593226 -65355.8490536422
0.0785380000000001 0.816376497679344 39300 137.61500114457 -10947001.2783586 8193.10825316752 -65443.9479403669
0.0786380000000001 0.782528598395999 39350 137.65587813383 -10945533.6936245 8195.54192388137 -65248.7886003054
0.0787380000000001 0.802444198218176 39400 137.955063037826 -10940936.9690804 8213.35433012897 -64674.5996221504
0.0788380000000001 0.791050554729426 39450 138.214636923378 -10943548.7495007 8228.80843706742 -65037.0851044933
0.0789380000000001 0.798778091797514 39500 138.419098607522 -10941816.5992758 8240.98135933524 -64839.6591085168
0.0790380000000001 0.811065796178254 39550 138.525262295284 -10935894.649261 8247.30196812899 -64299.6446922344
0.0791380000000001 0.864434152777235 39600 138.443568246463 -10937710.5506706 8242.43819470269 -64555.760685108
0.0792380000000001 0.873382274292658 39650 138.484166096468 -10937201.7007792 8244.85524645701 -64432.1597756335
0.0793380000000001 0.767782276496201 39700 138.94312776866 -10943486.4647344 8272.18019383224 -64974.2903064903
0.0794380000000001 0.813375921435012 39750 138.939396015866 -10939119.4866523 8271.95801852897 -64633.3572520885
0.0795380000000001 0.826567075204407 39800 139.061595440416 -10943620.9959271 8279.23333811977 -64995.1340369129
0.0796380000000001 0.88873812961804 39850 139.358679996887 -10931186.0287396 8296.92069713779 -63886.8069305437
0.0797380000000001 0.8788904067706 39900 139.521845951413 -10929773.7793039 8306.63501837854 -63690.1223451945
0.0798380000000001 0.961878763708545 39950 139.93595657565 -10931846.7886291 8331.28969370423 -63847.1120264055
0.0799380000000001 0.935347439306178 40000 140.322830731026 -10932613.7614552 8354.3228064389 -63936.1489950154
0.0800380000000001 0.866714109971313 40050 140.29518454016 -10935519.6969663 8352.67685045538 -64272.7838859779
0.0801380000000001 0.929289133397518 40100 140.42024609714 -10927966.987888 8360.12257124259 -63588.7705345697
0.0802380000000001 1.04917752702592 40150 140.723160969721 -10925233.8704726 8378.15704656799 -63242.2975075448
0.0803380000000001 0.986114177966417 40200 140.355105561146 -10921827.1774462 8356.2443351591 -62921.6811822655
0.0804380000000001 1.02008011965755 40250 140.896730607989 -10925907.3704191 8388.49076617678 -63254.3309840403
0.0805380000000001 0.973974214192951 40300 140.860701973499 -10925109.0481624 8386.34574928084 -63211.7473107194
0.0806380000000001 1.04904945545606 40350 140.853657509962 -10920068.5538676 8385.92634694927 -62775.1320336463
0.0807380000000001 1.054871679374 40400 141.300409979387 -10922998.5442532 8412.52440176828 -63078.5399926266
0.0808380000000001 1.05239105743121 40450 141.350571300574 -10920747.742059 8415.51082861995 -62846.5494883462
0.0809380000000001 1.09479866544909 40500 141.553356594627 -10915065.4595504 8427.58394457755 -62337.4220237505
0.0810380000000001 1.04075375588646 40550 141.924764006384 -10920639.5795474 8449.69622234705 -62848.9081290338
0.0811380000000001 1.02746208085041 40600 142.10227068673 -10926718.3309876 8460.26433945372 -63376.9458125569
0.081238 1.168554164295 40650 142.545375849507 -10912698.2942978 8486.64524659306 -62092.0399449443
0.081338 0.964642210058957 40700 142.543217052129 -10921272.7013876 8486.51671946689 -62941.2603538187
0.0814380000000001 1.01228974149653 40750 142.878249370615 -10922683.3698632 8506.46335341544 -63226.0448011902
0.0815380000000001 0.977630313175727 40800 142.899089807519 -10926168.9013208 8507.70411898735 -63461.8927387568
0.081638 0.994478324843417 40850 143.026230497667 -10923693.4079364 8515.27362397666 -63173.5324316918
0.081738 0.896554400135818 40900 143.0253875996 -10924528.1107313 8515.22344082038 -63357.7132069465
0.081838 0.918161995662157 40950 143.116385137829 -10928499.9250089 8520.64111095287 -63746.6015161146
0.0819380000000001 0.906392114136969 41000 143.159951283736 -10924706.9931681 8523.23488449947 -63385.9860491335
0.082038 0.847577956334764 41050 143.54116870856 -10921557.0489731 8545.93121559418 -63107.3236475623
0.082138 0.731910315309284 41100 143.693254238601 -10931399.676567 8554.98584772733 -64145.5853788564
0.082238 0.594455142627051 41150 143.811058414981 -10946639.8115702 8561.99948985744 -65669.3928272726
0.0823380000000001 0.701019990262908 41200 144.145957720207 -10938336.076674 8581.93820466909 -64855.0757662491
0.082438 0.555810014160659 41250 144.465251662915 -10938075.1591632 8600.94783163871 -64820.2409364772
0.082538 0.547767412443846 41300 144.695054329681 -10945633.837183 8614.62946598106 -65647.469231147
0.082638 0.507000448546058 41350 144.956106562809 -10951835.1973567 8630.17158848198 -66202.3960443865
0.082738 0.461218033360738 41400 145.049204240427 -10944403.4204331 8635.71429345232 -65463.7889667432
0.082838 0.441303969469768 41450 145.250047981372 -10937939.1374211 8647.67181623583 -64920.8208458728
0.082938 0.415477557261464 41500 145.304416332446 -10945078.4511666 8650.90871470032 -65567.5029058278
0.083038 0.477532110224076 41550 145.281080511537 -10936438.4993601 8649.51938283025 -64837.7976953313
0.083138 0.243957667089002 41600 145.366283994933 -10956820.1640562 8654.59209552293 -66814.8879456014
0.083238 0.304592026596162 41650 145.407529361936 -10950851.0787887 8657.04769813888 -66229.8942964742
0.083338 0.2453037658979 41700 145.577899690239 -10951988.1062562 8667.19094219874 -66424.9986514995
0.083438 0.195274081533062 41750 145.716403722276 -10955992.7603756 8675.43698019271 -66821.5317210893
0.083538 0.166772884954094 41800 146.025842164932 -10952250.3282466 8693.85984570368 -66532.1687550567
0.083638 0.121227381459581 41850 146.277505811964 -10959176.0203852 8708.84300514391 -67222.4552708703
0.083738 0.0202648218841168 41900 146.830746123694 -10963293.7055579 8741.78096776662 -67690.8219070527
0.083838 -0.153752309364207 41950 147.121074851205 -10972141.6403129 8759.06610873031 -68515.9562622663
0.083938 -0.281200077218958 42000 146.986142318775 -10977020.1628346 8751.03270513416 -68989.9862195045
0.084038 -0.177284460784698 42050 147.4809304308 -10971831.7724771 8780.49063145387 -68554.4302997151
0.084138 -0.281768117395446 42100 147.303151319464 -10981199.6074582 8769.90629477393 -69578.4270870873
0.084238 -0.248678525394046 42150 147.514713226608 -10974374.7434742 8782.50193909364 -68890.4544321477
0.084338 -0.357779866696643 42200 147.681995865322 -10986649.6742432 8792.46135308527 -70182.8972128757
0.084438 -0.446470220614517 42250 147.689333382539 -10983945.9622761 8792.89820279188 -69895.0466203737
0.084538 -0.47008731826883 42300 147.930180144123 -10987673.3539722 8807.23736330249 -70263.994667433
0.084638 -0.43000554139996 42350 147.888350713519 -10982337.7992333 8804.7469876148 -69825.1593896267
0.084738 -0.494689387182792 42400 148.144530679729 -10986426.2009474 8819.99903265348 -70135.9074650122
0.084838 -0.484873340226076 42450 148.457309424254 -10978034.1149277 8838.62076787038 -69415.3384102205
0.084938 -0.509520573954956 42500 148.615860639746 -10985901.5522845 8848.06034394413 -70216.7032791906
0.085038 -0.511516649562015 42550 148.656400266743 -10984665.7926499 8850.47392930739 -70110.6906620191
0.085138 -0.507736239634501 42600 149.237819947457 -10984260.8483225 8885.08959144447 -70048.524540663
0.085238 -0.528816273304056 42650 149.53019311243 -10986267.985621 8902.49645095124 -70286.096180953
0.085338 -0.446340750374056 42700 149.730482614466 -10980898.8589843 8914.42097631911 -69728.019409304
0.085438 -0.547976310420689 42750 150.009456066118 -10981899.423911 8931.03006450092 -69814.6352332512
0.085538 -0.394079387033276 42800 149.767632970247 -10977058.9834609 8916.6327765155 -69333.3142565084
0.085638 -0.447939861869458 42850 149.956952676046 -10981189.9807334 8927.90419918867 -69793.0260026575
0.085738 -0.531966132387138 42900 149.999395398865 -10983617.2737764 8930.43108811591 -70033.3236037522
0.085838 -0.485628433045574 42950 149.778630427423 -10976324.4249027 8917.2875260443 -69385.9354462792
0.085938 -0.579467131917238 43000 149.944971095522 -10983918.1236461 8927.19085845212 -70090.7617236733
0.086038 -0.475793466105384 43050 150.087997630791 -10975909.0160737 8935.70615022114 -69374.9711749214
0.086138 -0.365604859132839 43100 150.485403410542 -10968146.2611072 8959.36627845465 -68551.547158734
0.086238 -0.540019679947939 43150 150.747663710488 -10987516.3409529 8974.98032496187 -70432.4170872939
0.086338 -0.417873892982813 43200 151.373829458445 -10969774.918874 9012.2600089699 -68866.5797978033
0.086438 -0.505392999472612 43250 151.371387418968 -10980147.6566953 9012.11461861546 -69742.028894644
0.086538 -0.576865444980854 43300 151.668961252392 -10980980.603594 9029.83110744498 -69957.8294973844
0.086638 -0.6213984428974 43350 152.080725540076 -10987303.102085 9054.34609022832 -70498.3258838455
0.086738 -0.543596869135285 43400 152.143170119358 -10985949.4022743 9058.06381862725 -70413.2600532052
0.086838 -0.377857793476006 43450 151.963989245869 -10970636.9434543 9047.3960260089 -68908.4380865618
0.086938 -0.347320314214436 43500 152.11903010911 -10964602.246344 9056.62660818113 -68281.0505069238
0.087038 -0.251879629872985 43550 152.340218123845 -10954929.1911374 9069.79535674743 -67353.4174132797
0.087138 -0.376719582216172 43600 152.302032531304 -10966736.4694282 9067.52192223234 -68596.0942804858
0.087238 -0.202529925789683 43650 152.572274058336 -10953813.7186172 9083.61114264478 -67275.7947566892
0.087338 -0.233305417556196 43700 152.380034555448 -10961941.8371776 9072.16588562631 -68051.084339705
0.087438 -0.219486464424021 43750 152.729846555792 -10955074.302931 9092.99244932385 -67314.1554529466
0.087538 -0.211759084943679 43800 153.240168088785 -10953140.486039 9123.37518034122 -67171.9926084773
0.087638 -0.167745730804299 43850 153.475065989428 -10951697.3591435 9137.36016680642 -67059.0440048593
0.087738 0.0295327047970573 43900 153.623504213336 -10941321.7044789 9146.19765129046 -65865.4507323085
0.087838 0.0917131143993262 43950 153.881715487251 -10935958.921469 9161.57063317309 -65459.2628787615
0.087938 0.0507049773674299 44000 154.115297603047 -10941578.4327454 9175.47728248315 -65978.1322013102
0.088038 0.165961622449202 44050 154.051116831926 -10934329.8742126 9171.65618739036 -65206.7355703428
0.088138 0.275417081783537 44100 154.411354176334 -10931562.87795 9193.10343903456 -64941.0843308945
0.088238 0.335114690629364 44150 154.401024455035 -10926306.5097917 9192.48844412761 -64420.7965074443
0.088338 0.311940966418454 44200 154.528343936407 -10930582.7956641 9200.06859371116 -64916.0721040696
0.088438 0.460752021138888 44250 154.511625315902 -10919885.1838686 9199.07322644376 -63858.4477464012
0.088538 0.43536530747791 44300 154.663177007736 -10926029.8333666 9208.09607574665 -64262.5414904388
0.088638 0.4536873677633 44350 155.069675302699 -10919759.1251386 9232.29754003226 -63778.0948761204
0.088738 0.463466203485049 44400 154.986431561985 -10920199.1348454 9227.34150345631 -63765.8650917561
0.088838 0.438375142356857 44450 155.157362400558 -10921110.619116 9237.51811830632 -63906.1064339948
0.088938 0.558929818341578 44500 155.672785903602 -10911438.6387384 9268.20460249441 -62990.5573323967
0.089038 0.65341123862708 44550 155.878943066102 -10905454.3921313 9280.47846751991 -62327.2066527315
0.089138 0.614890860623574 44600 156.129516250196 -10909740.166311 9295.39670467099 -62817.6841582139
0.089238 0.600504218782612 44650 156.271368317391 -10913397.1393443 9303.84207278345 -63103.0422625212
0.089338 0.652806063524384 44700 156.408070246599 -10904051.1139337 9311.9808199775 -62195.963393654
0.089438 0.860775899690667 44750 156.600616420101 -10894777.1696395 9323.44433507479 -61262.3953614615
0.089538 0.819592958148474 44800 156.978681545219 -10895654.7660639 9345.95298944438 -61336.3625825201
0.089638 0.960032910009701 44850 156.83317488202 -10893613.9414115 9337.29003966981 -61164.3819106652
0.089738 0.920451330215912 44900 156.93888595044 -10887892.5190202 9343.58370111601 -60492.5005303552
0.089838 1.11037553411043 44950 157.0118015378 -10875432.9533704 9347.92483613483 -59297.6447156651
0.089938 1.05042996430225 45000 157.252030013344 -10888311.7237044 9362.22718609129 -60459.9085436781
0.090038 1.15049230733614 45050 157.517756857071 -10877252.9745436 9378.04761829939 -59339.8964150073
0.090138 1.20386960560939 45100 157.737668542407 -10867347.4911075 9391.14037874781 -58367.2347178327
0.090238 1.28861300491664 45150 158.071851104414 -10870387.531886 9411.03642121461 -58695.2631881335
0.090338 1.28279284063501 45200 158.306074221096 -10873057.2866103 9424.98123344009 -58913.3781785214
0.090438 1.54006056890962 45250 158.3219576459 -10859023.1834827 9425.92687612273 -57620.2454921388
0.090538 1.47724658648526 45300 158.42019664336 -10862622.722201 9431.77567701054 -57966.8620964989
0.090638 1.45931982142696 45350 158.798479604925 -10860104.2113239 9454.29730058829 -57619.2426425181
0.090738 1.52884655980377 45400 158.923228727208 -10860124.1580478 9461.72442012362 -57677.4108058181
0.090838 1.64260539493543 45450 158.979258984085 -10855831.0052911 9465.06026255522 -57229.1211028981
0.090938 1.73303290215778 45500 159.254965123622 -10846793.5069765 9481.47482658167 -56315.6228417493
0.091038 1.68011623498775 45550 159.030342532395 -10853259.988731 9468.10159553334 -56835.0444712344
0.091138 1.77037266948099 45600 159.263284920759 -10842651.3580247 9481.97015774489 -55893.4689291003
0.091238 1.72684239820946 45650 159.59443345224 -10850591.5805306 9501.68556481338 -56689.2854177824
0.091338 1.84512098064819 45700 159.653505384326 -10842108.5324598 9505.20249778061 -55855.6701658505
0.091438 1.90883372862436 45750 159.830113234105 -10837656.3815215 9515.71710170867 -55336.1831625511
0.091538 1.91595856284406 45800 160.065165988379 -10837806.6654401 9529.71130760885 -55305.3306201339
0.091638 2.04919532677836 45850 160.241211117379 -10825861.7965553 9540.19240914096 -54233.4006466548
0.091738 2.00935900695523 45900 160.4805018677 -10833280.1379109 9554.43893026917 -54901.4981893818
0.091838 2.07697797423645 45950 160.714590077453 -10829107.4742812 9568.37571061539 -54419.3218935956
0.091938 2.13058197855125 46000 161.115417549873 -10822223.8819134 9592.23955427389 -53722.7618482785
0.092038 2.09467902261967 46050 161.007302074424 -10828029.2991965 9585.80274297554 -54367.0991256734
0.092138 2.16576337655913 46100 161.128812850243 -10822292.9536771 9593.03706286746 -53789.3366997604
0.092238 2.31571247987265 46150 161.321947639778 -10811441.3589999 9604.53562207212 -52650.6927116925
0.092338 2.39398239688277 46200 161.311762143842 -10812342.7960143 9603.92921383086 -52708.8454593866
0.092438 2.44515439449757 46250 161.567674369663 -10807455.5487719 9619.16531855801 -52154.643923443
0.092538 2.40311719122935 46300 161.645700833121 -10808333.1792279 9623.81073698192 -52230.3766213343
0.092638 2.46893305946974 46350 161.469451566303 -10807114.8747477 9613.31748180937 -52193.2485859591
0.092738 2.58487057091016 46400 162.170758972752 -10799987.8004475 9655.07083320268 -51484.0735537131
0.092838 2.52884765763609 46450 162.280019621353 -10799652.9274626 9661.57582404205 -51487.3908603436
0.092938 2.60196672117374 46500 162.594572835759 -10796610.1673187 9680.30320489134 -51091.1936235387
0.093038 2.71780487143455 46550 162.818193520141 -10790296.0985316 9693.61678596568 -50484.3681189034
0.093138 2.68210041732315 46600 163.02143968448 -10786862.7390541 9705.71734050275 -50166.2726122839
0.093238 2.78546725239885 46650 163.572910407821 -10785816.8974832 9738.54994811974 -49945.9159989867
0.093338 2.71266140253567 46700 163.375187228625 -10787481.9241722 9726.77821249614 -50175.548197346
0.093438 2.88799493060982 46750 163.727022142472 -10779313.3701756 9747.72521327668 -49279.8901941015
0.093538 2.89541945979141 46800 163.855340395298 -10775884.9995194 9755.36482616424 -49038.7712487815
0.093638 3.02134527469715 46850 163.474858331899 -10774817.9647608 9732.71227587619 -48807.0990792991
0.093738 2.97357605450668 46900 163.57794948624 -10778253.6806867 9738.84995694611 -49135.429745732
0.093838 2.97563891424971 46950 163.995937300331 -10770382.2908778 9763.7354663809 -48374.7334633984
0.093938 3.04259203315244 47000 163.951205818418 -10768807.6941771 9761.07231286861 -48218.845076407
0.094038 2.98746022166302 47050 164.453348650522 -10774578.5881467 9790.96811309215 -48727.8607514282
0.094138 3.05135732410959 47100 164.719067529701 -10769425.8358707 9806.78807111941 -48225.0412972268
0.094238 3.05491735786751 47150 164.756417681541 -10768885.686679 9809.01176646331 -48169.1855240067
0.094338 2.97170866625047 47200 164.940964270528 -10771867.509995 9819.99901471927 -48419.9262239476
0.094438 2.98153717154336 47250 165.25057907913 -10770859.7867853 9838.43238043202 -48380.9738573565
0.0945380000000001 3.13359824512911 47300 165.379860685184 -10756763.0402577 9846.1293479482 -47011.9525517875
0.094638 3.16648964570988 47350 165.416873458243 -10759214.0810867 9848.3329569581 -47217.2545748063
0.094738 3.02029477089507 47400 165.617500584624 -10773311.160674 9860.27758328002 -48631.667839151
0.094838 3.05744509454742 47450 165.782449141799 -10768128.6319906 9870.09803434932 -48179.3274541364
0.094938 3.03089497801483 47500 166.207819923576 -10771377.5764616 9895.4230994501 -48430.595825584
0.0950380000000001 2.92514190624555 47550 166.143482600597 -10775794.2254343 9891.5926838159 -48849.9283362132
0.095138 2.87511949855362 47600 165.993387534508 -10776072.8866492 9882.65655683476 -48795.8923330138
0.095238 2.90083100065985 47650 166.515421489351 -10773712.2290456 9913.73660383757 -48675.0724066838
0.0953380000000001 3.04812340210493 47700 166.523200512879 -10765450.7444737 9914.19973926131 -47904.4360780933
0.095438 3.12848121778234 47750 166.832433883312 -10757432.9404112 9932.61039550065 -47098.762132367
0.0955380000000001 3.00127990880758 47800 167.127088353381 -10766143.7792978 9950.15307580786 -47934.8747154136
0.0956380000000001 3.00467652913316 47850 167.106155647198 -10768264.4079798 9948.90681685088 -48122.9426901908
0.0957379999999999 2.8831660697876 47900 167.423098783953 -10773260.4737189 9967.77648518599 -48654.6400504072
0.0958380000000001 2.9176995704116 47950 167.817307836147 -10771960.2331964 9991.24629161797 -48373.7938047828
0.0959380000000001 2.84255884138544 48000 168.079767728188 -10773687.1593384 10006.8722211294 -48677.9845029411
0.096038 2.97986721285919 48050 168.067508030633 -10769321.5454086 10006.1423222929 -48262.2334261421
0.0961380000000001 2.91528170221991 48100 168.168347671652 -10768344.4719915 10012.1459562588 -48224.315583115
0.0962380000000001 2.95340958272753 48150 168.091953191187 -10769985.6721314 10007.5977003042 -48278.0200115531
0.0963380000000001 2.89181439860209 48200 168.31261712001 -10770024.4820319 10020.7352466573 -48380.9106835384
0.0964380000000001 2.89784968693863 48250 168.609517824142 -10773293.6602818 10038.4116597603 -48775.2097021848
0.0965379999999999 2.93242716532779 48300 168.612622339901 -10763563.8306914 10038.5964915989 -47852.4104227408
0.0966380000000001 2.88422750204853 48350 169.116760473417 -10769501.0176309 10068.6110849797 -48333.0078209532
0.0967380000000001 2.91621772697131 48400 169.627005301355 -10764904.5765015 10098.9892492506 -47942.5696157646
0.0968380000000001 2.82518163883035 48450 169.644620857427 -10772552.1217039 10100.038016875 -48698.3882982181
0.0969380000000001 2.61926919228109 48500 169.531699431819 -10786116.7302311 10093.3150763786 -50017.4207964814
0.0970380000000001 2.73088604518014 48550 169.622780316592 -10780495.8264777 10098.7377086682 -49476.6938317396
0.0971380000000001 2.59684748046074 48600 169.744414247229 -10778820.2208295 10105.9793607605 -49401.249223471
0.0972380000000001 2.57481014816308 48650 170.025178134815 -10788626.8398383 10122.6950451368 -50300.3000779686
0.0973380000000001 2.61520161056401 48700 170.127609442481 -10781898.7383303 10128.7934412799 -49672.1650281997
0.0974380000000001 2.3902593823629 48750 170.123216885423 -10800282.6209808 10128.5319240385 -51445.2244533318
0.0975380000000001 2.47998320130418 48800 170.66971777957 -10790634.6900119 10161.0686456819 -50520.5190443647
0.0976380000000001 2.34883763051649 48850 170.58688993759 -10800253.8017614 10156.137370239 -51532.1404532867
0.0977380000000001 2.43413054900397 48900 170.94002112771 -10793286.9922881 10177.1615467034 -51001.2234658277
0.0978380000000001 2.24820156521361 48950 171.403175122775 -10804326.5784005 10204.7360900882 -51969.9426359525
0.0979380000000001 2.08083824786495 49000 171.155183804243 -10808444.954826 10189.9715680399 -52511.9137626399
0.0980380000000001 2.08870745710384 49050 171.24877764495 -10810241.2928966 10195.5438127978 -52721.2277878721
0.0981380000000001 2.11687345007187 49100 171.519725609384 -10806762.086675 10211.6750919834 -52427.9747448153
0.0982380000000001 1.92741129743244 49150 171.863237019548 -10820407.6854044 10232.1265409262 -53781.2188095591
0.0983380000000001 1.91276281752297 49200 172.221837646692 -10818499.0340118 10253.4763482394 -53587.3082941162
0.0984380000000001 1.91641162117808 49250 172.322065156884 -10809600.9304376 10259.4435381106 -52805.0001586621
0.0985380000000001 1.86958563745724 49300 172.488096167364 -10818907.4037757 10269.3284346039 -53746.7156715905
0.0986380000000001 1.79821439392747 49350 172.881424044801 -10824673.5947774 10292.7457790215 -54234.9256535597
0.0987380000000001 1.69637437904934 49400 172.372508247184 -10824472.2670505 10262.4467404941 -54256.3514317436
0.0988380000000001 1.51089121162088 49450 172.816606606177 -10834132.481859 10288.8867790075 -55461.3450225474
0.0989380000000001 1.34875220430508 49500 172.904533960209 -10839608.472601 10294.1216612806 -55899.1935743524
0.0990380000000001 1.39245156239886 49550 172.779146929536 -10840033.7063597 10286.6565629461 -56072.009991172
0.0991380000000001 1.17979820346493 49600 172.530357015549 -10846665.8118543 10271.8444953616 -56719.5444072533
0.0992380000000001 1.10024579962581 49650 173.830926211443 -10852084.9978973 10349.2757646569 -57256.2469037234
0.0993380000000001 1.12004646910643 49700 173.505745616735 -10849496.7374965 10329.9156673411 -57129.1294155345
0.0994380000000001 1.00889586570651 49750 173.718666374511 -10854694.9011034 10342.5922127998 -57752.0348414977
0.0995380000000001 1.02260651358827 49800 174.533382613853 -10855408.6172118 10391.0975231876 -57798.1359270106
0.0996380000000001 0.907612555134929 49850 174.235434716902 -10857410.1781011 10373.3587639447 -58025.9063151174
0.0997380000000001 0.829362617380417 49900 174.937719057582 -10870918.7628406 10415.1702785313 -59349.7563146529
0.0998380000000001 0.77223515140695 49950 175.394050958524 -10874096.6465439 10442.3386586693 -59684.7473778801
0.0999380000000001 0.869273192743307 50000 175.120056406417 -10865933.5993686 10426.0259964776 -58998.1601326778
0.100038 0.687167613138194 50050 174.951993508563 -10872690.8469186 10416.0201286288 -59732.7808213889
0.100138 0.686621841472948 50100 174.588080180334 -10866653.0194163 10394.3540219678 -59125.9930641211
0.100238 0.580989382258108 50150 174.429964924874 -10875668.1398112 10384.9404014055 -60027.1449624712
0.100338 0.592768342067501 50200 174.788278264277 -10869713.7954413 10406.2731046273 -59532.40459607
0.100438 0.539225767153796 50250 175.020376867024 -10869719.7651048 10420.091430841 -59505.7282300432
0.100538 0.506589479944414 50300 175.22022030194 -10872834.9487671 10431.9893989573 -59868.4380334986
0.100638 0.507765235549936 50350 175.59997701753 -10872719.6387423 10454.5987646138 -59859.6928274743
0.100738 0.543720914521697 50400 176.023227261692 -10871555.6765039 10479.7975804388 -59749.736333774
0.100838 0.51953236944062 50450 176.761662006488 -10869827.8697743 10523.7613616523 -59545.2572043716
0.100938 0.639435803880992 50500 176.785400751371 -10865161.5472115 10525.1746821843 -59108.882919679
0.101038 0.613258482450918 50550 177.192597968507 -10863044.8255025 10549.4177578129 -58962.3865133825
0.101138 0.765301447783903 50600 177.36405004338 -10859083.0341307 10559.6254052204 -58494.0676332609
0.101238 0.619164808306296 50650 177.27166897664 -10867078.0182851 10554.1253647157 -59228.6256901306
0.101338 0.812220019326585 50700 177.193076632035 -10857317.5001486 10549.4462557388 -58368.2886471929
0.101438 0.815867896571491 50750 177.178099033162 -10853703.9696415 10548.5545427139 -57995.7525435434
0.101538 0.864558713707952 50800 177.176239506115 -10848038.1955574 10548.44383308 -57398.8276295816
0.101638 0.927867289739806 50850 177.533091903435 -10843187.5589162 10569.6895570006 -56874.1084677894
0.101738 0.862865052624925 50900 177.453279069427 -10850045.2432675 10564.9377844207 -57549.6868135973
0.101838 0.946705472694272 50950 177.81104828443 -10843055.9221349 10586.2380924088 -56867.521614116
0.101938 0.948959268520463 51000 177.874960153468 -10846202.7678682 10590.0431780269 -57141.5633240011
0.102038 1.12774022883634 51050 178.301889847697 -10835992.7264642 10615.4610552366 -56184.5975397149
0.102138 1.11111672145884 51100 178.778330896894 -10832461.0011215 10643.8266626185 -55796.124595669
0.102238 1.17691298290196 51150 178.843692121962 -10828774.5853605 10647.7180377454 -55446.765418098
0.102338 1.16135855053406 51200 179.472972512645 -10826692.0295781 10685.1831565158 -55214.7933968406
0.102438 1.23377101153191 51250 179.42253874318 -10831451.187154 10682.1805090616 -55697.4286626701
0.102538 1.31223784018825 51300 179.536940874414 -10823556.1500993 10688.9916055104 -54813.8422759528
0.102638 1.49627905186343 51350 179.607931167287 -10814338.7299726 10693.2181153356 -53858.9022286562
0.102738 1.30357695974472 51400 179.586016126176 -10823673.9779569 10691.913371647 -54927.169629236
0.102838 1.63436350148674 51450 179.476243334103 -10806038.3148672 10685.3778896049 -53117.6378250224
0.102938 1.48102725485911 51500 179.716188978876 -10814842.6298759 10699.6634008221 -53993.3683756149
0.103038 1.56436642488597 51550 179.519467689899 -10807943.1140689 10687.9513141826 -53267.9149310158
0.103138 1.72809599301039 51600 180.057788080916 -10801970.7158216 10720.0009977332 -52658.1090360155
0.103238 1.77421508585336 51650 180.052913236149 -10795098.2114576 10719.7107667949 -51861.8215988773
0.103338 1.83575406577907 51700 180.727519159833 -10789059.9788978 10759.8744067688 -51268.5630596218
0.103438 1.80558743739733 51750 180.884634415723 -10799809.1391875 10769.2284909095 -52362.4624404294
0.103538 1.91916889235723 51800 181.265273217416 -10790164.8517259 10791.8903728387 -51364.115349441
0.103638 1.88309735835231 51850 181.753879471448 -10794772.6260797 10820.9802532963 -51799.9226865158
0.103738 2.04796713130928 51900 181.831101787224 -10782782.5909322 10825.5777956241 -50571.9407567616
0.103838 2.06296409353222 51950 181.643992837004 -10792379.7761729 10814.4379934838 -51543.4962247668
0.103938 2.24933526226188 52000 181.924791472212 -10776108.5269424 10831.1557466101 -50010.4807113416
0.104038 2.24033127819291 52050 181.855648787103 -10774214.0326806 10827.039236787 -49623.6720849958
0.104138 2.30867685365099 52100 182.119663205437 -10767092.8555427 10842.7577172711 -48998.7441657143
0.104238 2.24096097042939 52150 181.810324445836 -10769974.0013726 10824.3407865351 -49301.3048362382
0.104338 2.39346417077478 52200 182.108270585862 -10763119.2053971 10842.079441177 -48587.8814908779
0.104438 2.38292279788091 52250 182.263280164492 -10766353.3805293 10851.3081607746 -48954.5964232303
0.104538 2.53766957222835 52300 182.55529481975 -10755826.5371432 10868.6936758867 -47838.4601048397
0.104638 2.55997104948155 52350 183.103365758388 -10760490.221487 10901.3238724011 -48297.4171983623
0.104738 2.77912031410664 52400 183.014407660526 -10745740.3730252 10896.0276233024 -46785.79625267
0.104838 2.56681986555719 52450 183.417471541273 -10751577.4783163 10920.0246147672 -47402.6134248069
0.104938 2.76286919421689 52500 183.658196511413 -10741646.0748786 10934.356524248 -46375.2268083896
0.105038 2.83903977416288 52550 184.120149209499 -10742434.1286775 10961.8595466785 -46395.6245873899
0.105138 2.86204006748038 52600 184.187719717298 -10737338.2695795 10965.8824546501 -45770.2923582019
0.105238 3.02990935770062 52650 183.862255992929 -10724726.2330121 10946.5055008002 -44660.263294805
0.105338 3.10730571604476 52700 184.210137870099 -10721783.6810211 10967.2171518213 -44257.1828989214
0.105438 3.14341297976125 52750 184.351865296573 -10722722.8416997 10975.6550992681 -44340.2675704951
0.105538 3.1783627167751 52800 183.931673038031 -10718964.0088903 10950.6383450425 -43914.007216166
0.105638 3.1441882821378 52850 184.230120671834 -10716623.1750653 10968.4068568422 -43686.0451105391
0.105738 3.43553120889527 52900 184.550794567144 -10705496.218 10987.4986412871 -42498.2473201021
0.105838 3.4548186056701 52950 184.646171279507 -10709204.6563436 10993.1770318893 -42850.8936187647
0.105938 3.44772025542412 53000 184.997772341985 -10704189.8167749 11014.1101099902 -42285.998201965
0.106038 3.51426907886523 53050 185.240425965864 -10703086.1845922 11028.5568446625 -42204.5695014453
0.106138 3.49521757093832 53100 185.695922440714 -10703108.0631513 11055.6754864991 -42227.6590160894
0.106238 3.55786002992325 53150 186.368780547896 -10707952.2518182 11095.735067688 -42648.9696996657
0.106338 3.72041580372558 53200 186.250424473081 -10695217.3790418 11088.6885674859 -41392.3991205359
0.106438 3.53387009448796 53250 186.185053789172 -10702831.7084484 11084.7966292132 -42208.8919865529
0.106538 3.58971736988555 53300 186.468248124739 -10704870.001831 11101.6570138274 -42329.5581973173
0.106638 3.6183426190767 53350 186.458505830682 -10696867.5666002 11101.0769922515 -41489.9029138978
0.106738 3.76399936670225 53400 186.253432588944 -10691729.5447183 11088.8676600172 -41001.4806669412
0.106838 3.74907299899929 53450 186.162964857457 -10690878.7214121 11083.4815326959 -40880.7660891332
0.106938 3.81826482052256 53500 186.428216786101 -10688415.4857637 11099.2736901472 -40629.3745310307
0.107038 3.82063153935822 53550 186.672096464727 -10690854.1540503 11113.7934197633 -40826.1710123777
0.107138 3.78546290848464 53600 187.050584977555 -10689607.4753797 11136.3272811329 -40756.4810315186
0.107238 3.88154137858657 53650 187.52351835507 -10687747.6042986 11164.4840542048 -40436.9979867719
0.107338 3.98765643368184 53700 187.515996344799 -10677534.6636023 11164.0362204373 -39506.6973405718
0.107438 4.05699259214139 53750 188.01913796465 -10673609.3997528 11193.9914849348 -39105.2165112964
0.107538 4.16103563373611 53800 188.479354820537 -10669302.6602742 11221.3911614879 -38613.3879377807
0.107638 4.08575687524058 53850 188.645759258727 -10675340.0721452 11231.2982905404 -39178.8491960599
0.107738 4.15535327789712 53900 188.416372654496 -10666182.6220499 11217.6414270832 -38350.068491879
0.107838 4.26189150353864 53950 188.525896791344 -10667040.74283 11224.1621050767 -38301.0560705376
0.107938 4.20566322022016 54000 188.650222408072 -10663945.3944012 11231.5640105959 -38010.3488065654
0.108038 4.36396290132796 54050 188.31827584285 -10654636.2256435 11211.8010914336 -36953.7726316672
0.108138 4.39142422243808 54100 188.974797977003 -10654025.8338744 11250.8880868264 -36970.9416479641
0.108238 4.41680975235573 54150 188.881360176979 -10654845.8867963 11245.3251321764 -36957.8841778528
0.108338 4.37966783852757 54200 188.797850874235 -10660573.8087231 11240.3532849807 -37612.0017588075
0.108438 4.57281036817838 54250 188.878363104595 -10646709.5311932 11245.1466971345 -36217.9202339089
0.108538 4.61364643892818 54300 189.426846161573 -10649490.8654468 11277.8014297108 -36469.6203667324
0.108638 4.65695177968348 54350 190.193156950363 -10638153.8106255 11323.4248515464 -35363.8725563416
0.108738 4.64052214849965 54400 190.145004916738 -10641521.9814089 11320.5580505376 -35606.3084832955
0.108838 4.6105092877646 54450 190.834659745703 -10650026.8135988 11361.6176488665 -36436.7431964635
0.108938 4.66100262700385 54500 190.763646299631 -10643018.6843578 11357.3897605821 -35677.8135324746
0.109038 4.82655728174371 54550 190.765719164163 -10636083.797567 11357.5131715719 -35036.2519238121
0.109138 4.93258044432649 54600 191.176633314049 -10629370.516464 11381.9775401711 -34359.384665372
0.109238 4.86716351717559 54650 190.936557992554 -10635435.5753648 11367.6843084626 -34908.5490455471
0.109338 4.98512010095267 54700 190.794140584802 -10629379.4772306 11359.2052819819 -34270.9505402801
0.109438 4.95527746137518 54750 191.048303841307 -10629769.809871 11374.3372592896 -34355.3849064878
0.109538 5.02772298226618 54800 191.178553766355 -10630065.1624906 11382.0918770785 -34342.8134295882
0.109638 5.03915626273486 54850 190.989026799892 -10620932.3145778 11370.8081148417 -33416.4207819391
0.109738 5.21251903694832 54900 191.267223073333 -10614799.3100502 11387.3709325939 -32850.6842232985
0.109838 5.07099696244484 54950 191.490896485718 -10624957.5800236 11400.6876529063 -33721.4131335027
0.109938 5.22781619999732 55000 191.84239650338 -10610112.0354764 11421.6147151578 -32258.2271119687
0.110038 5.23381519618451 55050 192.708209304677 -10616048.5426472 11473.1621333099 -32684.1739755432
0.110138 5.33724786929277 55100 193.006729464063 -10607735.875766 11490.9349630252 -31993.7533655911
0.110238 5.27238374359646 55150 193.060834220484 -10613716.0742773 11494.1561680004 -32425.326649419
0.110338 5.31886088885844 55200 193.190424670668 -10610996.5642765 11501.8715229989 -32147.2717736984
0.110438 5.54187200359744 55250 193.390535903657 -10598784.5695373 11513.785434861 -30876.8805923375
0.110538 5.37816644133382 55300 193.266480682378 -10607089.2146427 11506.3996277263 -31796.2234051323
0.110638 5.34287120309715 55350 193.269574910897 -10614500.6935197 11506.5838470992 -32512.4088086996
0.110738 5.47909173669296 55400 193.330446342777 -10600057.7281311 11510.2079158909 -31079.5548804359
0.110838 5.54604799425811 55450 193.121867175584 -10594484.3746301 11497.7898533108 -30410.1144466918
0.110938 5.58189094073693 55500 193.416166133979 -10597240.3835956 11515.3113677161 -30708.9863546038
0.111038 5.5522776232028 55550 193.439203303889 -10595440.5951902 11516.6829189666 -30550.1373455823
0.111138 5.51394523582945 55600 193.847880474243 -10601246.0216703 11541.0141057519 -31158.5216699242
0.111238 5.50525039030973 55650 194.395914108728 -10600791.2648673 11573.6420813096 -31097.8439815294
0.111338 5.46524269932522 55700 194.485358116225 -10601954.2625714 11578.9672597416 -31166.2841838146
0.111438 5.6156901946936 55750 194.943607580257 -10591695.4479501 11606.2498047734 -30128.3848625236
0.111538 5.54208580948914 55800 195.280324139595 -10600240.5251243 11626.2967124386 -30988.6789436529
0.111638 5.6202326561867 55850 195.595173629302 -10590413.92249 11645.0417324667 -30024.1723844099
0.111738 5.53694478616771 55900 195.879928552371 -10596881.8818548 11661.9950289163 -30611.917515187
0.111838 5.52808749759739 55950 195.533738129378 -10596009.1489332 11641.3840810676 -30595.1277964862
0.111938 5.43488398572893 56000 195.815369177867 -10601765.5395865 11658.1513931232 -31248.6986586701
0.112038 5.4732217095923 56050 195.171623906167 -10604772.0122539 11619.8250867276 -31541.2504997904
0.112138 5.49544328615034 56100 195.810918977758 -10606395.1314348 11657.8864440193 -31548.6478587508
0.112238 5.56854243624557 56150 195.85799578508 -10593582.8531027 11660.689229874 -30332.0929438094
0.112338 5.65323904027344 56200 195.837487059474 -10592139.8396003 11659.4682132143 -30175.097138025
0.112438 5.57636074675167 56250 196.305944909132 -10598454.3349091 11687.3585292581 -30847.0460227363
0.112538 5.37578639480599 56300 196.405436203426 -10607226.923323 11693.2818874503 -31754.0706719473
0.112638 5.48779760506202 56350 197.303486240653 -10602808.9921947 11746.7485960981 -31278.1780668517
0.112738 5.4289668139689 56400 197.472210989193 -10600730.8475339 11756.7938681853 -31066.9719927344
0.112838 5.23503984868017 56450 197.732205126355 -10614923.2403537 11772.2729954116 -32494.9885182395
0.112938 5.42786900914389 56500 197.948686640579 -10601486.1284341 11785.1615356585 -31153.9361363994
0.113038 5.3572268745044 56550 197.953293980855 -10601466.2326521 11785.4358403297 -31238.0359013895
0.113138 5.34193395483336 56600 198.049106766707 -10605442.641689 11791.1401931982 -31598.6245096133
0.113238 5.18746590497613 56650 197.920840860824 -10612093.6778319 11783.5036968617 -32272.4075303779
0.113338 5.07843319667603 56700 197.866950257495 -10623254.873404 11780.2952418007 -33449.9944015261
0.113438 5.13303855530541 56750 198.248759147467 -10616222.9423642 11803.0267866289 -32818.9775334479
0.113538 5.04141100348118 56800 197.977777273743 -10617612.732563 11786.8934886047 -32839.1778250897
0.113638 5.05892227416866 56850 198.343007898539 -10619593.0683611 11808.6380224233 -33185.4152140263
0.113738 4.89047377507374 56900 198.367351376848 -10634147.2806416 11810.0873466349 -34543.6978970187
0.113838 4.81214990873055 56950 198.52206601922 -10638391.7286927 11819.2985067756 -35045.8599460688
0.113938 4.7426243714975 57000 199.062855859349 -10634527.2591596 11851.4952125528 -34786.4701191663
0.114038 4.53489813810083 57050 199.491327671432 -10650075.4062391 11877.0049019808 -36272.8594420119
0.114138 4.57168679521072 57100 200.448761483555 -10643972.034146 11934.0071096088 -35714.9626619916
0.114238 4.38681357781706 57150 200.238238958726 -10652468.4488545 11921.4733464194 -36605.5789424747
0.114338 4.15457169315749 57200 200.218942410471 -10670614.5939333 11920.3244984926 -38588.8958471362
0.114438 4.02478678776079 57250 200.304957031544 -10670337.6783614 11925.4455034408 -38575.1084343553
0.114538 3.91621771285867 57300 200.499992958587 -10674788.4748602 11937.0572496183 -39256.8319917724
0.114638 3.70514280063363 57350 200.001265337412 -10693475.9575195 11907.36477892 -41109.2355761114
0.114738 3.55643015482948 57400 200.20188870453 -10689704.7971408 11919.3091814288 -40825.7616234359
0.114838 3.3608711674547 57450 200.127536015628 -10707298.2966004 11914.8824864899 -42496.1548778477
0.114938 3.27901703835426 57500 200.078600086179 -10704077.5555715 11911.9690151088 -42339.474462687
0.115038 3.00291298500665 57550 200.476327542594 -10720841.9174873 11935.648294828 -44036.3348881056
0.115138 2.87113173793989 57600 200.721788486421 -10726915.4587854 11950.2621673562 -44860.8436403309
0.115238 2.7736228180069 57650 201.643372818138 -10729894.8039451 12005.1300242859 -45158.7594561084
0.115338 2.61709696022151 57700 202.217531847082 -10734523.9620434 12039.313413012 -45698.2008791039
0.115438 2.44054559757427 57750 202.437062837921 -10741930.1349107 12052.3835082626 -46469.3007004867
0.115538 2.47309084653719 57800 202.628208704586 -10742290.148243 12063.7636540659 -46414.5715177164
0.115638 2.40294452239466 57850 202.855850113698 -10746324.9943213 12077.3166148059 -47013.3932009416
0.115738 2.23475218589691 57900 202.522411645744 -10756379.098607 12057.4648730554 -48044.3514021326
0.115838 2.0951978345532 57950 202.306534629195 -10763953.184057 12044.6123224523 -49001.2538186736
0.115938 1.99567870555339 58000 202.300826802691 -10763550.2253117 12044.2724987409 -48951.2270423029
0.116038 2.13125273909166 58050 202.320519679787 -10756267.152445 12045.4449426789 -48220.1925965431
0.116138 1.90334201011988 58100 202.415234076776 -10771891.7962233 12051.0839013768 -49841.8313915875
0.116238 1.88297068076741 58150 202.421683877983 -10773086.4477431 12051.4678996259 -49904.9363594259
0.116338 1.76532486934678 58200 202.862484569394 -10769070.4992675 12077.7116067274 -49748.5284568729
0.116438 1.75788340544646 58250 202.859397614642 -10775198.6226877 12077.5278204086 -50160.1384958722
0.116538 1.81444007654381 58300 203.562713245783 -10773553.5736881 12119.4007343654 -50135.877234794
0.116638 1.79965559316388 58350 203.460438662308 -10764693.6420096 12113.3116690238 -49167.2652061985
0.116738 1.82658304678013 58400 204.013296615156 -10767397.4687001 12146.2268673571 -49406.1543271815
0.116838 1.87818716500838 58450 203.970673663821 -10766720.5005133 12143.6892482643 -49400.2281072986
0.116938 1.88149158799954 58500 204.268845543572 -10764421.5903992 12161.4413426474 -49139.8882164607
0.117038 1.92436314104561 58550 204.656966968111 -10766613.0203429 12184.5487133568 -49435.8671379909
0.117138 2.02916006224022 58600 204.8942715475 -10759844.0146115 12198.6769849241 -48619.289042796
0.117238 2.18618300406645 58650 205.002697559686 -10748131.3702879 12205.1322844765 -47386.4069353854
0.117338 2.28210588572349 58700 205.303352273645 -10746732.3277124 12223.0321979875 -47119.9470580022
0.117438 2.49945946470646 58750 205.144681648414 -10730713.4926248 12213.5855126821 -45634.8687280319
0.117538 2.5960013134992 58800 205.153544533041 -10726857.6135754 12214.1131773449 -45143.2296038049
0.117638 2.71978116074957 58850 205.377668266632 -10715786.0405095 12227.456708182 -43982.554399966
0.117738 2.63112839630739 58900 204.896976545435 -10729709.2073599 12198.8380308909 -45320.4738346547
0.117838 2.78283002946304 58950 205.31713811126 -10712479.4928142 12223.8529577811 -43674.3275060813
0.117938 2.74420935406386 59000 205.536005551685 -10721860.9651511 12236.8835475974 -44517.8104714377
0.118038 3.05395141517199 59050 206.131833099533 -10707216.864656 12272.3570029558 -42983.9038754892
0.118138 3.18369421711375 59100 206.409041727017 -10698095.2551371 12288.8610197766 -41935.2831723037
0.118238 3.17629605164709 59150 206.805403207713 -10694287.4518041 12312.4589741545 -41610.8201923516
0.118338 3.11189555741824 59200 207.313040539969 -10696687.9809319 12342.6818973964 -41867.5719229099
0.118438 3.32316554735446 59250 207.413072498735 -10691929.2728999 12348.6374448304 -41352.0386475237
0.118538 3.40689025148158 59300 207.429725795984 -10688297.2119125 12349.6289229832 -40892.8359081719
0.118638 3.52444521218384 59350 207.640749936887 -10680857.7663996 12362.1925506115 -40132.3457425476
0.118738 3.66955922913007 59400 207.38007065406 -10669470.3588336 12346.6726322466 -38963.2137653129
0.118838 3.67059646030071 59450 207.794518523904 -10670375.0477959 12371.3473859775 -39064.012697665
0.118938 3.60446859271197 59500 207.516453315946 -10678359.3124907 12354.7923713985 -39721.4924750418
0.119038 3.71925712783949 59550 207.56528875136 -10666038.0195569 12357.6998597218 -38524.7720336554
0.119138 3.92694843288778 59600 207.688829559415 -10661168.2987871 12365.0550405208 -37997.1828784732
0.119238 4.02851733766295 59650 208.050824057301 -10648875.9340193 12386.6069068404 -36651.6357117166
0.119338 4.02137715036305 59700 208.305268303855 -10656278.6140231 12401.7556132973 -37395.9763130428
0.119438 4.15951297563693 59750 208.559172560732 -10653326.804017 12416.8721706874 -37088.4796192531
0.119538 4.21512837501682 59800 208.989500343549 -10644461.2048529 12442.492358019 -36196.0506305643
0.119638 4.38104041906452 59850 209.156692290003 -10635309.3911204 12452.4463725157 -35191.7773262508
0.119738 4.29737301370824 59900 209.564581999857 -10648828.7259607 12476.7306767005 -36442.8981867282
0.119838 4.42231538920986 59950 209.387306754761 -10631880.7143895 12466.1763384263 -34836.2613044842
0.119938 4.54441906793429 60000 209.726799796784 -10629631.6359853 12486.3885480064 -34471.8526778971
0.120038 4.59098983558335 60050 209.675365678534 -10625119.340466 12483.3263433395 -34038.9072782504
0.120138 4.70322305638339 60100 209.498645477547 -10620767.1445163 12472.8050504197 -33485.7634955246
0.120238 4.86569639801458 60150 209.47534537641 -10608024.6301423 12471.417845178 -32285.1915617106
0.120338 4.81735574402143 60200 209.884060236684 -10614728.7086589 12495.7512758873 -32829.3633942924
0.120438 4.94211389985727 60250 210.03367929571 -10606018.9144157 12504.659063099 -32013.8910521718
0.120538 4.97881481004413 60300 210.055489672536 -10613524.8332896 12505.9575754478 -32727.4210357038
0.120638 5.04550175407524 60350 210.520469452143 -10594977.3898206 12533.6408195576 -30735.2944356387
0.120738 5.2581908987987 60400 210.989473909525 -10592706.446168 12561.5636786833 -30490.475983623
0.120838 5.35742780128283 60450 211.218297478861 -10584291.8115035 12575.1870210433 -29607.8628615489
0.120938 5.42806818807041 60500 212.008542276287 -10584050.1125828 12622.2353887209 -29493.6782887583
0.121038 5.45958078888094 60550 211.796346109964 -10579657.84309 12609.601982863 -29039.6558247502
0.121138 5.53597108934277 60600 211.837319351512 -10578740.4854694 12612.0413840961 -29022.4592890329
0.121238 5.69383595390534 60650 212.002528841155 -10575223.8519434 12621.8773701575 -28620.9349240388
0.121338 5.60298741839304 60700 211.948367339781 -10578458.2042993 12618.6527867893 -28858.6570401881
0.121438 5.7994450451358 60750 211.901921967592 -10565102.7947417 12615.887594339 -27497.7846898876
0.121538 5.75618601636232 60800 211.919563131083 -10568842.0910335 12616.9378865383 -27814.2965778761
0.121638 5.87959274541214 60850 211.936518829779 -10563369.4143162 12617.9473685989 -27351.0313025813
0.121738 5.78004775851875 60900 212.575861514092 -10574901.423528 12656.0115605829 -28381.402023383
0.121838 5.95511751418278 60950 212.481601750014 -10562363.3560569 12650.3996691133 -27002.385236144
0.121938 5.89143118705155 61000 212.646342909883 -10564477.8418074 12660.2077724838 -27239.1828793046
0.122038 5.94315597197078 61050 213.152143796614 -10557472.1830508 12690.3213602836 -26483.2255769325
0.122138 6.02936062483159 61100 213.505090730679 -10553058.2546532 12711.3345667971 -25964.9303448143
0.122238 6.19177123631262 61150 213.715765247435 -10543997.3283463 12723.8773790459 -25019.2726534128
0.122338 6.10405974696139 61200 213.810114139126 -10550904.1911442 12729.4945768569 -25779.9198892559
0.122438 6.27215526726829 61250 214.006795868061 -10542964.9889916 12741.204308232 -24917.4115821035
0.122538 6.32210806495874 61300 214.294624345518 -10538145.6203672 12758.3405931903 -24417.9346597179
0.122638 6.51398116948247 61350 214.433142233606 -10526680.828386 12766.5874561243 -23166.4079962167
0.122738 6.39443618232162 61400 214.186618105644 -10540552.3100137 12751.9102853899 -24457.9244973994
0.122838 6.69064276216124 61450 214.05121608137 -10518332.2057578 12743.8489299174 -22246.1923233881
0.122938 6.70525469957845 61500 214.424893290584 -10515297.1472517 12766.0963433634 -21826.6901698506
0.123038 6.88007202362598 61550 214.33236797537 -10513051.7132256 12760.5877148171 -21519.7227899564
0.123138 6.83103105986076 61600 214.695208002761 -10517580.341319 12782.1899209594 -21837.9188420404
0.123238 6.91097282172423 61650 214.904490813568 -10515396.3931959 12794.6498759803 -21743.4855515208
0.123338 6.80358388887841 61700 215.372573025095 -10511522.063493 12822.5178278644 -21412.5136357543
0.123438 7.01836507120712 61750 215.721065299091 -10503563.7674585 12843.2658197439 -20498.3704279899
0.123538 7.17743547525475 61800 215.997262789986 -10490004.8710603 12859.7096370846 -19011.2746289927
0.123638 7.20849451728201 61850 216.098127645863 -10490091.8441154 12865.7147722534 -19094.7766909808
0.123738 7.15383965872639 61900 216.557030558687 -10496226.7814574 12893.0362213047 -19611.9349587401
0.123838 7.31445656763171 61950 216.419281771092 -10479168.0812155 12884.8351478816 -17839.2665511348
0.123938 7.08304000401417 62000 216.226257397757 -10495971.5822424 12873.3431624652 -19580.3020142338
0.124038 7.2507474236761 62050 216.851992613492 -10496467.6904527 12910.5972141143 -19569.1818224613
0.124138 7.26932530439786 62100 216.571136112347 -10491003.5641571 12893.8760158557 -18916.3576466366
0.124238 7.25427620126307 62150 216.526964811008 -10493930.0495265 12891.2462135047 -19207.6419410398
0.124338 7.44855534504326 62200 217.084304018146 -10480300.0317135 12924.4282097975 -17814.0921359709
0.124438 7.42276857776164 62250 217.15841792309 -10475062.6727807 12928.8406883879 -17343.5651539109
0.124538 7.49481012262047 62300 217.314678581055 -10477268.2801547 12938.1438928044 -17489.654481675
0.124638 7.51543989159081 62350 217.572956325293 -10466774.5174033 12953.5208320939 -16374.7362127993
0.124738 7.54141073804802 62400 218.220341127943 -10472373.4482352 12992.0638232319 -16869.7119674944
0.124838 7.6993485583592 62450 218.153292958059 -10465578.8246058 12988.072013404 -16193.6815754885
0.124938 7.65294856888711 62500 218.353449594213 -10466021.1651149 12999.9886284093 -16279.8170274726
0.125038 7.70244916614606 62550 218.620281432946 -10464234.3051741 13015.8748480943 -15896.6967796179
0.125138 7.79040178134551 62600 219.021789840255 -10462393.0042257 13039.7792321969 -15780.6276280152
0.125238 7.73187766537088 62650 218.918951538967 -10463222.5319205 13033.6566050994 -15696.5875788725
0.125338 7.93467122505184 62700 219.124247501775 -10455759.2816962 13045.8791973549 -14950.7664224698
0.125438 7.82905137603063 62750 218.980030445255 -10459858.382307 13037.2930261803 -15354.6926096159
0.125538 7.97931067530933 62800 219.063538904211 -10450916.8858492 13042.2648231398 -14511.6021033526
0.125638 7.99772708323105 62850 218.913036902256 -10455099.6848198 13033.304468643 -14930.3567593783
0.125738 8.03788421393084 62900 219.290094238063 -10451848.510746 13055.7531228175 -14475.664577738
0.125838 8.03095662480735 62950 219.763869974162 -10449314.7440353 13083.9600469268 -14294.9211652015
0.125938 8.06112886394529 63000 220.103335655344 -10450441.4052177 13104.1706275395 -14428.2123117431
0.126038 8.11688628416124 63050 220.499223104502 -10445143.0576711 13127.7403597639 -13700.7455181677
0.126138 7.95491897031797 63100 220.310420627191 -10457948.0184307 13116.4997310372 -15014.0895338572
0.126238 8.18744560215291 63150 220.720363612382 -10446203.0520856 13140.9062799408 -13767.8329907176
0.126338 8.16889378482082 63200 221.046947090884 -10450523.0421077 13160.3498999736 -14083.5180674229
0.126438 8.02430052617566 63250 221.130541754984 -10451155.2094865 13165.3268292811 -14070.9063479061
0.126538 8.11352527319816 63300 220.761989952848 -10447786.3488877 13143.3845643632 -13772.8565378398
0.126638 8.12079751687023 63350 221.055630737439 -10443506.5760153 13160.8668934384 -13406.0657934945
0.126738 8.1361029441353 63400 221.167410320814 -10446457.8408671 13167.521852705 -13548.7068807542
0.126838 8.21069457375273 63450 221.302063428627 -10440064.7373542 13175.5386203521 -12917.1964233785
0.126938 8.26090267451796 63500 221.608275232847 -10436953.3851037 13193.7693832741 -12651.7092679673
0.127038 8.25996401581553 63550 221.889130435942 -10435616.7113282 13210.4905042513 -12303.7220919023
0.127138 8.38213468811288 63600 222.251051048735 -10426591.253305 13232.0379717149 -11441.3171648787
0.127238 8.32093993076953 63650 221.947580343398 -10432356.9233061 13213.970404082 -12036.0527773314
0.127338 8.27110499418571 63700 222.207850752081 -10431480.5123953 13229.465979533 -11929.0198713711
0.127438 8.25901696274335 63750 222.550964292536 -10440318.5912237 13249.8937407269 -12733.8401300265
0.127538 8.24681807673346 63800 223.199814140825 -10432432.5757823 13288.5239554773 -11880.4560670167
0.127638 8.18033318860377 63850 222.785948845332 -10439751.9172712 13263.8838861534 -12656.8201711487
0.127738 8.3399383490536 63900 223.165976358825 -10425060.5326745 13286.509374155 -11152.4294104885
0.127838 8.41970487703216 63950 223.23373053506 -10422216.0281854 13290.5432170927 -10873.520795288
0.127938 8.40245059192191 64000 223.673433393124 -10429898.9595359 13316.721563097 -11561.5214534077
0.128038 8.2931057534005 64050 223.333901785184 -10432662.6583102 13296.5070574393 -11877.8558642831
0.128138 8.36914601704338 64100 223.284939221835 -10428317.4773162 13293.5920003704 -11490.9873940792
0.128238 8.31813192030997 64150 223.752403314582 -10430442.7087189 13321.4231516583 -11697.5147574857
0.128338 8.46811396124575 64200 223.922846032466 -10424155.157458 13331.5707055367 -10895.4448760652
0.128438 8.29440649680105 64250 224.329473767828 -10433416.1676903 13355.7798762438 -11994.680976017
0.128538 8.29886097953604 64300 224.940811855595 -10426846.8109073 13392.1767740435 -11168.0060164829
0.128638 8.31318545461535 64350 224.672900293726 -10427266.5606464 13376.226271479 -11194.3204868671
0.128738 8.26885326723773 64400 224.636551191168 -10435739.28329 13374.0621750528 -12109.9715851229
0.128838 8.19073069134705 64450 225.247916116472 -10436686.7861295 13410.4606706641 -12261.7332876801
0.128938 8.21584070233175 64500 225.42703641182 -10434488.7593089 13421.1248566752 -11983.0242959485
0.129038 8.27091020485387 64550 225.626419502366 -10433333.0361287 13432.9954175233 -11777.6901131577
0.129138 8.06413997933038 64600 225.773069689909 -10443361.818051 13441.7264486746 -12949.6593051168
0.129238 8.0765472280542 64650 225.735246857771 -10442290.536793 13439.4746116251 -12752.6891573282
0.129338 8.12909296782383 64700 225.536935935311 -10441657.4893498 13427.6678838557 -12620.4538076631
0.129438 8.0053446604227 64750 225.977391229086 -10447665.1747601 13453.891027209 -13288.4721789436
0.129538 8.0626159749007 64800 226.093217612725 -10437515.2314586 13460.7869185859 -12374.2634029421
0.129638 8.05184968162358 64850 226.239745628615 -10442995.3069999 13469.5106760711 -12703.8543535309
0.129738 8.03398950684927 64900 226.343595842539 -10439312.9309015 13475.6935488518 -12338.3132842558
0.129838 8.11604709818034 64950 226.918325885248 -10429665.5572687 13509.9109337088 -11430.8364917039
0.129938 7.97961772206055 65000 226.801293251669 -10441976.7704349 13502.943226496 -12634.6775872142
0.130038 8.03008428410914 65050 227.172940329938 -10440452.7200539 13525.0697731581 -12420.0549362353
0.130138 7.97077266210447 65100 227.34464694576 -10442084.2501396 13535.2925750294 -12681.7010561128
0.130238 7.93840225341727 65150 227.284543042597 -10441764.0434236 13531.7142021706 -12669.1514808306
0.130338 7.94171393688919 65200 228.236834172702 -10443218.3420462 13588.4102327821 -12890.877706492
0.130438 7.94411031935097 65250 227.629554262945 -10441313.1325186 13552.2549444833 -12502.3653335186
0.130538 7.83629774043516 65300 228.028549168983 -10457705.3040696 13576.0096836501 -14331.2904040222
0.130638 7.87946761119617 65350 227.970383029577 -10449734.9663832 13572.5466783611 -13393.4586329007
0.130738 7.7776334579763 65400 228.207717847991 -10454164.0103154 13586.6767502525 -13950.3482505271
0.130838 7.72638585742147 65450 228.477550060819 -10457348.6558248 13602.7416015514 -14258.5315946382
0.130938 7.78031811935062 65500 228.526304058107 -10450302.7774423 13605.644241338 -13598.6407284787
0.131038 7.80338599147292 65550 228.54726431094 -10449581.3591078 13606.8921403247 -13422.6758385488
0.131138 7.77155499333099 65600 228.529844557043 -10454346.1188731 13605.8550300661 -13887.7023022403
0.131238 7.77501835615014 65650 229.300952961201 -10452315.2803778 13651.7640848758 -13625.8717769493
0.131338 7.77179726683485 65700 229.375484490841 -10453036.7638502 13656.2014273569 -13795.923042542
0.131438 7.68366115062892 65750 229.816824070222 -10458335.9598545 13682.4772179336 -14347.2831698471
0.131538 7.54822904237005 65800 229.796154924745 -10463221.1626269 13681.2466504447 -14802.5011645626
0.131638 7.7614225026718 65850 230.294504118954 -10459904.0027351 13710.9165909459 -14384.2624181858
0.131738 7.69846833658062 65900 230.259421076649 -10462981.6884471 13708.8278712492 -14924.4885569732
0.131838 7.71667112177555 65950 230.095172239078 -10454630.2801065 13699.0490789991 -13897.6248941141
0.131938 7.61582768016294 66000 230.589032289118 -10452401.9111378 13728.4517518055 -13765.744073594
0.132038 7.38213448551897 66050 230.344015080524 -10479359.0524211 13713.8642976965 -16396.2519904345
0.132138 7.50821279128686 66100 230.638918391372 -10460150.9084076 13731.4217930997 -14518.1490013799
0.132238 7.46149573185922 66150 231.094608843176 -10467273.7168435 13758.5519836349 -15162.6074979439
0.132338 7.51910887016747 66200 230.854075469616 -10465779.8614606 13744.2314811338 -15091.4960650558
0.132438 7.48763207180693 66250 231.423668804861 -10463707.8202206 13778.143044678 -14783.625279155
0.132538 7.39811793947861 66300 231.739169334067 -10473678.8894086 13796.9268252849 -15798.3045500369
0.132638 7.40982147997119 66350 231.649785330767 -10473259.6941078 13791.6052192895 -15858.3366893353
0.132738 7.34055339040849 66400 231.882666354666 -10477011.8477853 13805.4701280789 -16197.0020392803
0.132838 7.53745556960046 66450 231.920221224429 -10464257.9902406 13807.7060116006 -14866.6700811114
0.132938 7.35887417153978 66500 232.257994836339 -10471621.818871 13827.8158524205 -15699.1956587422
0.133038 7.26144616774308 66550 232.646416984307 -10482116.2785038 13850.9411271344 -16687.3348198906
0.133138 7.46674841744232 66600 232.378920734062 -10470544.2061896 13835.0153507485 -15542.7190710212
0.133238 7.36546305724136 66650 232.522825338666 -10469595.9187212 13843.5829196461 -15374.7634565239
0.133338 7.33641400807784 66700 232.635529292945 -10475123.812129 13850.2929126722 -15991.6468922985
0.133438 7.38861361206854 66750 233.22946712444 -10473944.8927723 13885.6538610326 -15802.0049899931
0.133538 7.47553311985812 66800 233.238006106309 -10464599.7536781 13886.1622416761 -14837.7868861144
0.133638 7.44570963745162 66850 233.01280302517 -10469124.8651466 13872.7544503207 -15272.77812326
0.133738 7.62909293241173 66900 233.74243864743 -10457122.0067993 13916.1943630396 -14059.988119397
0.133838 7.6866163037727 66950 233.733147223268 -10458784.2833324 13915.6411846554 -14132.6791152837
0.133938 7.57366615529865 67000 233.573243239216 -10469200.1440571 13906.1210695476 -15155.2242868943
0.134038 7.56059519389473 67050 234.221772713561 -10468783.714972 13944.7322103715 -15128.4359711593
0.134138 7.57036029052377 67100 234.413959591017 -10463279.7537071 13956.1743342588 -14582.7057328529
0.134238 7.52204437577916 67150 234.155613210919 -10462383.5547352 13940.793308634 -14431.0119843574
0.134338 7.49218890614616 67200 234.605167200112 -10464087.5463552 13967.5581559869 -14580.1076350511
0.134438 7.54562730319934 67250 234.731154426707 -10459108.3370738 13975.0589878542 -14192.9227847263
0.134538 7.43126546233692 67300 234.748997009439 -10463998.8161966 13976.1212718394 -14698.9912721803
0.134638 7.61158118541908 67350 234.865814542366 -10456912.5477866 13983.0761727236 -13820.5109053932
0.134738 7.56427065809162 67400 235.782243191897 -10458688.7781951 14037.6370786529 -14045.6050754033
0.134838 7.42784016641321 67450 235.069066978531 -10465540.9029802 13995.1771006629 -14775.4392042401
0.134938 7.54644781742692 67500 235.831926379378 -10463503.5852915 14040.5950391224 -14537.8735531592
0.135038 7.54351710434367 67550 235.722083292833 -10460047.9426152 14034.0553719972 -14194.4626576653
0.135138 7.57237013301687 67600 236.130245412571 -10452024.4667852 14058.3558944986 -13403.3376267315
0.135238 7.58461044289846 67650 235.946332480696 -10460206.2146335 14047.4063719359 -14142.9823636073
0.135338 7.59147724673006 67700 236.633772728888 -10455474.9123174 14088.3341219935 -13705.4921305349
0.135438 7.526881274137 67750 236.562701970181 -10458326.5844809 14084.1028215184 -14081.5889897793
0.135538 7.40276811916408 67800 236.591828051916 -10465657.2847683 14085.8368849465 -14719.1579944233
0.135638 7.79809041565359 67850 236.805131516711 -10437517.4407496 14098.5362154214 -11791.9551862333
0.135738 7.59780691802971 67900 237.098223748591 -10454096.5266192 14115.9858856172 -13627.2486568385
0.135838 7.59594046091579 67950 237.040949316968 -10451736.9479516 14112.5759694414 -13284.4337816581
0.135938 7.66081816548606 68000 237.135602336923 -10446871.9201729 14118.2112739687 -12862.1142177842
0.136038 7.66549818827333 68050 237.355403338432 -10454186.9999757 14131.2974446954 -13420.2596942405
0.136138 7.61405839352386 68100 237.350201189466 -10447142.6167378 14130.987727228 -12800.1630117346
0.136238 7.64989535245554 68150 237.673484970493 -10445058.0066787 14150.2348949962 -12595.4927740772
0.136338 7.79559545055432 68200 238.058814448973 -10440139.0874954 14173.1760431564 -12090.9052724346
0.136438 7.79961923195981 68250 238.739846516278 -10437331.7343288 14213.7222728908 -11797.0581326874
0.136538 7.69460113109177 68300 238.378261101068 -10449787.6596376 14192.1947619004 -13087.2004034221
0.136638 7.83989671015277 68350 239.019790563846 -10434023.5893788 14230.3891469051 -11441.5821972894
0.136738 7.7794580338704 68400 239.007659414542 -10439081.8657606 14229.6669013747 -12009.943801565
0.136838 7.80272941846488 68450 238.908695213859 -10438721.2082352 14223.7749244635 -11833.3257261666
0.136938 7.91588826937486 68500 239.098333732884 -10437071.7569363 14235.0653281435 -11655.1001085554
0.137038 8.04032727963678 68550 239.421035394338 -10426531.4218573 14254.2778385804 -10565.8246637794
0.137138 8.01336249763077 68600 239.750787200334 -10424877.2300788 14273.9100895758 -10335.2769163492
0.137238 7.95789692391172 68650 239.261716408684 -10431791.6973454 14244.7925521989 -10958.5159662463
0.137338 8.15505311314348 68700 239.07569456762 -10416100.4850795 14233.7174726755 -9253.99719543103
0.137438 8.21483869525436 68750 239.928468994777 -10412195.7900738 14284.4886323537 -8857.57133994967
0.137538 8.31983875501498 68800 239.775532038892 -10412378.7781889 14275.3833093507 -8809.58861685924
0.137638 8.16214213505607 68850 240.512484870406 -10415308.1092592 14319.2588627123 -9156.78933673326
0.137738 8.42096056597922 68900 240.180211316708 -10410071.1430774 14299.4764758179 -8513.45855836545
0.137838 8.42666904321357 68950 240.768286110896 -10409100.8435668 14334.4883597671 -8338.42783381568
0.137938 8.44910719296399 69000 241.033656167346 -10405472.4107358 14350.2875501284 -7902.43498072877
0.138038 8.36385531599528 69050 241.027780192904 -10405408.1710808 14349.9377154861 -8068.74354950888
0.138138 8.52510654510582 69100 241.158329386792 -10404946.3964433 14357.7101506784 -7940.15189830495
0.138238 8.45622488198666 69150 241.676749367063 -10404935.8581372 14388.5750344748 -7940.07798779557
0.138338 8.46827865922552 69200 241.583897891876 -10405291.5566814 14383.0469875224 -7896.37312731552
0.138438 8.52071068300985 69250 241.693260829344 -10406349.3288303 14389.5580682775 -7987.34685059731
0.138538 8.52576772180975 69300 241.783095057074 -10406614.53811 14394.9064790359 -8012.15548634031
0.138638 8.49820352369784 69350 241.542186056279 -10397954.2050533 14380.5636130237 -7037.46327884834
0.138738 8.54962919635627 69400 241.955259337127 -10402632.2466652 14405.1565286095 -7538.41905615323
0.138838 8.60034668873148 69450 242.215666778046 -10399186.551091 14420.660262473 -7133.75133482497
0.138938 8.71272225256961 69500 242.631023580109 -10391664.1617698 14445.389130799 -6288.50267350697
0.139038 8.7449131039022 69550 242.765765352356 -10391894.7397351 14453.4111772116 -6304.46186271719
0.139138 8.67389317750499 69600 242.703611724336 -10387280.9246688 14449.7107710171 -5806.63512723376
0.139238 8.78842852013494 69650 242.695091361878 -10386718.0977051 14449.2034989072 -5616.19698886816
0.139338 8.9702638710896 69700 243.268749192376 -10367957.0077643 14483.3570480585 -3745.97216167196
0.139438 8.79747176110847 69750 243.512212803483 -10388501.5365163 14497.8520064927 -5767.42329955169
0.139538 8.99977315480249 69800 243.650533925627 -10372240.1824402 14506.0871546815 -3917.26957404185
0.139638 9.0305321617152 69850 243.854041191252 -10375650.2206885 14518.2032542615 -4345.5400213665
0.139738 9.13641177550978 69900 244.060889371963 -10360845.7379769 14530.5182600562 -2796.24149166559
0.139838 9.05350548569591 69950 243.662374723033 -10370436.7085992 14506.7921136914 -3672.22062083457
0.139938 9.18931953132447 70000 244.273137198544 -10359855.2350431 14543.1547415823 -2569.73195343988
0.140038 9.11068012327826 70050 244.227003899648 -10363446.723799 14540.4081288672 -2984.78288253192
0.140138 9.27966790622434 70100 244.530703587685 -10357339.4406002 14558.4893293167 -2281.59992016718
0.140238 9.29439932811058 70150 244.795435849358 -10353977.8247203 14574.2505476428 -1877.447260374
0.140338 9.39063269515477 70200 245.114379314378 -10351500.0415133 14593.2393084161 -1486.6437707715
0.140438 9.37701404974606 70250 245.049185072577 -10349811.4640812 14589.3578748797 -1528.00307504938
0.140538 9.38328996384831 70300 245.390215247862 -10354438.5113636 14609.661599913 -1839.55303978597
0.140638 9.44303081106129 70350 245.620288723216 -10349821.5738747 14623.3593572366 -1391.74665590183
0.140738 9.19526624884452 70400 246.105984938273 -10366522.921643 14652.2759843122 -2947.54438107465
0.140838 9.37499519280472 70450 246.338656481926 -10355818.6626824 14666.128421392 -1865.73417330464
0.140938 9.44129506096661 70500 246.003014845274 -10352481.5682637 14646.1455108045 -1550.15739359833
0.141038 9.44424525528354 70550 246.05261996956 -10347287.6095585 14649.0988236687 -974.590618981744
0.141138 9.36594359475334 70600 246.150571217838 -10350751.5039363 14654.9304929925 -1293.50309261512
0.141238 9.3539696971549 70650 246.430978619381 -10347240.3309002 14671.6249534564 -1010.34211251349
0.141338 9.45660756272206 70700 246.208946965051 -10346112.2578799 14658.4059775858 -784.744209835232
0.141438 9.62795121741478 70750 246.863333274173 -10345386.0765914 14697.3658135443 -681.172011138483
0.141538 9.47538389473259 70800 246.734926422512 -10353101.0539121 14689.7209257969 -1407.19544013507
0.141638 9.64957647931167 70850 246.97944590969 -10333679.6061127 14704.2787473411 582.149842360144
0.141738 9.53534010490372 70900 247.488980418766 -10344662.6430024 14734.6146217506 -610.239273275466
0.141838 9.6498258337169 70950 247.682330146087 -10337553.6151325 14746.1259775874 175.418839524042
0.141938 9.76375416948523 71000 248.028408528032 -10329812.1477715 14766.7302549102 1219.44827395907
0.142038 9.73548183671867 71050 248.028863299788 -10333675.1163787 14766.7573304048 717.751425705891
0.142138 9.78560065833047 71100 248.466456797701 -10331515.7274339 14792.8100925998 987.275335482861
0.142238 9.65650214120955 71150 247.965845199307 -10333614.7878574 14763.0054565913 694.937405734724
0.142338 9.76481574850065 71200 248.352025180596 -10326639.1554339 14785.9972406671 1557.49683823623
0.142438 9.80266181375712 71250 248.38487096443 -10323665.6320058 14787.9527619429 1884.37792713565
0.142538 9.8157147936958 71300 248.701839477877 -10329776.0098778 14806.8239411161 1254.93029596774
0.142638 9.74031695671856 71350 249.143858844771 -10330485.1575924 14833.1402038261 1119.18076750805
0.142738 9.79069214532836 71400 248.889184308767 -10336561.306364 14817.9777867534 604.689064930778
0.142838 9.83043597187848 71450 249.321407799762 -10335912.1094996 14843.710837815 760.740227330286
0.142938 9.81950757549865 71500 249.228985918797 -10322571.7357264 14838.2083673763 2173.40169938546
0.143038 9.9331881538361 71550 249.409084280834 -10323976.272003 14848.9307840033 2083.67960307874
0.143138 9.89484732697591 71600 249.468943157754 -10323251.1616511 14852.4945688701 2190.58678974289
0.143238 9.97468767924824 71650 250.187166423891 -10325748.8758101 14895.255030451 1926.34880636664
0.143338 10.0441020202424 71700 250.359756849113 -10312142.6933691 14905.530451194 3327.80467074523
0.143438 9.95137031890518 71750 250.436752905857 -10326804.2372117 14910.1145228629 1773.46116518937
0.143538 10.0556512568602 71800 250.653273072405 -10316728.3439489 14923.005364332 2914.21216897526
0.143638 10.0676966664673 71850 250.726804025632 -10320115.752068 14927.3831360483 2583.88481368085
0.143738 9.97175297675166 71900 250.94711729373 -10322378.2455428 14940.4998053076 2400.69542086407
0.143838 10.0732729363914 71950 250.461072428175 -10325535.9053894 14911.56242082 2212.35151488133
0.143938 10.2058615456612 72000 251.136274347988 -10311963.3271989 14951.7615442859 3626.96080194674
0.144038 10.2161550381482 72050 251.388416190487 -10305895.7150027 14966.7731737854 4182.37995337287
0.144138 10.2020578878641 72100 251.235297726108 -10311056.4128408 14957.6570444115 3797.2049471943
0.144238 10.3941502418958 72150 251.294967120789 -10298474.7883889 14961.209548179 5186.50556723471
0.144338 10.2489184943738 72200 251.256280431037 -10308156.9531524 14958.9062801161 4164.12427046612
0.144438 10.2504516626431 72250 252.033026397065 -10301113.1482683 15005.1509753307 4803.551360124
0.144538 10.2808534390347 72300 252.191384808649 -10303171.7616231 15014.5790725448 4705.13838505728
0.144638 10.4061185918879 72350 252.875950661477 -10299244.6617236 15055.3356913145 5118.06541624802
0.144738 10.4220352370364 72400 253.091631511065 -10289081.8086334 15068.1765628337 6226.72579969686
0.144838 10.3540743266995 72450 252.588507921703 -10299521.1012101 15038.2223718074 5314.95343021755
0.144938 10.3246882351914 72500 252.830505935845 -10299767.5286854 15052.6300738052 5182.8496541272
0.145038 10.4056473975034 72550 252.922843297696 -10290559.4433023 15058.127512276 6092.66195309507
0.145138 10.3844549577291 72600 253.132233946354 -10302827.3742034 15070.5938875795 4880.64790515636
0.145238 10.4287541261327 72650 253.382785904193 -10287076.2424003 15085.5108609948 6578.58169894999
0.145338 10.4292019924416 72700 253.190034596311 -10296631.2388696 15074.0351329253 5506.3610024865
0.145438 10.4346726378577 72750 253.623571286193 -10295481.7130177 15099.8463671831 5722.57517790487
0.145538 10.5989198945435 72800 254.382743982104 -10287245.9020781 15145.0448123287 6751.72059174697
0.145638 10.6188823171199 72850 254.490780272057 -10284603.2902835 15151.4769092039 6936.30973111072
0.145738 10.5272259180563 72900 254.249304941129 -10282197.2485067 15137.1003259077 7227.47462764914
0.145838 10.6385380867497 72950 254.629191934515 -10283719.1580356 15159.7174478414 7157.60906887031
0.145938 10.5385531699541 73000 254.88057574252 -10289184.2928028 15174.6839466602 6559.27995649402
0.146038 10.5462284446863 73050 254.997958302676 -10283529.4233636 15181.6724872582 7189.18155910062
0.146138 10.7918252326697 73100 255.083701435363 -10270310.4583863 15186.7773287524 8662.78623018464
0.146238 10.7162818068206 73150 254.748230246865 -10273253.9182238 15166.8045660425 8263.18331960588
0.146338 10.7245404555859 73200 255.270297520219 -10267443.9011079 15197.886596711 9049.41621695706
0.146438 10.7532463292216 73250 255.224366265482 -10270116.3623289 15195.1520129874 8762.68252274105
0.146538 10.7183003432992 73300 255.638759358695 -10270235.2868482 15219.8235055123 8712.6292733326
0.146638 10.9151928672002 73350 255.477046076804 -10264778.8285448 15210.1956712392 9489.55788299524
0.146738 10.9059796287366 73400 256.363090889404 -10264846.7491641 15262.9476314646 9562.38826882482
0.146838 10.8209958438978 73450 256.579616663368 -10267447.9683524 15275.8388067793 9299.34006164303
0.146938 10.958611636207 73500 256.703645618312 -10264029.5198399 15283.2230501098 9516.76114591018
0.147038 10.7588229188977 73550 257.05937269638 -10272232.0494046 15304.4017765201 8775.54776281169
0.147138 10.8251156343607 73600 256.99116502354 -10270331.8596162 15300.3409340056 9021.92973178065
0.147238 10.765057740751 73650 257.737537086245 -10272881.1169402 15344.7772749279 8662.09123003234
0.147338 10.7499957929062 73700 257.547393368181 -10277473.6518769 15333.4567934921 8336.97537825174
0.147438 10.8113517917287 73750 257.577382056694 -10269947.2273389 15335.2422134631 9069.87370293657
0.147538 10.8350836901478 73800 257.812622126351 -10265217.8029423 15349.2475714557 9650.54603676482
0.147638 10.9063551047316 73850 257.173068221445 -10267004.3423954 15311.170804148 9578.68560320654
0.147738 10.8235352871315 73900 257.368338080783 -10272507.8294707 15322.7964778233 9140.26345287226
0.147838 11.0520374980435 73950 257.618051490398 -10252000.2330958 15337.6635270565 11111.2533887915
0.147938 10.9313708567805 74000 258.059687643615 -10260380.198999 15363.9569745857 10219.3867574284
0.148038 11.0500313968699 74050 258.084037673181 -10258068.5280926 15365.4066888359 10641.3231365064
0.148138 11.2665565780103 74100 258.455746183834 -10245330.2140609 15387.5368929639 12076.4707944472
0.148238 11.3828123206062 74150 259.23436980851 -10236098.7949575 15433.8933773034 12969.0900750341
0.148338 11.2638687234714 74200 259.930361603711 -10243031.9115911 15475.3302560882 12370.1186703104
0.148438 11.3203489304406 74250 259.253094877705 -10238015.3174803 15435.0082013974 12944.900654354
0.148538 11.2592430729913 74300 259.680213023262 -10245405.0461362 15460.4372983296 12072.1476307076
0.148638 11.3356656965694 74350 259.787773796487 -10240030.3096074 15466.8410846283 12726.8831616962
0.148738 11.4185335550359 74400 259.558531422866 -10235914.0692717 15453.1928081493 13228.5246179688
0.148838 11.407790151783 74450 259.982509104193 -10227382.5575548 15478.4349329986 14203.2982610845
0.148938 11.4120249219655 74500 259.999779496055 -10229868.819216 15479.4631507723 13954.041139371
0.149038 11.567708048741 74550 259.631052547267 -10221250.1719887 15457.5104582449 14702.9044664458
0.149138 11.5384264623386 74600 259.860483219658 -10225559.8642858 15471.1699453638 14467.2127254606
0.149238 11.4601489113277 74650 259.708937882159 -10225166.2258673 15462.1474743754 14557.0194285176
0.149338 11.5919471005345 74700 260.037087371669 -10224039.2167497 15481.6843291399 14622.7578262574
0.149438 11.4671949974137 74750 260.745658030742 -10228861.1182 15523.8701087898 14127.0397547784
0.149538 11.4046302989233 74800 261.570698221996 -10237969.4696 15572.9900705959 13322.9980755882
0.149638 11.3936887715811 74850 261.444320473801 -10231836.9253819 15565.4659884599 13981.1849132488
0.149738 11.6263643199027 74900 261.828139120465 -10219227.5623696 15588.3171870614 15322.4160405905
0.149838 11.5277426529338 74950 261.43327004619 -10227626.2306512 15564.8080852596 14439.0695890945
0.149938 11.5847167909033 75000 261.898667425428 -10219476.2048807 15592.5161917678 15366.3585632492
0.150038 11.6263698819236 75050 261.731856099423 -10225978.1171573 15582.5848380603 14642.6227127841
0.150138 11.7176170196945 75100 261.486462721784 -10215773.4984825 15567.9749881829 15754.4010419673
0.150238 11.7347330844503 75150 262.011568716389 -10217517.6298232 15599.2379335188 15655.455673885
0.150338 11.6257937313418 75200 261.895004076122 -10220656.8560022 15592.2980889652 15411.4665274086
0.150438 11.8419023209799 75250 262.135222128237 -10205314.7020383 15606.5998183477 17030.6517883356
0.150538 11.8117212030581 75300 262.150477851399 -10214624.0044629 15607.5080899046 16061.6917779214
0.150638 11.8816504394427 75350 262.789458576845 -10206675.1517662 15645.5507321436 17076.834133471
0.150738 11.8254150957237 75400 263.022108901427 -10213732.583811 15659.4019059152 16325.4904922734
0.150838 11.8066154333646 75450 263.343095284943 -10213344.901888 15678.5122947977 16411.7779509078
0.150938 11.945399796696 75500 263.940274274269 -10204500.4086618 15714.0662101803 17353.0763534186
0.151038 11.9527672754447 75550 263.365176982317 -10200192.0048965 15679.8269606081 17861.435089592
0.151138 11.9427750377008 75600 263.949866964411 -10209071.8262713 15714.6373248707 17028.9331735648
0.151238 11.9670154768094 75650 263.900851838471 -10202417.228218 15711.7191384119 17761.4589000672
0.151338 11.9937926093302 75700 264.011719041933 -10204925.9658008 15718.3197778199 17586.6499332801
0.151438 12.0251947942623 75750 263.776683344644 -10195353.0612863 15704.326587432 18438.5706236121
0.151538 12.0852804881057 75800 264.385014843651 -10194699.5109614 15740.5444836186 18668.0426142587
0.151638 11.9659133636253 75850 264.045540774082 -10201403.3009334 15720.3334035911 18093.4822567597
0.151738 12.0197896403322 75900 264.104780889843 -10199642.7934135 15723.8603496168 18306.5059366261
0.151838 12.05617525622 75950 264.508896416467 -10198509.1911659 15747.9199523409 18451.8985554662
0.151938 12.0041344248202 76000 264.870042213697 -10198945.3885556 15769.4212900386 18428.6364224426
0.152038 12.0185121751325 76050 265.509091616805 -10200407.5013269 15807.4680211016 18202.8810706336
0.152138 12.0908484265895 76100 265.810745612925 -10197463.463521 15825.4274283222 18626.3145701575
0.152238 12.2937128116023 76150 266.226314693915 -10185954.7092808 15850.1689349813 19829.6080731975
0.152338 12.2614051494273 76200 265.952391704321 -10189270.335844 15833.8605333674 19661.5022631256
0.152438 12.4065909148041 76250 266.371381465302 -10182468.381706 15858.8056951603 20426.0978109126
0.152538 12.3220038096268 76300 266.761819740023 -10188346.3173369 15882.0510028983 19805.0495366744
0.152638 12.5298593122529 76350 266.286643303267 -10167828.124379 15853.7606860483 22042.8311781102
0.152738 12.5366767492961 76400 265.961337070796 -10174258.5569371 15834.3931087064 21382.2847187583
0.152838 12.476569931401 76450 266.483904200726 -10174886.0765251 15865.5048990596 21484.3823422731
0.152938 12.5519545130751 76500 266.325573013631 -10175528.8023448 15856.0784226949 21438.0696537842
0.153038 12.4688902263063 76550 266.869962241852 -10176584.1540674 15888.4894232513 21274.9739601976
0.153138 12.4304169605708 76600 266.496713105952 -10182000.7122899 15866.2674957696 20699.1190181181
0.153238 12.5780687171756 76650 267.137918518776 -10172352.0430367 15904.4425879913 21857.9935390536
0.153338 12.6246992073297 76700 267.937298321506 -10171781.2390694 15952.0348214302 21821.4903458338
0.153438 12.6201080012803 76750 268.180220901805 -10171215.4055482 15966.4975688122 21945.0873061416
0.153538 12.5521242850269 76800 268.881182379421 -10173462.612791 16008.2303248318 21842.4238319892
0.153638 12.6547706070089 76850 268.828988047314 -10171319.1606736 16005.1228597328 22073.9103790263
0.153738 12.6133346414817 76900 268.318007371413 -10173428.2558714 15974.7008856885 21890.5158993341
0.153838 12.6290815660931 76950 269.036847715253 -10170972.8624233 16017.4980858835 22195.0505089428
0.153938 12.5648524615931 77000 268.265743403941 -10169252.6258603 15971.5892747472 22363.5116663383
0.154038 12.5737082406146 77050 267.933272057237 -10173905.4764239 15951.79511196 21865.145228953
0.154138 12.6174918517812 77100 268.547847928828 -10168807.9433696 15988.3847759055 22557.3433747481
0.154238 12.5276010666643 77150 269.073089163261 -10174385.5251856 16019.6557729403 21901.7899352957
0.154338 12.6450595880544 77200 268.753424078668 -10171987.5082908 16000.6240495014 22232.8170124565
0.154438 12.6413817505591 77250 269.557661738631 -10173384.2178239 16048.505502501 22074.4436752551
0.154538 12.5368018412165 77300 269.680681642789 -10184615.4401321 16055.8296705326 21045.6747215749
0.154638 12.7642762671936 77350 269.728553435808 -10167425.8553424 16058.6797870114 22795.3810213311
0.154738 12.7089147179648 77400 270.277144882535 -10162607.5561664 16091.3409727281 23308.9193492861
0.154838 12.5499150981961 77450 270.496196938235 -10180129.4297926 16104.3825538821 21587.8945895459
0.154938 12.68378432711 77500 270.37983299609 -10173272.0590118 16097.4546581816 22306.9863539736
0.155038 12.5309719189271 77550 270.807737888063 -10173916.7060377 16122.9305952003 22191.1201209408
0.155138 12.5626838213819 77600 270.589836761658 -10181719.6711383 16109.9575362876 21379.1484530514
0.155238 12.5813376141563 77650 270.275142411052 -10176681.6782249 16091.2217526904 22012.7923869745
0.155338 12.6271265231131 77700 270.872077547003 -10169013.9183399 16126.7611499093 22859.8063060934
0.155438 12.5530078405256 77750 271.10595914504 -10180639.6149418 16140.6856293281 21690.4830578598
0.155538 12.7021782020536 77800 271.4901207439 -10165978.4236638 16163.5572460849 23282.3182764874
0.155638 12.5627465919006 77850 271.419553796735 -10180467.7243935 16159.355940759 21766.0835222701
0.155738 12.6335716081677 77900 272.094222313486 -10179309.499439 16199.5233073017 21966.1092659257
0.155838 12.6260288807452 77950 272.086566762037 -10177433.5611313 16199.0675229669 22201.8510652497
0.155938 12.6599273377386 78000 272.935529350334 -10170529.9355944 16249.611739302 22924.7110381839
0.156038 12.6399358481536 78050 273.029708030633 -10171052.3296053 16255.2188033315 22863.9651132034
0.156138 12.5076288835808 78100 272.704089051529 -10182840.5179987 16235.8326061662 21732.8139728842
0.156238 12.5436285808996 78150 272.890878005958 -10177432.9810837 16246.953356894 22238.0076719329
0.156338 12.6127378342309 78200 272.699063650595 -10182395.5810762 16235.5334116487 21866.0479413077
0.156438 12.4483784655179 78250 272.573402005932 -10186720.8268956 16228.0519637729 21404.6813597678
0.156538 12.5728024064487 78300 272.52898209045 -10178313.0816583 16225.407359819 22250.587388801
0.156638 12.4347296998566 78350 272.668324004378 -10182962.393703 16233.703282324 21764.0049381296
0.156738 12.4703302991246 78400 272.78164800085 -10181454.9307413 16240.4501904594 21954.2216009618
0.156838 12.4104540497245 78450 273.256070290183 -10182545.5204057 16268.6956080511 21985.3222001199
0.156938 12.5454468916451 78500 273.662511859945 -10183877.5280073 16292.8936951198 21687.8944458685
0.157038 12.5544825339813 78550 274.084811011756 -10180523.6634011 16318.0358862853 22146.2712657007
0.157138 12.5743486719333 78600 274.974999996956 -10185968.7228335 16371.0345758239 21668.2997664318
0.157238 12.3946027419716 78650 274.863931740329 -10188462.8044549 16364.4219664247 21342.0804355698
0.157338 12.4946436662281 78700 274.827643190966 -10180669.1473207 16362.2614751206 22300.65607942
0.157438 12.4577460360203 78750 275.306782275407 -10196015.2731662 16390.7877139354 20771.6612577264
0.157538 12.5738552835729 78800 275.205850190826 -10182973.3967246 16384.7785762083 22163.125470173
0.157638 12.4915008967462 78850 275.304655922561 -10186124.7608655 16390.6611184414 21886.7668461668
0.157738 12.3692904542922 78900 275.434315181183 -10193343.3055921 16398.3805700497 21140.0491654766
0.157838 12.4261897372158 78950 274.921890344964 -10198155.1607088 16367.8726158308 20655.5110328832
0.157938 12.4962621833133 79000 275.344311006435 -10191899.9212423 16393.0220412497 21344.3856945943
0.158038 12.5337001165672 79050 275.000683492245 -10188411.6935677 16372.5636798857 21682.459100929
0.158138 12.4434073029961 79100 275.458998710737 -10196171.6018844 16399.8501397044 20974.4749064933
0.158238 12.4264520826407 79150 275.901928449013 -10188273.5205008 16426.2206026921 21849.7176100794
0.158338 12.5421979442077 79200 276.375428700386 -10191299.979939 16454.4111254196 21665.4113986068
0.158438 12.4743502236457 79250 276.950280911905 -10188866.8355852 16488.6357837735 21942.2847273874
0.158538 12.287086586715 79300 277.424283394486 -10208402.4464779 16516.8562075628 19870.2462617239
0.158638 12.4500088145684 79350 277.482828422968 -10195913.0604547 16520.3417705613 21213.7554426706
0.158738 12.3351008287605 79400 277.70578205206 -10202028.160893 16533.6156375336 20570.936255394
0.158838 12.5684949189986 79450 277.220093362469 -10195115.5874521 16504.6994584975 21396.4342698942
0.158938 12.4234396155302 79500 277.01689047684 -10203180.965528 16492.601480621 20695.6271017734
0.159038 12.4780189341479 79550 277.29215118814 -10200332.8679551 16508.9895254327 21020.9652850897
0.159138 12.5724945477949 79600 277.062108213588 -10197784.0616134 16495.2935840186 21363.7480113957
0.159238 12.5287608908176 79650 276.836577890114 -10192802.7773485 16481.8663098172 21926.4887298991
0.159338 12.4955402753415 79700 277.302027434059 -10196585.356012 16509.5775220267 21413.5344358142
0.159438 12.4771111109072 79750 277.940136650852 -10195196.0733517 16547.5682777368 21663.3854516796
0.159538 12.4542739408703 79800 278.248592699683 -10201251.2979723 16565.9326550096 21159.3384818742
0.159638 12.5090177200209 79850 278.441200433233 -10197116.9263919 16577.3998351735 21538.7311639541
0.159738 12.6034758252171 79900 279.060973150381 -10187221.6332909 16614.2989008401 22656.2071769261
0.159838 12.5047341057238 79950 280.476783648918 -10194828.3016543 16698.5912278685 21931.5156740714
0.159938 12.6452913412768 80000 279.947880055244 -10184762.6477402 16667.102186976 22930.7879016491
0.160038 12.6183018382103 80050 279.660351773935 -10189946.3754015 16649.9837746299 22414.2306369364
0.160138 12.5847712780165 80100 280.12172006027 -10190951.0056611 16677.452003261 22465.8926232257
0.160238 12.5811759109713 80150 279.586172714524 -10190354.5094386 16645.5674169739 22601.8834740327
0.160338 12.398567690104 80200 279.006387703805 -10197073.9658506 16611.0490772808 21756.0733409871
0.160438 12.4084669890334 80250 279.00318036459 -10202085.0180852 16610.8581236988 21351.5856147361
0.160538 12.5979744057423 80300 278.998400442612 -10191984.7094217 16610.5735441263 22515.5969054329
0.160638 12.5975513448163 80350 279.020999218506 -10183482.2813262 16611.9189949546 23509.4998211305
0.160738 12.7426381538187 80400 280.292761657096 -10184676.2826568 16687.6352122639 23469.0973928367
0.160838 12.7565974653444 80450 280.941730352829 -10180769.6152394 16726.2725027689 23994.4557257447
0.160938 12.5586281324074 80500 281.51582585045 -10187212.4906905 16760.4521090657 23215.1635939119
0.161038 12.7332906426547 80550 281.762033915686 -10179189.3891463 16775.1104625483 24166.787232463
0.161138 12.6407891289867 80600 281.867200741046 -10183392.1197194 16781.3717216963 23762.9001579827
0.161238 12.6001396686126 80650 282.261788553002 -10196338.6119475 16804.8640781388 22495.6386050928
0.161338 12.6607736841609 80700 281.243023265322 -10186055.9821899 16744.2104123531 23610.7564741635
0.161438 12.5878097399762 80750 281.612273963457 -10191360.4934353 16766.1942870558 22978.635848411
0.161538 12.574492464061 80800 281.551375470001 -10190373.4544581 16762.568607114 23211.9038447077
0.161638 12.5149155346266 80850 281.486379909106 -10188111.4714915 16758.6990023329 23504.3526020292
0.161738 12.5037643113629 80900 281.776138514112 -10194967.9682011 16775.9502002281 22797.9966770713
0.161838 12.5850310131198 80950 281.465977153131 -10195257.6971291 16757.4842947285 22869.1441728776
0.161938 12.482258093292 81000 282.182529746713 -10200859.9714479 16800.145290401 22090.6487233633
0.162038 12.6831889579495 81050 282.273402149685 -10180730.2227159 16805.5555104249 24397.3752811008
0.162138 12.5144246718832 81100 282.615197960189 -10195629.6467444 16825.9048186591 22974.9106104565
0.162238 12.5734972884594 81150 283.347497445122 -10190132.2169933 16869.5033282975 23403.5515218327
0.162338 12.5181792365802 81200 283.276151067058 -10190585.236167 16865.2556184251 23502.2967595086
0.162438 12.4991827947405 81250 283.410135954507 -10194062.0492038 16873.2326026058 23071.0865606151
0.162538 12.5474596440661 81300 283.603953791014 -10186293.1870454 16884.7718280005 23942.0732601741
0.162638 12.5466712395708 81350 284.193940710957 -10187789.9514454 16919.8975531238 23885.7733060669
0.162738 12.7147537992871 81400 284.188940466122 -10180749.437844 16919.5998563111 24641.6198149644
0.162838 12.6801073886868 81450 284.357659779634 -10178117.8299797 16929.644804816 25047.6775351983
0.162938 12.6708235890007 81500 284.464899063321 -10178491.7179217 16936.0294507698 24986.0161136634
0.163038 12.5535629296879 81550 284.235658097584 -10180917.1212886 16922.3812581111 24827.8932588409
0.163138 12.7186996382728 81600 284.463551079063 -10175525.9769148 16935.9491965762 25269.0313200514
0.163238 12.508133103537 81650 284.298230998332 -10180419.0699751 16926.1066263143 24682.9566518857
0.163338 12.3265393589295 81700 284.608744242607 -10195939.902467 16944.5934816951 23212.5399644082
0.163438 12.690726021199 81750 284.579790199438 -10176153.8156701 16942.869660832 25280.5501959586
0.163538 12.6135590507033 81800 285.218488877737 -10183369.7331903 16980.8955109859 24736.9093015838
0.163638 12.7815015131006 81850 285.3722386118 -10174866.9855519 16990.049223914 25603.1577997286
0.163738 12.6542955777512 81900 285.252233875924 -10180348.9664759 16982.9045682896 25097.9677260648
0.163838 12.713303641722 81950 286.017484550385 -10177766.5116775 17028.4648746845 25406.8387665248
0.163938 12.6876338937646 82000 286.088073605493 -10178325.8161694 17032.6674962386 25374.5385712439
0.164038 12.6850557108262 82050 286.881745657572 -10171989.7882613 17079.9199104821 26210.0603745967
0.164138 12.7985903400373 82100 286.504445240741 -10163678.6658715 17057.456784127 27212.7510990416
0.164238 12.9239647995634 82150 286.843201912913 -10157533.1345027 17077.6251528623 27734.499616035
0.164338 12.946898687564 82200 286.889144850884 -10157774.4774872 17080.3604321642 27910.8119372931
0.164438 12.8510683057433 82250 286.804663925251 -10172551.0053074 17075.3307379937 26335.9030974559
0.164538 13.1700391193004 82300 286.378693234314 -10151079.251395 17049.9699564328 28537.7984802823
0.164638 12.9574678964521 82350 286.94335689624 -10158318.2379236 17083.5880247416 27941.7663370428
0.164738 12.9759445722803 82400 287.122103067009 -10154066.9731555 17094.2299367045 28433.4096810446
0.164838 12.8887585352489 82450 287.136218260752 -10163000.7637265 17095.0703051918 27556.877661968
0.164938 13.1743304782615 82500 287.389672898051 -10148033.0569792 17110.1600938295 29299.3086605085
0.165038 13.273304604343 82550 287.972680045186 -10141886.0808133 17144.8702680775 29984.0752081914
0.165138 13.1225551393191 82600 288.315154916761 -10146999.8485354 17165.2600051952 29441.368889257
0.165238 13.2954114468571 82650 288.46847054577 -10136328.4187553 17174.3878730507 30600.8154000036
0.165338 13.3830843084519 82700 288.768570929983 -10135783.1372475 17192.2547837379 30908.7286524959
0.165438 13.2556055805833 82750 288.969711909856 -10137553.5080267 17204.2300030711 30729.820059597
0.165538 13.2732535666788 82800 289.379649386421 -10137617.6841603 17228.6362240107 30786.9989739279
0.165638 13.3682820746742 82850 289.524441057142 -10139028.1038896 17237.2566056733 30726.9593640833
0.165738 13.3406175035778 82900 289.037776662341 -10127468.3645741 17208.2823366154 31928.7228385924
0.165838 13.287493776079 82950 289.292334896912 -10137385.2129386 17223.4378295139 30887.9079450875
0.165938 13.4101232539161 83000 289.152390129304 -10130950.970595 17215.1060152427 31580.3484335732
0.166038 13.2007450905892 83050 289.398596240309 -10134953.5285283 17229.7642523772 31295.9902559506
0.166138 13.1313732707505 83100 289.725659498769 -10139763.4572771 17249.2364368042 30870.2224468815
0.166238 13.2584491414091 83150 289.86418177945 -10131360.6908605 17257.4835612576 31723.1200678753
0.166338 13.2997019079534 83200 290.35997642537 -10131170.4870454 17287.0014130294 31874.9809217785
0.166438 13.3413869844828 83250 290.461553252623 -10133326.9098328 17293.0489364445 31677.7496224208
0.166538 13.4071216366112 83300 290.370224680767 -10123881.3298323 17287.611557746 32608.1969664522
0.166638 13.5275131656598 83350 291.275325941411 -10117444.7271295 17341.4980711846 33537.2573217376
0.166738 13.4807490274742 83400 291.313894970828 -10123919.3841121 17343.7943341691 32819.1816125722
0.166838 13.4421724389809 83450 291.379408540356 -10117738.3811832 17347.6947793439 33679.3871716319
0.166938 13.5395951360472 83500 291.562114666929 -10116671.2139777 17358.5724530065 33919.2617705626
0.167038 13.5622408673933 83550 291.581670630852 -10111333.1121562 17359.7367456206 34457.8012706545
0.167138 13.5554050559331 83600 291.370538220877 -10107414.6395388 17347.1666720363 34860.0836330359
0.167238 13.7250521800761 83650 291.919806573417 -10109758.1325013 17379.8681583203 34777.0199123767
0.167338 13.6357663993614 83700 291.823832097602 -10109401.580013 17374.1541790059 34809.432765227
0.167438 13.9235939504623 83750 291.748957716524 -10090809.8867954 17369.6964243682 36840.4344111912
0.167538 13.8232974916802 83800 292.284823599951 -10094195.5809362 17401.5999752572 36573.1601999283
0.167638 13.9941336577649 83850 292.054013021081 -10082021.5016701 17387.8583334091 38000.0451282717
0.167738 13.9816382845075 83900 292.644049158137 -10080191.9340968 17422.9869887444 38222.493178636
0.167838 13.8645327054551 83950 292.645469402545 -10085584.3585533 17423.0715450507 37628.9206197665
0.167938 14.0198171350914 84000 292.613963068962 -10079611.0927288 17421.195769884 38409.3985145308
0.168038 14.1119739563398 84050 293.160428935792 -10072988.9724073 17453.7304061254 39094.9910190752
0.168138 13.9449059067445 84100 293.605558101675 -10083429.9026725 17480.2318152188 37980.7057628316
0.168238 14.1381683019456 84150 293.557021791927 -10070796.1362215 17477.342135775 39577.1071238315
0.168338 14.2126805662522 84200 293.892806977402 -10078207.5941497 17497.3335927493 38814.5038578241
0.168438 14.2160753704012 84250 293.629792390256 -10077806.1405251 17481.674638662 38891.5841071935
0.168538 14.3503712262676 84300 294.126693650686 -10064599.5046093 17511.2583743302 40453.4422371727
0.168638 14.5387825560779 84350 294.559638106175 -10055719.0212417 17537.0343490563 41382.1196943952
0.168738 14.642154882664 84400 294.660627414016 -10056391.2380234 17543.0468936529 41499.3736392932
0.168838 14.4466482869132 84450 294.226021345138 -10055470.4528616 17517.171992369 41637.3799579876
0.168938 14.5386725483455 84500 295.094732290318 -10052653.8647184 17568.8919557115 41852.1906181394
0.169038 14.6493325691195 84550 294.960068944178 -10045196.0353261 17560.8745785107 42841.7901066172
0.169138 14.5490264114708 84600 295.386352679063 -10044495.0809607 17586.253997596 43053.8775227812
0.169238 14.7519149933411 84650 295.599073274754 -10040513.0602867 17598.9186261153 43537.7625341831
0.169338 14.6435462932738 84700 295.500266724234 -10042378.7475794 17593.0360351347 43408.1697494798
0.169438 14.7562853531622 84750 296.034683938895 -10036656.6939185 17624.8533374321 43988.4942086948
0.169538 14.7181722057087 84800 295.703131914753 -10039623.2758195 17605.1139078441 43659.0263103015
0.169638 14.6423316972976 84850 295.625538881581 -10037033.8365073 17600.4942943195 44116.7684348956
0.169738 14.8199635386514 84900 295.482312115588 -10033666.9580212 17591.9670815246 44570.9973810195
0.169838 14.9478298050784 84950 296.108520985143 -10024884.1258589 17629.2493328394 45436.0286045198
0.169938 14.8184159794549 85000 296.226680195876 -10028500.5740486 17636.2841124535 45131.7754732501
0.170038 15.0525953605018 85050 296.585978195129 -10018441.9003672 17657.6754388245 46481.7072465298
0.170138 14.9488199130691 85100 297.209726847443 -10022215.9344704 17694.8112175453 46100.9469563493
0.170238 15.0654325561598 85150 297.326132845331 -10019818.6740493 17701.7416170954 46374.3470782249
0.170338 15.0715436973705 85200 297.675388288949 -10014428.6423934 17722.5350453828 47138.1721959952
0.170438 15.1377349065236 85250 297.343463858075 -10008781.4222036 17702.773444021 47634.8715259129
0.170538 14.880570922523 85300 297.662602574431 -10024191.4748113 17721.7738293651 46087.1713078226
0.170638 15.0512003572307 85350 297.090672143721 -10017380.4867285 17687.7231234601 46800.1336936859
0.170738 15.1308448145385 85400 297.388438052903 -10011039.1454912 17705.4510477979 47648.7485402303
0.170838 15.0251437432532 85450 297.644038235929 -10010354.895511 17720.6685746056 47715.0166940724
0.170938 15.1464719369358 85500 297.888246174731 -10002332.3535522 17735.2078476663 48708.5594038038
0.171038 14.9513145385949 85550 298.231461156797 -10017773.5336259 17755.6416483333 47020.0381828743
0.171138 15.1307826379627 85600 298.199541251531 -10005933.8649398 17753.741250578 48338.5575478193
0.171238 15.1938131632756 85650 298.60397175962 -9997695.36602156 17777.8196061794 49320.0773451061
0.171338 15.2574888034314 85700 298.76225621584 -9999315.60237126 17787.2433003539 49194.6482851061
0.171438 15.2990046201619 85750 299.524398299149 -9987246.51407669 17832.6185322756 50532.2279972622
0.171538 15.4193379573538 85800 299.910106591691 -9987085.97416038 17855.5822336792 50731.0834951079
0.171638 15.2758003431008 85850 299.786713057846 -9993691.36336097 17848.2358210634 50061.2733742408
0.171738 15.3172917078583 85900 300.023514028952 -9984885.74144944 17862.3341095828 50916.8619459997
0.171838 15.3420588196714 85950 299.754690485549 -9981939.71452671 17846.3293108778 51342.7001361764
0.171938 15.4125341433576 86000 299.773832312267 -9982996.40767421 17847.468947234 51417.2778664064
0.169605260829073 2.73229537910606 86050 303.444492383402 -10412006.0565326 18066.0070068442 1970.93198782289
0.166629588185213 1.05949378253942 86100 310.418761000961 -10390787.9248174 18481.2301823344 2243.02161647734
0.165097151237791 0.650190333086391 86150 314.479076109933 -10382011.6396565 18722.9669185412 2105.40368229402
0.163951084044607 0.528630886636037 86200 316.679229342941 -10384562.2274211 18853.9562253875 1325.19309717154
0.162957642290876 0.347062478418754 86250 319.613120248836 -10379719.3349623 19028.6296664736 1258.81517990274
0.162096493707873 0.207439238540626 86300 321.756596299262 -10383665.1785025 19156.2446152302 477.284181833316
0.161340717276611 0.215189819900691 86350 323.800061921283 -10380205.6303921 19277.9052983941 535.105419786212
0.160595434830332 0.156467980931688 86400 324.357560967191 -10382177.9244646 19311.0968109194 -287.543689332224
0.159882782238948 0.325595297065642 86450 324.958280040172 -10367165.1264761 19346.8614903057 1123.10166672127
0.159156790739528 0.318007444951753 86500 323.796595078256 -10366035.797176 19277.6988948772 1171.15342665371
0.158375931064881 0.134923902757992 86550 323.172207120654 -10373425.1438436 19240.5250541907 -317.31064101185
0.157666149913669 0.188823107829598 86600 322.404997751284 -10365501.8495118 19194.8481340599 285.114943209173
0.157036605864688 0.239574838103033 86650 320.686539113356 -10361515.6140993 19092.5372120526 395.766236668244
0.156404101042891 0.0672203520594725 86700 320.132632417541 -10354686.0407617 19059.559575289 924.504542286923
0.155945802929163 0.141065331983701 86750 318.248173739792 -10352380.5811755 18947.3656006714 766.038066303259
0.155472865237255 0.0747096392880452 86800 317.081577870022 -10349178.7481278 18877.9106272366 702.32875181091
0.155101040519172 0.0454587821586875 86850 316.836621154274 -10349169.5349116 18863.3267746568 407.505638580781
0.154810640611934 0.0754497146543768 86900 316.343639526002 -10353997.8934037 18833.9763999617 -236.615750715736
0.154585282616912 0.0556968498523403 86950 315.572989680763 -10345659.6397184 18788.0946461208 356.963566544976
0.154379830785478 0.0305331879250958 87000 314.944232265005 -10340149.2156002 18750.6606634195 648.473628139723
0.154218615824128 0.00819212364081555 87050 314.152690252366 -10348101.6735372 18703.5350641568 -312.61909404501
0.154151806727143 0.0727941147692276 87100 314.160348935504 -10344320.1402934 18703.9910349412 93.8607857680391
0.154081435399925 -0.0389898556534918 87150 313.335735449843 -10349224.3824164 18654.8964776702 -558.425434945958
0.154011044097 -0.0446033898447908 87200 312.174179369524 -10349762.0927386 18585.7415553941 -730.777176855304
0.154040418004964 0.0848659771899399 87250 312.54526976064 -10341739.4610705 18607.8349588809 39.0134010250752
0.154031346797513 0.0820635092806936 87300 310.992820768731 -10339622.5731546 18515.4076614028 134.619441655288
0.153984584662691 -0.144549056729948 87350 310.601707721079 -10347222.9681103 18492.1221800819 -762.627368491567
0.153980893311201 -0.113401694972644 87400 309.912316542538 -10351972.5748357 18451.0782785625 -1353.499076947
0.154005750627911 0.0521980549592095 87450 309.634859984079 -10340588.8908094 18434.5595008122 -175.769864208035
0.153938491714191 0.0896893636961886 87500 309.000612609914 -10326119.9410564 18396.798665492 1475.41349040891
0.15392931096107 -0.0505152753848734 87550 308.422814924008 -10343747.3483972 18362.3986440576 -741.930718893421
0.153900923630095 0.163160653675444 87600 307.183265926092 -10332682.6935839 18288.600300559 638.235135177576
0.153810967683379 -0.146703022381116 87650 307.196343342208 -10341001.4060879 18289.3788834535 -435.548785957782
0.153775229830926 -0.0220265428229917 87700 307.261116675319 -10339562.6415942 18293.2352575819 -221.501545482035
0.153749865924282 0.0174263686502416 87750 305.761717124828 -10334760.9687204 18203.9663353732 84.8776789916283
0.153693693451382 0.097518329218802 87800 305.571668284256 -10328108.4715196 18192.6515026061 659.42064156642
0.153576649461728 -0.0352865671044364 87850 305.328509070058 -10339510.3947349 18178.1746668825 -475.259671643608
0.153505926432632 0.0786082595446935 87900 305.163201840492 -10333191.2035324 18168.3328617333 167.463271079716
0.153435710793772 0.0795460910922275 87950 304.100249241411 -10330492.4264892 18105.0484404142 368.335029783309
0.153312587384377 -0.137039216868115 88000 304.2324371589 -10342163.6021608 18112.9184393877 -1061.38918521136
0.153221517216697 -0.0821117548412304 88050 303.913679590427 -10333031.640674 18093.9407462345 1.24233177475102
0.153149616570351 -0.11379942139637 88100 303.709476704985 -10338262.2677271 18081.7832319219 -837.261847191976
0.15307350058893 -0.0504984496186211 88150 303.137904148163 -10330450.9755293 18047.7538325568 -73.9405392461332
0.153001888854531 -0.0254379053090195 88200 303.567331601512 -10327348.5629849 18073.3204174705 193.56552272523
0.152912395941533 0.0521299677065624 88250 303.760161570638 -10323279.9479949 18084.800828751 748.826814393827
0.152861408932211 0.142662119276936 88300 303.041239127133 -10315069.0783319 18041.9987406336 1471.19675949442
0.152756649929573 -0.151988007481128 88350 302.882045879897 -10336463.056187 18032.5209402708 -766.14397104068
0.1527255830508 -0.0401886486499144 88400 303.090302382703 -10328620.7479902 18044.9197925596 -197.109378011351
0.152696150787507 -0.00751530849499285 88450 302.855190420069 -10326638.3224124 18030.922061604 125.291095198611
0.152692860323326 0.0133231226731766 88500 303.651159968699 -10327950.6807018 18078.3112606296 -106.747938945506
0.152638533266247 0.0801499435928548 88550 302.613039657493 -10320154.3122628 18016.5052655071 749.809431183442
0.152604613909694 -0.125102998063917 88600 302.782938615262 -10337000.6219724 18026.6204458401 -1239.08605180624
0.152584880144084 0.0441125382033566 88650 302.845479106827 -10327404.2608389 18030.3438845157 -152.683832255474
0.152566201265943 0.163939909256058 88700 302.16719332064 -10314830.0435297 17989.9611586021 1173.56992332896
0.152550774020455 -0.0204427269157117 88750 302.081798856528 -10324755.265153 17984.8770755961 190.132827328162
0.152531298229063 -0.0359874752028833 88800 302.104400583942 -10332138.8051005 17986.2227021475 -832.816851122347
0.152507157217925 0.00250430598526139 88850 302.295815871716 -10327138.4554077 17997.6188883263 -146.59947516114
0.152489885565571 -0.0230274373502159 88900 302.257073319642 -10325707.328668 17995.3122944194 -259.852800931009
0.152446615528471 -0.0171667244918565 88950 302.317635462372 -10317726.3033166 17998.9179492339 556.159858988757
0.152414625981177 -0.093087754678024 89000 302.018011594909 -10327111.1061863 17981.079408661 -381.789753064425
0.152407613788073 0.0260925742037364 89050 302.023800226839 -10320702.4566305 17981.4240432404 154.693175789613
0.152343614551399 -0.0683219286676458 89100 301.815608644126 -10328850.2386793 17969.0290560633 -767.594804031863
0.152302082894663 -0.00117044185227048 89150 301.766214643977 -10319151.0687803 17966.0883127801 278.455611687454
0.15223826997536 -0.0281559730373713 89200 301.747743196877 -10321687.9307434 17964.9885884447 -29.684941072194
0.152203764947143 0.0174204374804971 89250 301.613158360664 -10321158.8242991 17956.9758854461 8.50054000035651
0.152199317038059 0.0602233020390943 89300 302.228731175965 -10320997.8307812 17993.6249038781 -75.0528117486067
0.152174784613169 0.106624374633505 89350 302.286812143503 -10323470.5244318 17997.0828383367 -172.585063511956
0.152111219533323 -0.160106855307594 89400 301.532303587271 -10330039.4190313 17952.1620794969 -987.383270948502
0.152071458733573 -0.0248831571996429 89450 301.828047743946 -10316272.9283547 17969.7696358733 334.212196928005
0.152050711976851 -0.0250635166239552 89500 301.789170864036 -10319522.5268263 17967.4550445642 -107.647237272229
0.152034027121739 0.136998664757604 89550 301.771291065677 -10312327.9817299 17966.3905448928 634.041509695535
0.151942907795863 -0.107383130995768 89600 302.469723253284 -10323985.126364 18007.9727159713 -694.201985845087
0.15192245426182 -0.131778533578652 89650 301.328644239925 -10328631.207024 17940.0369255116 -1210.98572480695
0.151919133614338 0.089495526621158 89700 301.570586240895 -10305017.7468704 17954.4412926841 1242.04456621259
0.151920828311165 -0.0287606150911258 89750 301.158643507034 -10326131.2880888 17929.9156858494 -863.675359993079
0.151884738176375 0.000827232067531614 89800 301.490911721772 -10316761.8350866 17949.6977548811 -9.89186162047259
0.151846332742557 -0.0838646098020539 89850 301.773817543473 -10310419.100146 17966.5409624048 583.326474519041
0.151806677595915 -0.0873255156121548 89900 301.528562378445 -10311166.7148951 17951.9393412151 362.735688931549
0.151785970223376 -0.0873793557959455 89950 301.669885064771 -10320615.7349945 17960.3531918715 -446.56164593018
0.151756202053098 0.060244665303943 90000 302.115845765114 -10315530.5324817 17986.9041075723 45.4766038237969
0.151738323660184 0.0611570809584457 90050 301.674025327745 -10312064.3695757 17960.5996884195 232.396082434903
0.151719764178272 0.0462675926202415 90100 301.847036531385 -10309587.4780081 17970.9001608145 545.080750197243
0.151773561393494 0.0771230571881937 90150 301.795537476871 -10307856.633171 17967.8340900733 850.219472005958
0.151744406019633 -0.0352615731109006 90200 301.429205010854 -10310969.5609487 17946.023956543 406.558747870107
0.151723316920505 -0.0846143032375888 90250 301.468677700218 -10313443.0565185 17948.3740202302 184.040959450902
0.151707348312033 -0.154241601517742 90300 301.794185376187 -10319884.171019 17967.7535908022 -581.814962602171
0.151677974635605 -0.0716604801444732 90350 301.614915998109 -10316661.7523679 17957.080528935 -324.745445787396
0.151666792775026 0.0923333150799993 90400 301.334191535125 -10312230.1316493 17940.3671917595 98.4898839507362
0.15165681476856 0.0447314774128489 90450 301.512607344332 -10317513.9196651 17950.9894351687 -320.59789701326
0.151612537941701 -0.0741676524430495 90500 301.482533030956 -10313986.2570075 17949.1989173975 -111.205832946146
0.151584343885576 -0.0290579192279826 90550 302.157383422159 -10310995.9169159 17989.3771120989 41.1555144190579
0.151508459709315 -0.0685101194648142 90600 301.888245691563 -10308953.0588717 17973.3536078047 318.131222915194
0.151492921623836 -0.0840941282595357 90650 301.662645343424 -10314086.0801445 17959.9221645835 -367.84072130421
0.151490161702242 0.0555238370589771 90700 301.237067075913 -10303552.9237752 17934.5847465193 778.462669959213
0.151517198989798 0.00411466575941588 90750 302.132124109765 -10318565.2582348 17987.8732623796 -846.412942639373
0.151456128739461 0.0182315799555097 90800 301.560830854416 -10309163.8060544 17953.8604916319 31.1072795465387
0.151419308923357 -0.159788714694859 90850 301.311958420816 -10323108.1596519 17939.0435111228 -1364.48837201006
0.151404802860456 0.193162648514583 90900 302.061018438538 -10298065.4678892 17983.6398833371 1217.49026337875
0.151371171476432 0.0702861664348805 90950 301.863881686109 -10312453.3933182 17971.9030614798 -303.694510192464
0.151397220433216 0.161274594821947 91000 300.977894844665 -10302659.4839821 17919.1545526511 672.890483473408
0.15133087357695 -0.0725013303809233 91050 302.012975324428 -10315024.89983 17980.7795670093 -859.390756218596
0.151322658454323 0.0300260480014393 91100 301.907872202784 -10304569.3981811 17974.5221005542 436.409143242462
0.151328246940219 0.13621145862902 91150 301.494993839066 -10301576.4136737 17949.9407896419 681.116330600883
0.151279984072141 -0.146690128102989 91200 302.039331612512 -10312494.741056 17982.3487267639 -668.489321712418
0.15126912738738 0.101568414222128 91250 301.717903108888 -10301512.1719399 17963.2120156209 735.875045559958
0.151260415340749 0.132166747252996 91300 301.346491161102 -10302800.4683815 17941.0994677924 480.094008483652
0.151209634760677 -0.0393799425456342 91350 301.235614866065 -10314086.1641855 17934.4982871043 -885.285265398867
0.151201677523503 0.020973005612049 91400 301.816482383971 -10311129.7809723 17969.0810754295 -393.588665466946
0.151182129543849 -0.0396270312778783 91450 301.411702317297 -10308049.0088641 17944.9819083517 -105.430655994588
0.151152488995504 0.0385578561895893 91500 301.825654703754 -10310490.21064 17969.6271627622 -454.588356641776
0.151161945510432 0.0751049831431732 91550 301.155208677148 -10303100.24022 17929.7111882812 341.898213794352
0.151125589197768 -0.0325398620904856 91600 302.061914938754 -10313091.161811 17983.6932577749 -778.080334204259
0.151095027850574 0.02550126876468 91650 301.790789637019 -10306772.5981447 17967.5514205565 -86.5924074084353
0.151070825352521 -0.0200814409847177 91700 301.988323967192 -10304814.0164411 17979.3119127802 -207.381534480587
0.151042499090695 -0.208605643907549 91750 301.683595795051 -10317519.2560368 17961.1694800412 -1347.64482614032
0.151030986456819 -0.0488952027375807 91800 301.760240528672 -10309092.566935 17965.7326351796 -408.675514808675
0.151040963618567 0.0157105782923154 91850 301.396904477634 -10304435.3451775 17944.1008975516 -71.6129682862092
0.151011778234255 -0.00545285630501745 91900 301.77190527066 -10303446.6906294 17966.4271124753 144.723375814372
0.151021082738912 0.00180230161040116 91950 301.782178637285 -10310047.8290891 17967.0387522252 -756.773275511262
0.151011342830307 0.0180826704124676 92000 301.635564667023 -10298839.8300916 17958.3098773222 419.347658432157
0.15094696951423 -0.060000746170734 92050 301.450885754277 -10309362.8289771 17947.3147509796 -698.380263361862
0.150963947852084 0.0335131278521189 92100 301.805908973401 -10304238.1301013 17968.4515721291 -122.199393798648
0.150937804798606 0.126679051283416 92150 301.807027483944 -10297996.5178877 17968.518164273 641.676696545843
0.150924818514452 0.103952419857231 92200 302.151622550797 -10292131.7911343 17989.0341302851 1226.48736241437
0.150888871040344 -0.056082548757213 92250 302.099603397745 -10301227.4589781 17985.9370947247 165.791306631669
0.150907450886386 0.123693636345975 92300 301.557671705682 -10297474.8804921 17953.67240714 505.148908909542
0.150848757982972 -0.193513399890834 92350 301.685132888695 -10309845.7525322 17961.2609931358 -775.55387585262
0.150852046961466 0.0183092561272932 92400 301.454481302714 -10301981.2360572 17947.5288171594 107.472969333383
0.15081262946151 0.0215832705858226 92450 301.784809064299 -10291153.9673401 17967.1953585044 1129.11961363559
0.150827327246311 -0.0700635664524997 92500 301.160334344804 -10307913.1736768 17930.0163523231 -703.138545162295
0.150832600749905 0.0549761091485395 92550 301.387106786268 -10302814.364136 17943.5175778167 -121.192318482795
0.150810759261465 0.145889810522917 92600 301.249424610484 -10299777.433466 17935.3204702241 185.506107840169
0.150783334286325 -0.130149883598676 92650 301.634611723057 -10301350.7342292 17958.253142424 -104.512293898734
0.150786084218016 -0.000416391154186809 92700 301.818997596882 -10299813.0888041 17969.2308222702 73.0222270909492
0.15074260397048 -0.0723731836978745 92750 301.910443243061 -10303916.4755239 17974.675171158 -431.169663059242
0.150756603232633 -0.0386492706651892 92800 301.141997730088 -10307856.3009446 17928.9246554287 -857.917572968724
0.150738207806006 0.0524920582174577 92850 301.422894888746 -10298249.6051892 17945.6482742912 88.2814787178144
0.150728079609797 -0.152345535403547 92900 301.589538619782 -10309950.3272608 17955.5696499895 -1094.6229904075
0.150724345779218 0.00961498951062882 92950 301.792986750898 -10301647.2230835 17967.682228911 -56.9722451218698
0.150689605142524 -0.0384587960633653 93000 300.877509669762 -10300373.6728027 17913.1779759832 112.45730424837
0.150663532929321 -0.115378552915639 93050 301.67340626957 -10304903.9788648 17960.5628318951 -668.90501920201
0.150700205182446 0.0713552826029289 93100 301.346785002099 -10289806.6629798 17941.1169620414 995.488115894223
0.150661910727238 -0.0104279764356225 93150 301.556182395172 -10294462.8918157 17953.5837388834 576.93984109363
0.150676978700331 0.0120814208506867 93200 301.333518688938 -10300067.4099644 17940.327132888 -119.930593143059
0.150663708898038 0.0396095847709971 93250 301.509987953971 -10292187.4999057 17950.8334859727 731.75059699764
0.150657361025979 0.0469614316652992 93300 301.580453258104 -10293413.5487957 17955.0287398335 528.526769330723
0.150629647430195 -0.102977924969411 93350 301.816037067817 -10307988.3261849 17969.0545628878 -1093.30397511995
0.150616752768411 0.0415148809283859 93400 301.683554914759 -10294105.706479 17961.1670461738 482.01766477663
0.150582888533766 -0.0583281561405809 93450 300.850906639794 -10291554.1246198 17911.5941260935 723.535913071124
0.150573532805073 -0.00771299152832097 93500 301.56354146712 -10296622.2212404 17954.0218718821 188.062998842515
0.150550466171378 -0.0422874867893329 93550 301.117247562178 -10297399.8443869 17927.4511183632 -14.3305448553687
0.150559627906374 0.173349503122029 93600 301.386805955972 -10283884.3034966 17943.4996674496 1382.35026651307
0.150519077085943 0.0155530701975512 93650 302.211401610116 -10298887.0300087 17992.5931630955 -188.879121210657
0.150503792522419 0.0344209335354191 93700 301.952586018909 -10294662.1812789 17977.1842023083 173.122241619744
0.150479978315657 0.0801782175232705 93750 301.365544779213 -10287893.0244993 17942.2338525215 830.876193512954
0.150481070174503 -0.0918306010563511 93800 301.480175402873 -10303262.8808679 17949.0585525976 -853.652561491653
0.150436787697919 0.00601337143210998 93850 301.849113445899 -10301346.1746165 17971.0238129259 -715.702900657664
0.150455982493774 0.176928636790609 93900 301.326842417987 -10282345.009294 17939.9296514348 1318.3788154077
0.150404561256433 -0.110250515825764 93950 301.806559494325 -10298988.1433482 17968.4903018337 -352.82672300106
0.150402010171263 -0.0726057157247218 94000 301.266451468731 -10301439.3614967 17936.3341888715 -638.31905459495
0.15039449650493 -0.0427370417617218 94050 301.445800275367 -10291149.3816809 17947.0119796329 321.120230715989
0.150387922403892 -0.121649751690345 94100 301.352169546392 -10297862.4751985 17941.4375386785 -296.270543397342
0.150359366599909 -0.0304777133237838 94150 301.736471563548 -10291293.0609372 17964.3175154419 248.771973444642
0.150333443712441 -0.0573340445884659 94200 301.378347641531 -10293808.1928779 17942.9960894583 -19.3555341097224
0.150343655372026 -0.0503868284863223 94250 301.328814157187 -10298718.8355622 17940.0470417817 -607.494271497314
0.150355309579535 -0.0689989681331403 94300 301.60882780702 -10302927.2503258 17956.7180596676 -1038.31060977329
0.150343222400658 -0.0147830193191779 94350 301.551265908013 -10290980.2166372 17953.2910287051 247.808449281314
0.150330489393825 0.0469342238272406 94400 300.711904394578 -10290126.4037276 17903.3184262568 354.32990543211
0.150345128626204 -0.0528373073206172 94450 300.819706416731 -10299164.4743175 17909.7365756596 -649.350862282536
0.150332984393744 0.0964420191559163 94500 301.085401207757 -10283532.4900054 17925.5550995638 1100.0693878326
0.150313770049973 -0.175437453800538 94550 301.345268735825 -10303198.7068933 17941.0266889344 -1055.27209483695
0.150328959990928 -0.00512373878731836 94600 301.522513302525 -10292541.8780163 17951.5792007259 94.3064884233081
0.150289678015699 -0.0922400020721241 94650 302.238570623174 -10299583.9956301 17994.2107096076 -648.009071307105
0.150343575567237 -0.00842579380023453 94700 301.842873878233 -10291974.0200052 17970.6523312348 141.388514944943
0.150306734362187 0.127352798798567 94750 300.891245173019 -10287355.4071695 17913.995739048 525.326537414859
0.150293232356175 -0.06683361786707 94800 301.671114372412 -10301327.9774477 17960.426380481 -925.587231798135
0.150287281269595 0.0197003710564028 94850 301.139802885944 -10290030.5705155 17928.7939822062 153.623200983347
0.150264744519398 -0.178726620970561 94900 301.496099916539 -10303274.6111066 17950.006641565 -1227.86316958908
0.150270582929526 0.0939058437727817 94950 301.668937654216 -10284938.4868389 17960.2967864129 635.203635763282
0.150260583179093 0.0802059472864072 95000 301.475740914017 -10289360.0663399 17948.7945388858 150.813128462448
0.150282782175676 0.0844678273016967 95050 301.506884135389 -10296894.7825804 17950.6486956415 -448.589764782935
0.150251664215582 -0.131056423264733 95100 300.940193796508 -10291733.0013571 17916.9099661872 20.8170122585446
0.150252277139057 0.0197862494690866 95150 301.331055364231 -10290129.1859384 17940.1804752866 120.120743600018
0.150264424711863 0.131686559161348 95200 301.448555913109 -10285177.9464757 17947.1760405139 644.6272135169
0.150252311987338 -0.0240914985728334 95250 301.377103676235 -10295814.3331582 17942.9220281841 -563.836038000537
0.150205676733237 -0.0304538718723493 95300 301.131145304422 -10284642.7287723 17928.2785405608 718.06835554816
0.150214374712509 0.0868491936630899 95350 301.365975780546 -10285613.5293802 17942.2595128096 514.445987332371
0.150201856535892 -0.054244625976402 95400 301.615439248963 -10292060.07201 17957.1116814319 -308.167224286086
0.150179703021798 -0.11983562286525 95450 301.985310009968 -10294138.2814791 17979.132472475 -554.121511815624
0.150202976830443 0.00960655798503891 95500 301.401886634399 -10285378.9727187 17944.3975174649 377.201931574015
0.150181944053353 -0.174636190705608 95550 301.705548536495 -10306281.0397997 17962.4764682736 -1675.54264419055
0.150174593129242 -0.0274866032498395 95600 301.244096605862 -10292829.4579868 17935.0032597581 -339.281611657927
0.150164154569884 -0.0162646848284078 95650 301.485504748547 -10292014.6686667 17949.3758429051 -321.429581964627
0.150138027023157 -0.0928787895166433 95700 301.675188509828 -10296425.6028121 17960.6689401482 -647.528599843572
0.150110824356615 -0.143568660734531 95750 301.20064314173 -10293780.9796711 17932.416194884 -558.178183684432
0.150110930742999 -0.0753500925494719 95800 301.123077783127 -10292005.7911727 17927.798229005 -296.250112880323
0.150089265945754 -0.0893734818094958 95850 301.877175067611 -10292073.3489253 17972.694502186 -370.725984754721
0.150102227977409 -0.0955455432880425 95900 301.323065262366 -10296661.6903821 17939.7047730086 -742.97916954108
0.150063637860005 -0.122513830888265 95950 301.202964817329 -10290778.8662194 17932.5544192008 -211.586817918188
0.150041173526641 0.0498735591888364 96000 301.31043627929 -10283300.2382195 17938.9528882242 664.323335925049
0.15007853930122 -0.0286204996837695 96050 301.670449660764 -10292712.8734603 17960.386805911 -445.209839399869
0.150101492865409 0.0336708776976948 96100 301.083280337297 -10286926.630468 17925.4288304716 362.245961836463
0.150068445128923 -0.159426986641366 96150 301.396957485156 -10291826.5906833 17944.1040534311 -370.189020179679
0.150082193776742 0.0769333368810706 96200 301.104556170197 -10290681.4357014 17926.6955179742 -238.515704474315
0.150098731514278 0.0314301302416979 96250 301.47110035847 -10288457.3670483 17948.5182566954 -82.3328489641384
0.150067508055704 -0.0108030159677979 96300 301.227046799378 -10290494.5842277 17933.9881748541 -174.416182112958
0.150030166814738 -0.0272426912241383 96350 301.331176107274 -10295126.3348516 17940.1876638984 -656.892023292116
0.150002802731443 -0.0265064290853367 96400 301.068822000254 -10289976.2749233 17924.5680324513 -435.24689149213
0.149979257683114 -0.0648686140588438 96450 301.789128405761 -10291328.8870465 17967.4525167494 -379.372683080847
0.149948749152037 0.0752485267195412 96500 301.430381204425 -10283251.5254007 17946.0939829295 428.984249119036
0.149968961819482 -0.0473109088772143 96550 301.343926942355 -10290284.2648081 17940.9468033183 -423.482375853077
0.149970390255311 0.0559921412604627 96600 301.269026319542 -10286122.4347027 17936.487486341 158.105017417951
0.149955333319074 -0.0212102527355492 96650 301.423801922035 -10288270.8699963 17945.7022758307 -234.761531867538
0.149919420144596 -0.025637394606277 96700 301.471491737726 -10293055.0296852 17948.5415580258 -786.453786289504
0.149909107323721 -0.050964271546278 96750 301.299245096209 -10289984.2987165 17938.2866049432 -348.105396415011
0.14989048249539 -0.159759137235386 96800 301.525110240756 -10294971.5580195 17951.7338132018 -962.466366077923
0.149913878991616 0.165150103739315 96850 301.58590302638 -10281947.168842 17955.3531996749 538.206254841015
0.149906873243034 0.0223846199569464 96900 301.422390095864 -10287743.5124138 17945.6182207164 -60.2242913971698
0.149877041616738 -0.00543351468564055 96950 300.815686397211 -10285665.7875568 17909.4972379796 52.786155557612
0.149885715532254 0.0188958380837082 97000 301.303219805787 -10284876.0185648 17938.5232450303 147.150822197925
0.149859040589014 -0.0590453542909747 97050 301.294055660645 -10287867.0029722 17937.9776443867 -192.260600362847
0.149879278261583 -0.118330287140818 97100 301.37220415758 -10292589.2638501 17942.6303282502 -601.669724379544
0.149870686572495 -0.008373642253887 97150 301.51476719585 -10284483.7556838 17951.1180250546 94.0712953889214
0.149875852830871 -0.0190597771180974 97200 301.249796829359 -10289764.5229308 17935.3426308135 -544.599011758396
0.14985232553291 -0.0333752454105845 97250 301.402711606091 -10287415.0427642 17944.4466333485 -280.594118191869
0.149829091663182 0.0723569061349386 97300 301.481029207341 -10275033.5304213 17949.1093850822 1182.27817641979
0.149791164326842 -0.156323995481461 97350 301.161992893738 -10285918.1186912 17930.1150964342 -115.502404731753
0.14979454085315 -0.129358786642263 97400 301.367840363825 -10288728.865969 17942.3705234736 -493.823898107163
0.149787522807366 -0.0546318331556451 97450 301.531294857557 -10282121.5476715 17952.1020233136 283.252018226317
0.149785754643599 -0.198967558659942 97500 301.498003650786 -10293086.946968 17950.1199831386 -937.171005327711
0.149814938247233 0.00776241013963104 97550 301.240805234632 -10288839.5066879 17934.8073032086 -474.400174560916
0.149832679697194 -0.00452397461924268 97600 301.09038137482 -10289049.1172564 17925.8516010173 -571.319199735484
0.149804522811714 -0.0989571900980286 97650 301.259498938379 -10288936.4937575 17935.9202599152 -517.528417652533
0.149792706893249 -0.0525911705777391 97700 301.036525805474 -10289133.0690752 17922.6452317551 -488.499912316156
0.149849075841037 0.267373594052486 97750 301.227405498611 -10269670.7832201 17934.0095305321 1673.87183761376
0.149808219731166 0.0485989363012603 97800 301.790042894078 -10282301.8155036 17967.5069621348 223.058391177647
0.149793389606369 0.0427165326757802 97850 302.017312884181 -10281639.9143613 17981.0378099066 301.343872936516
0.149800069220483 -0.111100901373592 97900 301.986750982293 -10285752.0654171 17979.2182628478 -103.296441085322
0.149754369568644 -0.00766108774545158 97950 301.115965361542 -10281373.6367387 17927.3747806926 285.051189042161
0.149771041924572 0.0372164997042246 98000 301.861404356582 -10279389.1749907 17971.7555700811 535.35228999714
0.149734875201086 -0.0171291722358554 98050 301.264949215193 -10286201.8601931 17936.2447500331 -312.636116998541
0.149754741732951 0.0896052188085086 98100 301.755617520665 -10275815.1058362 17965.4573977073 718.406397737206
0.149736356438334 -0.165216897551164 98150 301.384197207815 -10293951.8724535 17943.3443518526 -1422.60654776014
0.149770828485557 0.205116400481113 98200 301.892349024738 -10270295.5316345 17973.5979056837 1394.77904324348
0.149768905803712 0.123356708853625 98250 301.331056683966 -10279368.8765807 17940.1805538589 295.263173117164
0.149735805185624 -0.133955458454595 98300 301.175141369471 -10290872.2082588 17930.8979099657 -782.826281852383
0.149724010333599 0.0176296504715229 98350 301.274346171828 -10280414.3488385 17936.8042114459 208.602540704132
0.1496945377928 -0.0845212084832774 98400 301.635701365373 -10284431.2297797 17958.3180158562 -167.384267273867
0.149704138005493 -0.0733200516522716 98450 301.324601870959 -10281144.8513507 17939.796257225 -43.1280005190753
0.149695092458573 -0.0658868435303335 98500 301.284909866832 -10279222.9442569 17937.433136316 271.145895454567
0.149698487524971 -0.114072706277163 98550 301.460380211099 -10289475.4715637 17947.8800172072 -724.769256117721
0.149684196646652 -0.00758437345363592 98600 301.235085251767 -10287707.3311353 17934.4667557506 -568.934478224561
0.149709995716828 0.0832959260191344 98650 301.751453142744 -10276588.0373061 17965.209465441 530.168437735592
0.149708207116069 0.158720105360802 98700 301.770921382249 -10277521.38795 17966.3685352549 421.968510988621
0.149694736211863 -0.00216858226246066 98750 301.949338535048 -10280732.41088 17976.9908586568 229.003104364133
0.149712487541701 0.0183266892425586 98800 301.879054762114 -10279707.5452547 17972.8064125186 159.460147633493
0.149711428410405 0.012524268316373 98850 301.676151550699 -10284326.6456946 17960.7262761802 -269.279228227309
0.149686384629123 -0.0782701995704863 98900 301.776138666531 -10292042.7950701 17966.6791538252 -1174.46427752206
0.149649174962282 -0.00944798440323421 98950 301.78432234594 -10284379.851526 17967.1663810225 -393.205419792318
0.149630891996022 -0.13832715497949 99000 301.787963048371 -10285927.9705112 17967.3831355106 -506.266974406697
0.14969471620487 0.119180686322381 99050 301.63675419736 -10279752.5002616 17958.3806977323 160.244235699566
0.149681997863683 0.0700795871300016 99100 301.766283715361 -10280137.5525531 17966.092425045 84.8894664736141
0.14965996691603 -0.00336137995561215 99150 301.557640871433 -10280390.7138392 17953.6705713783 10.8055338401745
0.149627942471411 -0.107572268761659 99200 301.064178624017 -10283224.6951538 17924.291582327 -367.828980886592
0.149667806714566 0.0337299465817721 99250 301.193890994874 -10282770.6274633 17932.0141960491 -149.439744505517
0.149622252055453 0.0570117183339805 99300 301.57750556443 -10279803.5717385 17954.8532446246 -66.3627603535611
0.149609906495388 -0.0183287176050045 99350 301.348565438742 -10279230.5062422 17941.2229629136 101.454816142282
0.149664603732243 0.12411594486376 99400 301.771836307345 -10273482.899351 17966.4230066446 694.437820136216
0.149617694914153 -0.0926210877631068 99450 301.175379682979 -10278363.7099303 17930.9120983053 101.33405425195
0.1496236404144 0.0331611045653463 99500 301.404091276229 -10279956.7139461 17944.5287740069 36.0963400516875
0.149614881616852 0.00205382797413266 99550 301.332398922227 -10284058.5533522 17940.2604659563 -545.952169668743
0.149606660016084 0.0175462694923198 99600 301.944516743257 -10281731.4898157 17976.7037863042 -135.50430279874
0.149584913642735 -0.0634344173727079 99650 301.18554562366 -10281376.4835163 17931.5173422962 -325.820561729138
0.149621141816633 0.122515656378372 99700 301.92492735014 -10268488.3016171 17975.5375034348 1287.81495523694
0.149581731784618 -0.043629976046662 99750 301.09645172902 -10278753.3402126 17926.2130083398 -94.9271914823817
0.149545305277685 -0.0546784351676321 99800 301.29907175335 -10278252.6051291 17938.2762847253 -6.40739691838755
0.149565630421563 0.127293858452678 99850 301.430134392347 -10281185.8605628 17946.0792886152 -270.27200272377
0.149536678492383 -0.0708308927835131 99900 301.328424279667 -10280828.714925 17940.0238298593 -268.723065836818
0.149534347091006 0.0382781992836007 99950 301.635811640561 -10273596.5844905 17958.3245812492 494.10769174424
0.149536937139006 0.0287944770513934 100000 301.267741692344 -10278544.7223254 17936.4110042016 -2.01154486173434
0.14953488574942 0.0699576054649379 100050 301.715544258556 -10277772.1523483 17963.0715780526 -27.9959614115872
0.149562201997138 0.11362431473248 100100 301.435549457519 -10272993.1453777 17946.4016823571 567.007007847912
0.149562423022556 0.0404624632573517 100150 300.959938289965 -10275102.6225229 17918.0854831798 451.604219647896
0.14957513605043 0.0608833920810059 100200 301.715962763275 -10269107.4740019 17963.0964943367 1063.72619612541
0.149572849947766 0.0390883886418427 100250 301.363241769744 -10283779.0488476 17942.0967395198 -465.578149369623
0.149549776558293 -0.0402462353453928 100300 301.430954141503 -10277359.5835138 17946.1280935676 95.9940601752178
0.149548478210957 -0.0347955212137236 100350 301.315808310562 -10280821.9401899 17939.2727198805 -316.217865135758
0.149534427401824 0.0697442063226135 100400 300.740588824031 -10278573.1491365 17905.0261952772 4.728725771366
0.149537372290499 -0.0646290845009548 100450 301.665311491719 -10285442.492386 17960.0808975808 -848.281290355481
0.14953801956258 0.0193625721489949 100500 301.585461474121 -10278224.1695151 17955.3269112221 44.3896096469668
0.149538077707849 -0.0513161687738559 100550 301.762126797095 -10283229.5538246 17965.8449369 -649.657653726345
0.149538427877192 0.0215005954388785 100600 301.926299932611 -10269524.8419706 17975.6192221186 941.651855320144
0.149495858310597 -0.116203043893056 100650 300.83461414156 -10280108.7203099 17910.6241286321 -410.929264216514
0.14953440550325 -0.0138442136264877 100700 301.371101291428 -10276411.9883348 17942.5646675178 48.5201643396002
0.149520176798068 -0.0367260731374398 100750 301.592289674878 -10279232.9475261 17955.7334380361 -283.276284275347
0.149521426542134 0.0599798553368256 100800 301.674293028774 -10273727.0568306 17960.6156263877 363.626527521662
0.149524548943824 0.0106653489437388 100850 301.648820615487 -10277252.8551085 17959.0990893983 -90.4569840914781
0.14950215335804 0.0568717572582413 100900 301.281031135244 -10280379.5731404 17937.2022104175 -338.355982389749
0.149453230705218 -0.085791489635888 100950 301.631065992499 -10284972.2484362 17958.0420422237 -905.85041781505
0.149460431612168 0.0496590849069065 101000 301.623115449396 -10274592.1739384 17957.5686951339 179.462276935056
0.149450293944227 -0.0781087883297467 101050 301.558036688708 -10284305.6318801 17953.6941369326 -802.826655905749
0.149425360412351 -0.0687144937418049 101100 301.460372624581 -10274804.9482004 17947.8795655329 188.334539545383
0.149443104486587 -0.11975847989275 101150 301.311108941989 -10289250.0445339 17938.9929361714 -1351.57888761342
0.14946405524191 0.0727085788316439 101200 301.214462557529 -10281572.0336039 17933.2389538034 -513.558091413842
0.149436547927128 0.0421151097095784 101250 301.31849226158 -10272263.7633519 17939.4325127886 448.022734161438
0.149419244953275 0.00118558445984755 101300 301.16314424724 -10277686.0525441 17930.1836439312 -97.8989910239395
0.149399551285503 -0.11407478623442 101350 301.388009096296 -10273066.7118017 17943.57129815 306.603415826788
0.149377704599744 -0.233105581136562 101400 301.168780904043 -10288638.1507077 17930.5192304515 -1477.82983892648
0.149424317163353 0.16472159422524 101450 301.539556576712 -10268366.5181786 17952.59389672 841.011357999841
0.149402569967997 0.139942910387359 101500 301.79536672222 -10269291.2323851 17967.823923948 687.885755947796
0.149381486470755 -0.0433036408764564 101550 301.848638322483 -10277205.0643511 17970.9955257657 -325.147837008964
0.14940013235825 -0.0896992193250148 101600 301.319407126976 -10278914.8601174 17939.486980624 -283.029820011604
0.149416344398275 0.0224277375398978 101650 301.000593535272 -10271178.2984637 17920.5059520466 439.263926838001
0.149392897532436 -0.0807870269569359 101700 301.293035074344 -10280111.7278705 17937.9168823042 -522.519850796213
0.149396908604937 -0.00226853743573496 101750 301.65625585148 -10273249.1551848 17959.5417569336 103.12373160465
0.149418690904858 0.058557090522196 101800 301.880918643733 -10271549.5718609 17972.9173814083 558.484137283926
0.149390753193966 0.0540574585742397 101850 301.176204601075 -10268021.9268426 17930.961210998 633.644051512282
0.149405736324222 -0.016490225762623 101900 301.84979845242 -10271566.0901453 17971.0645957805 401.228999309156
0.149408255136984 -0.0610661944504201 101950 301.617619634907 -10285279.6323597 17957.2414938646 -990.177961379767
0.14939149797656 0.0848546613656566 102000 301.436704643 -10270365.7738101 17946.4704579965 567.207856591308
0.149350133802286 0.0524070530447785 102050 301.450338631345 -10272176.6343598 17947.2821772241 400.558615047274
0.149398572559817 -0.0412200753963426 102100 301.782010999609 -10284900.9808146 17967.0287716736 -1027.08474614035
0.149388746422484 0.0294402585211134 102150 301.630687318389 -10266839.7834344 17958.0194973126 677.669060736935
0.149373804672291 -0.105524535910512 102200 301.769000339431 -10274517.4672341 17966.2541631905 -76.4808751387251
0.149405424189982 0.091309677703542 102250 301.790833956277 -10270172.9517897 17967.5540591677 529.261698249913
0.149425470753294 -0.102850277424043 102300 301.500139027172 -10284915.5379969 17950.2471158621 -1063.02669261852
0.149400320211473 0.00559763593104013 102350 301.905461209402 -10273910.4946261 17974.378558574 -2.89469146716349
0.149402689987706 0.0824281701348901 102400 301.687967982003 -10263036.8344531 17961.4297845189 1261.0525138497
0.149344955491506 -0.0863396091379058 102450 301.671379244288 -10278085.2349743 17960.4421500114 -483.077935850482
0.149345934105729 -0.131675478050145 102500 302.095730784761 -10283064.440094 17985.7065331061 -1124.9566645472
0.149358091626513 -0.0491706344389837 102550 301.772988226942 -10276665.7275107 17966.4915878449 -367.875357440131
0.149343680255475 0.0709309261434072 102600 301.832327636088 -10267625.3002099 17970.024445446 576.930287801473
0.149346420329597 -0.0428473123597761 102650 301.809750874175 -10271030.031849 17968.6803052518 281.713632515681
0.149317223174454 -0.173595648559561 102700 301.605889993635 -10286519.3758209 17956.543152696 -1348.35085553148
0.149316171004768 0.129836750052096 102750 301.518251087308 -10265126.2460772 17951.3254435746 807.928358280049
0.149297652429132 -0.082062582260286 102800 301.522933238478 -10276337.0486956 17951.6042022206 -404.205766527952
0.149319496336474 0.0781701719126723 102850 302.204970362813 -10269942.4330667 17992.2102694798 402.435560715284
0.149302053654005 0.0905838988847871 102900 301.967617880087 -10277753.6883862 17978.079145918 -464.316365595501
0.149310954353152 -0.0014492551577821 102950 302.249449418879 -10269770.8343594 17994.8583944539 300.252757706331
0.149314257154604 -0.132955897450812 103000 301.960381540286 -10281196.9026711 17977.6483199553 -902.075178093794
0.149263986716671 0.0149379826713541 103050 301.430435744432 -10275549.8248523 17946.0972300478 -410.313186729668
0.149284200054037 0.192660976847286 103100 301.580671499821 -10256320.8775587 17955.0417331699 1876.16000782814
0.14930473038885 0.0282409572212281 103150 301.998755270294 -10275746.9077319 17979.9329555068 -438.566445071911
0.149289175439761 0.0657260159057504 103200 301.729252462502 -10266967.6099359 17963.8877158134 486.662687387651
0.149299515556361 0.137476448319108 103250 301.765389051935 -10273373.92635 17966.0391599631 -89.9772693596294
0.149301069265225 0.0486618546103799 103300 301.555441829947 -10272766.7397659 17953.5396482609 -112.184341056201
0.149302510366126 -0.105484242042142 103350 302.144640177038 -10285334.301775 17988.6184245583 -1403.36857919698
0.149284298418807 0.0130296413312351 103400 301.627174455359 -10274616.6686796 17957.8103539282 -243.069077397295
0.149260746715198 -0.0883666569847728 103450 301.253054352723 -10275330.9127805 17935.5365721814 -289.610222052449
0.149260767511179 -0.173501398646588 103500 301.715845049049 -10277506.6223043 17963.0894860499 -400.988488118538
0.149277940891597 0.0919846362825057 103550 301.57265425861 -10266709.5231151 17954.5644151117 525.442669155353
0.149281210640017 0.0472497808826797 103600 301.931363232775 -10268601.6619882 17975.9206730216 389.517982332457
0.149296439877565 0.0406293372784888 103650 301.464085483921 -10273747.4679208 17948.100615987 -63.0042300661764
0.149250739604033 -0.185958063566262 103700 301.64333528021 -10279392.1565758 17958.772512024 -841.86229317095
0.149254052438596 -0.0312369080913142 103750 301.798660897134 -10273410.3903019 17968.0200474189 -261.890881989656
0.149220786219815 0.00290922325214471 103800 301.635795468664 -10268011.5848202 17958.3236184318 404.126414555589
0.149230150457792 0.0102788721320869 103850 301.847891697631 -10269210.9520409 17970.9510743746 211.84525338676
0.149251432894861 0.0997401191172939 103900 301.584498918225 -10269286.4953065 17955.2696040638 291.51468429414
0.149240992742316 0.0390626489449777 103950 301.91696871385 -10269466.2175596 17975.0636745053 324.505067676487
0.149241603999971 -0.00942227891850876 104000 301.85387882764 -10277317.6174561 17971.3075268244 -579.81995592613
0.149209757739311 0.0693601340662208 104050 301.93041611488 -10269343.1972317 17975.864284987 208.394946587942
0.149181497065142 -0.0395082220324874 104100 301.965696607484 -10270106.8397655 17977.9647601731 58.0963542604732
0.149186268568824 0.0221837434200983 104150 301.801363980441 -10266535.4422084 17968.1809793956 386.690885706867
0.149188023755653 -0.00102871727393663 104200 301.584836083711 -10271883.353294 17955.2896776989 -24.5595718754679
0.149191856581492 -0.0613839991359937 104250 301.54122253453 -10273008.1855266 17952.6930819298 -272.914141236845
0.149151379525139 -0.0839067662132954 104300 301.237261609478 -10273276.4837406 17934.5963283566 -404.979338535783
0.149149889350695 0.0514619101940103 104350 301.350733869593 -10269622.3364477 17941.3520635826 -36.5309165312573
0.149146296371715 0.0581606728392601 104400 301.570384792656 -10272006.8150929 17954.4292991717 -232.393009137702
0.149161644611141 0.0224498008330429 104450 301.689040047028 -10274433.1534273 17961.4936114617 -454.465635199523
0.149181176158568 0.189546726658848 104500 301.717554886139 -10260128.0927339 17963.1912836756 1091.63196244192
0.149166175175259 0.112878692949895 104550 301.783415412601 -10269053.4164415 17967.1123854336 -11.4276217986888
0.149153122991323 -0.0575528489388127 104600 301.599541120176 -10275367.0296195 17956.1651633264 -531.344741247272
0.14915874933877 0.00268012776474456 104650 301.770031323581 -10265382.7483235 17966.315544324 584.303993125549
0.149138653228001 -0.0620138362631944 104700 301.763786715061 -10275704.0849866 17965.9437625184 -633.115602865839
0.149134656692061 -0.0423045532195741 104750 301.807532468421 -10273931.5602423 17968.5482292546 -360.763455562001
0.149148921788938 -0.0084630013989944 104800 301.326147683534 -10276018.9182004 17939.8882894138 -516.027724404629
0.149136643529944 -0.0606659549365528 104850 301.373612454889 -10278092.7873566 17942.7141732687 -858.316866636935
0.14914604368241 0.106702697743349 104900 301.548879789034 -10265713.2402528 17953.1489676584 418.946616169213
0.149117841054287 -0.0349455383445488 104950 301.763085502811 -10278008.3133423 17965.9020148323 -902.442116463734
0.149117026342904 -0.0142370694660909 105000 301.597053246205 -10269793.0402601 17956.017044149 -111.126753289089
0.149161063139115 0.157595234858648 105050 301.736825993259 -10258133.3522902 17964.3386169277 1263.52702458001
0.149104763526637 -0.0156084619562754 105100 301.676667173782 -10272528.6738387 17960.7569745466 -452.350480283047
0.149109910908843 -0.0222011456256274 105150 301.464951785629 -10270784.0985342 17948.1521925129 -57.6461395029382
0.14910732558955 0.0165587406194466 105200 301.863125108726 -10266734.9338213 17971.8580175503 273.277209951224
0.149060628378079 -0.218661857627748 105250 301.592612491866 -10277188.1838268 17955.7526574126 -913.154820751027
0.149100713456691 -0.0291380359136499 105300 301.515720076448 -10278196.7152472 17951.17475618 -1008.3264592245
0.149080886558011 0.0677752018890473 105350 301.629963852791 -10269553.0527818 17957.9764247412 -73.3954449756506
0.149081083549154 0.0669084696473953 105400 302.089985912276 -10264434.1688258 17985.3645038086 354.54556354734
0.149053386738549 -0.098501191081641 105450 301.836976066532 -10272602.5368674 17970.3011964798 -526.99937127775
0.149048517350004 0.10203126447525 105500 301.853360927339 -10260169.2466002 17971.2766928805 986.413992877248
0.149022259609113 -0.285332835549369 105550 301.862326692068 -10288888.8408939 17971.8104826591 -2275.26517815431
0.149037984380845 -0.0235221161961708 105600 301.709234533991 -10275839.5316227 17962.695919469 -594.163767258452
0.149042628725566 0.00230353688192435 105650 301.579387523139 -10270455.9535518 17954.96528976 -165.220040296634
0.149008703194096 -0.0800375210945495 105700 302.008830112795 -10270832.3848337 17980.5327758357 -339.571253630407
0.149002270833232 -0.053803642416421 105750 301.676467082399 -10271026.2592718 17960.7450618166 -315.030752840365
0.14901534184326 0.0312818783698963 105800 302.101360779844 -10274935.1438872 17986.0417230112 -732.708636084875
0.149005206911402 0.00507623960469933 105850 302.229490480015 -10280958.4058924 17993.6701101435 -1347.12125998817
0.149012215470872 0.0621899065170654 105900 301.357442667904 -10265883.4483226 17941.7514815991 233.769634874833
0.148993417993704 -0.0135565054827702 105950 301.87909393078 -10272379.1728964 17972.8087444818 -512.136871150251
0.148991494129172 -0.0319036929938295 106000 301.739940766538 -10271141.3725281 17964.5240594626 -236.911037779299
0.148975125466016 -0.0668322175726222 106050 301.586265183553 -10269304.2610555 17955.3747612263 -143.00040004109
0.149003070285046 -0.00357063628766066 106100 302.22630435797 -10268819.6449835 17993.4804197566 -224.167828581147
0.149017219430308 -0.0403039107696255 106150 301.916544521271 -10267987.907182 17975.0384195862 -158.601243868699
0.149001807850396 -0.0840283785793348 106200 302.067368094856 -10269729.0389467 17984.0179193154 -147.571694112995
0.149007370000211 0.0791280842627784 106250 301.992861287989 -10267980.5633024 17979.5820487404 -61.1237265653181
0.149020924325054 0.0800168132886512 106300 302.257267457563 -10264078.5421777 17995.3238527014 390.646757803425
0.148954872711709 -0.0818525147140097 106350 301.852240360992 -10269090.0160683 17971.2099783413 -253.426254446987
0.148995435786243 -0.000260933387027045 106400 301.505235177914 -10258579.0252697 17950.5505225718 935.599694859365
0.148991782731564 -0.0833995615140291 106450 302.16742322937 -10266317.8105369 17989.9748465511 116.064069043722
0.148997639281529 -0.0808767592339478 106500 301.846191788683 -10271043.8851752 17970.8498678352 -362.688696163301
0.148980744158054 0.070696872851479 106550 302.360207924956 -10262773.5930314 18001.4525624058 391.760462086242
0.148971049309399 0.116306640050969 106600 301.990829477279 -10256471.4540868 17979.4610819492 1049.80657565568
0.148970479904713 -0.0791581060562191 106650 301.653832391947 -10269100.6826904 17959.397472763 -187.364499038761
0.14895843978692 -0.0509874848330679 106700 301.539196231902 -10266088.2895924 17952.5724430703 -140.457827342968
0.148936580768463 -0.0552639172253838 106750 301.840267805372 -10267695.937931 17970.4971749154 -236.322977701429
0.148946206522429 -0.0110694133998595 106800 302.182154060387 -10263609.3609941 17990.8518678945 259.666988735866
0.148957699862891 0.185561943566272 106850 301.747578157987 -10254627.8750056 17964.9787626155 1161.49166405072
0.14894857229775 0.0144030331197575 106900 301.73494488668 -10266597.7450082 17964.2266225251 -87.0287309865898
0.148927124293503 -0.0175327986253902 106950 301.908206454251 -10266034.1586201 17974.542000699 27.1329573814558
0.148960026077586 0.141464411829524 107000 301.825797062351 -10258414.1343404 17969.6356382873 788.631919940441
0.148972014300793 -0.020939682267055 107050 302.04391172171 -10263556.8241898 17982.6214101935 144.851038451811
0.148927308849067 -0.0381008926663551 107100 301.851752904044 -10264605.1440691 17971.1809568865 60.1941104256814
0.148928391565474 -0.000298759570893656 107150 301.947294937605 -10266525.9909887 17976.8691901254 -161.253104668605
0.148939512651572 0.0275736456243535 107200 301.367625484808 -10266367.5751725 17942.3577303404 -258.508593264301
0.148939759634952 0.105308222401397 107250 301.876066873744 -10261766.3480645 17972.6285242604 295.50999854551
0.148927581572329 0.0205046108126055 107300 302.012388409974 -10266426.0504149 17980.7446242079 -287.756432533941
0.148914632210964 0.11481323101223 107350 302.072205807298 -10260031.7384507 17984.3059395269 573.84723007767
0.148911408668523 0.0126112266993103 107400 302.152456659726 -10266874.9121494 17989.0837901673 -44.5662625275846
0.148907212690356 0.00404905489044624 107450 301.632000391126 -10267197.1256683 17958.0976729983 -297.017139203625
0.148888423069992 -0.1967645657244 107500 301.450939737133 -10282618.8056422 17947.3179649271 -1971.15572884683
0.148923683666218 0.106063576653526 107550 301.873991095187 -10253555.5969154 17972.5049397799 1367.29606479534
0.148907367838079 -0.0349068176401397 107600 301.941265409301 -10266472.612746 17976.5102134317 -257.73637071786
0.148890098453709 -0.0411978168549889 107650 302.125700261224 -10261035.6315161 17987.49080926 256.122158029253
0.148899298247312 0.01095048798998 107700 301.865696103623 -10270436.6827967 17972.0110854523 -599.381738111338
0.148904246757027 0.0898433224366324 107750 301.709430153913 -10266729.3377816 17962.7075659842 -134.561122675449
0.148870329077002 0.140378967506365 107800 302.178593127623 -10259649.3491068 17990.6398626089 385.339232796627
0.148855494394676 0.0730621448840884 107850 301.769323921448 -10257642.0473811 17966.2734281142 812.748088763299
0.148832107792228 -0.0910548217100542 107900 301.579486515925 -10270733.3596492 17954.9711834388 -791.407006209265
0.148864460423794 -0.029057398722391 107950 301.613476508865 -10262283.4640563 17956.9948268596 306.980414540008
0.148860329600998 -0.0892468929778887 108000 302.306567565327 -10266111.4680616 17998.2590059656 -264.743594949989
0.148883903364192 -0.0386844850833544 108050 301.761106502219 -10272136.1860499 17965.784192168 -690.253927402682
0.148861555709709 -0.0258783828705935 108100 301.562940966714 -10268804.6410725 17953.9861202213 -430.702271347717
0.148838706316549 0.0150267400448039 108150 301.974895911869 -10255376.64091 17978.5124540731 806.973310844483
0.148848637790284 -0.00665021303376421 108200 302.079952302633 -10268647.2182728 17984.7671383376 -612.575451765034
0.148832150335703 -0.0947829230283335 108250 301.827355114649 -10267340.2992864 17969.7283991857 -418.700132828175
0.148834253367113 -0.048472515772208 108300 302.008388592975 -10263287.6056797 17980.5064893142 120.793361521975
0.14886100718671 0.179991809938824 108350 301.937485197743 -10254556.5273042 17976.2851530659 1046.27748485726
0.148842070882575 -0.0569068575826803 108400 301.968504269993 -10268436.561881 17978.1319184239 -368.446313095433
0.148836333604675 -0.0495641026366532 108450 301.817470955081 -10256692.3245838 17969.1399314412 955.581499087133
0.148862720359063 0.0354004544852313 108500 301.649631194341 -10261372.6809138 17959.1473483835 83.7433100639124
0.148840524580115 -0.0928280393169001 108550 301.840565368703 -10272012.3039638 17970.514890779 -936.645105821315
0.148834633830243 -0.0522569388633698 108600 301.678448172007 -10264343.8622209 17960.8630088535 -67.4575665716014
0.148841349800376 0.0147636906336341 108650 301.896668213862 -10261424.4458582 17973.8550548591 338.601663928238
0.148855595879402 0.141918160612714 108700 302.158542766223 -10252898.675284 17989.4461353256 1301.12069703411
0.148817828181952 -0.00516256388690242 108750 302.43807218764 -10261200.7919177 18006.0883239719 191.945983701262
0.148847313852791 0.009163260768901 108800 302.056818291355 -10261464.4066688 17983.389821496 199.882265070195
0.148834940326791 0.00680585374606692 108850 301.848151700387 -10264715.3548899 17970.966554015 -110.058182559922
0.1488057748543 -0.0599179259053834 108900 302.347129567091 -10262787.4017231 18000.673923443 51.558208534111
0.148845635261591 0.0341698233500877 108950 301.936213547693 -10261675.235835 17976.2094435397 157.183777745982
0.148807325996611 0.00951054375528439 109000 301.876324538034 -10267503.8686583 17972.6438646767 -482.831265346615
0.148809820823212 -0.0290485460553003 109050 301.710519621214 -10263938.2009981 17962.7724289967 -56.5227397626335
0.148793060960016 -0.00589892700824797 109100 301.816933940881 -10260410.3678896 17969.1079595236 327.259603358555
0.148746068089099 -0.0931318132134385 109150 302.222290482202 -10265038.4598178 17993.2414478538 -264.224883156033
0.148779869754058 -0.0805090913874649 109200 301.695259707096 -10267068.9105129 17961.8639079251 -392.239487111026
0.148756365387891 0.0546002495497712 109250 301.625302248152 -10251398.7672761 17957.6988893626 1319.16715396877
0.148748626575282 0.0284750048990093 109300 301.869930698557 -10261048.4488055 17972.2631981902 286.585590128394
0.148763622699688 0.1245722526276 109350 302.021603992291 -10259423.1759574 17981.2932872382 207.696358614997
0.1487425387253 0.111419806763728 109400 302.146169322944 -10258043.9254489 17988.7094644728 478.419284112611
0.148717211393052 -0.0502096848362324 109450 302.089954675379 -10267965.5868166 17985.3626440747 -585.657151496424
0.148701040733096 0.00630675191258682 109500 302.393869519843 -10265385.7505033 18003.4566541734 -423.207406851725
0.14869047006169 0.036753069882747 109550 301.787338127323 -10262144.3117395 17967.3459299316 -65.3432284034183
0.148681176295277 0.017173675318198 109600 302.235683172694 -10262956.919026 17994.0388010644 -91.2639678048579
0.148693599598701 -0.028368341148483 109650 301.520899389885 -10262749.462629 17951.4831141012 -115.955792497429
0.148696049232305 0.0872325146565819 109700 302.12439199248 -10258574.6138754 17987.4129195869 257.650943854142
0.148697898839894 0.0891846123159869 109750 301.523201937334 -10254671.8380196 17951.6201995958 872.633172191237
0.148711450159141 0.0173650622674324 109800 302.22974074243 -10262943.2272905 17993.6850098787 -46.58600889824
0.148679082482677 0.176942431204178 109850 301.527955125075 -10249303.5243976 17951.9031875069 1317.78102468439
0.148660913103221 -0.175519437146494 109900 301.739899954637 -10275165.6903896 17964.521629667 -1538.09786407449
0.148696792581321 0.107696130326064 109950 301.996642139771 -10259090.9672097 17979.8071472229 232.184555528731
0.148690455450616 0.0067762086881268 110000 302.034850320363 -10265268.9838866 17982.0819265504 -294.131967767815
0.148689201423516 -0.0718375261502761 110050 302.471049391437 -10260650.8310943 18008.0516695254 253.832891768814
0.148676740217859 -0.0555469189698843 110100 301.842200391436 -10259126.4283729 17970.6122342237 341.716903013137
0.148687324010073 -0.0210100606486151 110150 302.240628990636 -10261733.4467219 17994.3332574933 101.0986020449
0.148680410988555 0.0828769934224211 110200 302.338151417152 -10252604.5430889 18000.139396293 1008.66969585754
0.148673225121942 0.0875629180771739 110250 301.867845185372 -10256376.3037855 17972.1390341445 605.41025506701
0.148664531013179 -0.0256813185560661 110300 302.246577855249 -10268979.2679526 17994.6874317574 -828.578586082851
0.148673392047616 -0.0113201951880468 110350 301.847316098758 -10259101.8952181 17970.9168052627 274.436797967882
0.148676054799946 0.102998867791199 110400 301.655966742676 -10262275.5194207 17959.5245444225 -22.3183394041072
0.148638385140613 0.0969589953703149 110450 302.164443776125 -10251322.4231711 17989.7974604902 969.302454681385
0.148620944808945 0.0586900693876396 110500 302.211401027471 -10260607.5514128 17992.5931284068 91.9437014846046
0.148602056094971 -0.0974849587576049 110550 302.409139909616 -10270710.9566859 18004.3657989282 -764.213740643256
0.148594875845537 -0.0571360245736765 110600 301.813987638703 -10264008.7382368 17968.9325471595 -496.401586814339
0.148612552984128 0.0725655201375 110650 302.066945423187 -10263485.5165999 17983.9927549459 -256.955482195075
0.148640474311547 0.11681357079939 110700 301.834780924352 -10262105.6878991 17970.1705055132 98.4814740320903
0.148606070738464 0.0459731748852972 110750 302.376492653954 -10265654.37062 18002.4220973144 -495.360254453597
0.148570811428336 -0.0657907977297571 110800 301.924099999276 -10260776.7279672 17975.4882459037 44.7469158500635
0.148577388898716 0.0139069613663253 110850 301.461377158569 -10257280.4639632 17947.9393719176 314.040272077936
0.148577844388468 -0.00479249684976197 110900 302.141270648656 -10264400.8660641 17988.4178148096 -395.453217311347
0.148555968440876 -0.0753113384559801 110950 302.031578475929 -10270733.5942626 17981.8871325569 -961.507900077223
0.148551923945486 -0.0391496257568482 111000 302.008322713861 -10258880.5912572 17980.5025671058 112.051429680648
0.148547017518438 0.0413140510399371 111050 301.62792968473 -10258219.3443777 17957.8553176018 279.466300046576
0.148533105919421 -0.132906692114938 111100 302.459838585294 -10267932.1074671 18007.3842179571 -920.288513903602
0.148532620598401 0.0237248864953159 111150 301.799004541779 -10260241.8513393 17968.0405068002 56.1496321045268
0.148557776235182 0.00806872889617682 111200 301.426624091162 -10260993.9988628 17945.870297754 -91.5258066093872
0.1485372985122 -0.113959444219198 111250 301.823977530402 -10262681.4522811 17969.5273098194 -349.718289499231
0.148556557743899 -0.0191205217575598 111300 302.222542062008 -10258307.0472261 17993.2564260216 285.535297976712
0.148593819699285 -0.00935374149324738 111350 302.242114280777 -10262843.6220919 17994.4216863915 -298.403185408854
0.148582953978589 0.0181154167508858 111400 302.124872626553 -10261010.6022658 17987.441534832 23.908286888219
0.14856923301936 0.0683024117582237 111450 301.521150281343 -10257988.0174156 17951.4980512872 312.120779723703
0.148531871458038 -0.144778196189588 111500 302.304177843393 -10267101.4547405 17998.1167304118 -660.658599226938
0.148538217589717 0.00852325132176599 111550 302.098138682316 -10256767.3946882 17985.8498907718 360.819600243647
0.14847186721806 -0.221473782330275 111600 302.539415145934 -10266451.6000423 18012.1219236601 -779.180759686428
0.148510634544937 -0.115611823751512 111650 302.014916296163 -10262571.8357898 17980.8951255706 -244.319203959385
0.1485075345259 -0.139579700414747 111700 301.926371532003 -10269679.9797233 17975.623484892 -1184.56609698224
0.148461894297877 -0.0872257781033464 111750 302.434491333108 -10264706.5465325 18005.875132615 -612.786248092362
0.148478224853172 -0.00380997368385489 111800 302.076333248819 -10256751.0712363 17984.5516727311 329.586906019618
0.14846943519808 0.00829374035650999 111850 302.277620727858 -10259705.7779544 17996.5356141043 -51.2486957003601
0.148527040538395 0.111741019072624 111900 302.302652651207 -10248211.5864724 17998.0259258877 1212.06675094601
0.148487101664212 -0.0656311136698165 111950 302.072686972842 -10259401.1276902 17984.3345864139 107.297737663629
0.148486366722131 0.0295419139766602 112000 302.287187266869 -10250800.4644843 17997.1051718492 727.230749159764
0.148472429047063 -0.0839602780990981 112050 302.055935538404 -10264714.1979938 17983.3372655215 -767.078213513565
0.148464281294982 -0.0444631487291554 112100 302.190263971336 -10264396.7836335 17991.3347031798 -479.404274659679
0.148455632286376 0.0721570685898261 112150 302.188855211478 -10252069.5540588 17991.2508306228 741.693550419995
0.14840826417914 -0.201369003001151 112200 302.444451487226 -10267960.7109549 18006.4681248051 -1181.44364633469
0.148460829014198 0.000254645099961807 112250 302.36424561086 -10261156.6328822 18001.6929518795 -66.1337798791859
0.148467304956124 -0.0680840663431484 112300 301.953917625274 -10265110.5536781 17977.2634814204 -601.415339873715
0.148465216262923 0.0618233735979307 112350 301.967579601177 -10255356.164513 17978.0768669277 304.202574028743
0.148428736967584 -0.0605148009816507 112400 302.071136069295 -10262885.6769346 17984.2422511267 -486.295028405779
0.148451610997412 -0.0333392806686303 112450 302.170227277946 -10261912.0033732 17990.1417896411 -492.918491562272
0.148480345863377 0.0697363462700592 112500 301.858570693555 -10259206.3199376 17971.5868638519 -215.331071800992
0.148434053913659 -0.081434612486486 112550 301.660688139221 -10266754.0824293 17959.8056395988 -954.353781919823
0.148438606506979 0.117365345612146 112600 302.474066413719 -10244816.1674099 18008.2312923133 1319.4911953076
0.14844492685521 -0.062191565196022 112650 302.514166469538 -10258020.74587 18010.6187071703 -35.5091384728259
0.148457729459897 0.117407878513033 112700 301.732659135605 -10257849.0340163 17964.0905370268 105.601706844309
0.14843100975055 0.142017461806887 112750 302.137312749907 -10243368.2839658 17988.1821755796 1709.76891595217
0.148423197885202 -0.0102540681701527 112800 302.226393103254 -10255382.4517521 17993.4857033355 378.07030732348
0.148426418593603 -0.0243863446699386 112850 301.949616573964 -10258359.6847738 17977.007412106 -41.1732894475042
0.148402171212592 -0.0278294836389407 112900 302.229174458487 -10254614.9003309 17993.6512953445 245.926179388055
0.148403146584789 -0.0209186443071772 112950 301.979718462834 -10261119.7683498 17978.7995716241 -412.20396791156
0.148409824442019 0.147327372962874 113000 301.870583112564 -10252991.6596558 17972.3020406022 491.65729423848
0.14836792709266 -0.102251139143384 113050 301.871934938888 -10265460.032527 17972.3825235388 -872.47546392936
0.148367026177988 0.0979565840558449 113100 302.149557195112 -10256463.3014291 17988.9111663453 87.008386178493
0.148388866759091 0.0850186186730472 113150 302.151589713959 -10247527.3509571 17989.0321752964 1090.83585885501
0.148376789836197 -0.00413489050556556 113200 302.232799818972 -10256454.6179316 17993.8671364277 199.653178556784
0.14835911200915 0.0543408780348527 113250 302.266366951276 -10263953.7130857 17995.8656042287 -746.616489118558
0.148358676331131 0.0340982202566745 113300 302.213165048829 -10254125.6951821 17992.6981519713 354.445870432169
0.148313657124608 -0.0661665011950799 113350 302.270454812391 -10258702.9196112 17996.1089809563 -232.488919687987
0.148353864245661 -0.05741449266369 113400 302.269238517335 -10257852.8195358 17996.0365670698 -156.316456735193
0.148338860715967 -0.112691513915372 113450 302.066550996872 -10261977.2640003 17983.9692722044 -465.147632715988
0.148355932061907 0.157892575790481 113500 302.12442725645 -10253179.9231673 17987.4150190784 271.419809426262
0.148352346280066 -0.0638094451062552 113550 302.434679521848 -10258317.0071174 18005.8863367041 -50.0606900901304
0.148376099949089 0.189709747670319 113600 302.065970351586 -10254308.4771524 17983.9347026469 330.653481814041
0.148357051756259 -0.0364229580748064 113650 301.750206960052 -10262156.092214 17965.1352721509 -659.555912528582
0.148390442808784 0.187629498666107 113700 302.144696440381 -10244992.5328619 17988.6217742778 1180.85708579747
0.148379387183906 -0.0766320747556968 113750 302.054836565382 -10260200.2524571 17983.2718365722 -431.426304249168
0.148418652663973 0.178977262854714 113800 302.566695829109 -10240682.8008429 18013.7461186143 1853.70104055615
0.148399662387142 0.0688108901388337 113850 302.622897952763 -10250406.2991225 18017.0921933832 634.886293894689
0.148364386207579 -0.143970341503751 113900 301.40485637644 -10263775.7458427 17944.5743253552 -869.217502990983
0.148377784520511 -0.0123412644601103 113950 302.300365378039 -10256797.9007926 17997.8897497694 -7.98780566520073
0.148375344449291 -0.0115357480819234 114000 301.858156278038 -10261036.2342451 17971.5621910243 -565.483410674738
0.148363755774995 0.0882926244490541 114050 302.535606421673 -10246646.7450209 18011.8951657492 1064.80076995924
0.148369602023139 0.0998182089277388 114100 302.462396675034 -10251665.7111692 18007.536517532 520.07713095521
0.148343751853058 0.0461519594010096 114150 302.008457702655 -10255975.1760666 17980.510603859 -63.3849717652257
0.14831922019928 -0.0909915809028003 114200 302.150767367807 -10263201.2946593 17988.9832157281 -663.709132476247
0.14830477291261 -0.065534262779098 114250 302.185463763713 -10260107.7732631 17991.0489158719 -352.847299538644
0.148361495374169 0.140454630667368 114300 302.048254815168 -10253029.6703676 17982.8799825479 358.044671380109
0.148325520893339 -0.0219231200001886 114350 302.62123871822 -10258962.8988738 18016.9934084534 -411.762855504693
0.148312665893592 -0.055354260259106 114400 302.679346081084 -10263439.4890949 18020.452914396 -945.056794264885
0.148323039987609 0.133339798535437 114450 302.156054273171 -10251329.3583207 17989.2979792903 509.363970409129
0.148269792056689 -0.0679159872477203 114500 301.483965764161 -10258190.5779296 17949.2842172423 -315.786858258237
0.148280794061823 -0.0271810885030632 114550 302.03646676367 -10261487.8524204 17982.178163842 -617.606053952445
0.148290612048861 -0.0259706008170189 114600 301.882182040867 -10262670.1245765 17972.9925995851 -697.201380116105
0.148259229408489 -0.0451569756783483 114650 301.85270839851 -10256657.6698783 17971.2378436323 -150.311114480747
0.148265926062378 -0.0670503066513402 114700 301.892172686669 -10257269.0244375 17973.5874071416 -265.479980373915
0.148284314537789 -0.0261956341655076 114750 302.117788634779 -10254129.2975175 17987.0197791296 33.0581597832484
0.148333142859751 0.0998221870166396 114800 302.101144569805 -10260420.239985 17986.0288506337 -413.21018452669
0.148313376851796 0.0130194543033569 114850 302.23924124822 -10256169.1304497 17994.2506362402 -39.9665329811754
0.148291479624608 0.000604602548574758 114900 302.040413818178 -10253880.3703619 17982.4131574444 123.34687106242
0.148290267468428 0.00392144972141947 114950 302.074609330222 -10257811.0806775 17984.4490367426 -172.002732975862
0.148277021628251 -0.0286122820339839 115000 302.145779893121 -10252035.8731827 17988.6862792047 322.552901929759
0.148295206101431 -0.0378630722636807 115050 301.971042915859 -10253783.48886 17978.2830603795 351.753399210675
0.148308790143454 0.0629953492980173 115100 302.555357097576 -10246263.3566218 18013.0710508228 1066.18716875385
0.148305715928368 0.0423885529831422 115150 302.270475019817 -10257504.2873683 17996.1101840346 -197.175211177689
0.148276168859039 0.00168941855962723 115200 302.370726590469 -10262297.0173029 18002.0788063801 -762.537209873648
0.148276353048118 -0.0357378956675313 115250 302.018746341204 -10249804.4540455 17981.123152845 579.317158775501
0.148283206997192 0.0735554438300249 115300 301.814016152576 -10251653.337457 17968.9342447742 463.162874978142
0.148237553599974 0.0307178196729672 115350 302.378329995683 -10249431.4052856 18002.5314861133 503.304611391671
0.148229617674213 -0.0788717153640192 115400 302.448408915501 -10257423.338041 18006.7037360247 -333.705027212285
0.148264114569764 0.0324404464421805 115450 302.280261705022 -10261722.5038884 17996.6928485018 -831.856802818583
0.148268385169907 0.0652433488548944 115500 301.731064564188 -10257266.0689888 17963.9956019098 -210.385017643992
0.148279077277742 0.197268475741066 115550 302.289785468887 -10250597.5109629 17997.2598595666 485.975546622811
0.148216887544152 -0.0803557745960969 115600 301.793243782347 -10262290.8226171 17967.6975316503 -912.4417278297
0.148205802143183 -0.031640027849272 115650 302.161569101094 -10255703.4372939 17989.6263125519 -141.980350388661
0.148208608913926 0.0822675603671321 115700 302.011537884897 -10247966.4340224 17980.6939869665 698.960034994563
0.148216139470508 0.0414653832476001 115750 302.154062275197 -10253951.3714706 17989.1793828081 161.530950067619
0.148205927379144 0.154255505415372 115800 302.25980173066 -10249669.0322189 17995.474734318 611.522546379512
0.148180907070666 -0.00736060036155771 115850 302.236306108407 -10259531.3295898 17994.0758884436 -570.320792636236
0.148187539502829 -0.0292636852009962 115900 302.410990769991 -10264832.4979899 18004.4759925793 -1243.41208807571
0.148187662858435 0.037405865913596 115950 301.975625704292 -10250770.9194895 17978.5559033211 489.436132847262
0.14819142085173 0.104748800631404 116000 302.065553096738 -10245383.1774186 17983.9098607757 1051.85442632588
0.148171080980186 -0.0423284547094132 116050 301.823594728895 -10256658.168988 17969.5045191777 -135.646580163142
0.14817801422325 0.0308488209305709 116100 302.102834729479 -10248552.4475343 17986.1294767359 622.162138462583
0.148191567173767 0.118597410204634 116150 302.395281986883 -10251265.645356 18003.5407474428 309.954608803107
0.148191108869015 -0.00992742770472208 116200 301.945085986654 -10260595.9445695 17976.7376770337 -772.206537681051
0.148183140254748 0.112464064784777 116250 302.002106840552 -10253020.8180227 17980.1324960926 248.630902753039
0.148177498728269 0.118383291980709 116300 302.006434661684 -10248327.4095042 17980.390159187 732.375362478466
0.148199715633306 0.0774996150521729 116350 302.159718615985 -10250468.1780557 17989.5161412429 284.834803308424
0.148202607586488 -0.00463701993568314 116400 301.918997245547 -10254505.8511525 17975.1844460756 -75.1937687261949
0.148201416860745 0.090147120664389 116450 302.114387711659 -10246091.6769686 17986.8173002498 799.038749594454
0.148211276585767 -0.0382496193152264 116500 302.099926518351 -10264386.8615285 17985.9563321775 -1239.60298466256
0.148195717977874 0.0787698926364509 116550 302.258192782717 -10252410.655636 17995.3789432736 206.212130645771
0.14820096266197 -0.00629682252374488 116600 302.191738016229 -10259210.0066265 17991.4224625757 -564.717514072711
0.148174781482806 0.0108973935524071 116650 302.247851537061 -10261896.3105614 17994.7632622474 -802.53360620026
0.1481802116374 0.0152135675420682 116700 302.393753794717 -10253716.0666355 18003.4497643105 77.2661053023314
0.148167570746677 0.0848161172740797 116750 302.272591384094 -10252419.7328605 17996.2361848447 111.116990300444
0.148172994447172 0.0360191296373812 116800 301.899225442252 -10255238.2125363 17974.0073031522 -126.723941248874
0.148131776030425 0.0686355799952552 116850 302.719217167079 -10249746.7895284 18022.8266972032 375.525150419248
0.148135168979711 0.0842333113154508 116900 302.36906206867 -10246711.8120314 18001.9797066658 529.822851542418
0.148120098607754 -0.00798900010056844 116950 301.777409672554 -10248412.7682877 17966.7548250082 500.343218120753
0.148116356190983 -0.0612073738059836 117000 302.229315965393 -10250022.3497202 17993.659720163 271.119748966058
0.148097491775801 0.0830313932701265 117050 302.568525497892 -10243571.5504356 18013.8550505932 932.719887428392
0.148076532710728 -0.0710804782793063 117100 302.350437656565 -10250454.2539936 18000.8708753374 321.890692074548
0.14807695646909 0.0681099368532635 117150 302.058435215609 -10247558.5101739 17983.4860874215 652.228650278621
0.14801915193125 -0.107794965135707 117200 302.223325391877 -10258327.036339 17993.303062699 -714.627491994789
0.148079415350704 0.126373381116646 117250 302.297759523677 -10249501.1722617 17997.7346064587 314.724396500651
0.148042545474981 0.06540441212086 117300 301.996475787674 -10248673.0681508 17979.7972432101 353.011892329015
0.148056323399248 -0.0706024919959283 117350 301.743161561808 -10262642.1033318 17964.7158141702 -1094.92858985831
0.148046784853874 0.0236711722205772 117400 302.287541878324 -10250083.112313 17997.1262841554 183.774655866067
0.148024300736578 -0.0202475546760712 117450 302.274469561231 -10256935.0981173 17996.3480048387 -513.160345500605
0.148043450845104 0.139975309464525 117500 302.049780907151 -10241832.6865292 17982.9708406427 1093.38221586924
0.148049124750207 0.0362199742973855 117550 301.715275876301 -10249772.276562 17963.0555995266 264.610511208134
0.148030211203086 0.120626375998452 117600 302.169310330677 -10246137.4066238 17990.0871978584 609.680791158912
0.148037866964155 0.0249315082230784 117650 302.086105459025 -10251228.797265 17985.1334754084 62.9758947323887
0.148032276510259 -0.143933837899874 117700 301.860917827984 -10256923.6727605 17971.7266038969 -507.110819683355
0.148054984054082 0.0506888118298408 117750 301.989198039034 -10246164.1791489 17979.3639519123 696.443489207871
0.148073563248325 0.0144745185009037 117800 302.111137670306 -10252939.8476744 17986.6238043343 -19.4969140101002
0.148028811377748 -0.108924093835918 117850 301.775381137619 -10251260.7086213 17966.6340532451 230.179331257928
0.148031996368741 -0.181858476276041 117900 301.781881790071 -10258521.3350382 17967.0210789968 -725.119049027929
0.148058406218569 0.0327381409550748 117950 301.928752080635 -10252186.577046 17975.7652143 -36.6778014173011
0.148030345171999 -0.0224068212159161 118000 301.968703967823 -10252748.7086409 17978.1438077231 -152.723108154036
0.148051257867587 -0.000155426595317051 118050 302.45283615852 -10256286.2475139 18006.9673183451 -598.072437007679
0.148026956659665 0.117054732962004 118100 301.995080561222 -10240294.664279 17979.7141763841 1179.91753196096
0.148025268736566 -0.0297478861063436 118150 302.356680377611 -10251116.05848 18001.2425447695 -51.2974706062646
0.148035942242807 0.08975076047226 118200 301.584431998617 -10238994.9919131 17955.2656199081 1364.55046986399
0.148021557366501 -0.0061909441640703 118250 302.464502684015 -10253491.0684686 18007.6619018245 -278.441741657221
0.14802632392435 -0.160240595480206 118300 301.953930649888 -10256957.5953491 17977.2642568596 -534.827623599149
0.148029456979861 -0.00272325683479114 118350 301.780517420486 -10242427.1113384 17966.939849279 994.336119685956
0.148000872060369 0.11447418348653 118400 302.048836809631 -10248072.9040028 17982.9146324305 371.001367448132
0.147967010881835 -0.0502920410838049 118450 301.963908087277 -10253589.3917775 17977.8582780342 -343.532306366175
0.147966303835616 -0.0392515396057072 118500 301.394282643686 -10249924.3354729 17943.9448028731 -46.7437958775369
0.147952574657708 -0.0789082297487932 118550 301.930867653285 -10256705.0278467 17975.8911679794 -754.551687796598
0.147984228406507 0.113814908044914 118600 301.963278006939 -10239174.0035397 17977.8207652894 1212.74538207353
0.147932018766336 -0.135303186952566 118650 301.961173975478 -10250832.7038472 17977.6954987313 -100.878835487923
0.147959394246582 -0.0344269626930833 118700 301.810301490077 -10243341.3145251 17968.7130869663 668.470453178766
0.147975065771275 -0.034258504605547 118750 302.67920985199 -10251243.1890459 18020.4448037997 118.999011609972
0.147971546038805 -0.178848857309111 118800 301.793729878361 -10261237.6048403 17967.72647208 -1217.483150215
0.147951093989169 -0.0304546543124091 118850 302.16367562806 -10244126.7621832 17989.7517276834 589.463003220987
0.147997309700652 -0.0101224158242921 118900 301.452775222324 -10256981.2763385 17947.4272431943 -558.255513168245
0.147978786418538 -0.0234598916413683 118950 302.616480543271 -10244515.7851009 18016.7101236217 629.278193160879
0.147954029537902 -0.22210051944542 119000 302.315173866432 -10259601.9846455 17998.7713945572 -914.331842729232
0.147953071639061 -0.0901872335890745 119050 302.164069208096 -10258738.0791307 17989.7751600405 -964.721936577713
0.147991958897458 0.117594639362177 119100 301.991678782726 -10242705.6907645 17979.5116465782 882.531636513851
0.147958155400602 -0.0792740237039674 119150 301.992430050986 -10249644.8374583 17979.5563744213 -27.1890531227257
0.147962195252796 -0.0460625484370398 119200 302.013467732749 -10254537.5869974 17980.8088832513 -288.328114659373
0.147979520734171 0.0962978751930483 119250 302.27261813684 -10248193.5190178 17996.2377776081 283.999307366973
0.147940977596265 -0.0159010660398787 119300 302.054399098867 -10249559.8801633 17983.2457913701 91.9815216418369
0.147948295072238 -0.0678503404238441 119350 302.095807353634 -10256333.0920393 17985.7110917447 -632.576845442782
0.147970809845731 0.0547552708303666 119400 301.846279426247 -10240283.1558789 17970.8550854645 1035.3096409007
0.147972178497798 0.0368054161472611 119450 302.03152422089 -10252963.232126 17981.8839024046 -243.594927630507
0.147942185528297 -0.130287026376536 119500 302.53696362157 -10253122.5408265 18011.9759686092 -311.49344134954
0.147953131064736 0.125178599498043 119550 302.251931425549 -10238901.2616706 17995.0061643131 1297.80142423704
0.147926645551314 -0.224713326421119 119600 302.048859065778 -10266246.4127504 17982.9159574825 -1755.84710850735
0.147961697386176 -0.16396367632665 119650 302.685892484158 -10256154.2395384 18020.8426639772 -779.379242704998
0.147971671457293 0.0201875368074246 119700 302.177589920664 -10243997.4446538 17990.5801352308 634.057931447835
0.147974373463939 0.179064938964128 119750 302.280475203168 -10243743.0868328 17996.7055594229 672.932570778831
0.147981417924874 -0.00466113288595883 119800 301.895741889829 -10257923.6551875 17973.7999048171 -673.257395933549
0.147944797408941 -0.0664646363239351 119850 301.727516147648 -10256325.9561355 17963.7843417957 -744.269140859254
0.147938444946091 -0.0378485520557092 119900 302.507746017286 -10252749.8674731 18010.2364562537 -202.711595832115
0.147922563039986 -0.0429390078018343 119950 302.360380939056 -10246917.6108875 18001.4628630507 306.949343201934
0.147928465102165 -0.0506921445191637 120000 302.024386789575 -10253025.3281085 17981.4589651018 -262.543533035446
0.147946997877784 -0.00105645725565221 120050 301.820344284984 -10253459.7310004 17969.3109992954 -332.90123795586
0.147896975931031 -0.0877359457104328 120100 301.91912388722 -10249209.2018484 17975.1919858709 -53.0857082805934
0.147914138349624 0.0165514023875716 120150 302.096779036446 -10244522.5021256 17985.7689422872 520.986174865328
0.147923715038532 0.00955239316597847 120200 302.211838685706 -10246414.0632936 17992.6191850233 361.173088523209
0.147912145576224 -0.121506903124528 120250 301.914128582406 -10253294.2613345 17974.8945831695 -443.344598511551
0.147932817776125 -0.0537875566073971 120300 302.160400878862 -10255108.460356 17989.5567607507 -446.974552347777
0.147948629509175 0.0620599807012406 120350 301.8655542721 -10252994.943365 17972.0026413074 -301.916465859832
0.147928550753138 0.0854395518416916 120400 301.685772904983 -10243367.247756 17961.2990974318 617.038848270841
0.147904011667428 0.0244470141291163 120450 301.927832154867 -10242820.1005742 17975.7104451881 793.822856917119
0.147928311516762 -0.14015530718729 120500 302.051654329137 -10257090.9156223 17983.0823775319 -771.836504667007
0.14790441652384 -0.0692687135029372 120550 302.099853385444 -10249776.2914641 17985.9519781041 -221.041323928758
0.147947957178954 0.217854201138666 120600 302.05784437972 -10235670.7940765 17983.4509111518 1586.39078407552
0.147924078414118 0.14763198700685 120650 301.78892905005 -10233754.6039157 17967.4406478186 1647.77627800339
0.147918711603899 -0.0993764616711668 120700 301.901816391695 -10252161.5862584 17974.1615590769 -280.46756301153
0.147928583285192 0.041432528984404 120750 302.426860069051 -10252741.4377554 18005.4207942652 -150.64366130886
0.147928522386236 0.157065956694029 120800 302.501792833928 -10242473.9151853 18009.8820248669 672.079900934871
0.147881343547699 -0.0993395799023726 120850 301.970783738171 -10260266.0254459 17978.2676298607 -1195.65253328939
0.147896168392938 0.065116787844332 120900 302.290189853957 -10246435.1887526 17997.2839352169 326.313875801135
0.147906610542385 0.013512990210135 120950 302.051719228192 -10249339.2034482 17983.0862413911 -56.4061944286466
0.147876445881967 0.038651900650045 121000 302.153281700491 -10245428.2539515 17989.1329101633 331.380840997237
0.147887520979327 0.0936845738880911 121050 302.44148122329 -10247753.5503965 18006.291285843 82.5066136254871
0.147887325503884 0.0557014779042854 121100 302.085309813245 -10244946.1002951 17985.0861054854 447.590268111516
0.147871066485046 0.00951550617432324 121150 301.838237131623 -10250691.8293997 17970.376275815 -196.106308315842
0.147855379330963 -0.0469636634747 121200 301.770180104229 -10242922.1975583 17966.3244021952 528.599694983302
0.147851215988774 0.0293766534817773 121250 302.1359737148 -10245473.1316831 17988.1024541866 346.83947453344
0.147845417474146 -0.115611160239289 121300 302.13910021805 -10248283.2354886 17988.2885950824 -176.625730745038
0.147858928089813 0.0858746631172009 121350 301.951761022796 -10237770.8583397 17977.1350849707 1021.39723414636
0.14783744186509 -0.0210921195093164 121400 301.905401915568 -10250114.6032932 17974.3750284298 -203.765691564082
0.147821194246475 -0.0963616840629077 121450 302.074060426877 -10247369.1995717 17984.4163569876 33.5432539671707
0.147852144439234 0.0892328096879692 121500 301.810001610842 -10242500.0193342 17968.6952332221 487.80601783909
0.147800547225414 -0.0294362481676072 121550 302.35894426187 -10245398.6201387 18001.3773283952 252.587787887553
0.147785640809295 -0.0732018072585762 121600 302.310361417208 -10248183.0380062 17998.4848784279 -177.111235332805
0.147840634820189 0.110838267987659 121650 301.956827099087 -10236364.8954881 17977.4367011544 1310.00855151257
0.147796362475534 -0.118586031840165 121700 301.865891445953 -10257573.594627 17972.0227154407 -1105.06951727728
0.147827813701841 -0.0130051754362165 121750 302.381667595141 -10246470.6743788 18002.7301949273 67.1186419302663
0.147807472257712 -0.0700240328151773 121800 302.01267905871 -10247727.2525064 17980.761928401 -75.6184205141732
0.147828732899816 0.0211481705348096 121850 301.790429468015 -10241854.4561337 17967.5299773736 532.683034084984
0.147821713720642 -0.063386348300015 121900 301.969423698167 -10251374.9489552 17978.1866579108 -481.428183972906
0.147854826844652 0.171443780187986 121950 302.413468047054 -10242820.5383916 18004.6234808544 537.929339743219
0.147843123762868 -0.021030926567176 122000 302.039471263546 -10252981.9223751 17982.3570410903 -648.245532996988
0.147835568216619 0.0819152494336482 122050 302.019679232658 -10242901.1412958 17981.1786938879 402.107375841154
0.147860821160066 0.0337692791840466 122100 302.124193845736 -10252152.9042601 17987.4011226337 -372.744933937696
0.147876155545552 0.206790806108409 122150 302.239995371709 -10238595.1742973 17994.2955340736 1109.04076028173
0.14784976876809 0.0274748047076098 122200 302.072051727533 -10243632.4053717 17984.2967661651 373.846390878862
0.147866115702719 -0.0445864615217149 122250 302.017127595812 -10251469.123211 17981.0267784954 -422.450941534003
0.147825276549547 -0.10311252931004 122300 302.305986510729 -10243748.7041283 17998.2244120392 527.864690574997
0.147846521759846 -0.0152278701980901 122350 301.992415804162 -10245290.9052691 17979.555526216 135.301596593837
0.147815586958863 -0.117762384119283 122400 301.865442440156 -10252334.511334 17971.9959832307 -557.970501117022
0.147833786528043 0.113964291796415 122450 302.457129403711 -10240715.0474958 18007.2229229108 647.443835114388
0.147827312843658 0.0850900056730312 122500 302.211353187885 -10241791.5866746 17992.5902802079 689.910188735513
0.147833377448218 0.0149031327908492 122550 302.101961880985 -10243844.0363714 17986.0775104376 498.76218861719
0.147800883136556 -0.0860114356461757 122600 302.136367771543 -10247391.1633 17988.1259149251 -168.198936531677
0.147822248247523 0.0343632317241754 122650 302.511535091075 -10246443.0230877 18010.4620442454 264.537440344308
0.147797728315828 0.0218059164926182 122700 301.986668932712 -10239628.9279123 17979.2133779072 851.248513623548
0.147830759050318 -0.0688170922919843 122750 302.256502107418 -10255506.499066 17995.2782864729 -869.981779879265
0.147850374130078 0.101749246383773 122800 302.133079363004 -10240576.7077034 17987.9301347636 730.067366997178
0.147798149542276 -0.0266993467663712 122850 302.425770475391 -10248654.4562603 18005.3559237298 -253.37041704388
0.147820022036555 0.0638531348743575 122900 301.842891741674 -10247229.5146371 17970.6533947606 -60.999932997171
0.147817398394404 -0.0657395532843935 122950 301.885751333539 -10250787.1651112 17973.2051025898 -234.35370932072
0.147814390553228 -0.0347273532319477 123000 302.185956321321 -10250077.2474838 17991.078241002 -295.548882235388
0.147838892397692 0.134357403557693 123050 302.51701303212 -10242141.0436967 18010.7881813933 523.193574733857
0.147813569182062 -0.0310383389173591 123100 302.37806927723 -10247756.066893 18002.5159638629 -112.314176474769
0.147827088324869 -0.0712409411058142 123150 302.474665818142 -10252230.8866815 18008.2669787231 -493.590545893927
0.147809055928957 0.101775616268169 123200 301.714813106577 -10244819.9484525 17963.0280478614 135.07334368799
0.147810620951849 0.0265100587940218 123250 302.093489974636 -10239123.6850798 17985.5731232323 922.589210123614
0.147791224253301 -0.0771664934432915 123300 302.160686118458 -10254585.2733905 17989.5737429028 -865.473269557047
0.147763248570867 -0.0978152381532935 123350 302.000406408367 -10247185.5270282 17980.0312584016 -7.21657178725962
0.147793409005383 0.0675986781495499 123400 302.501568879613 -10245981.5476528 18009.8686914226 156.599052838613
0.147794333075696 0.104779153204215 123450 302.437723213581 -10237734.5893961 18006.0675472963 1104.09135606967
0.147782074276831 -0.0634883380822652 123500 301.779372073717 -10245296.5817567 17966.8716594015 15.8042465449234
0.147790711506744 -0.0945161535958894 123550 302.039986955974 -10253415.8034094 17982.3877435854 -811.165922338687
0.147817280416634 0.0794310737641826 123600 301.829813719646 -10240933.65149 17969.8747757924 607.920251138414
0.147794809260983 -0.0205201940240432 123650 302.023302187451 -10248971.0683781 17981.3943917447 -320.401464392688
0.14778972280701 0.0189418807779454 123700 301.998091197845 -10244134.5125567 17979.8934189925 418.871279880758
0.147778064702624 -0.0702219704487258 123750 301.86081269895 -10248977.1782699 17971.7203448878 -155.448225126195
0.147783932657982 -0.0339369341108937 123800 302.373803460348 -10246101.5183308 18002.2619922812 108.720580485371
0.147777840174014 0.0112226114830726 123850 302.1897570507 -10247715.4904751 17991.3045229261 -69.4478670061418
0.14779724585068 0.108370074189054 123900 301.985396104422 -10241407.3777469 17979.1375982329 690.697333800785
0.147740634329212 -0.098654248319576 123950 301.605526593022 -10252679.6222315 17956.5215171146 -635.3091010483
0.147780494089876 0.034752717590214 124000 302.354665910156 -10248558.5537406 18001.1226105342 -252.596967670019
0.147781486371459 0.0506644054536148 124050 302.28849157154 -10245145.8379188 17997.1828255155 164.43979186841
0.147744511379691 -0.138986191398062 124100 301.871221717671 -10261618.1823099 17972.3400608815 -1610.64359708854
0.147755505168824 -0.111162260597487 124150 301.99651254786 -10250651.4409447 17979.799431781 -495.075904768343
0.147751959845437 0.0393241459867824 124200 301.472677764041 -10240431.6914536 17948.6121698189 554.5104608104
0.147742569876435 -0.0614216694472917 124250 301.849148780547 -10246034.6805123 17971.0259166253 -99.6819267313785
0.147762288005725 0.0750638203531818 124300 301.867378585743 -10242598.526893 17972.1112544603 421.822056907828
0.147770151332835 0.0633818095646103 124350 301.606504469057 -10243641.9427948 17956.5797363795 203.546142395805
0.14774421230996 -0.0138112460272056 124400 302.387572565348 -10246414.6553741 18003.0817558744 -3.79885570068347
0.147787296287003 -0.00815549614349764 124450 301.607922998884 -10248494.2357711 17956.6641906057 -319.17338868308
0.147782684192612 0.140555510788924 124500 302.558284587163 -10243835.4389103 18013.245343152 251.014034587885
0.147771642327544 0.131351423776789 124550 301.736814021596 -10237079.1430364 17964.3379041774 905.89646792454
0.14777810181267 0.169297828680914 124600 302.122843684329 -10238966.9879444 17987.3207388204 751.370381663677
0.147777471910943 0.0249023115193932 124650 302.436458029832 -10251835.6797974 18005.9922227507 -606.514058529241
0.147766927088748 0.00361974282947067 124700 302.296810235334 -10245545.003601 17997.6780892034 22.5683718061945
0.147797634437425 0.0912291055262757 124750 302.23222181433 -10245982.4297823 17993.8327240849 14.1806382125454
0.147797998761765 0.0662429862940213 124800 302.022129830545 -10245840.2226629 17981.3245937796 150.34683914996
0.147768371945762 -0.0451099554091138 124850 302.284222860564 -10249725.3606876 17996.9286816297 -424.095675552628
0.147770198034791 0.153279252429133 124900 301.977377256224 -10235540.5237448 17978.6601845003 1108.56010099274
0.147772457391168 -0.0759552034993269 124950 302.810224356947 -10243110.8365125 18028.2449419599 373.097432339392
0.147779880013414 -0.0705561837259538 125000 301.99903354733 -10246330.3700172 17979.9495231329 -30.1860094328851
0.147778324202816 -0.0769799693359866 125050 301.972223262388 -10248882.3296749 17978.3533340183 -381.561257500314
0.147792546211211 -0.144351271407847 125100 301.846030479978 -10252962.3441685 17970.8402640881 -849.013210319142
0.147799262100735 -0.0189324735206767 125150 302.314053976115 -10252019.6417691 17998.7047202664 -598.398388603462
0.147779045304064 0.0463180774047752 125200 301.997720568418 -10247026.4897683 17979.8713530332 -112.993143719357
0.147778930324872 0.137186642179022 125250 302.448741467798 -10244358.7483121 18006.723535007 100.400809350986
0.14774079359419 -0.0510601129431714 125300 302.210714385706 -10245332.836919 17992.5522481956 -61.8895326224668
0.147787542151305 0.177789301921851 125350 302.28777079791 -10230504.4447946 17997.1399132143 1716.35893398073
0.147759262257533 -0.0796813205480628 125400 302.550077367129 -10249273.8654409 18012.7567144296 -195.320836235588
0.147725480295523 -0.0139040924769962 125450 302.329980561605 -10245082.5753405 17999.6529325829 80.9853208904592
0.147757819075436 0.063754733013544 125500 301.996886162594 -10243724.1609357 17979.8216754749 159.012865200083
0.147729509016528 -0.0203054019422762 125550 302.424505695779 -10243351.3324316 18005.2806232452 239.544561357247
0.147726429037464 0.125491468045072 125600 302.060406696722 -10240934.7362274 17983.6034624027 580.083029956184
0.147705461299461 -0.0987789916711914 125650 302.107972077894 -10247612.788543 17986.4353362087 -205.837871422807
0.147715515714619 0.00319337959598591 125700 302.108627959184 -10243609.7974774 17986.4743850505 117.732049049497
0.147707359495638 -0.00491255607678498 125750 302.211028444844 -10240386.3053026 17992.5709461609 628.912884916724
0.147716501401281 0.0667600346043652 125800 302.814067998756 -10242453.3965113 18028.4737787377 382.535581591375
0.147694778796321 0.0149035752911677 125850 301.821622064679 -10248163.7797648 17969.3870737587 -371.324564267433
0.147723579759351 -0.0464974166213724 125900 302.008427032412 -10249957.9085826 17980.5087778618 -548.093827204377
0.147715452266255 -0.0344449405158344 125950 302.247444173974 -10244421.0083093 17994.7390092965 236.018767366287
0.147695843353713 -0.03215029508329 126000 301.999385351838 -10249235.1022513 17979.9704683234 -387.487009469223
